2026-05-13 10:47:28,687 [INFO] ApprovalRadar - Starting DiffCrawler Delta Sync Job for I2859...
2026-05-13 10:47:32,578 [INFO] ApprovalRadar - 🔍 [Tail 탐색] 인덱스가 22415에서 22416로 증가했습니다. (총 1건의 신규 삽입 감지)
2026-05-13 10:47:32,582 [INFO] ApprovalRadar - ⚙️ 총 4개의 피벗 지점에서 Shift 오프셋 보정을 시작합니다...
2026-05-13 10:47:38,146 [INFO] ApprovalRadar - 📥 [구간 10001~15000] 내에 1건의 중간 삽입 감지. (실제 요청: 10001~15001) 다운로드 진행...
2026-05-13 10:47:45,686 [INFO] ApprovalRadar - 🚀 1건의 새로운 인허가 변경분이 I2859에서 감지되었습니다. DB 업데이트를 시작합니다...
2026-05-13 10:47:45,689 [INFO] ApprovalRadar - ✅ [I2859 총 소요시간: 17.00초] 모든 변경분(1건)의 DB 업데이트 및 커밋 완료.
2026-05-13 10:47:45,690 [INFO] ApprovalRadar - Starting DiffCrawler Delta Sync Job for I2500...
2026-05-13 10:47:45,693 [INFO] ApprovalRadar - 최초 실행: 베이스라인 부트스트랩을 시작합니다...
2026-05-13 10:47:45,695 [INFO] ApprovalRadar - [Bootstrapper] True Tail(실제 마지막 데이터) 찾는 중...
2026-05-13 10:47:55,733 [WARNING] ApprovalRadar - [네트워크/응답 오류] HTTPConnectionPool(host='openapi.foodsafetykorea.go.kr', port=80): Read timed out. (read timeout=10). 1초 후 재시도합니다...
2026-05-13 10:48:06,788 [WARNING] ApprovalRadar - [네트워크/응답 오류] HTTPConnectionPool(host='openapi.foodsafetykorea.go.kr', port=80): Read timed out. (read timeout=10). 2초 후 재시도합니다...
2026-05-13 10:48:08,895 [WARNING] ApprovalRadar - [네트워크/응답 오류] Expecting value: line 1 column 1 (char 0). 4초 후 재시도합니다...
2026-05-13 10:48:12,902 [WARNING] ApprovalRadar - 연속적인 응답 오류 발생! 해당 키가 WAF에 의해 임시 차단된 것으로 의심되어 키를 회전합니다.
2026-05-13 10:48:12,903 [INFO] ApprovalRadar - [키 회전] API 한도 초과! 새로운 키로 교체: f1282***
2026-05-13 13:11:17,574 [INFO] ApprovalRadar - Starting DiffCrawler Delta Sync Job for I2859...
2026-05-13 13:11:17,695 [WARNING] ApprovalRadar - [네트워크/응답 오류] Expecting value: line 1 column 1 (char 0). 1초 후 재시도합니다...
2026-05-13 13:11:19,809 [INFO] ApprovalRadar - ✨ [소요시간: 2.23초] 새로운 데이터가 감지되지 않았습니다. (현재 전체 데이터: 22416건)
2026-05-13 13:11:19,812 [INFO] ApprovalRadar - Starting DiffCrawler Delta Sync Job for I2500...
2026-05-13 13:11:19,817 [INFO] ApprovalRadar - 최초 실행: 베이스라인 부트스트랩을 시작합니다...
2026-05-13 13:11:19,818 [INFO] ApprovalRadar - [Bootstrapper] True Tail(실제 마지막 데이터) 찾는 중...
2026-05-13 13:11:30,866 [WARNING] ApprovalRadar - [네트워크/응답 오류] HTTPConnectionPool(host='openapi.foodsafetykorea.go.kr', port=80): Read timed out. (read timeout=10). 1초 후 재시도합니다...
2026-05-13 13:11:31,931 [WARNING] ApprovalRadar - [네트워크/응답 오류] Expecting value: line 1 column 1 (char 0). 2초 후 재시도합니다...
2026-05-13 13:11:43,971 [WARNING] ApprovalRadar - [네트워크/응답 오류] HTTPConnectionPool(host='openapi.foodsafetykorea.go.kr', port=80): Read timed out. (read timeout=10). 4초 후 재시도합니다...
2026-05-13 13:11:47,978 [WARNING] ApprovalRadar - 연속적인 응답 오류 발생! 해당 키가 WAF에 의해 임시 차단된 것으로 의심되어 키를 회전합니다.
2026-05-13 13:11:47,981 [INFO] ApprovalRadar - [키 회전] API 한도 초과! 새로운 키로 교체: f1282***
2026-05-13 13:12:01,921 [WARNING] ApprovalRadar - [네트워크/응답 오류] HTTPConnectionPool(host='openapi.foodsafetykorea.go.kr', port=80): Read timed out. (read timeout=10). 1초 후 재시도합니다...
2026-05-13 13:12:12,949 [WARNING] ApprovalRadar - [네트워크/응답 오류] HTTPConnectionPool(host='openapi.foodsafetykorea.go.kr', port=80): Read timed out. (read timeout=10). 2초 후 재시도합니다...
2026-05-13 13:12:14,996 [WARNING] ApprovalRadar - [네트워크/응답 오류] Expecting value: line 1 column 1 (char 0). 4초 후 재시도합니다...
2026-05-13 13:12:19,004 [WARNING] ApprovalRadar - 연속적인 응답 오류 발생! 해당 키가 WAF에 의해 임시 차단된 것으로 의심되어 키를 회전합니다.
2026-05-13 13:12:19,008 [INFO] ApprovalRadar - [키 회전] API 한도 초과! 새로운 키로 교체: ba698***
2026-05-13 13:12:33,222 [WARNING] ApprovalRadar - [네트워크/응답 오류] HTTPConnectionPool(host='openapi.foodsafetykorea.go.kr', port=80): Read timed out. (read timeout=10). 1초 후 재시도합니다...
2026-05-13 13:12:44,274 [WARNING] ApprovalRadar - [네트워크/응답 오류] HTTPConnectionPool(host='openapi.foodsafetykorea.go.kr', port=80): Read timed out. (read timeout=10). 2초 후 재시도합니다...
2026-05-13 13:12:46,318 [WARNING] ApprovalRadar - [네트워크/응답 오류] Expecting value: line 1 column 1 (char 0). 4초 후 재시도합니다...
2026-05-13 13:12:50,323 [WARNING] ApprovalRadar - 연속적인 응답 오류 발생! 해당 키가 WAF에 의해 임시 차단된 것으로 의심되어 키를 회전합니다.
2026-05-13 13:12:50,325 [INFO] ApprovalRadar - [키 회전] API 한도 초과! 새로운 키로 교체: 67f07***
2026-05-13 13:13:04,284 [WARNING] ApprovalRadar - [네트워크/응답 오류] HTTPConnectionPool(host='openapi.foodsafetykorea.go.kr', port=80): Read timed out. (read timeout=10). 1초 후 재시도합니다...
2026-05-13 13:13:05,346 [WARNING] ApprovalRadar - [네트워크/응답 오류] Expecting value: line 1 column 1 (char 0). 2초 후 재시도합니다...
2026-05-13 13:13:07,384 [WARNING] ApprovalRadar - [네트워크/응답 오류] Expecting value: line 1 column 1 (char 0). 4초 후 재시도합니다...
2026-05-13 13:13:11,389 [WARNING] ApprovalRadar - 연속적인 응답 오류 발생! 해당 키가 WAF에 의해 임시 차단된 것으로 의심되어 키를 회전합니다.
2026-05-13 13:13:11,391 [INFO] ApprovalRadar - [키 회전] API 한도 초과! 새로운 키로 교체: e7b3f***
2026-05-13 13:13:24,442 [WARNING] ApprovalRadar - [네트워크/응답 오류] HTTPConnectionPool(host='openapi.foodsafetykorea.go.kr', port=80): Read timed out. (read timeout=10). 8초 후 재시도합니다...
2026-05-13 13:13:32,449 [WARNING] ApprovalRadar - 연속적인 응답 오류 발생! 해당 키가 WAF에 의해 임시 차단된 것으로 의심되어 키를 회전합니다.
2026-05-13 13:13:32,454 [ERROR] ApprovalRadar - 🚨 [긴급] 오늘자 식품나라 API 키가 모두 소진되었습니다. 크롤링이 중단됩니다.
2026-05-13 13:13:32,456 [ERROR] ApprovalRadar - ❌ I2500 크롤러 스케줄 작업 중 치명적인 오류 발생: All API keys are exhausted for today.
2026-05-13 16:29:14,350 [INFO] ApprovalRadar - Initializing Database...
2026-05-13 16:29:14,352 [INFO] ApprovalRadar - Starting Industry Type Backfill Job...
2026-05-13 16:29:14,352 [INFO] ApprovalRadar - Configuring APScheduler jobs...
2026-05-13 16:29:14,359 [INFO] ApprovalRadar - 총 2774건의 세부업종 누락 데이터를 발견했습니다. 백필을 시작합니다.
2026-05-13 16:29:14,361 [INFO] ApprovalRadar - Adding initial catch-up scraper job to background...
2026-05-13 16:29:14,367 [INFO] ApprovalRadar - Starting DiffCrawler Delta Sync Job for I2859...
2026-05-13 16:29:14,367 [INFO] ApprovalRadar - APScheduler started successfully.
2026-05-13 16:29:15,234 [INFO] ApprovalRadar - ✨ [소요시간: 0.86초] 새로운 데이터가 감지되지 않았습니다. (현재 전체 데이터: 22416건)
2026-05-13 16:29:15,236 [INFO] ApprovalRadar - Starting DiffCrawler Delta Sync Job for I2500...
2026-05-13 16:29:15,240 [INFO] ApprovalRadar - 최초 실행: 베이스라인 부트스트랩을 시작합니다...
2026-05-13 16:29:15,241 [INFO] ApprovalRadar - [Bootstrapper] True Tail(실제 마지막 데이터) 찾는 중...
2026-05-13 16:29:16,112 [WARNING] ApprovalRadar - [네트워크/응답 오류] Expecting value: line 1 column 1 (char 0). 1초 후 재시도합니다...
2026-05-13 16:29:19,980 [WARNING] ApprovalRadar - [네트워크/응답 오류] Expecting value: line 1 column 1 (char 0). 1초 후 재시도합니다...
2026-05-13 16:29:31,825 [INFO] ApprovalRadar - ✅ 20260718196 -> 일반음식점 업데이트 완료
2026-05-13 16:29:33,112 [WARNING] ApprovalRadar - [네트워크/응답 오류] HTTPConnectionPool(host='openapi.foodsafetykorea.go.kr', port=80): Read timed out. (read timeout=10). 1초 후 재시도합니다...
2026-05-13 16:29:34,178 [WARNING] ApprovalRadar - [네트워크/응답 오류] Expecting value: line 1 column 1 (char 0). 2초 후 재시도합니다...
2026-05-13 16:29:35,718 [INFO] ApprovalRadar - ✅ 20260127050 -> 일반음식점 업데이트 완료
2026-05-13 16:29:38,843 [WARNING] ApprovalRadar - [네트워크/응답 오류] Expecting value: line 1 column 1 (char 0). 1초 후 재시도합니다...
2026-05-13 16:29:46,239 [WARNING] ApprovalRadar - [네트워크/응답 오류] HTTPConnectionPool(host='openapi.foodsafetykorea.go.kr', port=80): Read timed out. (read timeout=10). 4초 후 재시도합니다...
2026-05-13 16:29:50,244 [WARNING] ApprovalRadar - 연속적인 응답 오류 발생! 해당 키가 WAF에 의해 임시 차단된 것으로 의심되어 키를 회전합니다.
2026-05-13 16:29:50,248 [INFO] ApprovalRadar - [키 회전] API 한도 초과! 새로운 키로 교체: f1282***
2026-05-13 16:30:04,197 [WARNING] ApprovalRadar - [네트워크/응답 오류] HTTPConnectionPool(host='openapi.foodsafetykorea.go.kr', port=80): Read timed out. (read timeout=10). 1초 후 재시도합니다...
2026-05-13 16:30:05,257 [WARNING] ApprovalRadar - [네트워크/응답 오류] Expecting value: line 1 column 1 (char 0). 2초 후 재시도합니다...
2026-05-13 16:30:14,079 [INFO] ApprovalRadar - ✅ 20260804102 -> 휴게음식점 업데이트 완료
2026-05-13 16:30:17,146 [WARNING] ApprovalRadar - [네트워크/응답 오류] Expecting value: line 1 column 1 (char 0). 1초 후 재시도합니다...
2026-05-13 16:30:17,282 [WARNING] ApprovalRadar - [네트워크/응답 오류] HTTPConnectionPool(host='openapi.foodsafetykorea.go.kr', port=80): Read timed out. (read timeout=10). 4초 후 재시도합니다...
2026-05-13 16:30:21,288 [WARNING] ApprovalRadar - 연속적인 응답 오류 발생! 해당 키가 WAF에 의해 임시 차단된 것으로 의심되어 키를 회전합니다.
2026-05-13 16:30:21,292 [INFO] ApprovalRadar - [키 회전] API 한도 초과! 새로운 키로 교체: ba698***
2026-05-13 16:30:23,043 [INFO] ApprovalRadar - ✅ 20260758292 -> 일반음식점 업데이트 완료
2026-05-13 16:30:26,104 [WARNING] ApprovalRadar - [네트워크/응답 오류] Expecting value: line 1 column 1 (char 0). 1초 후 재시도합니다...
2026-05-13 16:30:27,168 [WARNING] ApprovalRadar - [네트워크/응답 오류] Expecting value: line 1 column 1 (char 0). 2초 후 재시도합니다...
2026-05-13 16:30:32,287 [INFO] ApprovalRadar - ✅ 20260926307 -> 휴게음식점 업데이트 완료
2026-05-13 16:30:36,222 [INFO] ApprovalRadar - ✅ 20230855223 -> 일반음식점 업데이트 완료
2026-05-13 16:30:40,376 [INFO] ApprovalRadar - ✅ 20260758293 -> 일반음식점 업데이트 완료
2026-05-13 16:30:41,937 [WARNING] ApprovalRadar - [네트워크/응답 오류] HTTPConnectionPool(host='openapi.foodsafetykorea.go.kr', port=80): Read timed out. (read timeout=10). 1초 후 재시도합니다...
2026-05-13 16:30:42,998 [WARNING] ApprovalRadar - [네트워크/응답 오류] Expecting value: line 1 column 1 (char 0). 2초 후 재시도합니다...
2026-05-13 16:30:44,426 [INFO] ApprovalRadar - ✅ 20260758294 -> 일반음식점 업데이트 완료
2026-05-13 16:30:48,346 [INFO] ApprovalRadar - ✅ 20260758295 -> 일반음식점 업데이트 완료
2026-05-13 16:30:53,615 [INFO] ApprovalRadar - ✅ 20230254231 -> 일반음식점 업데이트 완료
2026-05-13 16:30:55,041 [WARNING] ApprovalRadar - [네트워크/응답 오류] HTTPConnectionPool(host='openapi.foodsafetykorea.go.kr', port=80): Read timed out. (read timeout=10). 4초 후 재시도합니다...
2026-05-13 16:30:57,470 [INFO] ApprovalRadar - ✅ 20260203266 -> 휴게음식점 업데이트 완료
2026-05-13 16:30:59,048 [WARNING] ApprovalRadar - 연속적인 응답 오류 발생! 해당 키가 WAF에 의해 임시 차단된 것으로 의심되어 키를 회전합니다.
2026-05-13 16:30:59,053 [INFO] ApprovalRadar - [키 회전] API 한도 초과! 새로운 키로 교체: 67f07***
2026-05-13 16:31:01,471 [INFO] ApprovalRadar - ✅ 20260758296 -> 일반음식점 업데이트 완료
2026-05-13 16:31:05,413 [INFO] ApprovalRadar - ✅ 20260920117 -> 일반음식점 업데이트 완료
2026-05-13 16:31:10,060 [INFO] ApprovalRadar - ✅ 20260878217 -> 일반음식점 업데이트 완료
2026-05-13 16:31:13,422 [WARNING] ApprovalRadar - [네트워크/응답 오류] HTTPConnectionPool(host='openapi.foodsafetykorea.go.kr', port=80): Read timed out. (read timeout=10). 1초 후 재시도합니다...
2026-05-13 16:31:14,032 [INFO] ApprovalRadar - ✅ 20260176074 -> 휴게음식점 업데이트 완료
2026-05-13 16:31:17,921 [INFO] ApprovalRadar - ✅ 20260176075 -> 휴게음식점 업데이트 완료
2026-05-13 16:31:23,539 [INFO] ApprovalRadar - ✅ 20260878199 -> 일반음식점 업데이트 완료
2026-05-13 16:31:24,473 [WARNING] ApprovalRadar - [네트워크/응답 오류] HTTPConnectionPool(host='openapi.foodsafetykorea.go.kr', port=80): Read timed out. (read timeout=10). 2초 후 재시도합니다...
2026-05-13 16:31:26,538 [WARNING] ApprovalRadar - [네트워크/응답 오류] Expecting value: line 1 column 1 (char 0). 4초 후 재시도합니다...
2026-05-13 16:31:27,404 [INFO] ApprovalRadar - ✅ 20260346114 -> 휴게음식점 업데이트 완료
2026-05-13 16:31:30,544 [WARNING] ApprovalRadar - 연속적인 응답 오류 발생! 해당 키가 WAF에 의해 임시 차단된 것으로 의심되어 키를 회전합니다.
2026-05-13 16:31:30,548 [INFO] ApprovalRadar - [키 회전] API 한도 초과! 새로운 키로 교체: e7b3f***
2026-05-13 16:31:31,287 [INFO] ApprovalRadar - ✅ 20260926403 -> 제과점영업 업데이트 완료
2026-05-13 16:31:35,183 [INFO] ApprovalRadar - ✅ 20260942182 -> 일반음식점 업데이트 완료
2026-05-13 16:31:39,041 [INFO] ApprovalRadar - ✅ 20260878220 -> 일반음식점 업데이트 완료
2026-05-13 16:31:43,107 [INFO] ApprovalRadar - ✅ 20260346122 -> 위탁급식영업 업데이트 완료
2026-05-13 16:31:43,619 [WARNING] ApprovalRadar - [네트워크/응답 오류] HTTPConnectionPool(host='openapi.foodsafetykorea.go.kr', port=80): Read timed out. (read timeout=10). 8초 후 재시도합니다...
2026-05-13 16:31:47,030 [INFO] ApprovalRadar - ✅ 20180243231 -> 일반음식점 업데이트 완료
2026-05-13 16:31:50,909 [INFO] ApprovalRadar - ✅ 20260342542 -> 휴게음식점 업데이트 완료
2026-05-13 16:31:51,625 [WARNING] ApprovalRadar - 연속적인 응답 오류 발생! 해당 키가 WAF에 의해 임시 차단된 것으로 의심되어 키를 회전합니다.
2026-05-13 16:31:51,628 [ERROR] ApprovalRadar - 🚨 [긴급] 오늘자 식품나라 API 키가 모두 소진되었습니다. 크롤링이 중단됩니다.
2026-05-13 16:31:51,630 [ERROR] ApprovalRadar - ❌ I2500 크롤러 스케줄 작업 중 치명적인 오류 발생: All API keys are exhausted for today.
2026-05-13 16:31:54,778 [INFO] ApprovalRadar - ✅ 20260861410 -> 일반음식점 업데이트 완료
2026-05-13 16:31:58,664 [INFO] ApprovalRadar - ✅ 20260861378 -> 일반음식점 업데이트 완료
2026-05-13 16:32:02,530 [INFO] ApprovalRadar - ✅ 20260861285 -> 일반음식점 업데이트 완료
2026-05-13 16:32:06,644 [INFO] ApprovalRadar - ✅ 20260259007 -> 일반음식점 업데이트 완료
2026-05-13 16:32:10,645 [INFO] ApprovalRadar - ✅ 20260861377 -> 위탁급식영업 업데이트 완료
2026-05-13 16:36:04,214 [INFO] ApprovalRadar - [진척도] 100/2774 처리 완료 (성공: 29, 실패: 71)
2026-05-13 16:39:14,365 [INFO] ApprovalRadar - Starting DiffCrawler Delta Sync Job for I2859...
2026-05-13 16:39:14,550 [WARNING] ApprovalRadar - [네트워크/응답 오류] Expecting value: line 1 column 1 (char 0). 1초 후 재시도합니다...
2026-05-13 16:39:16,282 [WARNING] ApprovalRadar - [네트워크/응답 오류] Expecting value: line 1 column 1 (char 0). 1초 후 재시도합니다...
2026-05-13 16:39:16,542 [INFO] ApprovalRadar - ✨ [소요시간: 2.17초] 새로운 데이터가 감지되지 않았습니다. (현재 전체 데이터: 22416건)
2026-05-13 16:39:16,546 [INFO] ApprovalRadar - Starting DiffCrawler Delta Sync Job for I2500...
2026-05-13 16:39:16,551 [INFO] ApprovalRadar - 최초 실행: 베이스라인 부트스트랩을 시작합니다...
2026-05-13 16:39:16,553 [INFO] ApprovalRadar - [Bootstrapper] True Tail(실제 마지막 데이터) 찾는 중...
2026-05-13 16:39:17,351 [WARNING] ApprovalRadar - [네트워크/응답 오류] Expecting value: line 1 column 1 (char 0). 2초 후 재시도합니다...
2026-05-13 16:39:23,719 [WARNING] ApprovalRadar - [네트워크/응답 오류] Expecting value: line 1 column 1 (char 0). 1초 후 재시도합니다...
2026-05-13 16:39:35,630 [WARNING] ApprovalRadar - [네트워크/응답 오류] HTTPConnectionPool(host='openapi.foodsafetykorea.go.kr', port=80): Read timed out. (read timeout=10). 1초 후 재시도합니다...
2026-05-13 16:39:36,698 [WARNING] ApprovalRadar - [네트워크/응답 오류] Expecting value: line 1 column 1 (char 0). 2초 후 재시도합니다...
2026-05-13 16:39:38,745 [WARNING] ApprovalRadar - [네트워크/응답 오류] Expecting value: line 1 column 1 (char 0). 4초 후 재시도합니다...
2026-05-13 16:39:39,615 [WARNING] ApprovalRadar - [네트워크/응답 오류] Expecting value: line 1 column 1 (char 0). 1초 후 재시도합니다...
2026-05-13 16:39:42,747 [WARNING] ApprovalRadar - 연속적인 응답 오류 발생! 해당 키가 WAF에 의해 임시 차단된 것으로 의심되어 키를 회전합니다.
2026-05-13 16:39:42,751 [INFO] ApprovalRadar - [키 회전] API 한도 초과! 새로운 키로 교체: f1282***
2026-05-13 16:39:55,795 [WARNING] ApprovalRadar - [네트워크/응답 오류] HTTPConnectionPool(host='openapi.foodsafetykorea.go.kr', port=80): Read timed out. (read timeout=10). 8초 후 재시도합니다...
2026-05-13 16:40:03,800 [WARNING] ApprovalRadar - 연속적인 응답 오류 발생! 해당 키가 WAF에 의해 임시 차단된 것으로 의심되어 키를 회전합니다.
2026-05-13 16:40:03,804 [INFO] ApprovalRadar - [키 회전] API 한도 초과! 새로운 키로 교체: ba698***
2026-05-13 16:40:17,806 [WARNING] ApprovalRadar - [네트워크/응답 오류] HTTPConnectionPool(host='openapi.foodsafetykorea.go.kr', port=80): Read timed out. (read timeout=10). 1초 후 재시도합니다...
2026-05-13 16:40:28,923 [WARNING] ApprovalRadar - [네트워크/응답 오류] HTTPConnectionPool(host='openapi.foodsafetykorea.go.kr', port=80): Read timed out. (read timeout=10). 2초 후 재시도합니다...
2026-05-13 16:40:31,036 [WARNING] ApprovalRadar - [네트워크/응답 오류] Expecting value: line 1 column 1 (char 0). 4초 후 재시도합니다...
2026-05-13 16:40:35,040 [WARNING] ApprovalRadar - 연속적인 응답 오류 발생! 해당 키가 WAF에 의해 임시 차단된 것으로 의심되어 키를 회전합니다.
2026-05-13 16:40:35,042 [INFO] ApprovalRadar - [키 회전] API 한도 초과! 새로운 키로 교체: 67f07***
2026-05-13 16:40:48,089 [WARNING] ApprovalRadar - [네트워크/응답 오류] HTTPConnectionPool(host='openapi.foodsafetykorea.go.kr', port=80): Read timed out. (read timeout=10). 8초 후 재시도합니다...
2026-05-13 16:40:56,094 [WARNING] ApprovalRadar - 연속적인 응답 오류 발생! 해당 키가 WAF에 의해 임시 차단된 것으로 의심되어 키를 회전합니다.
2026-05-13 16:40:56,096 [INFO] ApprovalRadar - [키 회전] API 한도 초과! 새로운 키로 교체: e7b3f***
2026-05-13 16:41:10,088 [WARNING] ApprovalRadar - [네트워크/응답 오류] HTTPConnectionPool(host='openapi.foodsafetykorea.go.kr', port=80): Read timed out. (read timeout=10). 1초 후 재시도합니다...
2026-05-13 16:41:11,181 [WARNING] ApprovalRadar - [네트워크/응답 오류] Expecting value: line 1 column 1 (char 0). 2초 후 재시도합니다...
2026-05-13 16:41:13,270 [WARNING] ApprovalRadar - [네트워크/응답 오류] Expecting value: line 1 column 1 (char 0). 4초 후 재시도합니다...
2026-05-13 16:41:17,277 [WARNING] ApprovalRadar - 연속적인 응답 오류 발생! 해당 키가 WAF에 의해 임시 차단된 것으로 의심되어 키를 회전합니다.
2026-05-13 16:41:17,283 [ERROR] ApprovalRadar - 🚨 [긴급] 오늘자 식품나라 API 키가 모두 소진되었습니다. 크롤링이 중단됩니다.
2026-05-13 16:41:17,285 [ERROR] ApprovalRadar - ❌ I2500 크롤러 스케줄 작업 중 치명적인 오류 발생: All API keys are exhausted for today.
2026-05-13 16:41:40,072 [INFO] ApprovalRadar - ✅ 20260337463 -> 일반음식점 업데이트 완료
2026-05-13 16:41:43,968 [INFO] ApprovalRadar - ✅ 20260337504 -> 일반음식점 업데이트 완료
2026-05-13 16:41:47,884 [INFO] ApprovalRadar - ✅ 20260337513 -> 일반음식점 업데이트 완료
2026-05-13 16:41:51,793 [INFO] ApprovalRadar - ✅ 20260337532 -> 일반음식점 업데이트 완료
2026-05-13 16:41:55,788 [INFO] ApprovalRadar - ✅ 20260337487 -> 휴게음식점 업데이트 완료
2026-05-13 16:41:59,700 [INFO] ApprovalRadar - ✅ 20260337469 -> 휴게음식점 업데이트 완료
2026-05-13 16:42:03,622 [INFO] ApprovalRadar - ✅ 20260337501 -> 휴게음식점 업데이트 완료
2026-05-13 16:42:07,491 [INFO] ApprovalRadar - ✅ 20260337547 -> 휴게음식점 업데이트 완료
2026-05-13 16:42:11,505 [INFO] ApprovalRadar - ✅ 20260337499 -> 제과점영업 업데이트 완료
2026-05-13 16:42:15,399 [INFO] ApprovalRadar - ✅ 20260337055 -> 일반음식점 업데이트 완료
2026-05-13 16:42:19,392 [INFO] ApprovalRadar - ✅ 20260820065 -> 휴게음식점 업데이트 완료
2026-05-13 16:42:23,348 [INFO] ApprovalRadar - ✅ 20260174137 -> 일반음식점 업데이트 완료
2026-05-13 16:42:27,277 [INFO] ApprovalRadar - ✅ 20260704174 -> 일반음식점 업데이트 완료
2026-05-13 16:42:31,123 [INFO] ApprovalRadar - ✅ 20260104543 -> 휴게음식점 업데이트 완료
2026-05-13 16:42:35,032 [INFO] ApprovalRadar - ✅ 19930506319 -> 일반음식점 업데이트 완료
2026-05-13 16:42:38,952 [INFO] ApprovalRadar - ✅ 20260273617 -> 휴게음식점 업데이트 완료
2026-05-13 16:42:43,147 [INFO] ApprovalRadar - ✅ 20240730924 -> 일반음식점 업데이트 완료
2026-05-13 16:42:43,149 [INFO] ApprovalRadar - [진척도] 200/2774 처리 완료 (성공: 46, 실패: 154)
2026-05-13 16:42:47,030 [INFO] ApprovalRadar - ✅ 20260779017 -> 휴게음식점 업데이트 완료
2026-05-13 16:42:50,969 [INFO] ApprovalRadar - ✅ 20260097520 -> 휴게음식점 업데이트 완료
2026-05-13 16:42:54,838 [INFO] ApprovalRadar - ✅ 20230045894 -> 일반음식점 업데이트 완료
2026-05-13 16:42:58,711 [INFO] ApprovalRadar - ✅ 20260136939 -> 휴게음식점 업데이트 완료
2026-05-13 16:43:02,559 [INFO] ApprovalRadar - ✅ 20260121872 -> 휴게음식점 업데이트 완료
2026-05-13 16:43:06,593 [INFO] ApprovalRadar - ✅ 20260121873 -> 휴게음식점 업데이트 완료
2026-05-13 16:43:10,489 [INFO] ApprovalRadar - ✅ 20260121874 -> 휴게음식점 업데이트 완료
2026-05-13 16:43:14,355 [INFO] ApprovalRadar - ✅ 20260791238 -> 휴게음식점 업데이트 완료
2026-05-13 16:43:18,225 [INFO] ApprovalRadar - ✅ 20260585407 -> 일반음식점 업데이트 완료
2026-05-13 16:43:22,164 [INFO] ApprovalRadar - ✅ 19990150425 -> 일반음식점 업데이트 완료
2026-05-13 16:43:26,102 [INFO] ApprovalRadar - ✅ 20260205080 -> 일반음식점 업데이트 완료
2026-05-13 16:43:30,050 [INFO] ApprovalRadar - ✅ 20260704196 -> 일반음식점 업데이트 완료
2026-05-13 16:43:33,965 [INFO] ApprovalRadar - ✅ 20200510211 -> 일반음식점 업데이트 완료
2026-05-13 16:43:37,832 [INFO] ApprovalRadar - ✅ 20260704231 -> 일반음식점 업데이트 완료
2026-05-13 16:43:41,722 [INFO] ApprovalRadar - ✅ 20260791330 -> 휴게음식점 업데이트 완료
2026-05-13 16:43:45,744 [INFO] ApprovalRadar - ✅ 20260297094 -> 휴게음식점 업데이트 완료
2026-05-13 16:43:49,709 [INFO] ApprovalRadar - ✅ 20260145471 -> 일반음식점 업데이트 완료
2026-05-13 16:43:53,538 [INFO] ApprovalRadar - ✅ 20260121875 -> 휴게음식점 업데이트 완료
2026-05-13 16:43:57,594 [INFO] ApprovalRadar - ✅ 20240131196 -> 일반음식점 업데이트 완료
2026-05-13 16:44:01,543 [INFO] ApprovalRadar - ✅ 20260161652 -> 휴게음식점 업데이트 완료
2026-05-13 16:44:05,480 [INFO] ApprovalRadar - ✅ 20180545441 -> 일반음식점 업데이트 완료
2026-05-13 16:44:09,458 [INFO] ApprovalRadar - ✅ 20260240364 -> 일반음식점 업데이트 완료
2026-05-13 16:44:13,361 [INFO] ApprovalRadar - ✅ 20260176076 -> 일반음식점 업데이트 완료
2026-05-13 16:44:17,354 [INFO] ApprovalRadar - ✅ 20260176077 -> 일반음식점 업데이트 완료
2026-05-13 16:44:21,266 [INFO] ApprovalRadar - ✅ 20220604315 -> 일반음식점 업데이트 완료
2026-05-13 16:44:25,138 [INFO] ApprovalRadar - ✅ 20260692168 -> 일반음식점 업데이트 완료
2026-05-13 16:44:29,130 [INFO] ApprovalRadar - ✅ 20260614336 -> 일반음식점 업데이트 완료
2026-05-13 16:44:33,024 [INFO] ApprovalRadar - ✅ 20260621032 -> 일반음식점 업데이트 완료
2026-05-13 16:44:36,878 [INFO] ApprovalRadar - ✅ 20260621028 -> 일반음식점 업데이트 완료
2026-05-13 16:44:40,905 [INFO] ApprovalRadar - ✅ 20260621033 -> 일반음식점 업데이트 완료
2026-05-13 16:44:44,803 [INFO] ApprovalRadar - ✅ 20260848314 -> 일반음식점 업데이트 완료
2026-05-13 16:44:52,684 [INFO] ApprovalRadar - ✅ 20260536408 -> 일반음식점 업데이트 완료
2026-05-13 16:44:56,675 [INFO] ApprovalRadar - ✅ 20260536394 -> 일반음식점 업데이트 완료
2026-05-13 16:45:01,025 [INFO] ApprovalRadar - ✅ 20260536399 -> 일반음식점 업데이트 완료
2026-05-13 16:45:05,038 [INFO] ApprovalRadar - ✅ 20260536381 -> 일반음식점 업데이트 완료
2026-05-13 16:45:09,167 [INFO] ApprovalRadar - ✅ 20260517531 -> 일반음식점 업데이트 완료
2026-05-13 16:45:13,088 [INFO] ApprovalRadar - ✅ 20260431299 -> 제과점영업 업데이트 완료
2026-05-13 16:45:17,053 [INFO] ApprovalRadar - ✅ 20260536335 -> 일반음식점 업데이트 완료
2026-05-13 16:45:20,952 [INFO] ApprovalRadar - ✅ 20260507849 -> 일반음식점 업데이트 완료
2026-05-13 16:45:24,895 [INFO] ApprovalRadar - ✅ 20260496228 -> 일반음식점 업데이트 완료
2026-05-13 16:45:28,829 [INFO] ApprovalRadar - ✅ 20260536354 -> 일반음식점 업데이트 완료
2026-05-13 16:45:33,032 [INFO] ApprovalRadar - ✅ 20260467153 -> 일반음식점 업데이트 완료
2026-05-13 16:45:36,987 [INFO] ApprovalRadar - ✅ 20260536370 -> 일반음식점 업데이트 완료
2026-05-13 16:45:40,914 [INFO] ApprovalRadar - ✅ 20260602159 -> 일반음식점 업데이트 완료
2026-05-13 16:45:44,903 [INFO] ApprovalRadar - ✅ 20260477130 -> 일반음식점 업데이트 완료
2026-05-13 16:45:48,796 [INFO] ApprovalRadar - ✅ 20260536333 -> 일반음식점 업데이트 완료
2026-05-13 16:45:52,786 [INFO] ApprovalRadar - ✅ 20260514274 -> 일반음식점 업데이트 완료
2026-05-13 16:46:08,638 [INFO] ApprovalRadar - ✅ 20260536411 -> 일반음식점 업데이트 완료
2026-05-13 16:46:12,653 [INFO] ApprovalRadar - ✅ 20260536318 -> 휴게음식점 업데이트 완료
2026-05-13 16:46:16,547 [INFO] ApprovalRadar - ✅ 20260536331 -> 휴게음식점 업데이트 완료
2026-05-13 16:46:20,479 [INFO] ApprovalRadar - ✅ 20250378182 -> 일반음식점 업데이트 완료
2026-05-13 16:46:24,374 [INFO] ApprovalRadar - ✅ 20260558726 -> 일반음식점 업데이트 완료
2026-05-13 16:46:28,332 [INFO] ApprovalRadar - ✅ 20110327024 -> 일반음식점 업데이트 완료
2026-05-13 16:46:32,238 [INFO] ApprovalRadar - ✅ 20240638204 -> 일반음식점 업데이트 완료
2026-05-13 16:46:36,254 [INFO] ApprovalRadar - ✅ 20260040285 -> 일반음식점 업데이트 완료
2026-05-13 16:46:40,215 [INFO] ApprovalRadar - ✅ 20260136516 -> 일반음식점 업데이트 완료
2026-05-13 16:46:44,293 [INFO] ApprovalRadar - ✅ 20260067334 -> 일반음식점 업데이트 완료
2026-05-13 16:46:48,287 [INFO] ApprovalRadar - ✅ 20240089566 -> 일반음식점 업데이트 완료
2026-05-13 16:46:52,199 [INFO] ApprovalRadar - ✅ 20260145468 -> 일반음식점 업데이트 완료
2026-05-13 16:46:56,088 [INFO] ApprovalRadar - ✅ 20230683972 -> 일반음식점 업데이트 완료
2026-05-13 16:46:59,911 [INFO] ApprovalRadar - ✅ 20260783052 -> 휴게음식점 업데이트 완료
2026-05-13 16:47:03,749 [INFO] ApprovalRadar - ✅ 20260750287 -> 휴게음식점 업데이트 완료
2026-05-13 16:47:07,739 [INFO] ApprovalRadar - ✅ 20260771035 -> 일반음식점 업데이트 완료
2026-05-13 16:47:11,617 [INFO] ApprovalRadar - ✅ 20260750290 -> 휴게음식점 업데이트 완료
2026-05-13 16:47:15,636 [INFO] ApprovalRadar - ✅ 20230325522 -> 일반음식점 업데이트 완료
2026-05-13 16:47:19,637 [INFO] ApprovalRadar - ✅ 20260346124 -> 일반음식점 업데이트 완료
2026-05-13 16:47:23,585 [INFO] ApprovalRadar - ✅ 20250326344 -> 일반음식점 업데이트 완료
2026-05-13 16:47:27,468 [INFO] ApprovalRadar - ✅ 20260324399 -> 일반음식점 업데이트 완료
2026-05-13 16:47:31,360 [INFO] ApprovalRadar - ✅ 20260314169 -> 휴게음식점 업데이트 완료
2026-05-13 16:47:35,217 [INFO] ApprovalRadar - ✅ 20260307224 -> 일반음식점 업데이트 완료
2026-05-13 16:47:39,120 [INFO] ApprovalRadar - ✅ 20260317320 -> 일반음식점 업데이트 완료
2026-05-13 16:47:43,003 [INFO] ApprovalRadar - ✅ 20260621044 -> 일반음식점 업데이트 완료
2026-05-13 16:47:46,957 [INFO] ApprovalRadar - ✅ 20260621043 -> 일반음식점 업데이트 완료
2026-05-13 16:47:50,854 [INFO] ApprovalRadar - ✅ 20260621046 -> 일반음식점 업데이트 완료
2026-05-13 16:47:54,843 [INFO] ApprovalRadar - ✅ 20260621055 -> 일반음식점 업데이트 완료
2026-05-13 16:47:58,721 [INFO] ApprovalRadar - ✅ 20260621058 -> 일반음식점 업데이트 완료
2026-05-13 16:48:02,639 [INFO] ApprovalRadar - ✅ 20170208995 -> 일반음식점 업데이트 완료
2026-05-13 16:48:06,721 [INFO] ApprovalRadar - ✅ 20240291955 -> 일반음식점 업데이트 완료
2026-05-13 16:48:10,827 [INFO] ApprovalRadar - ✅ 20260291464 -> 일반음식점 업데이트 완료
2026-05-13 16:48:14,809 [INFO] ApprovalRadar - ✅ 20260263356 -> 휴게음식점 업데이트 완료
2026-05-13 16:48:18,640 [INFO] ApprovalRadar - ✅ 20260913265 -> 일반음식점 업데이트 완료
2026-05-13 16:48:22,699 [INFO] ApprovalRadar - ✅ 20240907397 -> 일반음식점 업데이트 완료
2026-05-13 16:48:26,550 [INFO] ApprovalRadar - ✅ 20260654264 -> 일반음식점 업데이트 완료
2026-05-13 16:48:30,700 [INFO] ApprovalRadar - ✅ 20220601521 -> 일반음식점 업데이트 완료
2026-05-13 16:48:34,738 [INFO] ApprovalRadar - ✅ 20260324400 -> 일반음식점 업데이트 완료
2026-05-13 16:48:38,588 [INFO] ApprovalRadar - ✅ 20260324229 -> 일반음식점 업데이트 완료
2026-05-13 16:48:42,531 [INFO] ApprovalRadar - ✅ 20260718475 -> 일반음식점 업데이트 완료
2026-05-13 16:48:46,434 [INFO] ApprovalRadar - ✅ 20260791331 -> 일반음식점 업데이트 완료
2026-05-13 16:48:50,447 [INFO] ApprovalRadar - ✅ 20260351246 -> 휴게음식점 업데이트 완료
2026-05-13 16:48:54,336 [INFO] ApprovalRadar - ✅ 20260256139 -> 일반음식점 업데이트 완료
2026-05-13 16:48:58,329 [INFO] ApprovalRadar - ✅ 20260351247 -> 휴게음식점 업데이트 완료
2026-05-13 16:49:02,220 [INFO] ApprovalRadar - ✅ 20260182214 -> 휴게음식점 업데이트 완료
2026-05-13 16:49:06,208 [INFO] ApprovalRadar - ✅ 20260161654 -> 일반음식점 업데이트 완료
2026-05-13 16:49:10,070 [INFO] ApprovalRadar - ✅ 20260097705 -> 일반음식점 업데이트 완료
2026-05-13 16:49:14,012 [INFO] ApprovalRadar - ✅ 20260154962 -> 일반음식점 업데이트 완료
2026-05-13 16:49:14,363 [INFO] ApprovalRadar - Starting DiffCrawler Delta Sync Job for I2859...
2026-05-13 16:49:15,312 [INFO] ApprovalRadar - ✨ [소요시간: 0.95초] 새로운 데이터가 감지되지 않았습니다. (현재 전체 데이터: 22416건)
2026-05-13 16:49:15,318 [INFO] ApprovalRadar - Starting DiffCrawler Delta Sync Job for I2500...
2026-05-13 16:49:15,322 [INFO] ApprovalRadar - 최초 실행: 베이스라인 부트스트랩을 시작합니다...
2026-05-13 16:49:15,323 [INFO] ApprovalRadar - [Bootstrapper] True Tail(실제 마지막 데이터) 찾는 중...
2026-05-13 16:49:18,032 [INFO] ApprovalRadar - ✅ 20240050199 -> 일반음식점 업데이트 완료
2026-05-13 16:49:18,034 [INFO] ApprovalRadar - [진척도] 300/2774 처리 완료 (성공: 142, 실패: 158)
2026-05-13 16:49:21,858 [INFO] ApprovalRadar - ✅ 20240127739 -> 일반음식점 업데이트 완료
2026-05-13 16:49:25,756 [INFO] ApprovalRadar - ✅ 20240131955 -> 일반음식점 업데이트 완료
2026-05-13 16:49:28,904 [WARNING] ApprovalRadar - [네트워크/응답 오류] Expecting value: line 1 column 1 (char 0). 1초 후 재시도합니다...
2026-05-13 16:49:30,836 [INFO] ApprovalRadar - ✅ 20260317321 -> 일반음식점 업데이트 완료
2026-05-13 16:49:34,685 [INFO] ApprovalRadar - ✅ 20260707281 -> 일반음식점 업데이트 완료
2026-05-13 16:49:36,269 [WARNING] ApprovalRadar - [네트워크/응답 오류] HTTPConnectionPool(host='openapi.foodsafetykorea.go.kr', port=80): Read timed out. (read timeout=10). 1초 후 재시도합니다...
2026-05-13 16:49:37,822 [WARNING] ApprovalRadar - [네트워크/응답 오류] Expecting value: line 1 column 1 (char 0). 1초 후 재시도합니다...
2026-05-13 16:49:39,676 [INFO] ApprovalRadar - ✅ 20260707282 -> 일반음식점 업데이트 완료
2026-05-13 16:49:43,571 [INFO] ApprovalRadar - ✅ 20240648148 -> 일반음식점 업데이트 완료
2026-05-13 16:49:47,313 [WARNING] ApprovalRadar - [네트워크/응답 오류] HTTPConnectionPool(host='openapi.foodsafetykorea.go.kr', port=80): Read timed out. (read timeout=10). 2초 후 재시도합니다...
2026-05-13 16:49:47,424 [INFO] ApprovalRadar - ✅ 20260848315 -> 일반음식점 업데이트 완료
2026-05-13 16:49:50,491 [WARNING] ApprovalRadar - [네트워크/응답 오류] Expecting value: line 1 column 1 (char 0). 1초 후 재시도합니다...
2026-05-13 16:49:52,396 [INFO] ApprovalRadar - ✅ 20260855199 -> 일반음식점 업데이트 완료
2026-05-13 16:49:56,283 [INFO] ApprovalRadar - ✅ 20260861347 -> 일반음식점 업데이트 완료
2026-05-13 16:49:59,361 [WARNING] ApprovalRadar - [네트워크/응답 오류] HTTPConnectionPool(host='openapi.foodsafetykorea.go.kr', port=80): Read timed out. (read timeout=10). 4초 후 재시도합니다...
2026-05-13 16:50:00,382 [INFO] ApprovalRadar - ✅ 20260342532 -> 일반음식점 업데이트 완료
2026-05-13 16:50:03,367 [WARNING] ApprovalRadar - 연속적인 응답 오류 발생! 해당 키가 WAF에 의해 임시 차단된 것으로 의심되어 키를 회전합니다.
2026-05-13 16:50:03,371 [INFO] ApprovalRadar - [키 회전] API 한도 초과! 새로운 키로 교체: f1282***
2026-05-13 16:50:05,147 [INFO] ApprovalRadar - ✅ 20260342251 -> 일반음식점 업데이트 완료
2026-05-13 16:50:09,070 [INFO] ApprovalRadar - ✅ 20230327139 -> 일반음식점 업데이트 완료
2026-05-13 16:50:12,933 [INFO] ApprovalRadar - ✅ 20260342589 -> 일반음식점 업데이트 완료
2026-05-13 16:50:16,980 [INFO] ApprovalRadar - ✅ 20260707283 -> 일반음식점 업데이트 완료
2026-05-13 16:50:17,292 [WARNING] ApprovalRadar - [네트워크/응답 오류] HTTPConnectionPool(host='openapi.foodsafetykorea.go.kr', port=80): Read timed out. (read timeout=10). 1초 후 재시도합니다...
2026-05-13 16:50:21,069 [INFO] ApprovalRadar - ✅ 20160216089 -> 일반음식점 업데이트 완료
2026-05-13 16:50:25,032 [INFO] ApprovalRadar - ✅ 20260307150 -> 일반음식점 업데이트 완료
2026-05-13 16:50:28,337 [WARNING] ApprovalRadar - [네트워크/응답 오류] HTTPConnectionPool(host='openapi.foodsafetykorea.go.kr', port=80): Read timed out. (read timeout=10). 2초 후 재시도합니다...
2026-05-13 16:50:28,998 [INFO] ApprovalRadar - ✅ 20260826058 -> 휴게음식점 업데이트 완료
2026-05-13 16:50:30,410 [WARNING] ApprovalRadar - [네트워크/응답 오류] Expecting value: line 1 column 1 (char 0). 4초 후 재시도합니다...
2026-05-13 16:50:32,943 [INFO] ApprovalRadar - ✅ 20260804103 -> 일반음식점 업데이트 완료
2026-05-13 16:50:34,418 [WARNING] ApprovalRadar - 연속적인 응답 오류 발생! 해당 키가 WAF에 의해 임시 차단된 것으로 의심되어 키를 회전합니다.
2026-05-13 16:50:34,420 [INFO] ApprovalRadar - [키 회전] API 한도 초과! 새로운 키로 교체: ba698***
2026-05-13 16:50:36,857 [INFO] ApprovalRadar - ✅ 20260818067 -> 휴게음식점 업데이트 완료
2026-05-13 16:50:40,746 [INFO] ApprovalRadar - ✅ 20260631138 -> 제과점영업 업데이트 완료
2026-05-13 16:50:43,952 [INFO] ApprovalRadar - [키 회전] API 한도 초과! 새로운 키로 교체: f1282***
2026-05-13 16:50:43,955 [WARNING] ApprovalRadar - 키 회전 후 3.0초 대기...
2026-05-13 16:50:47,870 [INFO] ApprovalRadar - ✅ 20260614337 -> 일반음식점 업데이트 완료
2026-05-13 16:50:48,411 [WARNING] ApprovalRadar - [네트워크/응답 오류] HTTPConnectionPool(host='openapi.foodsafetykorea.go.kr', port=80): Read timed out. (read timeout=10). 1초 후 재시도합니다...
2026-05-13 16:50:51,740 [INFO] ApprovalRadar - ✅ 20260935601 -> 일반음식점 업데이트 완료
2026-05-13 16:50:55,785 [INFO] ApprovalRadar - ✅ 20230855405 -> 일반음식점 업데이트 완료
2026-05-13 16:50:59,454 [WARNING] ApprovalRadar - [네트워크/응답 오류] HTTPConnectionPool(host='openapi.foodsafetykorea.go.kr', port=80): Read timed out. (read timeout=10). 2초 후 재시도합니다...
2026-05-13 16:50:59,656 [INFO] ApprovalRadar - ✅ 20250945081 -> 일반음식점 업데이트 완료
2026-05-13 16:51:01,555 [WARNING] ApprovalRadar - [네트워크/응답 오류] Expecting value: line 1 column 1 (char 0). 4초 후 재시도합니다...
2026-05-13 16:51:03,667 [INFO] ApprovalRadar - ✅ 20240897335 -> 일반음식점 업데이트 완료
2026-05-13 16:51:05,563 [WARNING] ApprovalRadar - 연속적인 응답 오류 발생! 해당 키가 WAF에 의해 임시 차단된 것으로 의심되어 키를 회전합니다.
2026-05-13 16:51:05,567 [INFO] ApprovalRadar - [키 회전] API 한도 초과! 새로운 키로 교체: 67f07***
2026-05-13 16:51:07,487 [INFO] ApprovalRadar - ✅ 20260754126 -> 일반음식점 업데이트 완료
2026-05-13 16:51:11,855 [INFO] ApprovalRadar - ✅ 20250738522 -> 일반음식점 업데이트 완료
2026-05-13 16:51:15,913 [INFO] ApprovalRadar - ✅ 20230679208 -> 일반음식점 업데이트 완료
2026-05-13 16:51:18,614 [WARNING] ApprovalRadar - [네트워크/응답 오류] HTTPConnectionPool(host='openapi.foodsafetykorea.go.kr', port=80): Read timed out. (read timeout=10). 8초 후 재시도합니다...
2026-05-13 16:51:19,852 [INFO] ApprovalRadar - ✅ 20260342554 -> 휴게음식점 업데이트 완료
2026-05-13 16:51:24,249 [INFO] ApprovalRadar - ✅ 20260200169 -> 일반음식점 업데이트 완료
2026-05-13 16:51:26,621 [WARNING] ApprovalRadar - 연속적인 응답 오류 발생! 해당 키가 WAF에 의해 임시 차단된 것으로 의심되어 키를 회전합니다.
2026-05-13 16:51:26,623 [INFO] ApprovalRadar - [키 회전] API 한도 초과! 새로운 키로 교체: e7b3f***
2026-05-13 16:51:28,154 [INFO] ApprovalRadar - ✅ 20260178506 -> 일반음식점 업데이트 완료
2026-05-13 16:51:32,106 [INFO] ApprovalRadar - ✅ 20260203263 -> 일반음식점 업데이트 완료
2026-05-13 16:51:35,992 [INFO] ApprovalRadar - ✅ 20260342563 -> 휴게음식점 업데이트 완료
2026-05-13 16:51:40,015 [INFO] ApprovalRadar - ✅ 20260307165 -> 일반음식점 업데이트 완료
2026-05-13 16:51:40,739 [WARNING] ApprovalRadar - [네트워크/응답 오류] HTTPConnectionPool(host='openapi.foodsafetykorea.go.kr', port=80): Read timed out. (read timeout=10). 1초 후 재시도합니다...
2026-05-13 16:51:41,812 [WARNING] ApprovalRadar - [네트워크/응답 오류] Expecting value: line 1 column 1 (char 0). 2초 후 재시도합니다...
2026-05-13 16:51:43,857 [WARNING] ApprovalRadar - [네트워크/응답 오류] Expecting value: line 1 column 1 (char 0). 4초 후 재시도합니다...
2026-05-13 16:51:43,973 [INFO] ApprovalRadar - ✅ 20260279450 -> 휴게음식점 업데이트 완료
2026-05-13 16:51:47,864 [WARNING] ApprovalRadar - 연속적인 응답 오류 발생! 해당 키가 WAF에 의해 임시 차단된 것으로 의심되어 키를 회전합니다.
2026-05-13 16:51:47,866 [ERROR] ApprovalRadar - 🚨 [긴급] 오늘자 식품나라 API 키가 모두 소진되었습니다. 크롤링이 중단됩니다.
2026-05-13 16:51:47,867 [ERROR] ApprovalRadar - ❌ I2500 크롤러 스케줄 작업 중 치명적인 오류 발생: All API keys are exhausted for today.
2026-05-13 16:51:47,903 [INFO] ApprovalRadar - ✅ 20260268498 -> 휴게음식점 업데이트 완료
2026-05-13 16:51:51,806 [INFO] ApprovalRadar - ✅ 20260299016 -> 일반음식점 업데이트 완료
2026-05-13 16:51:55,699 [INFO] ApprovalRadar - ✅ 20260273566 -> 일반음식점 업데이트 완료
2026-05-13 16:51:59,564 [INFO] ApprovalRadar - ✅ 20220305153 -> 일반음식점 업데이트 완료
2026-05-13 16:52:03,424 [INFO] ApprovalRadar - ✅ 20260845322 -> 휴게음식점 업데이트 완료
2026-05-13 16:52:07,297 [INFO] ApprovalRadar - ✅ 20260848230 -> 일반음식점 업데이트 완료
2026-05-13 16:52:11,218 [INFO] ApprovalRadar - ✅ 20260861401 -> 제과점영업 업데이트 완료
2026-05-13 16:52:15,186 [INFO] ApprovalRadar - ✅ 20260861432 -> 일반음식점 업데이트 완료
2026-05-13 16:52:19,066 [INFO] ApprovalRadar - ✅ 20260848247 -> 일반음식점 업데이트 완료
2026-05-13 16:52:23,030 [INFO] ApprovalRadar - ✅ 20260848316 -> 일반음식점 업데이트 완료
2026-05-13 16:52:26,964 [INFO] ApprovalRadar - ✅ 20190552295 -> 일반음식점 업데이트 완료
2026-05-13 16:52:30,866 [INFO] ApprovalRadar - ✅ 20220786416 -> 일반음식점 업데이트 완료
2026-05-13 16:52:34,795 [INFO] ApprovalRadar - ✅ 20260360082 -> 일반음식점 업데이트 완료
2026-05-13 16:52:38,691 [INFO] ApprovalRadar - ✅ 20260176079 -> 휴게음식점 업데이트 완료
2026-05-13 16:52:42,582 [INFO] ApprovalRadar - ✅ 20260369403 -> 일반음식점 업데이트 완료
2026-05-13 16:52:46,571 [INFO] ApprovalRadar - ✅ 20260834074 -> 일반음식점 업데이트 완료
2026-05-13 16:52:50,542 [INFO] ApprovalRadar - ✅ 20260828034 -> 휴게음식점 업데이트 완료
2026-05-13 16:52:54,459 [INFO] ApprovalRadar - ✅ 20260824111 -> 일반음식점 업데이트 완료
2026-05-13 16:52:58,451 [INFO] ApprovalRadar - ✅ 20260787266 -> 일반음식점 업데이트 완료
2026-05-13 16:53:02,359 [INFO] ApprovalRadar - ✅ 20260750288 -> 휴게음식점 업데이트 완료
2026-05-13 16:53:06,566 [INFO] ApprovalRadar - ✅ 20260746324 -> 제과점영업 업데이트 완료
2026-05-13 16:53:10,534 [INFO] ApprovalRadar - ✅ 20260746320 -> 일반음식점 업데이트 완료
2026-05-13 16:53:14,454 [INFO] ApprovalRadar - ✅ 20260342705 -> 휴게음식점 업데이트 완료
2026-05-13 16:53:18,354 [INFO] ApprovalRadar - ✅ 20240303432 -> 일반음식점 업데이트 완료
2026-05-13 16:53:22,310 [INFO] ApprovalRadar - ✅ 20260337280 -> 일반음식점 업데이트 완료
2026-05-13 16:53:26,215 [INFO] ApprovalRadar - ✅ 20260054430 -> 일반음식점 업데이트 완료
2026-05-13 16:53:30,112 [INFO] ApprovalRadar - ✅ 20260127233 -> 휴게음식점 업데이트 완료
2026-05-13 16:53:34,092 [INFO] ApprovalRadar - ✅ 20240131362 -> 일반음식점 업데이트 완료
2026-05-13 16:53:38,027 [INFO] ApprovalRadar - ✅ 20260050427 -> 일반음식점 업데이트 완료
2026-05-13 16:53:41,934 [INFO] ApprovalRadar - ✅ 20260054431 -> 일반음식점 업데이트 완료
2026-05-13 16:53:45,858 [INFO] ApprovalRadar - ✅ 20260097706 -> 휴게음식점 업데이트 완료
2026-05-13 16:53:49,855 [INFO] ApprovalRadar - ✅ 19940091419 -> 일반음식점 업데이트 완료
2026-05-13 16:53:53,720 [INFO] ApprovalRadar - ✅ 20260145475 -> 일반음식점 업데이트 완료
2026-05-13 16:53:57,747 [INFO] ApprovalRadar - ✅ 20260067336 -> 일반음식점 업데이트 완료
2026-05-13 16:54:01,646 [INFO] ApprovalRadar - ✅ 20260076274 -> 일반음식점 업데이트 완료
2026-05-13 16:54:05,614 [INFO] ApprovalRadar - ✅ 20240148660 -> 일반음식점 업데이트 완료
2026-05-13 16:54:09,537 [INFO] ApprovalRadar - ✅ 20260108680 -> 휴게음식점 업데이트 완료
2026-05-13 16:54:13,613 [INFO] ApprovalRadar - ✅ 20260145476 -> 일반음식점 업데이트 완료
2026-05-13 16:54:17,543 [INFO] ApprovalRadar - ✅ 20260067337 -> 일반음식점 업데이트 완료
2026-05-13 16:54:21,495 [INFO] ApprovalRadar - ✅ 20240148434 -> 일반음식점 업데이트 완료
2026-05-13 16:54:25,492 [INFO] ApprovalRadar - ✅ 20260040288 -> 일반음식점 업데이트 완료
2026-05-13 16:54:29,381 [INFO] ApprovalRadar - ✅ 20260067338 -> 휴게음식점 업데이트 완료
2026-05-13 16:54:33,375 [INFO] ApprovalRadar - ✅ 20260067339 -> 휴게음식점 업데이트 완료
2026-05-13 16:54:37,266 [INFO] ApprovalRadar - ✅ 19970401034 -> 일반음식점 업데이트 완료
2026-05-13 16:54:38,101 [INFO] ApprovalRadar - Shutting down APScheduler...
2026-05-13 16:54:40,945 [INFO] ApprovalRadar - Initializing Database...
2026-05-13 16:54:40,947 [INFO] ApprovalRadar - Starting Industry Type Backfill Job...
2026-05-13 16:54:40,947 [INFO] ApprovalRadar - Configuring APScheduler jobs...
2026-05-13 16:54:40,953 [INFO] ApprovalRadar - 총 2553건의 세부업종 누락 데이터를 발견했습니다. 백필을 시작합니다.
2026-05-13 16:54:40,955 [INFO] ApprovalRadar - Adding initial catch-up scraper job to background...
2026-05-13 16:54:40,961 [INFO] ApprovalRadar - Starting DiffCrawler Delta Sync Job for I2859...
2026-05-13 16:54:40,961 [INFO] ApprovalRadar - APScheduler started successfully.
2026-05-13 16:54:41,057 [INFO] ApprovalRadar - [키 회전] API 한도 초과! 새로운 키로 교체: f1282***
2026-05-13 16:54:41,059 [WARNING] ApprovalRadar - 키 회전 후 3.0초 대기...
2026-05-13 16:54:41,073 [INFO] ApprovalRadar - [키 회전] API 한도 초과! 새로운 키로 교체: f1282***
2026-05-13 16:54:41,074 [WARNING] ApprovalRadar - 키 회전 후 3.0초 대기...
2026-05-13 16:54:44,204 [WARNING] ApprovalRadar - [네트워크/응답 오류] Expecting value: line 1 column 1 (char 0). 1초 후 재시도합니다...
2026-05-13 16:54:46,174 [INFO] ApprovalRadar - ✨ [소요시간: 5.21초] 새로운 데이터가 감지되지 않았습니다. (현재 전체 데이터: 22416건)
2026-05-13 16:54:46,178 [INFO] ApprovalRadar - Starting DiffCrawler Delta Sync Job for I2500...
2026-05-13 16:54:46,183 [INFO] ApprovalRadar - 최초 실행: 베이스라인 부트스트랩을 시작합니다...
2026-05-13 16:54:46,184 [INFO] ApprovalRadar - [Bootstrapper] True Tail(실제 마지막 데이터) 찾는 중...
2026-05-13 16:54:46,221 [INFO] ApprovalRadar - [키 회전] API 한도 초과! 새로운 키로 교체: f1282***
2026-05-13 16:54:46,223 [WARNING] ApprovalRadar - 키 회전 후 3.0초 대기...
2026-05-13 16:54:53,070 [WARNING] ApprovalRadar - [네트워크/응답 오류] Expecting value: line 1 column 1 (char 0). 1초 후 재시도합니다...
2026-05-13 16:54:55,764 [WARNING] ApprovalRadar - [네트워크/응답 오류] Expecting value: line 1 column 1 (char 0). 1초 후 재시도합니다...
2026-05-13 16:55:00,780 [WARNING] ApprovalRadar - [네트워크/응답 오류] Expecting value: line 1 column 1 (char 0). 1초 후 재시도합니다...
2026-05-13 16:55:13,468 [WARNING] ApprovalRadar - [네트워크/응답 오류] Expecting value: line 1 column 1 (char 0). 1초 후 재시도합니다...
2026-05-13 16:55:14,539 [WARNING] ApprovalRadar - [네트워크/응답 오류] HTTPConnectionPool(host='openapi.foodsafetykorea.go.kr', port=80): Read timed out. (read timeout=10). 1초 후 재시도합니다...
2026-05-13 16:55:22,366 [WARNING] ApprovalRadar - [네트워크/응답 오류] Expecting value: line 1 column 1 (char 0). 1초 후 재시도합니다...
2026-05-13 16:55:25,582 [WARNING] ApprovalRadar - [네트워크/응답 오류] HTTPConnectionPool(host='openapi.foodsafetykorea.go.kr', port=80): Read timed out. (read timeout=10). 2초 후 재시도합니다...
2026-05-13 16:55:27,293 [WARNING] ApprovalRadar - [네트워크/응답 오류] Expecting value: line 1 column 1 (char 0). 1초 후 재시도합니다...
2026-05-13 16:55:37,628 [WARNING] ApprovalRadar - [네트워크/응답 오류] HTTPConnectionPool(host='openapi.foodsafetykorea.go.kr', port=80): Read timed out. (read timeout=10). 4초 후 재시도합니다...
2026-05-13 16:55:41,633 [WARNING] ApprovalRadar - 연속적인 응답 오류 발생! 해당 키가 WAF에 의해 임시 차단된 것으로 의심되어 키를 회전합니다.
2026-05-13 16:55:41,637 [INFO] ApprovalRadar - [키 회전] API 한도 초과! 새로운 키로 교체: ba698***
2026-05-13 16:55:54,662 [WARNING] ApprovalRadar - [네트워크/응답 오류] HTTPConnectionPool(host='openapi.foodsafetykorea.go.kr', port=80): Read timed out. (read timeout=10). 8초 후 재시도합니다...
2026-05-13 16:56:02,670 [WARNING] ApprovalRadar - 연속적인 응답 오류 발생! 해당 키가 WAF에 의해 임시 차단된 것으로 의심되어 키를 회전합니다.
2026-05-13 16:56:02,674 [INFO] ApprovalRadar - [키 회전] API 한도 초과! 새로운 키로 교체: 67f07***
2026-05-13 16:56:16,694 [WARNING] ApprovalRadar - [네트워크/응답 오류] HTTPConnectionPool(host='openapi.foodsafetykorea.go.kr', port=80): Read timed out. (read timeout=10). 1초 후 재시도합니다...
2026-05-13 16:56:17,848 [WARNING] ApprovalRadar - [네트워크/응답 오류] Expecting value: line 1 column 1 (char 0). 2초 후 재시도합니다...
2026-05-13 16:56:19,985 [WARNING] ApprovalRadar - [네트워크/응답 오류] Expecting value: line 1 column 1 (char 0). 4초 후 재시도합니다...
2026-05-13 16:56:23,989 [WARNING] ApprovalRadar - 연속적인 응답 오류 발생! 해당 키가 WAF에 의해 임시 차단된 것으로 의심되어 키를 회전합니다.
2026-05-13 16:56:23,993 [INFO] ApprovalRadar - [키 회전] API 한도 초과! 새로운 키로 교체: e7b3f***
2026-05-13 16:56:37,038 [WARNING] ApprovalRadar - [네트워크/응답 오류] HTTPConnectionPool(host='openapi.foodsafetykorea.go.kr', port=80): Read timed out. (read timeout=10). 8초 후 재시도합니다...
2026-05-13 16:56:45,044 [WARNING] ApprovalRadar - 연속적인 응답 오류 발생! 해당 키가 WAF에 의해 임시 차단된 것으로 의심되어 키를 회전합니다.
2026-05-13 16:56:45,047 [ERROR] ApprovalRadar - 🚨 [긴급] 오늘자 식품나라 API 키가 모두 소진되었습니다. 크롤링이 중단됩니다.
2026-05-13 16:56:45,050 [ERROR] ApprovalRadar - ❌ I2500 크롤러 스케줄 작업 중 치명적인 오류 발생: All API keys are exhausted for today.
2026-05-13 16:58:44,452 [INFO] ApprovalRadar - Shutting down APScheduler...
2026-05-13 16:58:46,809 [INFO] ApprovalRadar - Initializing Database...
2026-05-13 16:58:46,811 [INFO] ApprovalRadar - Starting Industry Type Backfill Job...
2026-05-13 16:58:46,811 [INFO] ApprovalRadar - Configuring APScheduler jobs...
2026-05-13 16:58:46,819 [INFO] ApprovalRadar - 총 2553건의 세부업종 누락 데이터를 발견했습니다. 백필을 시작합니다.
2026-05-13 16:58:46,819 [INFO] ApprovalRadar - Adding initial catch-up scraper job to background...
2026-05-13 16:58:46,825 [INFO] ApprovalRadar - Starting DiffCrawler Delta Sync Job for I2859...
2026-05-13 16:58:46,825 [INFO] ApprovalRadar - APScheduler started successfully.
2026-05-13 16:58:46,867 [INFO] ApprovalRadar - [키 회전] API 한도 초과! 새로운 키로 교체: f1282***
2026-05-13 16:58:46,869 [WARNING] ApprovalRadar - 키 회전 후 3.0초 대기...
2026-05-13 16:58:46,886 [INFO] ApprovalRadar - [키 회전] API 한도 초과! 새로운 키로 교체: f1282***
2026-05-13 16:58:46,887 [WARNING] ApprovalRadar - 키 회전 후 3.0초 대기...
2026-05-13 16:58:50,783 [INFO] ApprovalRadar - ✨ [소요시간: 3.96초] 새로운 데이터가 감지되지 않았습니다. (현재 전체 데이터: 22416건)
2026-05-13 16:58:50,786 [INFO] ApprovalRadar - Starting DiffCrawler Delta Sync Job for I2500...
2026-05-13 16:58:50,790 [INFO] ApprovalRadar - 최초 실행: 베이스라인 부트스트랩을 시작합니다...
2026-05-13 16:58:50,791 [INFO] ApprovalRadar - [Bootstrapper] True Tail(실제 마지막 데이터) 찾는 중...
2026-05-13 16:58:50,939 [INFO] ApprovalRadar - [키 회전] API 한도 초과! 새로운 키로 교체: f1282***
2026-05-13 16:58:50,941 [WARNING] ApprovalRadar - 키 회전 후 3.0초 대기...
2026-05-13 16:58:55,946 [WARNING] ApprovalRadar - [네트워크/응답 오류] Expecting value: line 1 column 1 (char 0). 1초 후 재시도합니다...
2026-05-13 16:59:01,825 [WARNING] ApprovalRadar - [네트워크/응답 오류] Expecting value: line 1 column 1 (char 0). 1초 후 재시도합니다...
2026-05-13 16:59:02,980 [WARNING] ApprovalRadar - [네트워크/응답 오류] Expecting value: line 1 column 1 (char 0). 2초 후 재시도합니다...
2026-05-13 16:59:05,142 [WARNING] ApprovalRadar - [네트워크/응답 오류] Expecting value: line 1 column 1 (char 0). 4초 후 재시도합니다...
2026-05-13 16:59:09,150 [WARNING] ApprovalRadar - 연속적인 응답 오류 발생! 해당 키가 WAF에 의해 임시 차단된 것으로 의심되어 키를 회전합니다.
2026-05-13 16:59:09,153 [INFO] ApprovalRadar - [키 회전] API 한도 초과! 새로운 키로 교체: ba698***
2026-05-13 16:59:09,283 [WARNING] ApprovalRadar - [네트워크/응답 오류] Expecting value: line 1 column 1 (char 0). 1초 후 재시도합니다...
2026-05-13 16:59:23,021 [WARNING] ApprovalRadar - [네트워크/응답 오류] HTTPConnectionPool(host='openapi.foodsafetykorea.go.kr', port=80): Read timed out. (read timeout=10). 1초 후 재시도합니다...
2026-05-13 16:59:34,077 [WARNING] ApprovalRadar - [네트워크/응답 오류] HTTPConnectionPool(host='openapi.foodsafetykorea.go.kr', port=80): Read timed out. (read timeout=10). 2초 후 재시도합니다...
2026-05-13 16:59:47,055 [WARNING] ApprovalRadar - [네트워크/응답 오류] HTTPConnectionPool(host='openapi.foodsafetykorea.go.kr', port=80): Read timed out. (read timeout=10). 1초 후 재시도합니다...
2026-05-13 16:59:58,103 [WARNING] ApprovalRadar - [네트워크/응답 오류] HTTPConnectionPool(host='openapi.foodsafetykorea.go.kr', port=80): Read timed out. (read timeout=10). 2초 후 재시도합니다...
2026-05-13 17:00:10,153 [WARNING] ApprovalRadar - [네트워크/응답 오류] HTTPConnectionPool(host='openapi.foodsafetykorea.go.kr', port=80): Read timed out. (read timeout=10). 4초 후 재시도합니다...
2026-05-13 17:00:14,162 [WARNING] ApprovalRadar - 연속적인 응답 오류 발생! 해당 키가 WAF에 의해 임시 차단된 것으로 의심되어 키를 회전합니다.
2026-05-13 17:00:14,166 [INFO] ApprovalRadar - [키 회전] API 한도 초과! 새로운 키로 교체: ba698***
2026-05-13 17:00:18,127 [INFO] ApprovalRadar - [Bootstrapper] 전체 데이터 건수 확인 완료: 1000000건
2026-05-13 17:00:18,130 [INFO] ApprovalRadar - [Bootstrapper] 피벗 캐싱 시작 (간격: 5000)...
2026-05-13 17:00:18,192 [WARNING] ApprovalRadar - [네트워크/응답 오류] Expecting value: line 1 column 1 (char 0). 1초 후 재시도합니다...
2026-05-13 17:00:18,725 [WARNING] ApprovalRadar - [네트워크/응답 오류] Expecting value: line 1 column 1 (char 0). 1초 후 재시도합니다...
2026-05-13 17:00:20,146 [WARNING] ApprovalRadar - [네트워크/응답 오류] Expecting value: line 1 column 1 (char 0). 1초 후 재시도합니다...
2026-05-13 17:00:22,755 [WARNING] ApprovalRadar - [네트워크/응답 오류] Expecting value: line 1 column 1 (char 0). 1초 후 재시도합니다...
2026-05-13 17:00:23,764 [WARNING] ApprovalRadar - [네트워크/응답 오류] Expecting value: line 1 column 1 (char 0). 1초 후 재시도합니다...
2026-05-13 17:00:24,830 [WARNING] ApprovalRadar - [네트워크/응답 오류] Expecting value: line 1 column 1 (char 0). 2초 후 재시도합니다...
2026-05-13 17:00:27,630 [WARNING] ApprovalRadar - [네트워크/응답 오류] Expecting value: line 1 column 1 (char 0). 1초 후 재시도합니다...
2026-05-13 17:00:28,690 [WARNING] ApprovalRadar - [네트워크/응답 오류] Expecting value: line 1 column 1 (char 0). 2초 후 재시도합니다...
2026-05-13 17:00:30,754 [WARNING] ApprovalRadar - [네트워크/응답 오류] Expecting value: line 1 column 1 (char 0). 4초 후 재시도합니다...
2026-05-13 17:00:33,821 [WARNING] ApprovalRadar - [네트워크/응답 오류] Expecting value: line 1 column 1 (char 0). 1초 후 재시도합니다...
2026-05-13 17:00:34,762 [WARNING] ApprovalRadar - 연속적인 응답 오류 발생! 해당 키가 WAF에 의해 임시 차단된 것으로 의심되어 키를 회전합니다.
2026-05-13 17:00:34,766 [INFO] ApprovalRadar - [키 회전] API 한도 초과! 새로운 키로 교체: 67f07***
2026-05-13 17:00:34,933 [WARNING] ApprovalRadar - [네트워크/응답 오류] Expecting value: line 1 column 1 (char 0). 1초 후 재시도합니다...
2026-05-13 17:00:35,977 [WARNING] ApprovalRadar - [네트워크/응답 오류] Expecting value: line 1 column 1 (char 0). 2초 후 재시도합니다...
2026-05-13 17:00:38,040 [WARNING] ApprovalRadar - [네트워크/응답 오류] Expecting value: line 1 column 1 (char 0). 4초 후 재시도합니다...
2026-05-13 17:00:42,046 [WARNING] ApprovalRadar - 연속적인 응답 오류 발생! 해당 키가 WAF에 의해 임시 차단된 것으로 의심되어 키를 회전합니다.
2026-05-13 17:00:42,049 [INFO] ApprovalRadar - [키 회전] API 한도 초과! 새로운 키로 교체: 67f07***
2026-05-13 17:00:46,314 [WARNING] ApprovalRadar - [네트워크/응답 오류] Expecting value: line 1 column 1 (char 0). 1초 후 재시도합니다...
2026-05-13 17:00:50,228 [WARNING] ApprovalRadar - [네트워크/응답 오류] Expecting value: line 1 column 1 (char 0). 1초 후 재시도합니다...
2026-05-13 17:00:51,283 [WARNING] ApprovalRadar - [네트워크/응답 오류] Expecting value: line 1 column 1 (char 0). 2초 후 재시도합니다...
2026-05-13 17:00:53,344 [WARNING] ApprovalRadar - [네트워크/응답 오류] Expecting value: line 1 column 1 (char 0). 4초 후 재시도합니다...
2026-05-13 17:00:57,348 [WARNING] ApprovalRadar - 연속적인 응답 오류 발생! 해당 키가 WAF에 의해 임시 차단된 것으로 의심되어 키를 회전합니다.
2026-05-13 17:00:57,349 [INFO] ApprovalRadar - [키 회전] API 한도 초과! 새로운 키로 교체: e7b3f***
2026-05-13 17:01:00,441 [WARNING] ApprovalRadar - [네트워크/응답 오류] Expecting value: line 1 column 1 (char 0). 8초 후 재시도합니다...
2026-05-13 17:01:08,451 [WARNING] ApprovalRadar - 연속적인 응답 오류 발생! 해당 키가 WAF에 의해 임시 차단된 것으로 의심되어 키를 회전합니다.
2026-05-13 17:01:08,452 [ERROR] ApprovalRadar - 🚨 [긴급] 오늘자 식품나라 API 키가 모두 소진되었습니다. 크롤링이 중단됩니다.
2026-05-13 17:01:08,528 [WARNING] ApprovalRadar - [네트워크/응답 오류] Expecting value: line 1 column 1 (char 0). 1초 후 재시도합니다...
2026-05-13 17:01:14,727 [WARNING] ApprovalRadar - [네트워크/응답 오류] Expecting value: line 1 column 1 (char 0). 1초 후 재시도합니다...
2026-05-13 17:01:15,795 [WARNING] ApprovalRadar - [네트워크/응답 오류] Expecting value: line 1 column 1 (char 0). 2초 후 재시도합니다...
2026-05-13 17:01:19,338 [WARNING] ApprovalRadar - [네트워크/응답 오류] Expecting value: line 1 column 1 (char 0). 1초 후 재시도합니다...
2026-05-13 17:01:24,389 [WARNING] ApprovalRadar - [네트워크/응답 오류] Expecting value: line 1 column 1 (char 0). 1초 후 재시도합니다...
2026-05-13 17:01:28,897 [WARNING] ApprovalRadar - [네트워크/응답 오류] HTTPConnectionPool(host='openapi.foodsafetykorea.go.kr', port=80): Read timed out. (read timeout=10). 1초 후 재시도합니다...
2026-05-13 17:01:29,963 [WARNING] ApprovalRadar - [네트워크/응답 오류] Expecting value: line 1 column 1 (char 0). 2초 후 재시도합니다...
2026-05-13 17:01:44,512 [WARNING] ApprovalRadar - [네트워크/응답 오류] Expecting value: line 1 column 1 (char 0). 1초 후 재시도합니다...
2026-05-13 17:01:45,555 [WARNING] ApprovalRadar - [네트워크/응답 오류] Expecting value: line 1 column 1 (char 0). 2초 후 재시도합니다...
2026-05-13 17:01:48,722 [WARNING] ApprovalRadar - [네트워크/응답 오류] Expecting value: line 1 column 1 (char 0). 1초 후 재시도합니다...
2026-05-13 17:01:49,782 [WARNING] ApprovalRadar - [네트워크/응답 오류] Expecting value: line 1 column 1 (char 0). 2초 후 재시도합니다...
2026-05-13 17:01:50,599 [INFO] ApprovalRadar - Shutting down APScheduler...
2026-05-13 17:02:01,809 [WARNING] ApprovalRadar - [네트워크/응답 오류] HTTPConnectionPool(host='openapi.foodsafetykorea.go.kr', port=80): Read timed out. (read timeout=10). 4초 후 재시도합니다...
2026-05-13 17:02:05,816 [WARNING] ApprovalRadar - 연속적인 응답 오류 발생! 해당 키가 WAF에 의해 임시 차단된 것으로 의심되어 키를 회전합니다.
2026-05-13 17:02:05,820 [ERROR] ApprovalRadar - 🚨 [긴급] 오늘자 식품나라 API 키가 모두 소진되었습니다. 크롤링이 중단됩니다.
2026-05-13 17:02:05,940 [WARNING] ApprovalRadar - [네트워크/응답 오류] Expecting value: line 1 column 1 (char 0). 1초 후 재시도합니다...
2026-05-13 17:02:07,003 [WARNING] ApprovalRadar - [네트워크/응답 오류] Expecting value: line 1 column 1 (char 0). 2초 후 재시도합니다...
2026-05-13 17:03:10,896 [INFO] ApprovalRadar - Initializing Database...
2026-05-13 17:03:10,899 [INFO] ApprovalRadar - Starting Industry Type Backfill Job...
2026-05-13 17:03:10,899 [INFO] ApprovalRadar - Configuring APScheduler jobs...
2026-05-13 17:03:10,902 [INFO] ApprovalRadar - Adding initial catch-up scraper job to background...
2026-05-13 17:03:10,905 [INFO] ApprovalRadar - Starting DiffCrawler Delta Sync Job for I2859...
2026-05-13 17:03:10,905 [INFO] ApprovalRadar - APScheduler started successfully.
2026-05-13 17:03:10,913 [INFO] ApprovalRadar - 총 2553건의 세부업종 누락 데이터를 발견했습니다. 백필을 시작합니다.
2026-05-13 17:03:10,995 [INFO] ApprovalRadar - [키 회전] API 한도 초과! 새로운 키로 교체: f1282***
2026-05-13 17:03:10,997 [WARNING] ApprovalRadar - 키 회전 후 3.0초 대기...
2026-05-13 17:03:11,050 [INFO] ApprovalRadar - [키 회전] API 한도 초과! 새로운 키로 교체: f1282***
2026-05-13 17:03:11,052 [WARNING] ApprovalRadar - 키 회전 후 3.0초 대기...
2026-05-13 17:03:14,128 [WARNING] ApprovalRadar - [네트워크/응답 오류] Expecting value: line 1 column 1 (char 0). 1초 후 재시도합니다...
2026-05-13 17:03:16,028 [INFO] ApprovalRadar - ✨ [소요시간: 5.12초] 새로운 데이터가 감지되지 않았습니다. (현재 전체 데이터: 22416건)
2026-05-13 17:03:16,031 [INFO] ApprovalRadar - Starting DiffCrawler Delta Sync Job for I2500...
2026-05-13 17:03:16,036 [INFO] ApprovalRadar - 최초 실행: 베이스라인 부트스트랩을 시작합니다...
2026-05-13 17:03:16,038 [INFO] ApprovalRadar - [Bootstrapper] True Tail(실제 마지막 데이터) 찾는 중...
2026-05-13 17:03:16,174 [INFO] ApprovalRadar - [키 회전] API 한도 초과! 새로운 키로 교체: f1282***
2026-05-13 17:03:16,177 [WARNING] ApprovalRadar - 키 회전 후 3.0초 대기...
2026-05-13 17:03:22,004 [WARNING] ApprovalRadar - [네트워크/응답 오류] Expecting value: line 1 column 1 (char 0). 1초 후 재시도합니다...
2026-05-13 17:03:30,174 [WARNING] ApprovalRadar - [네트워크/응답 오류] Expecting value: line 1 column 1 (char 0). 1초 후 재시도합니다...
2026-05-13 17:03:31,234 [WARNING] ApprovalRadar - [네트워크/응답 오류] Expecting value: line 1 column 1 (char 0). 2초 후 재시도합니다...
2026-05-13 17:03:34,004 [WARNING] ApprovalRadar - [네트워크/응답 오류] Expecting value: line 1 column 1 (char 0). 1초 후 재시도합니다...
2026-05-13 17:03:35,082 [WARNING] ApprovalRadar - [네트워크/응답 오류] Expecting value: line 1 column 1 (char 0). 2초 후 재시도합니다...
2026-05-13 17:03:35,091 [WARNING] ApprovalRadar - [네트워크/응답 오류] Expecting value: line 1 column 1 (char 0). 1초 후 재시도합니다...
2026-05-13 17:03:37,185 [WARNING] ApprovalRadar - [네트워크/응답 오류] Expecting value: line 1 column 1 (char 0). 1초 후 재시도합니다...
2026-05-13 17:03:41,084 [WARNING] ApprovalRadar - [네트워크/응답 오류] Expecting value: line 1 column 1 (char 0). 1초 후 재시도합니다...
2026-05-13 17:03:42,633 [WARNING] ApprovalRadar - [네트워크/응답 오류] Expecting value: line 1 column 1 (char 0). 1초 후 재시도합니다...
2026-05-13 17:03:44,577 [INFO] ApprovalRadar - [Bootstrapper] 전체 데이터 건수 확인 완료: 1000000건
2026-05-13 17:03:44,581 [INFO] ApprovalRadar - [Bootstrapper] 피벗 캐싱 시작 (간격: 5000)...
2026-05-13 17:03:45,655 [WARNING] ApprovalRadar - [네트워크/응답 오류] Expecting value: line 1 column 1 (char 0). 1초 후 재시도합니다...
2026-05-13 17:03:46,055 [WARNING] ApprovalRadar - [네트워크/응답 오류] Expecting value: line 1 column 1 (char 0). 1초 후 재시도합니다...
2026-05-13 17:03:46,726 [WARNING] ApprovalRadar - [네트워크/응답 오류] Expecting value: line 1 column 1 (char 0). 1초 후 재시도합니다...
2026-05-13 17:03:47,700 [WARNING] ApprovalRadar - [네트워크/응답 오류] Expecting value: line 1 column 1 (char 0). 1초 후 재시도합니다...
2026-05-13 17:03:47,795 [WARNING] ApprovalRadar - [네트워크/응답 오류] Expecting value: line 1 column 1 (char 0). 2초 후 재시도합니다...
2026-05-13 17:03:49,866 [WARNING] ApprovalRadar - [네트워크/응답 오류] Expecting value: line 1 column 1 (char 0). 4초 후 재시도합니다...
2026-05-13 17:03:51,369 [WARNING] ApprovalRadar - [네트워크/응답 오류] Expecting value: line 1 column 1 (char 0). 1초 후 재시도합니다...
2026-05-13 17:03:53,873 [WARNING] ApprovalRadar - 연속적인 응답 오류 발생! 해당 키가 WAF에 의해 임시 차단된 것으로 의심되어 키를 회전합니다.
2026-05-13 17:03:53,877 [INFO] ApprovalRadar - [키 회전] API 한도 초과! 새로운 키로 교체: ba698***
2026-05-13 17:03:56,946 [WARNING] ApprovalRadar - [네트워크/응답 오류] Expecting value: line 1 column 1 (char 0). 8초 후 재시도합니다...
2026-05-13 17:03:57,230 [WARNING] ApprovalRadar - [네트워크/응답 오류] Expecting value: line 1 column 1 (char 0). 1초 후 재시도합니다...
2026-05-13 17:04:01,030 [WARNING] ApprovalRadar - [네트워크/응답 오류] Expecting value: line 1 column 1 (char 0). 1초 후 재시도합니다...
2026-05-13 17:04:04,950 [WARNING] ApprovalRadar - 연속적인 응답 오류 발생! 해당 키가 WAF에 의해 임시 차단된 것으로 의심되어 키를 회전합니다.
2026-05-13 17:04:04,954 [INFO] ApprovalRadar - [키 회전] API 한도 초과! 새로운 키로 교체: 67f07***
2026-05-13 17:04:08,694 [WARNING] ApprovalRadar - [네트워크/응답 오류] Expecting value: line 1 column 1 (char 0). 1초 후 재시도합니다...
2026-05-13 17:04:09,772 [WARNING] ApprovalRadar - [네트워크/응답 오류] Expecting value: line 1 column 1 (char 0). 2초 후 재시도합니다...
2026-05-13 17:04:12,831 [WARNING] ApprovalRadar - [네트워크/응답 오류] Expecting value: line 1 column 1 (char 0). 1초 후 재시도합니다...
2026-05-13 17:04:13,901 [WARNING] ApprovalRadar - [네트워크/응답 오류] Expecting value: line 1 column 1 (char 0). 2초 후 재시도합니다...
2026-05-13 17:04:16,557 [WARNING] ApprovalRadar - [네트워크/응답 오류] Expecting value: line 1 column 1 (char 0). 1초 후 재시도합니다...
2026-05-13 17:04:17,695 [WARNING] ApprovalRadar - [네트워크/응답 오류] Expecting value: line 1 column 1 (char 0). 1초 후 재시도합니다...
2026-05-13 17:04:28,163 [WARNING] ApprovalRadar - [네트워크/응답 오류] Expecting value: line 1 column 1 (char 0). 1초 후 재시도합니다...
2026-05-13 17:04:29,221 [WARNING] ApprovalRadar - [네트워크/응답 오류] Expecting value: line 1 column 1 (char 0). 2초 후 재시도합니다...
2026-05-13 17:04:31,288 [WARNING] ApprovalRadar - [네트워크/응답 오류] Expecting value: line 1 column 1 (char 0). 4초 후 재시도합니다...
2026-05-13 17:04:35,294 [WARNING] ApprovalRadar - 연속적인 응답 오류 발생! 해당 키가 WAF에 의해 임시 차단된 것으로 의심되어 키를 회전합니다.
2026-05-13 17:04:35,298 [INFO] ApprovalRadar - [키 회전] API 한도 초과! 새로운 키로 교체: e7b3f***
2026-05-13 17:04:46,437 [WARNING] ApprovalRadar - [네트워크/응답 오류] HTTPConnectionPool(host='openapi.foodsafetykorea.go.kr', port=80): Read timed out. (read timeout=10). 1초 후 재시도합니다...
2026-05-13 17:04:47,479 [WARNING] ApprovalRadar - [네트워크/응답 오류] Expecting value: line 1 column 1 (char 0). 2초 후 재시도합니다...
2026-05-13 17:04:49,275 [WARNING] ApprovalRadar - [네트워크/응답 오류] HTTPConnectionPool(host='openapi.foodsafetykorea.go.kr', port=80): Read timed out. (read timeout=10). 1초 후 재시도합니다...
2026-05-13 17:05:00,544 [WARNING] ApprovalRadar - [네트워크/응답 오류] HTTPConnectionPool(host='openapi.foodsafetykorea.go.kr', port=80): Read timed out. (read timeout=10). 1초 후 재시도합니다...
2026-05-13 17:05:01,140 [WARNING] ApprovalRadar - [네트워크/응답 오류] HTTPConnectionPool(host='openapi.foodsafetykorea.go.kr', port=80): Read timed out. (read timeout=10). 1초 후 재시도합니다...
2026-05-13 17:05:01,603 [WARNING] ApprovalRadar - [네트워크/응답 오류] Expecting value: line 1 column 1 (char 0). 2초 후 재시도합니다...
2026-05-13 17:05:03,677 [WARNING] ApprovalRadar - [네트워크/응답 오류] Expecting value: line 1 column 1 (char 0). 4초 후 재시도합니다...
2026-05-13 17:05:07,682 [WARNING] ApprovalRadar - 연속적인 응답 오류 발생! 해당 키가 WAF에 의해 임시 차단된 것으로 의심되어 키를 회전합니다.
2026-05-13 17:05:07,686 [ERROR] ApprovalRadar - 🚨 [긴급] 오늘자 식품나라 API 키가 모두 소진되었습니다. 크롤링이 중단됩니다.
2026-05-13 17:05:13,127 [WARNING] ApprovalRadar - [네트워크/응답 오류] HTTPConnectionPool(host='openapi.foodsafetykorea.go.kr', port=80): Read timed out. (read timeout=10). 1초 후 재시도합니다...
2026-05-13 17:05:17,731 [WARNING] ApprovalRadar - [네트워크/응답 오류] HTTPConnectionPool(host='openapi.foodsafetykorea.go.kr', port=80): Read timed out. (read timeout=10). 1초 후 재시도합니다...
2026-05-13 17:05:26,988 [WARNING] ApprovalRadar - [네트워크/응답 오류] Expecting value: line 1 column 1 (char 0). 1초 후 재시도합니다...
2026-05-13 17:05:34,755 [WARNING] ApprovalRadar - [네트워크/응답 오류] HTTPConnectionPool(host='openapi.foodsafetykorea.go.kr', port=80): Read timed out. (read timeout=10). 1초 후 재시도합니다...
2026-05-13 17:05:38,042 [WARNING] ApprovalRadar - [네트워크/응답 오류] HTTPConnectionPool(host='openapi.foodsafetykorea.go.kr', port=80): Read timed out. (read timeout=10). 2초 후 재시도합니다...
2026-05-13 17:05:43,328 [WARNING] ApprovalRadar - [네트워크/응답 오류] Expecting value: line 1 column 1 (char 0). 1초 후 재시도합니다...
2026-05-13 17:05:44,391 [WARNING] ApprovalRadar - [네트워크/응답 오류] Expecting value: line 1 column 1 (char 0). 2초 후 재시도합니다...
2026-05-13 17:05:51,034 [WARNING] ApprovalRadar - [네트워크/응답 오류] HTTPConnectionPool(host='openapi.foodsafetykorea.go.kr', port=80): Read timed out. (read timeout=10). 1초 후 재시도합니다...
2026-05-13 17:05:52,106 [WARNING] ApprovalRadar - [네트워크/응답 오류] Expecting value: line 1 column 1 (char 0). 2초 후 재시도합니다...
2026-05-13 17:05:56,415 [WARNING] ApprovalRadar - [네트워크/응답 오류] HTTPConnectionPool(host='openapi.foodsafetykorea.go.kr', port=80): Read timed out. (read timeout=10). 4초 후 재시도합니다...
2026-05-13 17:06:00,424 [WARNING] ApprovalRadar - 연속적인 응답 오류 발생! 해당 키가 WAF에 의해 임시 차단된 것으로 의심되어 키를 회전합니다.
2026-05-13 17:06:00,428 [ERROR] ApprovalRadar - 🚨 [긴급] 오늘자 식품나라 API 키가 모두 소진되었습니다. 크롤링이 중단됩니다.
2026-05-13 17:06:04,161 [WARNING] ApprovalRadar - [네트워크/응답 오류] HTTPConnectionPool(host='openapi.foodsafetykorea.go.kr', port=80): Read timed out. (read timeout=10). 4초 후 재시도합니다...
2026-05-13 17:06:08,166 [WARNING] ApprovalRadar - 연속적인 응답 오류 발생! 해당 키가 WAF에 의해 임시 차단된 것으로 의심되어 키를 회전합니다.
2026-05-13 17:06:08,171 [ERROR] ApprovalRadar - 🚨 [긴급] 오늘자 식품나라 API 키가 모두 소진되었습니다. 크롤링이 중단됩니다.
2026-05-13 17:06:10,468 [WARNING] ApprovalRadar - [네트워크/응답 오류] HTTPConnectionPool(host='openapi.foodsafetykorea.go.kr', port=80): Read timed out. (read timeout=10). 1초 후 재시도합니다...
2026-05-13 17:06:18,209 [WARNING] ApprovalRadar - [네트워크/응답 오류] HTTPConnectionPool(host='openapi.foodsafetykorea.go.kr', port=80): Read timed out. (read timeout=10). 1초 후 재시도합니다...
2026-05-13 17:06:21,502 [WARNING] ApprovalRadar - [네트워크/응답 오류] HTTPConnectionPool(host='openapi.foodsafetykorea.go.kr', port=80): Read timed out. (read timeout=10). 2초 후 재시도합니다...
2026-05-13 17:06:23,565 [WARNING] ApprovalRadar - [네트워크/응답 오류] Expecting value: line 1 column 1 (char 0). 4초 후 재시도합니다...
2026-05-13 17:06:27,572 [WARNING] ApprovalRadar - 연속적인 응답 오류 발생! 해당 키가 WAF에 의해 임시 차단된 것으로 의심되어 키를 회전합니다.
2026-05-13 17:06:27,577 [ERROR] ApprovalRadar - 🚨 [긴급] 오늘자 식품나라 API 키가 모두 소진되었습니다. 크롤링이 중단됩니다.
2026-05-13 17:06:29,250 [WARNING] ApprovalRadar - [네트워크/응답 오류] HTTPConnectionPool(host='openapi.foodsafetykorea.go.kr', port=80): Read timed out. (read timeout=10). 2초 후 재시도합니다...
2026-05-13 17:06:31,313 [WARNING] ApprovalRadar - [네트워크/응답 오류] Expecting value: line 1 column 1 (char 0). 4초 후 재시도합니다...
2026-05-13 17:06:35,320 [WARNING] ApprovalRadar - 연속적인 응답 오류 발생! 해당 키가 WAF에 의해 임시 차단된 것으로 의심되어 키를 회전합니다.
2026-05-13 17:06:35,324 [ERROR] ApprovalRadar - 🚨 [긴급] 오늘자 식품나라 API 키가 모두 소진되었습니다. 크롤링이 중단됩니다.
2026-05-13 17:06:37,620 [WARNING] ApprovalRadar - [네트워크/응답 오류] HTTPConnectionPool(host='openapi.foodsafetykorea.go.kr', port=80): Read timed out. (read timeout=10). 1초 후 재시도합니다...
2026-05-13 17:06:45,429 [WARNING] ApprovalRadar - [네트워크/응답 오류] HTTPConnectionPool(host='openapi.foodsafetykorea.go.kr', port=80): Read timed out. (read timeout=10). 1초 후 재시도합니다...
2026-05-13 17:06:48,664 [WARNING] ApprovalRadar - [네트워크/응답 오류] HTTPConnectionPool(host='openapi.foodsafetykorea.go.kr', port=80): Read timed out. (read timeout=10). 2초 후 재시도합니다...
2026-05-13 17:06:57,356 [WARNING] ApprovalRadar - [네트워크/응답 오류] HTTPConnectionPool(host='openapi.foodsafetykorea.go.kr', port=80): Read timed out. (read timeout=10). 1초 후 재시도합니다...
2026-05-13 17:06:58,479 [WARNING] ApprovalRadar - [네트워크/응답 오류] Expecting value: line 1 column 1 (char 0). 2초 후 재시도합니다...
2026-05-13 17:07:01,687 [WARNING] ApprovalRadar - [네트워크/응답 오류] HTTPConnectionPool(host='openapi.foodsafetykorea.go.kr', port=80): Read timed out. (read timeout=10). 1초 후 재시도합니다...
2026-05-13 17:07:11,454 [WARNING] ApprovalRadar - [네트워크/응답 오류] HTTPConnectionPool(host='openapi.foodsafetykorea.go.kr', port=80): Read timed out. (read timeout=10). 1초 후 재시도합니다...
2026-05-13 17:07:12,517 [WARNING] ApprovalRadar - [네트워크/응답 오류] Expecting value: line 1 column 1 (char 0). 2초 후 재시도합니다...
2026-05-13 17:07:12,727 [WARNING] ApprovalRadar - [네트워크/응답 오류] HTTPConnectionPool(host='openapi.foodsafetykorea.go.kr', port=80): Read timed out. (read timeout=10). 2초 후 재시도합니다...
2026-05-13 17:07:14,787 [WARNING] ApprovalRadar - [네트워크/응답 오류] Expecting value: line 1 column 1 (char 0). 4초 후 재시도합니다...
2026-05-13 17:07:18,796 [WARNING] ApprovalRadar - 연속적인 응답 오류 발생! 해당 키가 WAF에 의해 임시 차단된 것으로 의심되어 키를 회전합니다.
2026-05-13 17:07:18,797 [ERROR] ApprovalRadar - 🚨 [긴급] 오늘자 식품나라 API 키가 모두 소진되었습니다. 크롤링이 중단됩니다.
2026-05-13 17:07:25,455 [WARNING] ApprovalRadar - [네트워크/응답 오류] HTTPConnectionPool(host='openapi.foodsafetykorea.go.kr', port=80): Read timed out. (read timeout=10). 1초 후 재시도합니다...
2026-05-13 17:07:29,572 [WARNING] ApprovalRadar - [네트워크/응답 오류] HTTPConnectionPool(host='openapi.foodsafetykorea.go.kr', port=80): Read timed out. (read timeout=10). 1초 후 재시도합니다...
2026-05-13 17:07:36,503 [WARNING] ApprovalRadar - [네트워크/응답 오류] HTTPConnectionPool(host='openapi.foodsafetykorea.go.kr', port=80): Read timed out. (read timeout=10). 2초 후 재시도합니다...
2026-05-13 17:07:38,566 [WARNING] ApprovalRadar - [네트워크/응답 오류] Expecting value: line 1 column 1 (char 0). 4초 후 재시도합니다...
2026-05-13 17:07:40,595 [WARNING] ApprovalRadar - [네트워크/응답 오류] HTTPConnectionPool(host='openapi.foodsafetykorea.go.kr', port=80): Read timed out. (read timeout=10). 2초 후 재시도합니다...
2026-05-13 17:07:42,572 [WARNING] ApprovalRadar - 연속적인 응답 오류 발생! 해당 키가 WAF에 의해 임시 차단된 것으로 의심되어 키를 회전합니다.
2026-05-13 17:07:42,573 [ERROR] ApprovalRadar - 🚨 [긴급] 오늘자 식품나라 API 키가 모두 소진되었습니다. 크롤링이 중단됩니다.
2026-05-13 17:07:53,458 [WARNING] ApprovalRadar - [네트워크/응답 오류] HTTPConnectionPool(host='openapi.foodsafetykorea.go.kr', port=80): Read timed out. (read timeout=10). 1초 후 재시도합니다...
2026-05-13 17:07:54,576 [WARNING] ApprovalRadar - [네트워크/응답 오류] Expecting value: line 1 column 1 (char 0). 2초 후 재시도합니다...
2026-05-13 17:07:56,704 [WARNING] ApprovalRadar - [네트워크/응답 오류] Expecting value: line 1 column 1 (char 0). 4초 후 재시도합니다...
2026-05-13 17:07:58,885 [WARNING] ApprovalRadar - 연속적인 응답 오류 발생! 해당 키가 WAF에 의해 임시 차단된 것으로 의심되어 키를 회전합니다.
2026-05-13 17:07:58,890 [ERROR] ApprovalRadar - 🚨 [긴급] 오늘자 식품나라 API 키가 모두 소진되었습니다. 크롤링이 중단됩니다.
2026-05-13 17:07:59,666 [WARNING] ApprovalRadar - [네트워크/응답 오류] HTTPConnectionPool(host='openapi.foodsafetykorea.go.kr', port=80): Read timed out. (read timeout=10). 1초 후 재시도합니다...
2026-05-13 17:08:00,731 [WARNING] ApprovalRadar - [네트워크/응답 오류] Expecting value: line 1 column 1 (char 0). 2초 후 재시도합니다...
2026-05-13 17:08:02,798 [WARNING] ApprovalRadar - [네트워크/응답 오류] Expecting value: line 1 column 1 (char 0). 4초 후 재시도합니다...
2026-05-13 17:08:06,803 [WARNING] ApprovalRadar - 연속적인 응답 오류 발생! 해당 키가 WAF에 의해 임시 차단된 것으로 의심되어 키를 회전합니다.
2026-05-13 17:08:06,807 [ERROR] ApprovalRadar - 🚨 [긴급] 오늘자 식품나라 API 키가 모두 소진되었습니다. 크롤링이 중단됩니다.
2026-05-13 17:08:06,943 [WARNING] ApprovalRadar - [네트워크/응답 오류] Expecting value: line 1 column 1 (char 0). 1초 후 재시도합니다...
2026-05-13 17:08:08,931 [WARNING] ApprovalRadar - [네트워크/응답 오류] HTTPConnectionPool(host='openapi.foodsafetykorea.go.kr', port=80): Read timed out. (read timeout=10). 1초 후 재시도합니다...
2026-05-13 17:08:20,040 [WARNING] ApprovalRadar - [네트워크/응답 오류] HTTPConnectionPool(host='openapi.foodsafetykorea.go.kr', port=80): Read timed out. (read timeout=10). 2초 후 재시도합니다...
2026-05-13 17:08:27,470 [WARNING] ApprovalRadar - [네트워크/응답 오류] HTTPConnectionPool(host='openapi.foodsafetykorea.go.kr', port=80): Read timed out. (read timeout=10). 1초 후 재시도합니다...
2026-05-13 17:08:28,532 [WARNING] ApprovalRadar - [네트워크/응답 오류] Expecting value: line 1 column 1 (char 0). 2초 후 재시도합니다...
2026-05-13 17:08:33,028 [WARNING] ApprovalRadar - [네트워크/응답 오류] HTTPConnectionPool(host='openapi.foodsafetykorea.go.kr', port=80): Read timed out. (read timeout=10). 1초 후 재시도합니다...
2026-05-13 17:08:34,170 [WARNING] ApprovalRadar - [네트워크/응답 오류] Expecting value: line 1 column 1 (char 0). 2초 후 재시도합니다...
2026-05-13 17:08:41,429 [WARNING] ApprovalRadar - [네트워크/응답 오류] HTTPConnectionPool(host='openapi.foodsafetykorea.go.kr', port=80): Read timed out. (read timeout=10). 1초 후 재시도합니다...
2026-05-13 17:08:52,544 [WARNING] ApprovalRadar - [네트워크/응답 오류] HTTPConnectionPool(host='openapi.foodsafetykorea.go.kr', port=80): Read timed out. (read timeout=10). 2초 후 재시도합니다...
2026-05-13 17:08:55,509 [WARNING] ApprovalRadar - [네트워크/응답 오류] Expecting value: line 1 column 1 (char 0). 1초 후 재시도합니다...
2026-05-13 17:08:56,551 [WARNING] ApprovalRadar - [네트워크/응답 오류] Expecting value: line 1 column 1 (char 0). 2초 후 재시도합니다...
2026-05-13 17:08:58,620 [WARNING] ApprovalRadar - [네트워크/응답 오류] Expecting value: line 1 column 1 (char 0). 4초 후 재시도합니다...
2026-05-13 17:09:02,627 [WARNING] ApprovalRadar - 연속적인 응답 오류 발생! 해당 키가 WAF에 의해 임시 차단된 것으로 의심되어 키를 회전합니다.
2026-05-13 17:09:02,629 [ERROR] ApprovalRadar - 🚨 [긴급] 오늘자 식품나라 API 키가 모두 소진되었습니다. 크롤링이 중단됩니다.
2026-05-13 17:09:04,898 [WARNING] ApprovalRadar - [네트워크/응답 오류] HTTPConnectionPool(host='openapi.foodsafetykorea.go.kr', port=80): Read timed out. (read timeout=10). 1초 후 재시도합니다...
2026-05-13 17:09:05,961 [WARNING] ApprovalRadar - [네트워크/응답 오류] Expecting value: line 1 column 1 (char 0). 2초 후 재시도합니다...
2026-05-13 17:09:12,673 [WARNING] ApprovalRadar - [네트워크/응답 오류] HTTPConnectionPool(host='openapi.foodsafetykorea.go.kr', port=80): Read timed out. (read timeout=10). 1초 후 재시도합니다...
2026-05-13 17:09:15,984 [WARNING] ApprovalRadar - [네트워크/응답 오류] Expecting value: line 1 column 1 (char 0). 1초 후 재시도합니다...
2026-05-13 17:09:17,041 [WARNING] ApprovalRadar - [네트워크/응답 오류] Expecting value: line 1 column 1 (char 0). 2초 후 재시도합니다...
2026-05-13 17:09:18,005 [WARNING] ApprovalRadar - [네트워크/응답 오류] HTTPConnectionPool(host='openapi.foodsafetykorea.go.kr', port=80): Read timed out. (read timeout=10). 4초 후 재시도합니다...
2026-05-13 17:09:22,008 [WARNING] ApprovalRadar - 연속적인 응답 오류 발생! 해당 키가 WAF에 의해 임시 차단된 것으로 의심되어 키를 회전합니다.
2026-05-13 17:09:22,012 [ERROR] ApprovalRadar - 🚨 [긴급] 오늘자 식품나라 API 키가 모두 소진되었습니다. 크롤링이 중단됩니다.
2026-05-13 17:09:29,090 [WARNING] ApprovalRadar - [네트워크/응답 오류] HTTPConnectionPool(host='openapi.foodsafetykorea.go.kr', port=80): Read timed out. (read timeout=10). 4초 후 재시도합니다...
2026-05-13 17:09:32,056 [WARNING] ApprovalRadar - [네트워크/응답 오류] HTTPConnectionPool(host='openapi.foodsafetykorea.go.kr', port=80): Read timed out. (read timeout=10). 1초 후 재시도합니다...
2026-05-13 17:09:33,099 [WARNING] ApprovalRadar - 연속적인 응답 오류 발생! 해당 키가 WAF에 의해 임시 차단된 것으로 의심되어 키를 회전합니다.
2026-05-13 17:09:33,103 [ERROR] ApprovalRadar - 🚨 [긴급] 오늘자 식품나라 API 키가 모두 소진되었습니다. 크롤링이 중단됩니다.
2026-05-13 17:09:33,126 [WARNING] ApprovalRadar - [네트워크/응답 오류] Expecting value: line 1 column 1 (char 0). 2초 후 재시도합니다...
2026-05-13 17:09:33,165 [WARNING] ApprovalRadar - [네트워크/응답 오류] Expecting value: line 1 column 1 (char 0). 1초 후 재시도합니다...
2026-05-13 17:09:34,231 [WARNING] ApprovalRadar - [네트워크/응답 오류] Expecting value: line 1 column 1 (char 0). 2초 후 재시도합니다...
2026-05-13 17:09:35,186 [WARNING] ApprovalRadar - [네트워크/응답 오류] Expecting value: line 1 column 1 (char 0). 4초 후 재시도합니다...
2026-05-13 17:09:39,191 [WARNING] ApprovalRadar - 연속적인 응답 오류 발생! 해당 키가 WAF에 의해 임시 차단된 것으로 의심되어 키를 회전합니다.
2026-05-13 17:09:39,194 [ERROR] ApprovalRadar - 🚨 [긴급] 오늘자 식품나라 API 키가 모두 소진되었습니다. 크롤링이 중단됩니다.
2026-05-13 17:09:39,228 [WARNING] ApprovalRadar - [네트워크/응답 오류] Expecting value: line 1 column 1 (char 0). 1초 후 재시도합니다...
2026-05-13 17:09:40,284 [WARNING] ApprovalRadar - [네트워크/응답 오류] Expecting value: line 1 column 1 (char 0). 2초 후 재시도합니다...
2026-05-13 17:09:46,274 [WARNING] ApprovalRadar - [네트워크/응답 오류] HTTPConnectionPool(host='openapi.foodsafetykorea.go.kr', port=80): Read timed out. (read timeout=10). 4초 후 재시도합니다...
2026-05-13 17:09:50,283 [WARNING] ApprovalRadar - 연속적인 응답 오류 발생! 해당 키가 WAF에 의해 임시 차단된 것으로 의심되어 키를 회전합니다.
2026-05-13 17:09:50,286 [ERROR] ApprovalRadar - 🚨 [긴급] 오늘자 식품나라 API 키가 모두 소진되었습니다. 크롤링이 중단됩니다.
2026-05-13 17:09:52,332 [WARNING] ApprovalRadar - [네트워크/응답 오류] HTTPConnectionPool(host='openapi.foodsafetykorea.go.kr', port=80): Read timed out. (read timeout=10). 4초 후 재시도합니다...
2026-05-13 17:09:56,340 [WARNING] ApprovalRadar - 연속적인 응답 오류 발생! 해당 키가 WAF에 의해 임시 차단된 것으로 의심되어 키를 회전합니다.
2026-05-13 17:09:56,345 [ERROR] ApprovalRadar - 🚨 [긴급] 오늘자 식품나라 API 키가 모두 소진되었습니다. 크롤링이 중단됩니다.
2026-05-13 17:10:00,330 [WARNING] ApprovalRadar - [네트워크/응답 오류] HTTPConnectionPool(host='openapi.foodsafetykorea.go.kr', port=80): Read timed out. (read timeout=10). 1초 후 재시도합니다...
2026-05-13 17:10:01,410 [WARNING] ApprovalRadar - [네트워크/응답 오류] Expecting value: line 1 column 1 (char 0). 2초 후 재시도합니다...
2026-05-13 17:10:06,479 [WARNING] ApprovalRadar - [네트워크/응답 오류] HTTPConnectionPool(host='openapi.foodsafetykorea.go.kr', port=80): Read timed out. (read timeout=10). 1초 후 재시도합니다...
2026-05-13 17:10:08,244 [INFO] ApprovalRadar - [진척도] 100/2553 처리 완료 (성공: 0, 실패: 100)
2026-05-13 17:10:14,430 [WARNING] ApprovalRadar - [네트워크/응답 오류] HTTPConnectionPool(host='openapi.foodsafetykorea.go.kr', port=80): Read timed out. (read timeout=10). 1초 후 재시도합니다...
2026-05-13 17:10:18,552 [WARNING] ApprovalRadar - [네트워크/응답 오류] HTTPConnectionPool(host='openapi.foodsafetykorea.go.kr', port=80): Read timed out. (read timeout=10). 1초 후 재시도합니다...
2026-05-13 17:10:25,479 [WARNING] ApprovalRadar - [네트워크/응답 오류] HTTPConnectionPool(host='openapi.foodsafetykorea.go.kr', port=80): Read timed out. (read timeout=10). 2초 후 재시도합니다...
2026-05-13 17:10:27,563 [WARNING] ApprovalRadar - [네트워크/응답 오류] Expecting value: line 1 column 1 (char 0). 4초 후 재시도합니다...
2026-05-13 17:10:30,582 [WARNING] ApprovalRadar - [네트워크/응답 오류] HTTPConnectionPool(host='openapi.foodsafetykorea.go.kr', port=80): Read timed out. (read timeout=10). 1초 후 재시도합니다...
2026-05-13 17:10:31,566 [WARNING] ApprovalRadar - 연속적인 응답 오류 발생! 해당 키가 WAF에 의해 임시 차단된 것으로 의심되어 키를 회전합니다.
2026-05-13 17:10:31,568 [ERROR] ApprovalRadar - 🚨 [긴급] 오늘자 식품나라 API 키가 모두 소진되었습니다. 크롤링이 중단됩니다.
2026-05-13 17:10:41,628 [WARNING] ApprovalRadar - [네트워크/응답 오류] HTTPConnectionPool(host='openapi.foodsafetykorea.go.kr', port=80): Read timed out. (read timeout=10). 1초 후 재시도합니다...
2026-05-13 17:10:41,628 [WARNING] ApprovalRadar - [네트워크/응답 오류] HTTPConnectionPool(host='openapi.foodsafetykorea.go.kr', port=80): Read timed out. (read timeout=10). 2초 후 재시도합니다...
2026-05-13 17:10:52,676 [WARNING] ApprovalRadar - [네트워크/응답 오류] HTTPConnectionPool(host='openapi.foodsafetykorea.go.kr', port=80): Read timed out. (read timeout=10). 2초 후 재시도합니다...
2026-05-13 17:10:54,538 [WARNING] ApprovalRadar - [네트워크/응답 오류] HTTPConnectionPool(host='openapi.foodsafetykorea.go.kr', port=80): Read timed out. (read timeout=10). 1초 후 재시도합니다...
2026-05-13 17:10:55,596 [WARNING] ApprovalRadar - [네트워크/응답 오류] Expecting value: line 1 column 1 (char 0). 2초 후 재시도합니다...
2026-05-13 17:11:05,543 [WARNING] ApprovalRadar - [네트워크/응답 오류] HTTPConnectionPool(host='openapi.foodsafetykorea.go.kr', port=80): Read timed out. (read timeout=10). 1초 후 재시도합니다...
2026-05-13 17:11:07,622 [WARNING] ApprovalRadar - [네트워크/응답 오류] HTTPConnectionPool(host='openapi.foodsafetykorea.go.kr', port=80): Read timed out. (read timeout=10). 4초 후 재시도합니다...
2026-05-13 17:11:11,627 [WARNING] ApprovalRadar - 연속적인 응답 오류 발생! 해당 키가 WAF에 의해 임시 차단된 것으로 의심되어 키를 회전합니다.
2026-05-13 17:11:11,629 [ERROR] ApprovalRadar - 🚨 [긴급] 오늘자 식품나라 API 키가 모두 소진되었습니다. 크롤링이 중단됩니다.
2026-05-13 17:11:16,591 [WARNING] ApprovalRadar - [네트워크/응답 오류] HTTPConnectionPool(host='openapi.foodsafetykorea.go.kr', port=80): Read timed out. (read timeout=10). 2초 후 재시도합니다...
2026-05-13 17:11:18,631 [WARNING] ApprovalRadar - [네트워크/응답 오류] Expecting value: line 1 column 1 (char 0). 4초 후 재시도합니다...
2026-05-13 17:11:21,671 [WARNING] ApprovalRadar - [네트워크/응답 오류] HTTPConnectionPool(host='openapi.foodsafetykorea.go.kr', port=80): Read timed out. (read timeout=10). 1초 후 재시도합니다...
2026-05-13 17:11:22,639 [WARNING] ApprovalRadar - 연속적인 응답 오류 발생! 해당 키가 WAF에 의해 임시 차단된 것으로 의심되어 키를 회전합니다.
2026-05-13 17:11:22,644 [ERROR] ApprovalRadar - 🚨 [긴급] 오늘자 식품나라 API 키가 모두 소진되었습니다. 크롤링이 중단됩니다.
2026-05-13 17:11:32,685 [WARNING] ApprovalRadar - [네트워크/응답 오류] HTTPConnectionPool(host='openapi.foodsafetykorea.go.kr', port=80): Read timed out. (read timeout=10). 1초 후 재시도합니다...
2026-05-13 17:11:32,714 [WARNING] ApprovalRadar - [네트워크/응답 오류] HTTPConnectionPool(host='openapi.foodsafetykorea.go.kr', port=80): Read timed out. (read timeout=10). 2초 후 재시도합니다...
2026-05-13 17:11:34,774 [WARNING] ApprovalRadar - [네트워크/응답 오류] Expecting value: line 1 column 1 (char 0). 4초 후 재시도합니다...
2026-05-13 17:11:38,777 [WARNING] ApprovalRadar - 연속적인 응답 오류 발생! 해당 키가 WAF에 의해 임시 차단된 것으로 의심되어 키를 회전합니다.
2026-05-13 17:11:38,779 [ERROR] ApprovalRadar - 🚨 [긴급] 오늘자 식품나라 API 키가 모두 소진되었습니다. 크롤링이 중단됩니다.
2026-05-13 17:11:43,706 [WARNING] ApprovalRadar - [네트워크/응답 오류] HTTPConnectionPool(host='openapi.foodsafetykorea.go.kr', port=80): Read timed out. (read timeout=10). 2초 후 재시도합니다...
2026-05-13 17:11:48,820 [WARNING] ApprovalRadar - [네트워크/응답 오류] HTTPConnectionPool(host='openapi.foodsafetykorea.go.kr', port=80): Read timed out. (read timeout=10). 1초 후 재시도합니다...
2026-05-13 17:11:56,581 [WARNING] ApprovalRadar - [네트워크/응답 오류] HTTPConnectionPool(host='openapi.foodsafetykorea.go.kr', port=80): Read timed out. (read timeout=10). 1초 후 재시도합니다...
2026-05-13 17:11:57,621 [WARNING] ApprovalRadar - [네트워크/응답 오류] Expecting value: line 1 column 1 (char 0). 2초 후 재시도합니다...
2026-05-13 17:11:59,700 [WARNING] ApprovalRadar - [네트워크/응답 오류] Expecting value: line 1 column 1 (char 0). 4초 후 재시도합니다...
2026-05-13 17:11:59,863 [WARNING] ApprovalRadar - [네트워크/응답 오류] HTTPConnectionPool(host='openapi.foodsafetykorea.go.kr', port=80): Read timed out. (read timeout=10). 2초 후 재시도합니다...
2026-05-13 17:12:01,923 [WARNING] ApprovalRadar - [네트워크/응답 오류] Expecting value: line 1 column 1 (char 0). 4초 후 재시도합니다...
2026-05-13 17:12:03,707 [WARNING] ApprovalRadar - 연속적인 응답 오류 발생! 해당 키가 WAF에 의해 임시 차단된 것으로 의심되어 키를 회전합니다.
2026-05-13 17:12:03,712 [ERROR] ApprovalRadar - 🚨 [긴급] 오늘자 식품나라 API 키가 모두 소진되었습니다. 크롤링이 중단됩니다.
2026-05-13 17:12:05,928 [WARNING] ApprovalRadar - 연속적인 응답 오류 발생! 해당 키가 WAF에 의해 임시 차단된 것으로 의심되어 키를 회전합니다.
2026-05-13 17:12:05,931 [ERROR] ApprovalRadar - 🚨 [긴급] 오늘자 식품나라 API 키가 모두 소진되었습니다. 크롤링이 중단됩니다.
2026-05-13 17:12:13,738 [WARNING] ApprovalRadar - [네트워크/응답 오류] HTTPConnectionPool(host='openapi.foodsafetykorea.go.kr', port=80): Read timed out. (read timeout=10). 1초 후 재시도합니다...
2026-05-13 17:12:15,978 [WARNING] ApprovalRadar - [네트워크/응답 오류] HTTPConnectionPool(host='openapi.foodsafetykorea.go.kr', port=80): Read timed out. (read timeout=10). 1초 후 재시도합니다...
2026-05-13 17:12:17,047 [WARNING] ApprovalRadar - [네트워크/응답 오류] Expecting value: line 1 column 1 (char 0). 2초 후 재시도합니다...
2026-05-13 17:12:19,109 [WARNING] ApprovalRadar - [네트워크/응답 오류] Expecting value: line 1 column 1 (char 0). 4초 후 재시도합니다...
2026-05-13 17:12:23,115 [WARNING] ApprovalRadar - 연속적인 응답 오류 발생! 해당 키가 WAF에 의해 임시 차단된 것으로 의심되어 키를 회전합니다.
2026-05-13 17:12:23,117 [ERROR] ApprovalRadar - 🚨 [긴급] 오늘자 식품나라 API 키가 모두 소진되었습니다. 크롤링이 중단됩니다.
2026-05-13 17:12:24,781 [WARNING] ApprovalRadar - [네트워크/응답 오류] HTTPConnectionPool(host='openapi.foodsafetykorea.go.kr', port=80): Read timed out. (read timeout=10). 2초 후 재시도합니다...
2026-05-13 17:12:33,162 [WARNING] ApprovalRadar - [네트워크/응답 오류] HTTPConnectionPool(host='openapi.foodsafetykorea.go.kr', port=80): Read timed out. (read timeout=10). 1초 후 재시도합니다...
2026-05-13 17:12:37,777 [WARNING] ApprovalRadar - [네트워크/응답 오류] HTTPConnectionPool(host='openapi.foodsafetykorea.go.kr', port=80): Read timed out. (read timeout=10). 1초 후 재시도합니다...
2026-05-13 17:12:38,838 [WARNING] ApprovalRadar - [네트워크/응답 오류] Expecting value: line 1 column 1 (char 0). 2초 후 재시도합니다...
2026-05-13 17:12:40,910 [WARNING] ApprovalRadar - [네트워크/응답 오류] Expecting value: line 1 column 1 (char 0). 4초 후 재시도합니다...
2026-05-13 17:12:44,272 [WARNING] ApprovalRadar - [네트워크/응답 오류] HTTPConnectionPool(host='openapi.foodsafetykorea.go.kr', port=80): Read timed out. (read timeout=10). 2초 후 재시도합니다...
2026-05-13 17:12:44,914 [WARNING] ApprovalRadar - 연속적인 응답 오류 발생! 해당 키가 WAF에 의해 임시 차단된 것으로 의심되어 키를 회전합니다.
2026-05-13 17:12:44,916 [ERROR] ApprovalRadar - 🚨 [긴급] 오늘자 식품나라 API 키가 모두 소진되었습니다. 크롤링이 중단됩니다.
2026-05-13 17:12:46,378 [WARNING] ApprovalRadar - [네트워크/응답 오류] Expecting value: line 1 column 1 (char 0). 4초 후 재시도합니다...
2026-05-13 17:12:48,603 [INFO] ApprovalRadar - Shutting down APScheduler...
2026-05-13 17:12:50,382 [WARNING] ApprovalRadar - 연속적인 응답 오류 발생! 해당 키가 WAF에 의해 임시 차단된 것으로 의심되어 키를 회전합니다.
2026-05-13 17:12:50,385 [ERROR] ApprovalRadar - 🚨 [긴급] 오늘자 식품나라 API 키가 모두 소진되었습니다. 크롤링이 중단됩니다.
2026-05-13 17:12:54,957 [WARNING] ApprovalRadar - [네트워크/응답 오류] HTTPConnectionPool(host='openapi.foodsafetykorea.go.kr', port=80): Read timed out. (read timeout=10). 1초 후 재시도합니다...
2026-05-13 17:13:00,426 [WARNING] ApprovalRadar - [네트워크/응답 오류] HTTPConnectionPool(host='openapi.foodsafetykorea.go.kr', port=80): Read timed out. (read timeout=10). 1초 후 재시도합니다...
2026-05-13 17:13:05,998 [WARNING] ApprovalRadar - [네트워크/응답 오류] HTTPConnectionPool(host='openapi.foodsafetykorea.go.kr', port=80): Read timed out. (read timeout=10). 2초 후 재시도합니다...
2026-05-13 17:15:35,768 [INFO] ApprovalRadar - Initializing Database...
2026-05-13 17:15:35,770 [INFO] ApprovalRadar - Starting Industry Type Backfill Job...
2026-05-13 17:15:35,771 [INFO] ApprovalRadar - Configuring APScheduler jobs...
2026-05-13 17:15:35,775 [INFO] ApprovalRadar - Adding initial catch-up scraper job to background...
2026-05-13 17:15:35,776 [INFO] ApprovalRadar - Starting DiffCrawler Delta Sync Job for I2859...
2026-05-13 17:15:35,776 [INFO] ApprovalRadar - APScheduler started successfully.
2026-05-13 17:15:35,778 [INFO] ApprovalRadar - 총 2553건의 세부업종 누락 데이터를 발견했습니다. 백필을 시작합니다.
2026-05-13 17:15:35,883 [INFO] ApprovalRadar - [키 회전] API 한도 초과! 새로운 키로 교체: f1282***
2026-05-13 17:15:35,885 [WARNING] ApprovalRadar - 키 회전 후 3.0초 대기...
2026-05-13 17:15:35,891 [INFO] ApprovalRadar - [키 회전] API 한도 초과! 새로운 키로 교체: f1282***
2026-05-13 17:15:35,892 [WARNING] ApprovalRadar - 키 회전 후 3.0초 대기...
2026-05-13 17:15:39,010 [WARNING] ApprovalRadar - [네트워크/응답 오류] Expecting value: line 1 column 1 (char 0). 1초 후 재시도합니다...
2026-05-13 17:15:41,165 [INFO] ApprovalRadar - ✨ [소요시간: 5.39초] 새로운 데이터가 감지되지 않았습니다. (현재 전체 데이터: 22416건)
2026-05-13 17:15:41,168 [INFO] ApprovalRadar - Starting DiffCrawler Delta Sync Job for I2500...
2026-05-13 17:15:41,172 [INFO] ApprovalRadar - 최초 실행: 베이스라인 부트스트랩을 시작합니다...
2026-05-13 17:15:41,174 [INFO] ApprovalRadar - [Bootstrapper] True Tail(실제 마지막 데이터) 찾는 중...
2026-05-13 17:15:41,229 [INFO] ApprovalRadar - [키 회전] API 한도 초과! 새로운 키로 교체: f1282***
2026-05-13 17:15:41,232 [WARNING] ApprovalRadar - 키 회전 후 3.0초 대기...
2026-05-13 17:15:46,739 [WARNING] ApprovalRadar - [네트워크/응답 오류] Expecting value: line 1 column 1 (char 0). 1초 후 재시도합니다...
2026-05-13 17:15:51,708 [WARNING] ApprovalRadar - [네트워크/응답 오류] Expecting value: line 1 column 1 (char 0). 1초 후 재시도합니다...
2026-05-13 17:15:56,687 [WARNING] ApprovalRadar - [네트워크/응답 오류] Expecting value: line 1 column 1 (char 0). 1초 후 재시도합니다...
2026-05-13 17:15:57,749 [WARNING] ApprovalRadar - [네트워크/응답 오류] Expecting value: line 1 column 1 (char 0). 2초 후 재시도합니다...
2026-05-13 17:16:02,669 [INFO] ApprovalRadar - [Bootstrapper] 전체 데이터 건수 확인 완료: 1000000건
2026-05-13 17:16:02,671 [INFO] ApprovalRadar - [Bootstrapper] 피벗 캐싱 시작 (간격: 5000)...
2026-05-13 17:16:02,737 [WARNING] ApprovalRadar - [네트워크/응답 오류] Expecting value: line 1 column 1 (char 0). 1초 후 재시도합니다...
2026-05-13 17:16:05,419 [WARNING] ApprovalRadar - [네트워크/응답 오류] Expecting value: line 1 column 1 (char 0). 1초 후 재시도합니다...
2026-05-13 17:16:06,670 [WARNING] ApprovalRadar - [네트워크/응답 오류] Expecting value: line 1 column 1 (char 0). 1초 후 재시도합니다...
2026-05-13 17:16:08,322 [WARNING] ApprovalRadar - [네트워크/응답 오류] Expecting value: line 1 column 1 (char 0). 1초 후 재시도합니다...
2026-05-13 17:16:11,380 [WARNING] ApprovalRadar - [네트워크/응답 오류] Expecting value: line 1 column 1 (char 0). 1초 후 재시도합니다...
2026-05-13 17:16:11,562 [WARNING] ApprovalRadar - [네트워크/응답 오류] Expecting value: line 1 column 1 (char 0). 1초 후 재시도합니다...
2026-05-13 17:16:12,623 [WARNING] ApprovalRadar - [네트워크/응답 오류] Expecting value: line 1 column 1 (char 0). 2초 후 재시도합니다...
2026-05-13 17:16:13,491 [WARNING] ApprovalRadar - [네트워크/응답 오류] Expecting value: line 1 column 1 (char 0). 1초 후 재시도합니다...
2026-05-13 17:16:14,686 [WARNING] ApprovalRadar - [네트워크/응답 오류] Expecting value: line 1 column 1 (char 0). 4초 후 재시도합니다...
2026-05-13 17:16:15,535 [WARNING] ApprovalRadar - [네트워크/응답 오류] Expecting value: line 1 column 1 (char 0). 1초 후 재시도합니다...
2026-05-13 17:16:17,509 [WARNING] ApprovalRadar - [네트워크/응답 오류] Expecting value: line 1 column 1 (char 0). 1초 후 재시도합니다...
2026-05-13 17:16:18,695 [WARNING] ApprovalRadar - 연속적인 응답 오류 발생! 해당 키가 WAF에 의해 임시 차단된 것으로 의심되어 키를 회전합니다.
2026-05-13 17:16:18,696 [INFO] ApprovalRadar - [키 회전] API 한도 초과! 새로운 키로 교체: ba698***
2026-05-13 17:16:19,193 [WARNING] ApprovalRadar - [네트워크/응답 오류] Expecting value: line 1 column 1 (char 0). 1초 후 재시도합니다...
2026-05-13 17:16:20,285 [WARNING] ApprovalRadar - [네트워크/응답 오류] Expecting value: line 1 column 1 (char 0). 2초 후 재시도합니다...
2026-05-13 17:16:22,383 [WARNING] ApprovalRadar - [네트워크/응답 오류] Expecting value: line 1 column 1 (char 0). 4초 후 재시도합니다...
2026-05-13 17:16:26,389 [WARNING] ApprovalRadar - 연속적인 응답 오류 발생! 해당 키가 WAF에 의해 임시 차단된 것으로 의심되어 키를 회전합니다.
2026-05-13 17:16:26,391 [INFO] ApprovalRadar - [키 회전] API 한도 초과! 새로운 키로 교체: ba698***
2026-05-13 17:16:29,573 [WARNING] ApprovalRadar - [네트워크/응답 오류] Expecting value: line 1 column 1 (char 0). 1초 후 재시도합니다...
2026-05-13 17:16:30,365 [WARNING] ApprovalRadar - [네트워크/응답 오류] Expecting value: line 1 column 1 (char 0). 1초 후 재시도합니다...
2026-05-13 17:16:31,490 [WARNING] ApprovalRadar - [네트워크/응답 오류] Expecting value: line 1 column 1 (char 0). 2초 후 재시도합니다...
2026-05-13 17:16:33,603 [WARNING] ApprovalRadar - [네트워크/응답 오류] Expecting value: line 1 column 1 (char 0). 1초 후 재시도합니다...
2026-05-13 17:16:34,664 [WARNING] ApprovalRadar - [네트워크/응답 오류] Expecting value: line 1 column 1 (char 0). 2초 후 재시도합니다...
2026-05-13 17:16:36,720 [WARNING] ApprovalRadar - [네트워크/응답 오류] Expecting value: line 1 column 1 (char 0). 4초 후 재시도합니다...
2026-05-13 17:16:40,726 [WARNING] ApprovalRadar - 연속적인 응답 오류 발생! 해당 키가 WAF에 의해 임시 차단된 것으로 의심되어 키를 회전합니다.
2026-05-13 17:16:40,729 [INFO] ApprovalRadar - [키 회전] API 한도 초과! 새로운 키로 교체: 67f07***
2026-05-13 17:16:44,506 [WARNING] ApprovalRadar - [네트워크/응답 오류] Expecting value: line 1 column 1 (char 0). 1초 후 재시도합니다...
2026-05-13 17:16:45,571 [WARNING] ApprovalRadar - [네트워크/응답 오류] Expecting value: line 1 column 1 (char 0). 2초 후 재시도합니다...
2026-05-13 17:16:48,808 [WARNING] ApprovalRadar - [네트워크/응답 오류] Expecting value: line 1 column 1 (char 0). 1초 후 재시도합니다...
2026-05-13 17:16:49,851 [WARNING] ApprovalRadar - [네트워크/응답 오류] Expecting value: line 1 column 1 (char 0). 2초 후 재시도합니다...
2026-05-13 17:16:51,890 [WARNING] ApprovalRadar - [네트워크/응답 오류] Expecting value: line 1 column 1 (char 0). 4초 후 재시도합니다...
2026-05-13 17:16:55,896 [WARNING] ApprovalRadar - 연속적인 응답 오류 발생! 해당 키가 WAF에 의해 임시 차단된 것으로 의심되어 키를 회전합니다.
2026-05-13 17:16:55,900 [INFO] ApprovalRadar - [키 회전] API 한도 초과! 새로운 키로 교체: e7b3f***
2026-05-13 17:16:59,569 [WARNING] ApprovalRadar - [네트워크/응답 오류] Expecting value: line 1 column 1 (char 0). 1초 후 재시도합니다...
2026-05-13 17:17:00,809 [WARNING] ApprovalRadar - [네트워크/응답 오류] Expecting value: line 1 column 1 (char 0). 1초 후 재시도합니다...
2026-05-13 17:17:06,463 [WARNING] ApprovalRadar - [네트워크/응답 오류] Expecting value: line 1 column 1 (char 0). 1초 후 재시도합니다...
2026-05-13 17:17:07,502 [WARNING] ApprovalRadar - [네트워크/응답 오류] Expecting value: line 1 column 1 (char 0). 2초 후 재시도합니다...
2026-05-13 17:17:10,094 [WARNING] ApprovalRadar - [네트워크/응답 오류] Expecting value: line 1 column 1 (char 0). 1초 후 재시도합니다...
2026-05-13 17:17:10,105 [WARNING] ApprovalRadar - [네트워크/응답 오류] Expecting value: line 1 column 1 (char 0). 1초 후 재시도합니다...
2026-05-13 17:17:12,561 [WARNING] ApprovalRadar - [네트워크/응답 오류] Expecting value: line 1 column 1 (char 0). 1초 후 재시도합니다...
2026-05-13 17:17:14,817 [WARNING] ApprovalRadar - [네트워크/응답 오류] Expecting value: line 1 column 1 (char 0). 1초 후 재시도합니다...
2026-05-13 17:17:15,856 [WARNING] ApprovalRadar - [네트워크/응답 오류] Expecting value: line 1 column 1 (char 0). 2초 후 재시도합니다...
2026-05-13 17:17:22,886 [WARNING] ApprovalRadar - [네트워크/응답 오류] Expecting value: line 1 column 1 (char 0). 1초 후 재시도합니다...
2026-05-13 17:17:25,371 [WARNING] ApprovalRadar - [네트워크/응답 오류] HTTPConnectionPool(host='openapi.foodsafetykorea.go.kr', port=80): Read timed out. (read timeout=10). 1초 후 재시도합니다...
2026-05-13 17:17:26,454 [WARNING] ApprovalRadar - [네트워크/응답 오류] Expecting value: line 1 column 1 (char 0). 2초 후 재시도합니다...
2026-05-13 17:17:27,929 [WARNING] ApprovalRadar - [네트워크/응답 오류] HTTPConnectionPool(host='openapi.foodsafetykorea.go.kr', port=80): Read timed out. (read timeout=10). 4초 후 재시도합니다...
2026-05-13 17:17:28,516 [WARNING] ApprovalRadar - [네트워크/응답 오류] Expecting value: line 1 column 1 (char 0). 4초 후 재시도합니다...
2026-05-13 17:17:31,935 [WARNING] ApprovalRadar - 연속적인 응답 오류 발생! 해당 키가 WAF에 의해 임시 차단된 것으로 의심되어 키를 회전합니다.
2026-05-13 17:17:31,937 [ERROR] ApprovalRadar - 🚨 [긴급] 오늘자 식품나라 API 키가 모두 소진되었습니다. 크롤링이 중단됩니다.
2026-05-13 17:17:32,074 [WARNING] ApprovalRadar - [네트워크/응답 오류] Expecting value: line 1 column 1 (char 0). 1초 후 재시도합니다...
2026-05-13 17:17:32,523 [WARNING] ApprovalRadar - 연속적인 응답 오류 발생! 해당 키가 WAF에 의해 임시 차단된 것으로 의심되어 키를 회전합니다.
2026-05-13 17:17:32,525 [ERROR] ApprovalRadar - 🚨 [긴급] 오늘자 식품나라 API 키가 모두 소진되었습니다. 크롤링이 중단됩니다.
2026-05-13 17:17:33,153 [WARNING] ApprovalRadar - [네트워크/응답 오류] Expecting value: line 1 column 1 (char 0). 2초 후 재시도합니다...
2026-05-13 17:17:34,926 [WARNING] ApprovalRadar - [네트워크/응답 오류] Expecting value: line 1 column 1 (char 0). 1초 후 재시도합니다...
2026-05-13 17:17:42,609 [WARNING] ApprovalRadar - [네트워크/응답 오류] HTTPConnectionPool(host='openapi.foodsafetykorea.go.kr', port=80): Read timed out. (read timeout=10). 1초 후 재시도합니다...
2026-05-13 17:17:48,892 [WARNING] ApprovalRadar - [네트워크/응답 오류] HTTPConnectionPool(host='openapi.foodsafetykorea.go.kr', port=80): Read timed out. (read timeout=10). 1초 후 재시도합니다...
2026-05-13 17:17:49,935 [WARNING] ApprovalRadar - [네트워크/응답 오류] Expecting value: line 1 column 1 (char 0). 2초 후 재시도합니다...
2026-05-13 17:17:52,070 [WARNING] ApprovalRadar - [네트워크/응답 오류] Expecting value: line 1 column 1 (char 0). 4초 후 재시도합니다...
2026-05-13 17:17:53,663 [WARNING] ApprovalRadar - [네트워크/응답 오류] HTTPConnectionPool(host='openapi.foodsafetykorea.go.kr', port=80): Read timed out. (read timeout=10). 2초 후 재시도합니다...
2026-05-13 17:17:56,074 [WARNING] ApprovalRadar - 연속적인 응답 오류 발생! 해당 키가 WAF에 의해 임시 차단된 것으로 의심되어 키를 회전합니다.
2026-05-13 17:17:56,075 [ERROR] ApprovalRadar - 🚨 [긴급] 오늘자 식품나라 API 키가 모두 소진되었습니다. 크롤링이 중단됩니다.
2026-05-13 17:17:57,332 [WARNING] ApprovalRadar - [네트워크/응답 오류] Expecting value: line 1 column 1 (char 0). 1초 후 재시도합니다...
2026-05-13 17:17:58,460 [WARNING] ApprovalRadar - [네트워크/응답 오류] Expecting value: line 1 column 1 (char 0). 2초 후 재시도합니다...
2026-05-13 17:18:00,547 [WARNING] ApprovalRadar - [네트워크/응답 오류] Expecting value: line 1 column 1 (char 0). 4초 후 재시도합니다...
2026-05-13 17:18:04,214 [WARNING] ApprovalRadar - [네트워크/응답 오류] Expecting value: line 1 column 1 (char 0). 1초 후 재시도합니다...
2026-05-13 17:18:04,552 [WARNING] ApprovalRadar - 연속적인 응답 오류 발생! 해당 키가 WAF에 의해 임시 차단된 것으로 의심되어 키를 회전합니다.
2026-05-13 17:18:04,554 [ERROR] ApprovalRadar - 🚨 [긴급] 오늘자 식품나라 API 키가 모두 소진되었습니다. 크롤링이 중단됩니다.
2026-05-13 17:18:06,184 [WARNING] ApprovalRadar - [네트워크/응답 오류] HTTPConnectionPool(host='openapi.foodsafetykorea.go.kr', port=80): Read timed out. (read timeout=10). 1초 후 재시도합니다...
2026-05-13 17:18:14,592 [WARNING] ApprovalRadar - [네트워크/응답 오류] HTTPConnectionPool(host='openapi.foodsafetykorea.go.kr', port=80): Read timed out. (read timeout=10). 1초 후 재시도합니다...
2026-05-13 17:18:15,664 [WARNING] ApprovalRadar - [네트워크/응답 오류] Expecting value: line 1 column 1 (char 0). 2초 후 재시도합니다...
2026-05-13 17:18:17,235 [WARNING] ApprovalRadar - [네트워크/응답 오류] HTTPConnectionPool(host='openapi.foodsafetykorea.go.kr', port=80): Read timed out. (read timeout=10). 2초 후 재시도합니다...
2026-05-13 17:18:17,724 [WARNING] ApprovalRadar - [네트워크/응답 오류] Expecting value: line 1 column 1 (char 0). 4초 후 재시도합니다...
2026-05-13 17:18:19,299 [WARNING] ApprovalRadar - [네트워크/응답 오류] Expecting value: line 1 column 1 (char 0). 4초 후 재시도합니다...
2026-05-13 17:18:21,730 [WARNING] ApprovalRadar - 연속적인 응답 오류 발생! 해당 키가 WAF에 의해 임시 차단된 것으로 의심되어 키를 회전합니다.
2026-05-13 17:18:21,731 [ERROR] ApprovalRadar - 🚨 [긴급] 오늘자 식품나라 API 키가 모두 소진되었습니다. 크롤링이 중단됩니다.
2026-05-13 17:18:23,302 [WARNING] ApprovalRadar - 연속적인 응답 오류 발생! 해당 키가 WAF에 의해 임시 차단된 것으로 의심되어 키를 회전합니다.
2026-05-13 17:18:23,303 [ERROR] ApprovalRadar - 🚨 [긴급] 오늘자 식품나라 API 키가 모두 소진되었습니다. 크롤링이 중단됩니다.
2026-05-13 17:18:23,464 [WARNING] ApprovalRadar - [네트워크/응답 오류] Expecting value: line 1 column 1 (char 0). 1초 후 재시도합니다...
2026-05-13 17:18:24,543 [WARNING] ApprovalRadar - [네트워크/응답 오류] Expecting value: line 1 column 1 (char 0). 2초 후 재시도합니다...
2026-05-13 17:18:31,750 [WARNING] ApprovalRadar - [네트워크/응답 오류] HTTPConnectionPool(host='openapi.foodsafetykorea.go.kr', port=80): Read timed out. (read timeout=10). 1초 후 재시도합니다...
2026-05-13 17:18:36,592 [WARNING] ApprovalRadar - [네트워크/응답 오류] HTTPConnectionPool(host='openapi.foodsafetykorea.go.kr', port=80): Read timed out. (read timeout=10). 4초 후 재시도합니다...
2026-05-13 17:18:39,710 [WARNING] ApprovalRadar - [네트워크/응답 오류] Expecting value: line 1 column 1 (char 0). 1초 후 재시도합니다...
2026-05-13 17:18:40,599 [WARNING] ApprovalRadar - 연속적인 응답 오류 발생! 해당 키가 WAF에 의해 임시 차단된 것으로 의심되어 키를 회전합니다.
2026-05-13 17:18:40,601 [ERROR] ApprovalRadar - 🚨 [긴급] 오늘자 식품나라 API 키가 모두 소진되었습니다. 크롤링이 중단됩니다.
2026-05-13 17:18:42,874 [WARNING] ApprovalRadar - [네트워크/응답 오류] HTTPConnectionPool(host='openapi.foodsafetykorea.go.kr', port=80): Read timed out. (read timeout=10). 2초 후 재시도합니다...
2026-05-13 17:18:44,984 [WARNING] ApprovalRadar - [네트워크/응답 오류] Expecting value: line 1 column 1 (char 0). 4초 후 재시도합니다...
2026-05-13 17:18:48,990 [WARNING] ApprovalRadar - 연속적인 응답 오류 발생! 해당 키가 WAF에 의해 임시 차단된 것으로 의심되어 키를 회전합니다.
2026-05-13 17:18:48,994 [ERROR] ApprovalRadar - 🚨 [긴급] 오늘자 식품나라 API 키가 모두 소진되었습니다. 크롤링이 중단됩니다.
2026-05-13 17:18:49,143 [WARNING] ApprovalRadar - [네트워크/응답 오류] Expecting value: line 1 column 1 (char 0). 1초 후 재시도합니다...
2026-05-13 17:18:50,623 [WARNING] ApprovalRadar - [네트워크/응답 오류] HTTPConnectionPool(host='openapi.foodsafetykorea.go.kr', port=80): Read timed out. (read timeout=10). 1초 후 재시도합니다...
2026-05-13 17:18:51,765 [WARNING] ApprovalRadar - [네트워크/응답 오류] Expecting value: line 1 column 1 (char 0). 2초 후 재시도합니다...
2026-05-13 17:19:00,203 [WARNING] ApprovalRadar - [네트워크/응답 오류] HTTPConnectionPool(host='openapi.foodsafetykorea.go.kr', port=80): Read timed out. (read timeout=10). 2초 후 재시도합니다...
2026-05-13 17:19:02,259 [WARNING] ApprovalRadar - [네트워크/응답 오류] Expecting value: line 1 column 1 (char 0). 4초 후 재시도합니다...
2026-05-13 17:19:03,875 [WARNING] ApprovalRadar - [네트워크/응답 오류] HTTPConnectionPool(host='openapi.foodsafetykorea.go.kr', port=80): Read timed out. (read timeout=10). 4초 후 재시도합니다...
2026-05-13 17:19:06,265 [WARNING] ApprovalRadar - 연속적인 응답 오류 발생! 해당 키가 WAF에 의해 임시 차단된 것으로 의심되어 키를 회전합니다.
2026-05-13 17:19:06,268 [ERROR] ApprovalRadar - 🚨 [긴급] 오늘자 식품나라 API 키가 모두 소진되었습니다. 크롤링이 중단됩니다.
2026-05-13 17:19:06,857 [WARNING] ApprovalRadar - [네트워크/응답 오류] Expecting value: line 1 column 1 (char 0). 1초 후 재시도합니다...
2026-05-13 17:19:07,879 [WARNING] ApprovalRadar - 연속적인 응답 오류 발생! 해당 키가 WAF에 의해 임시 차단된 것으로 의심되어 키를 회전합니다.
2026-05-13 17:19:07,880 [ERROR] ApprovalRadar - 🚨 [긴급] 오늘자 식품나라 API 키가 모두 소진되었습니다. 크롤링이 중단됩니다.
2026-05-13 17:19:16,287 [WARNING] ApprovalRadar - [네트워크/응답 오류] HTTPConnectionPool(host='openapi.foodsafetykorea.go.kr', port=80): Read timed out. (read timeout=10). 1초 후 재시도합니다...
2026-05-13 17:19:17,337 [WARNING] ApprovalRadar - [네트워크/응답 오류] Expecting value: line 1 column 1 (char 0). 2초 후 재시도합니다...
2026-05-13 17:19:17,898 [WARNING] ApprovalRadar - [네트워크/응답 오류] HTTPConnectionPool(host='openapi.foodsafetykorea.go.kr', port=80): Read timed out. (read timeout=10). 1초 후 재시도합니다...
2026-05-13 17:19:19,399 [WARNING] ApprovalRadar - [네트워크/응답 오류] Expecting value: line 1 column 1 (char 0). 4초 후 재시도합니다...
2026-05-13 17:19:23,406 [WARNING] ApprovalRadar - 연속적인 응답 오류 발생! 해당 키가 WAF에 의해 임시 차단된 것으로 의심되어 키를 회전합니다.
2026-05-13 17:19:23,409 [ERROR] ApprovalRadar - 🚨 [긴급] 오늘자 식품나라 API 키가 모두 소진되었습니다. 크롤링이 중단됩니다.
2026-05-13 17:19:29,008 [WARNING] ApprovalRadar - [네트워크/응답 오류] HTTPConnectionPool(host='openapi.foodsafetykorea.go.kr', port=80): Read timed out. (read timeout=10). 2초 후 재시도합니다...
2026-05-13 17:19:31,091 [WARNING] ApprovalRadar - [네트워크/응답 오류] Expecting value: line 1 column 1 (char 0). 4초 후 재시도합니다...
2026-05-13 17:19:33,437 [WARNING] ApprovalRadar - [네트워크/응답 오류] HTTPConnectionPool(host='openapi.foodsafetykorea.go.kr', port=80): Read timed out. (read timeout=10). 1초 후 재시도합니다...
2026-05-13 17:19:35,100 [WARNING] ApprovalRadar - 연속적인 응답 오류 발생! 해당 키가 WAF에 의해 임시 차단된 것으로 의심되어 키를 회전합니다.
2026-05-13 17:19:35,102 [ERROR] ApprovalRadar - 🚨 [긴급] 오늘자 식품나라 API 키가 모두 소진되었습니다. 크롤링이 중단됩니다.
2026-05-13 17:19:35,160 [WARNING] ApprovalRadar - [네트워크/응답 오류] Expecting value: line 1 column 1 (char 0). 1초 후 재시도합니다...
2026-05-13 17:19:44,487 [WARNING] ApprovalRadar - [네트워크/응답 오류] HTTPConnectionPool(host='openapi.foodsafetykorea.go.kr', port=80): Read timed out. (read timeout=10). 2초 후 재시도합니다...
2026-05-13 17:19:46,184 [WARNING] ApprovalRadar - [네트워크/응답 오류] HTTPConnectionPool(host='openapi.foodsafetykorea.go.kr', port=80): Read timed out. (read timeout=10). 2초 후 재시도합니다...
2026-05-13 17:19:48,238 [WARNING] ApprovalRadar - [네트워크/응답 오류] Expecting value: line 1 column 1 (char 0). 4초 후 재시도합니다...
2026-05-13 17:19:52,243 [WARNING] ApprovalRadar - 연속적인 응답 오류 발생! 해당 키가 WAF에 의해 임시 차단된 것으로 의심되어 키를 회전합니다.
2026-05-13 17:19:52,244 [ERROR] ApprovalRadar - 🚨 [긴급] 오늘자 식품나라 API 키가 모두 소진되었습니다. 크롤링이 중단됩니다.
2026-05-13 17:19:57,494 [WARNING] ApprovalRadar - [네트워크/응답 오류] HTTPConnectionPool(host='openapi.foodsafetykorea.go.kr', port=80): Read timed out. (read timeout=10). 1초 후 재시도합니다...
2026-05-13 17:19:58,553 [WARNING] ApprovalRadar - [네트워크/응답 오류] Expecting value: line 1 column 1 (char 0). 2초 후 재시도합니다...
2026-05-13 17:20:00,615 [WARNING] ApprovalRadar - [네트워크/응답 오류] Expecting value: line 1 column 1 (char 0). 4초 후 재시도합니다...
2026-05-13 17:20:02,266 [WARNING] ApprovalRadar - [네트워크/응답 오류] HTTPConnectionPool(host='openapi.foodsafetykorea.go.kr', port=80): Read timed out. (read timeout=10). 1초 후 재시도합니다...
2026-05-13 17:20:03,137 [WARNING] ApprovalRadar - [네트워크/응답 오류] Expecting value: line 1 column 1 (char 0). 1초 후 재시도합니다...
2026-05-13 17:20:04,620 [WARNING] ApprovalRadar - 연속적인 응답 오류 발생! 해당 키가 WAF에 의해 임시 차단된 것으로 의심되어 키를 회전합니다.
2026-05-13 17:20:04,621 [ERROR] ApprovalRadar - 🚨 [긴급] 오늘자 식품나라 API 키가 모두 소진되었습니다. 크롤링이 중단됩니다.
2026-05-13 17:20:13,287 [WARNING] ApprovalRadar - [네트워크/응답 오류] HTTPConnectionPool(host='openapi.foodsafetykorea.go.kr', port=80): Read timed out. (read timeout=10). 2초 후 재시도합니다...
2026-05-13 17:20:14,658 [WARNING] ApprovalRadar - [네트워크/응답 오류] HTTPConnectionPool(host='openapi.foodsafetykorea.go.kr', port=80): Read timed out. (read timeout=10). 1초 후 재시도합니다...
2026-05-13 17:20:25,327 [WARNING] ApprovalRadar - [네트워크/응답 오류] HTTPConnectionPool(host='openapi.foodsafetykorea.go.kr', port=80): Read timed out. (read timeout=10). 4초 후 재시도합니다...
2026-05-13 17:20:25,690 [WARNING] ApprovalRadar - [네트워크/응답 오류] HTTPConnectionPool(host='openapi.foodsafetykorea.go.kr', port=80): Read timed out. (read timeout=10). 2초 후 재시도합니다...
2026-05-13 17:20:29,335 [WARNING] ApprovalRadar - 연속적인 응답 오류 발생! 해당 키가 WAF에 의해 임시 차단된 것으로 의심되어 키를 회전합니다.
2026-05-13 17:20:29,338 [ERROR] ApprovalRadar - 🚨 [긴급] 오늘자 식품나라 API 키가 모두 소진되었습니다. 크롤링이 중단됩니다.
2026-05-13 17:20:37,716 [WARNING] ApprovalRadar - [네트워크/응답 오류] HTTPConnectionPool(host='openapi.foodsafetykorea.go.kr', port=80): Read timed out. (read timeout=10). 4초 후 재시도합니다...
2026-05-13 17:20:39,392 [WARNING] ApprovalRadar - [네트워크/응답 오류] HTTPConnectionPool(host='openapi.foodsafetykorea.go.kr', port=80): Read timed out. (read timeout=10). 1초 후 재시도합니다...
2026-05-13 17:20:41,726 [WARNING] ApprovalRadar - 연속적인 응답 오류 발생! 해당 키가 WAF에 의해 임시 차단된 것으로 의심되어 키를 회전합니다.
2026-05-13 17:20:41,727 [ERROR] ApprovalRadar - 🚨 [긴급] 오늘자 식품나라 API 키가 모두 소진되었습니다. 크롤링이 중단됩니다.
2026-05-13 17:20:41,861 [WARNING] ApprovalRadar - [네트워크/응답 오류] Expecting value: line 1 column 1 (char 0). 1초 후 재시도합니다...
2026-05-13 17:20:44,182 [WARNING] ApprovalRadar - [네트워크/응답 오류] Expecting value: line 1 column 1 (char 0). 1초 후 재시도합니다...
2026-05-13 17:20:50,441 [WARNING] ApprovalRadar - [네트워크/응답 오류] HTTPConnectionPool(host='openapi.foodsafetykorea.go.kr', port=80): Read timed out. (read timeout=10). 2초 후 재시도합니다...
2026-05-13 17:20:52,926 [WARNING] ApprovalRadar - [네트워크/응답 오류] HTTPConnectionPool(host='openapi.foodsafetykorea.go.kr', port=80): Read timed out. (read timeout=10). 2초 후 재시도합니다...
2026-05-13 17:20:54,979 [WARNING] ApprovalRadar - [네트워크/응답 오류] Expecting value: line 1 column 1 (char 0). 4초 후 재시도합니다...
2026-05-13 17:20:58,983 [WARNING] ApprovalRadar - 연속적인 응답 오류 발생! 해당 키가 WAF에 의해 임시 차단된 것으로 의심되어 키를 회전합니다.
2026-05-13 17:20:58,984 [ERROR] ApprovalRadar - 🚨 [긴급] 오늘자 식품나라 API 키가 모두 소진되었습니다. 크롤링이 중단됩니다.
2026-05-13 17:21:03,414 [WARNING] ApprovalRadar - [네트워크/응답 오류] HTTPConnectionPool(host='openapi.foodsafetykorea.go.kr', port=80): Read timed out. (read timeout=10). 1초 후 재시도합니다...
2026-05-13 17:21:04,464 [WARNING] ApprovalRadar - [네트워크/응답 오류] Expecting value: line 1 column 1 (char 0). 2초 후 재시도합니다...
2026-05-13 17:21:06,528 [WARNING] ApprovalRadar - [네트워크/응답 오류] Expecting value: line 1 column 1 (char 0). 4초 후 재시도합니다...
2026-05-13 17:21:09,023 [WARNING] ApprovalRadar - [네트워크/응답 오류] HTTPConnectionPool(host='openapi.foodsafetykorea.go.kr', port=80): Read timed out. (read timeout=10). 1초 후 재시도합니다...
2026-05-13 17:21:10,535 [WARNING] ApprovalRadar - 연속적인 응답 오류 발생! 해당 키가 WAF에 의해 임시 차단된 것으로 의심되어 키를 회전합니다.
2026-05-13 17:21:10,537 [ERROR] ApprovalRadar - 🚨 [긴급] 오늘자 식품나라 API 키가 모두 소진되었습니다. 크롤링이 중단됩니다.
2026-05-13 17:21:10,575 [WARNING] ApprovalRadar - [네트워크/응답 오류] Expecting value: line 1 column 1 (char 0). 1초 후 재시도합니다...
2026-05-13 17:21:11,621 [WARNING] ApprovalRadar - [네트워크/응답 오류] Expecting value: line 1 column 1 (char 0). 2초 후 재시도합니다...
2026-05-13 17:21:13,688 [WARNING] ApprovalRadar - [네트워크/응답 오류] Expecting value: line 1 column 1 (char 0). 4초 후 재시도합니다...
2026-05-13 17:21:17,691 [WARNING] ApprovalRadar - 연속적인 응답 오류 발생! 해당 키가 WAF에 의해 임시 차단된 것으로 의심되어 키를 회전합니다.
2026-05-13 17:21:17,693 [ERROR] ApprovalRadar - 🚨 [긴급] 오늘자 식품나라 API 키가 모두 소진되었습니다. 크롤링이 중단됩니다.
2026-05-13 17:21:20,162 [WARNING] ApprovalRadar - [네트워크/응답 오류] HTTPConnectionPool(host='openapi.foodsafetykorea.go.kr', port=80): Read timed out. (read timeout=10). 2초 후 재시도합니다...
2026-05-13 17:21:22,252 [WARNING] ApprovalRadar - [네트워크/응답 오류] Expecting value: line 1 column 1 (char 0). 4초 후 재시도합니다...
2026-05-13 17:21:25,955 [WARNING] ApprovalRadar - [네트워크/응답 오류] HTTPConnectionPool(host='openapi.foodsafetykorea.go.kr', port=80): Read timed out. (read timeout=10). 1초 후 재시도합니다...
2026-05-13 17:21:26,255 [WARNING] ApprovalRadar - 연속적인 응답 오류 발생! 해당 키가 WAF에 의해 임시 차단된 것으로 의심되어 키를 회전합니다.
2026-05-13 17:21:26,257 [ERROR] ApprovalRadar - 🚨 [긴급] 오늘자 식품나라 API 키가 모두 소진되었습니다. 크롤링이 중단됩니다.
2026-05-13 17:21:26,315 [WARNING] ApprovalRadar - [네트워크/응답 오류] Expecting value: line 1 column 1 (char 0). 1초 후 재시도합니다...
2026-05-13 17:21:27,019 [WARNING] ApprovalRadar - [네트워크/응답 오류] Expecting value: line 1 column 1 (char 0). 2초 후 재시도합니다...
2026-05-13 17:21:27,359 [WARNING] ApprovalRadar - [네트워크/응답 오류] Expecting value: line 1 column 1 (char 0). 2초 후 재시도합니다...
2026-05-13 17:21:27,735 [WARNING] ApprovalRadar - [네트워크/응답 오류] HTTPConnectionPool(host='openapi.foodsafetykorea.go.kr', port=80): Read timed out. (read timeout=10). 1초 후 재시도합니다...
2026-05-13 17:21:29,083 [WARNING] ApprovalRadar - [네트워크/응답 오류] Expecting value: line 1 column 1 (char 0). 4초 후 재시도합니다...
2026-05-13 17:21:33,090 [WARNING] ApprovalRadar - 연속적인 응답 오류 발생! 해당 키가 WAF에 의해 임시 차단된 것으로 의심되어 키를 회전합니다.
2026-05-13 17:21:33,094 [INFO] ApprovalRadar - [키 회전] API 한도 초과! 새로운 키로 교체: 67f07***
2026-05-13 17:21:38,777 [WARNING] ApprovalRadar - [네트워크/응답 오류] HTTPConnectionPool(host='openapi.foodsafetykorea.go.kr', port=80): Read timed out. (read timeout=10). 2초 후 재시도합니다...
2026-05-13 17:21:39,397 [WARNING] ApprovalRadar - [네트워크/응답 오류] HTTPConnectionPool(host='openapi.foodsafetykorea.go.kr', port=80): Read timed out. (read timeout=10). 4초 후 재시도합니다...
2026-05-13 17:21:43,403 [WARNING] ApprovalRadar - 연속적인 응답 오류 발생! 해당 키가 WAF에 의해 임시 차단된 것으로 의심되어 키를 회전합니다.
2026-05-13 17:21:43,404 [ERROR] ApprovalRadar - 🚨 [긴급] 오늘자 식품나라 API 키가 모두 소진되었습니다. 크롤링이 중단됩니다.
2026-05-13 17:21:43,482 [WARNING] ApprovalRadar - [네트워크/응답 오류] Expecting value: line 1 column 1 (char 0). 1초 후 재시도합니다...
2026-05-13 17:21:50,822 [WARNING] ApprovalRadar - [네트워크/응답 오류] HTTPConnectionPool(host='openapi.foodsafetykorea.go.kr', port=80): Read timed out. (read timeout=10). 4초 후 재시도합니다...
2026-05-13 17:21:54,530 [WARNING] ApprovalRadar - [네트워크/응답 오류] HTTPConnectionPool(host='openapi.foodsafetykorea.go.kr', port=80): Read timed out. (read timeout=10). 2초 후 재시도합니다...
2026-05-13 17:21:54,827 [WARNING] ApprovalRadar - 연속적인 응답 오류 발생! 해당 키가 WAF에 의해 임시 차단된 것으로 의심되어 키를 회전합니다.
2026-05-13 17:21:54,830 [ERROR] ApprovalRadar - 🚨 [긴급] 오늘자 식품나라 API 키가 모두 소진되었습니다. 크롤링이 중단됩니다.
2026-05-13 17:21:56,566 [WARNING] ApprovalRadar - [네트워크/응답 오류] Expecting value: line 1 column 1 (char 0). 4초 후 재시도합니다...
2026-05-13 17:21:58,465 [WARNING] ApprovalRadar - [네트워크/응답 오류] HTTPConnectionPool(host='openapi.foodsafetykorea.go.kr', port=80): Read timed out. (read timeout=10). 1초 후 재시도합니다...
2026-05-13 17:21:59,513 [WARNING] ApprovalRadar - [네트워크/응답 오류] Expecting value: line 1 column 1 (char 0). 2초 후 재시도합니다...
2026-05-13 17:22:00,570 [WARNING] ApprovalRadar - 연속적인 응답 오류 발생! 해당 키가 WAF에 의해 임시 차단된 것으로 의심되어 키를 회전합니다.
2026-05-13 17:22:00,572 [ERROR] ApprovalRadar - 🚨 [긴급] 오늘자 식품나라 API 키가 모두 소진되었습니다. 크롤링이 중단됩니다.
2026-05-13 17:22:01,558 [WARNING] ApprovalRadar - [네트워크/응답 오류] Expecting value: line 1 column 1 (char 0). 4초 후 재시도합니다...
2026-05-13 17:22:04,874 [WARNING] ApprovalRadar - [네트워크/응답 오류] HTTPConnectionPool(host='openapi.foodsafetykorea.go.kr', port=80): Read timed out. (read timeout=10). 1초 후 재시도합니다...
2026-05-13 17:22:05,563 [WARNING] ApprovalRadar - 연속적인 응답 오류 발생! 해당 키가 WAF에 의해 임시 차단된 것으로 의심되어 키를 회전합니다.
2026-05-13 17:22:05,566 [INFO] ApprovalRadar - [키 회전] API 한도 초과! 새로운 키로 교체: e7b3f***
2026-05-13 17:22:10,611 [WARNING] ApprovalRadar - [네트워크/응답 오류] HTTPConnectionPool(host='openapi.foodsafetykorea.go.kr', port=80): Read timed out. (read timeout=10). 1초 후 재시도합니다...
2026-05-13 17:22:15,918 [WARNING] ApprovalRadar - [네트워크/응답 오류] HTTPConnectionPool(host='openapi.foodsafetykorea.go.kr', port=80): Read timed out. (read timeout=10). 2초 후 재시도합니다...
2026-05-13 17:22:21,653 [WARNING] ApprovalRadar - [네트워크/응답 오류] HTTPConnectionPool(host='openapi.foodsafetykorea.go.kr', port=80): Read timed out. (read timeout=10). 2초 후 재시도합니다...
2026-05-13 17:22:23,715 [WARNING] ApprovalRadar - [네트워크/응답 오류] Expecting value: line 1 column 1 (char 0). 4초 후 재시도합니다...
2026-05-13 17:22:27,723 [WARNING] ApprovalRadar - 연속적인 응답 오류 발생! 해당 키가 WAF에 의해 임시 차단된 것으로 의심되어 키를 회전합니다.
2026-05-13 17:22:27,727 [ERROR] ApprovalRadar - 🚨 [긴급] 오늘자 식품나라 API 키가 모두 소진되었습니다. 크롤링이 중단됩니다.
2026-05-13 17:22:27,852 [WARNING] ApprovalRadar - [네트워크/응답 오류] Expecting value: line 1 column 1 (char 0). 1초 후 재시도합니다...
2026-05-13 17:22:27,967 [WARNING] ApprovalRadar - [네트워크/응답 오류] HTTPConnectionPool(host='openapi.foodsafetykorea.go.kr', port=80): Read timed out. (read timeout=10). 4초 후 재시도합니다...
2026-05-13 17:22:31,974 [WARNING] ApprovalRadar - 연속적인 응답 오류 발생! 해당 키가 WAF에 의해 임시 차단된 것으로 의심되어 키를 회전합니다.
2026-05-13 17:22:31,978 [ERROR] ApprovalRadar - 🚨 [긴급] 오늘자 식품나라 API 키가 모두 소진되었습니다. 크롤링이 중단됩니다.
2026-05-13 17:22:32,020 [WARNING] ApprovalRadar - [네트워크/응답 오류] Expecting value: line 1 column 1 (char 0). 1초 후 재시도합니다...
2026-05-13 17:22:33,076 [WARNING] ApprovalRadar - [네트워크/응답 오류] Expecting value: line 1 column 1 (char 0). 2초 후 재시도합니다...
2026-05-13 17:22:35,140 [WARNING] ApprovalRadar - [네트워크/응답 오류] Expecting value: line 1 column 1 (char 0). 4초 후 재시도합니다...
2026-05-13 17:22:37,774 [WARNING] ApprovalRadar - [네트워크/응답 오류] HTTPConnectionPool(host='openapi.foodsafetykorea.go.kr', port=80): Read timed out. (read timeout=10). 1초 후 재시도합니다...
2026-05-13 17:22:38,836 [WARNING] ApprovalRadar - [네트워크/응답 오류] Expecting value: line 1 column 1 (char 0). 2초 후 재시도합니다...
2026-05-13 17:22:38,873 [WARNING] ApprovalRadar - [네트워크/응답 오류] HTTPConnectionPool(host='openapi.foodsafetykorea.go.kr', port=80): Read timed out. (read timeout=10). 2초 후 재시도합니다...
2026-05-13 17:22:39,146 [WARNING] ApprovalRadar - 연속적인 응답 오류 발생! 해당 키가 WAF에 의해 임시 차단된 것으로 의심되어 키를 회전합니다.
2026-05-13 17:22:39,147 [ERROR] ApprovalRadar - 🚨 [긴급] 오늘자 식품나라 API 키가 모두 소진되었습니다. 크롤링이 중단됩니다.
2026-05-13 17:22:40,931 [WARNING] ApprovalRadar - [네트워크/응답 오류] Expecting value: line 1 column 1 (char 0). 4초 후 재시도합니다...
2026-05-13 17:22:44,938 [WARNING] ApprovalRadar - 연속적인 응답 오류 발생! 해당 키가 WAF에 의해 임시 차단된 것으로 의심되어 키를 회전합니다.
2026-05-13 17:22:44,941 [ERROR] ApprovalRadar - 🚨 [긴급] 오늘자 식품나라 API 키가 모두 소진되었습니다. 크롤링이 중단됩니다.
2026-05-13 17:22:44,944 [ERROR] ApprovalRadar - Failed to fetch or update 20260582468: All API keys are exhausted for today.
2026-05-13 17:22:48,008 [WARNING] ApprovalRadar - [네트워크/응답 오류] Expecting value: line 1 column 1 (char 0). 1초 후 재시도합니다...
2026-05-13 17:22:49,184 [WARNING] ApprovalRadar - [네트워크/응답 오류] HTTPConnectionPool(host='openapi.foodsafetykorea.go.kr', port=80): Read timed out. (read timeout=10). 1초 후 재시도합니다...
2026-05-13 17:22:50,313 [WARNING] ApprovalRadar - [네트워크/응답 오류] Expecting value: line 1 column 1 (char 0). 2초 후 재시도합니다...
2026-05-13 17:22:50,864 [WARNING] ApprovalRadar - [네트워크/응답 오류] HTTPConnectionPool(host='openapi.foodsafetykorea.go.kr', port=80): Read timed out. (read timeout=10). 4초 후 재시도합니다...
2026-05-13 17:22:54,869 [WARNING] ApprovalRadar - 연속적인 응답 오류 발생! 해당 키가 WAF에 의해 임시 차단된 것으로 의심되어 키를 회전합니다.
2026-05-13 17:22:54,871 [ERROR] ApprovalRadar - 🚨 [긴급] 오늘자 식품나라 API 키가 모두 소진되었습니다. 크롤링이 중단됩니다.
2026-05-13 17:22:55,007 [WARNING] ApprovalRadar - [네트워크/응답 오류] Expecting value: line 1 column 1 (char 0). 1초 후 재시도합니다...
2026-05-13 17:22:59,055 [WARNING] ApprovalRadar - [네트워크/응답 오류] HTTPConnectionPool(host='openapi.foodsafetykorea.go.kr', port=80): Read timed out. (read timeout=10). 2초 후 재시도합니다...
2026-05-13 17:23:02,392 [WARNING] ApprovalRadar - [네트워크/응답 오류] HTTPConnectionPool(host='openapi.foodsafetykorea.go.kr', port=80): Read timed out. (read timeout=10). 4초 후 재시도합니다...
2026-05-13 17:23:06,069 [WARNING] ApprovalRadar - [네트워크/응답 오류] HTTPConnectionPool(host='openapi.foodsafetykorea.go.kr', port=80): Read timed out. (read timeout=10). 2초 후 재시도합니다...
2026-05-13 17:23:06,400 [WARNING] ApprovalRadar - 연속적인 응답 오류 발생! 해당 키가 WAF에 의해 임시 차단된 것으로 의심되어 키를 회전합니다.
2026-05-13 17:23:06,404 [ERROR] ApprovalRadar - 🚨 [긴급] 오늘자 식품나라 API 키가 모두 소진되었습니다. 크롤링이 중단됩니다.
2026-05-13 17:23:11,083 [WARNING] ApprovalRadar - [네트워크/응답 오류] HTTPConnectionPool(host='openapi.foodsafetykorea.go.kr', port=80): Read timed out. (read timeout=10). 4초 후 재시도합니다...
2026-05-13 17:23:15,086 [WARNING] ApprovalRadar - 연속적인 응답 오류 발생! 해당 키가 WAF에 의해 임시 차단된 것으로 의심되어 키를 회전합니다.
2026-05-13 17:23:15,087 [ERROR] ApprovalRadar - 🚨 [긴급] 오늘자 식품나라 API 키가 모두 소진되었습니다. 크롤링이 중단됩니다.
2026-05-13 17:23:15,088 [ERROR] ApprovalRadar - Failed to fetch or update 20260403565: All API keys are exhausted for today.
2026-05-13 17:23:16,444 [WARNING] ApprovalRadar - [네트워크/응답 오류] HTTPConnectionPool(host='openapi.foodsafetykorea.go.kr', port=80): Read timed out. (read timeout=10). 1초 후 재시도합니다...
2026-05-13 17:23:18,141 [WARNING] ApprovalRadar - [네트워크/응답 오류] HTTPConnectionPool(host='openapi.foodsafetykorea.go.kr', port=80): Read timed out. (read timeout=10). 4초 후 재시도합니다...
2026-05-13 17:23:18,146 [WARNING] ApprovalRadar - [네트워크/응답 오류] Expecting value: line 1 column 1 (char 0). 1초 후 재시도합니다...
2026-05-13 17:23:19,206 [WARNING] ApprovalRadar - [네트워크/응답 오류] Expecting value: line 1 column 1 (char 0). 2초 후 재시도합니다...
2026-05-13 17:23:21,274 [WARNING] ApprovalRadar - [네트워크/응답 오류] Expecting value: line 1 column 1 (char 0). 4초 후 재시도합니다...
2026-05-13 17:23:22,147 [WARNING] ApprovalRadar - 연속적인 응답 오류 발생! 해당 키가 WAF에 의해 임시 차단된 것으로 의심되어 키를 회전합니다.
2026-05-13 17:23:22,149 [ERROR] ApprovalRadar - 🚨 [긴급] 오늘자 식품나라 API 키가 모두 소진되었습니다. 크롤링이 중단됩니다.
2026-05-13 17:23:22,270 [WARNING] ApprovalRadar - [네트워크/응답 오류] Expecting value: line 1 column 1 (char 0). 1초 후 재시도합니다...
2026-05-13 17:23:23,374 [WARNING] ApprovalRadar - [네트워크/응답 오류] Expecting value: line 1 column 1 (char 0). 2초 후 재시도합니다...
2026-05-13 17:23:25,276 [WARNING] ApprovalRadar - 연속적인 응답 오류 발생! 해당 키가 WAF에 의해 임시 차단된 것으로 의심되어 키를 회전합니다.
2026-05-13 17:23:25,278 [ERROR] ApprovalRadar - 🚨 [긴급] 오늘자 식품나라 API 키가 모두 소진되었습니다. 크롤링이 중단됩니다.
2026-05-13 17:23:25,280 [ERROR] ApprovalRadar - Failed to fetch or update 20260403483: All API keys are exhausted for today.
2026-05-13 17:23:27,551 [WARNING] ApprovalRadar - [네트워크/응답 오류] HTTPConnectionPool(host='openapi.foodsafetykorea.go.kr', port=80): Read timed out. (read timeout=10). 2초 후 재시도합니다...
2026-05-13 17:23:35,446 [WARNING] ApprovalRadar - [네트워크/응답 오류] HTTPConnectionPool(host='openapi.foodsafetykorea.go.kr', port=80): Read timed out. (read timeout=10). 4초 후 재시도합니다...
2026-05-13 17:23:38,325 [WARNING] ApprovalRadar - [네트워크/응답 오류] HTTPConnectionPool(host='openapi.foodsafetykorea.go.kr', port=80): Read timed out. (read timeout=10). 1초 후 재시도합니다...
2026-05-13 17:23:39,450 [WARNING] ApprovalRadar - 연속적인 응답 오류 발생! 해당 키가 WAF에 의해 임시 차단된 것으로 의심되어 키를 회전합니다.
2026-05-13 17:23:39,453 [ERROR] ApprovalRadar - 🚨 [긴급] 오늘자 식품나라 API 키가 모두 소진되었습니다. 크롤링이 중단됩니다.
2026-05-13 17:23:39,620 [WARNING] ApprovalRadar - [네트워크/응답 오류] HTTPConnectionPool(host='openapi.foodsafetykorea.go.kr', port=80): Read timed out. (read timeout=10). 4초 후 재시도합니다...
2026-05-13 17:23:43,626 [WARNING] ApprovalRadar - 연속적인 응답 오류 발생! 해당 키가 WAF에 의해 임시 차단된 것으로 의심되어 키를 회전합니다.
2026-05-13 17:23:43,627 [ERROR] ApprovalRadar - 🚨 [긴급] 오늘자 식품나라 API 키가 모두 소진되었습니다. 크롤링이 중단됩니다.
2026-05-13 17:23:45,479 [WARNING] ApprovalRadar - [네트워크/응답 오류] Expecting value: line 1 column 1 (char 0). 1초 후 재시도합니다...
2026-05-13 17:23:49,481 [WARNING] ApprovalRadar - [네트워크/응답 오류] HTTPConnectionPool(host='openapi.foodsafetykorea.go.kr', port=80): Read timed out. (read timeout=10). 1초 후 재시도합니다...
2026-05-13 17:23:53,645 [WARNING] ApprovalRadar - [네트워크/응답 오류] HTTPConnectionPool(host='openapi.foodsafetykorea.go.kr', port=80): Read timed out. (read timeout=10). 1초 후 재시도합니다...
2026-05-13 17:23:56,531 [WARNING] ApprovalRadar - [네트워크/응답 오류] HTTPConnectionPool(host='openapi.foodsafetykorea.go.kr', port=80): Read timed out. (read timeout=10). 2초 후 재시도합니다...
2026-05-13 17:24:00,616 [WARNING] ApprovalRadar - [네트워크/응답 오류] HTTPConnectionPool(host='openapi.foodsafetykorea.go.kr', port=80): Read timed out. (read timeout=10). 2초 후 재시도합니다...
2026-05-13 17:24:02,671 [WARNING] ApprovalRadar - [네트워크/응답 오류] Expecting value: line 1 column 1 (char 0). 4초 후 재시도합니다...
2026-05-13 17:24:04,689 [WARNING] ApprovalRadar - [네트워크/응답 오류] HTTPConnectionPool(host='openapi.foodsafetykorea.go.kr', port=80): Read timed out. (read timeout=10). 2초 후 재시도합니다...
2026-05-13 17:24:06,677 [WARNING] ApprovalRadar - 연속적인 응답 오류 발생! 해당 키가 WAF에 의해 임시 차단된 것으로 의심되어 키를 회전합니다.
2026-05-13 17:24:06,679 [ERROR] ApprovalRadar - 🚨 [긴급] 오늘자 식품나라 API 키가 모두 소진되었습니다. 크롤링이 중단됩니다.
2026-05-13 17:24:08,127 [WARNING] ApprovalRadar - [네트워크/응답 오류] Expecting value: line 1 column 1 (char 0). 1초 후 재시도합니다...
2026-05-13 17:24:09,188 [WARNING] ApprovalRadar - [네트워크/응답 오류] Expecting value: line 1 column 1 (char 0). 2초 후 재시도합니다...
2026-05-13 17:24:16,701 [WARNING] ApprovalRadar - [네트워크/응답 오류] HTTPConnectionPool(host='openapi.foodsafetykorea.go.kr', port=80): Read timed out. (read timeout=10). 1초 후 재시도합니다...
2026-05-13 17:24:16,717 [WARNING] ApprovalRadar - [네트워크/응답 오류] HTTPConnectionPool(host='openapi.foodsafetykorea.go.kr', port=80): Read timed out. (read timeout=10). 4초 후 재시도합니다...
2026-05-13 17:24:20,723 [WARNING] ApprovalRadar - 연속적인 응답 오류 발생! 해당 키가 WAF에 의해 임시 차단된 것으로 의심되어 키를 회전합니다.
2026-05-13 17:24:20,725 [ERROR] ApprovalRadar - 🚨 [긴급] 오늘자 식품나라 API 키가 모두 소진되었습니다. 크롤링이 중단됩니다.
2026-05-13 17:24:20,788 [WARNING] ApprovalRadar - [네트워크/응답 오류] Expecting value: line 1 column 1 (char 0). 1초 후 재시도합니다...
2026-05-13 17:24:23,138 [WARNING] ApprovalRadar - [네트워크/응답 오류] Expecting value: line 1 column 1 (char 0). 1초 후 재시도합니다...
2026-05-13 17:24:24,202 [WARNING] ApprovalRadar - [네트워크/응답 오류] Expecting value: line 1 column 1 (char 0). 2초 후 재시도합니다...
2026-05-13 17:24:27,748 [WARNING] ApprovalRadar - [네트워크/응답 오류] HTTPConnectionPool(host='openapi.foodsafetykorea.go.kr', port=80): Read timed out. (read timeout=10). 2초 후 재시도합니다...
2026-05-13 17:24:31,815 [WARNING] ApprovalRadar - [네트워크/응답 오류] HTTPConnectionPool(host='openapi.foodsafetykorea.go.kr', port=80): Read timed out. (read timeout=10). 2초 후 재시도합니다...
2026-05-13 17:24:33,874 [WARNING] ApprovalRadar - [네트워크/응답 오류] Expecting value: line 1 column 1 (char 0). 4초 후 재시도합니다...
2026-05-13 17:24:37,877 [WARNING] ApprovalRadar - 연속적인 응답 오류 발생! 해당 키가 WAF에 의해 임시 차단된 것으로 의심되어 키를 회전합니다.
2026-05-13 17:24:37,879 [ERROR] ApprovalRadar - 🚨 [긴급] 오늘자 식품나라 API 키가 모두 소진되었습니다. 크롤링이 중단됩니다.
2026-05-13 17:24:37,940 [WARNING] ApprovalRadar - [네트워크/응답 오류] Expecting value: line 1 column 1 (char 0). 1초 후 재시도합니다...
2026-05-13 17:24:38,998 [WARNING] ApprovalRadar - [네트워크/응답 오류] Expecting value: line 1 column 1 (char 0). 2초 후 재시도합니다...
2026-05-13 17:24:39,794 [WARNING] ApprovalRadar - [네트워크/응답 오류] HTTPConnectionPool(host='openapi.foodsafetykorea.go.kr', port=80): Read timed out. (read timeout=10). 4초 후 재시도합니다...
2026-05-13 17:24:40,535 [WARNING] ApprovalRadar - [네트워크/응답 오류] HTTPConnectionPool(host='openapi.foodsafetykorea.go.kr', port=80): Read timed out. (read timeout=10). 1초 후 재시도합니다...
2026-05-13 17:24:41,060 [WARNING] ApprovalRadar - [네트워크/응답 오류] Expecting value: line 1 column 1 (char 0). 4초 후 재시도합니다...
2026-05-13 17:24:43,796 [WARNING] ApprovalRadar - 연속적인 응답 오류 발생! 해당 키가 WAF에 의해 임시 차단된 것으로 의심되어 키를 회전합니다.
2026-05-13 17:24:43,799 [ERROR] ApprovalRadar - 🚨 [긴급] 오늘자 식품나라 API 키가 모두 소진되었습니다. 크롤링이 중단됩니다.
2026-05-13 17:24:45,067 [WARNING] ApprovalRadar - 연속적인 응답 오류 발생! 해당 키가 WAF에 의해 임시 차단된 것으로 의심되어 키를 회전합니다.
2026-05-13 17:24:45,069 [ERROR] ApprovalRadar - 🚨 [긴급] 오늘자 식품나라 API 키가 모두 소진되었습니다. 크롤링이 중단됩니다.
2026-05-13 17:24:45,159 [WARNING] ApprovalRadar - [네트워크/응답 오류] Expecting value: line 1 column 1 (char 0). 1초 후 재시도합니다...
2026-05-13 17:24:53,849 [WARNING] ApprovalRadar - [네트워크/응답 오류] HTTPConnectionPool(host='openapi.foodsafetykorea.go.kr', port=80): Read timed out. (read timeout=10). 1초 후 재시도합니다...
2026-05-13 17:24:56,207 [WARNING] ApprovalRadar - [네트워크/응답 오류] HTTPConnectionPool(host='openapi.foodsafetykorea.go.kr', port=80): Read timed out. (read timeout=10). 2초 후 재시도합니다...
2026-05-13 17:24:58,263 [WARNING] ApprovalRadar - [네트워크/응답 오류] Expecting value: line 1 column 1 (char 0). 4초 후 재시도합니다...
2026-05-13 17:25:02,161 [WARNING] ApprovalRadar - [네트워크/응답 오류] HTTPConnectionPool(host='openapi.foodsafetykorea.go.kr', port=80): Read timed out. (read timeout=10). 1초 후 재시도합니다...
2026-05-13 17:25:02,270 [WARNING] ApprovalRadar - 연속적인 응답 오류 발생! 해당 키가 WAF에 의해 임시 차단된 것으로 의심되어 키를 회전합니다.
2026-05-13 17:25:02,272 [ERROR] ApprovalRadar - 🚨 [긴급] 오늘자 식품나라 API 키가 모두 소진되었습니다. 크롤링이 중단됩니다.
2026-05-13 17:25:03,220 [WARNING] ApprovalRadar - [네트워크/응답 오류] Expecting value: line 1 column 1 (char 0). 2초 후 재시도합니다...
2026-05-13 17:25:04,866 [WARNING] ApprovalRadar - [네트워크/응답 오류] HTTPConnectionPool(host='openapi.foodsafetykorea.go.kr', port=80): Read timed out. (read timeout=10). 2초 후 재시도합니다...
2026-05-13 17:25:06,903 [WARNING] ApprovalRadar - [네트워크/응답 오류] Expecting value: line 1 column 1 (char 0). 4초 후 재시도합니다...
2026-05-13 17:25:10,909 [WARNING] ApprovalRadar - 연속적인 응답 오류 발생! 해당 키가 WAF에 의해 임시 차단된 것으로 의심되어 키를 회전합니다.
2026-05-13 17:25:10,911 [ERROR] ApprovalRadar - 🚨 [긴급] 오늘자 식품나라 API 키가 모두 소진되었습니다. 크롤링이 중단됩니다.
2026-05-13 17:25:10,972 [WARNING] ApprovalRadar - [네트워크/응답 오류] Expecting value: line 1 column 1 (char 0). 1초 후 재시도합니다...
2026-05-13 17:25:12,016 [WARNING] ApprovalRadar - [네트워크/응답 오류] Expecting value: line 1 column 1 (char 0). 2초 후 재시도합니다...
2026-05-13 17:25:12,312 [WARNING] ApprovalRadar - [네트워크/응답 오류] HTTPConnectionPool(host='openapi.foodsafetykorea.go.kr', port=80): Read timed out. (read timeout=10). 1초 후 재시도합니다...
2026-05-13 17:25:13,441 [WARNING] ApprovalRadar - [네트워크/응답 오류] Expecting value: line 1 column 1 (char 0). 2초 후 재시도합니다...
2026-05-13 17:25:14,073 [WARNING] ApprovalRadar - [네트워크/응답 오류] Expecting value: line 1 column 1 (char 0). 4초 후 재시도합니다...
2026-05-13 17:25:15,266 [WARNING] ApprovalRadar - [네트워크/응답 오류] HTTPConnectionPool(host='openapi.foodsafetykorea.go.kr', port=80): Read timed out. (read timeout=10). 4초 후 재시도합니다...
2026-05-13 17:25:15,555 [WARNING] ApprovalRadar - [네트워크/응답 오류] Expecting value: line 1 column 1 (char 0). 4초 후 재시도합니다...
2026-05-13 17:25:18,080 [WARNING] ApprovalRadar - 연속적인 응답 오류 발생! 해당 키가 WAF에 의해 임시 차단된 것으로 의심되어 키를 회전합니다.
2026-05-13 17:25:18,082 [ERROR] ApprovalRadar - 🚨 [긴급] 오늘자 식품나라 API 키가 모두 소진되었습니다. 크롤링이 중단됩니다.
2026-05-13 17:25:19,270 [WARNING] ApprovalRadar - 연속적인 응답 오류 발생! 해당 키가 WAF에 의해 임시 차단된 것으로 의심되어 키를 회전합니다.
2026-05-13 17:25:19,272 [ERROR] ApprovalRadar - 🚨 [긴급] 오늘자 식품나라 API 키가 모두 소진되었습니다. 크롤링이 중단됩니다.
2026-05-13 17:25:19,273 [ERROR] ApprovalRadar - Failed to fetch or update 20260385235: All API keys are exhausted for today.
2026-05-13 17:25:19,558 [WARNING] ApprovalRadar - 연속적인 응답 오류 발생! 해당 키가 WAF에 의해 임시 차단된 것으로 의심되어 키를 회전합니다.
2026-05-13 17:25:19,559 [ERROR] ApprovalRadar - 🚨 [긴급] 오늘자 식품나라 API 키가 모두 소진되었습니다. 크롤링이 중단됩니다.
2026-05-13 17:25:19,624 [WARNING] ApprovalRadar - [네트워크/응답 오류] Expecting value: line 1 column 1 (char 0). 1초 후 재시도합니다...
2026-05-13 17:25:28,174 [WARNING] ApprovalRadar - [네트워크/응답 오류] HTTPConnectionPool(host='openapi.foodsafetykorea.go.kr', port=80): Read timed out. (read timeout=10). 1초 후 재시도합니다...
2026-05-13 17:25:30,666 [WARNING] ApprovalRadar - [네트워크/응답 오류] HTTPConnectionPool(host='openapi.foodsafetykorea.go.kr', port=80): Read timed out. (read timeout=10). 2초 후 재시도합니다...
2026-05-13 17:25:32,364 [WARNING] ApprovalRadar - [네트워크/응답 오류] HTTPConnectionPool(host='openapi.foodsafetykorea.go.kr', port=80): Read timed out. (read timeout=10). 1초 후 재시도합니다...
2026-05-13 17:25:33,405 [WARNING] ApprovalRadar - [네트워크/응답 오류] Expecting value: line 1 column 1 (char 0). 2초 후 재시도합니다...
2026-05-13 17:25:35,489 [WARNING] ApprovalRadar - [네트워크/응답 오류] Expecting value: line 1 column 1 (char 0). 4초 후 재시도합니다...
2026-05-13 17:25:35,776 [INFO] ApprovalRadar - Starting DiffCrawler Delta Sync Job for I2859...
2026-05-13 17:25:35,830 [INFO] ApprovalRadar - [키 회전] API 한도 초과! 새로운 키로 교체: f1282***
2026-05-13 17:25:35,831 [WARNING] ApprovalRadar - 키 회전 후 3.0초 대기...
2026-05-13 17:25:39,223 [WARNING] ApprovalRadar - [네트워크/응답 오류] HTTPConnectionPool(host='openapi.foodsafetykorea.go.kr', port=80): Read timed out. (read timeout=10). 2초 후 재시도합니다...
2026-05-13 17:25:39,493 [WARNING] ApprovalRadar - 연속적인 응답 오류 발생! 해당 키가 WAF에 의해 임시 차단된 것으로 의심되어 키를 회전합니다.
2026-05-13 17:25:39,496 [ERROR] ApprovalRadar - 🚨 [긴급] 오늘자 식품나라 API 키가 모두 소진되었습니다. 크롤링이 중단됩니다.
2026-05-13 17:25:39,497 [ERROR] ApprovalRadar - Failed to fetch or update 20260391243: All API keys are exhausted for today.
2026-05-13 17:25:41,271 [WARNING] ApprovalRadar - [네트워크/응답 오류] Expecting value: line 1 column 1 (char 0). 4초 후 재시도합니다...
2026-05-13 17:25:42,550 [WARNING] ApprovalRadar - [네트워크/응답 오류] Expecting value: line 1 column 1 (char 0). 1초 후 재시도합니다...
2026-05-13 17:25:42,710 [WARNING] ApprovalRadar - [네트워크/응답 오류] HTTPConnectionPool(host='openapi.foodsafetykorea.go.kr', port=80): Read timed out. (read timeout=10). 4초 후 재시도합니다...
2026-05-13 17:25:45,278 [WARNING] ApprovalRadar - 연속적인 응답 오류 발생! 해당 키가 WAF에 의해 임시 차단된 것으로 의심되어 키를 회전합니다.
2026-05-13 17:25:45,281 [ERROR] ApprovalRadar - 🚨 [긴급] 오늘자 식품나라 API 키가 모두 소진되었습니다. 크롤링이 중단됩니다.
2026-05-13 17:25:46,716 [WARNING] ApprovalRadar - 연속적인 응답 오류 발생! 해당 키가 WAF에 의해 임시 차단된 것으로 의심되어 키를 회전합니다.
2026-05-13 17:25:46,718 [ERROR] ApprovalRadar - 🚨 [긴급] 오늘자 식품나라 API 키가 모두 소진되었습니다. 크롤링이 중단됩니다.
2026-05-13 17:25:46,781 [WARNING] ApprovalRadar - [네트워크/응답 오류] Expecting value: line 1 column 1 (char 0). 1초 후 재시도합니다...
2026-05-13 17:25:48,876 [WARNING] ApprovalRadar - [네트워크/응답 오류] HTTPConnectionPool(host='openapi.foodsafetykorea.go.kr', port=80): Read timed out. (read timeout=10). 1초 후 재시도합니다...
2026-05-13 17:25:53,574 [WARNING] ApprovalRadar - [네트워크/응답 오류] HTTPConnectionPool(host='openapi.foodsafetykorea.go.kr', port=80): Read timed out. (read timeout=10). 2초 후 재시도합니다...
2026-05-13 17:25:55,301 [WARNING] ApprovalRadar - [네트워크/응답 오류] HTTPConnectionPool(host='openapi.foodsafetykorea.go.kr', port=80): Read timed out. (read timeout=10). 1초 후 재시도합니다...
2026-05-13 17:25:55,637 [WARNING] ApprovalRadar - [네트워크/응답 오류] Expecting value: line 1 column 1 (char 0). 4초 후 재시도합니다...
2026-05-13 17:25:57,826 [WARNING] ApprovalRadar - [네트워크/응답 오류] HTTPConnectionPool(host='openapi.foodsafetykorea.go.kr', port=80): Read timed out. (read timeout=10). 2초 후 재시도합니다...
2026-05-13 17:25:59,644 [WARNING] ApprovalRadar - 연속적인 응답 오류 발생! 해당 키가 WAF에 의해 임시 차단된 것으로 의심되어 키를 회전합니다.
2026-05-13 17:25:59,648 [ERROR] ApprovalRadar - 🚨 [긴급] 오늘자 식품나라 API 키가 모두 소진되었습니다. 크롤링이 중단됩니다.
2026-05-13 17:25:59,650 [ERROR] ApprovalRadar - Failed to fetch or update 20260385227: All API keys are exhausted for today.
2026-05-13 17:25:59,863 [WARNING] ApprovalRadar - [네트워크/응답 오류] Expecting value: line 1 column 1 (char 0). 4초 후 재시도합니다...
2026-05-13 17:25:59,898 [WARNING] ApprovalRadar - [네트워크/응답 오류] HTTPConnectionPool(host='openapi.foodsafetykorea.go.kr', port=80): Read timed out. (read timeout=10). 2초 후 재시도합니다...
2026-05-13 17:26:01,959 [WARNING] ApprovalRadar - [네트워크/응답 오류] Expecting value: line 1 column 1 (char 0). 4초 후 재시도합니다...
2026-05-13 17:26:02,754 [WARNING] ApprovalRadar - [네트워크/응답 오류] Expecting value: line 1 column 1 (char 0). 1초 후 재시도합니다...
2026-05-13 17:26:03,869 [WARNING] ApprovalRadar - 연속적인 응답 오류 발생! 해당 키가 WAF에 의해 임시 차단된 것으로 의심되어 키를 회전합니다.
2026-05-13 17:26:03,873 [ERROR] ApprovalRadar - 🚨 [긴급] 오늘자 식품나라 API 키가 모두 소진되었습니다. 크롤링이 중단됩니다.
2026-05-13 17:26:03,941 [WARNING] ApprovalRadar - [네트워크/응답 오류] Expecting value: line 1 column 1 (char 0). 1초 후 재시도합니다...
2026-05-13 17:26:04,999 [WARNING] ApprovalRadar - [네트워크/응답 오류] Expecting value: line 1 column 1 (char 0). 2초 후 재시도합니다...
2026-05-13 17:26:05,964 [WARNING] ApprovalRadar - 연속적인 응답 오류 발생! 해당 키가 WAF에 의해 임시 차단된 것으로 의심되어 키를 회전합니다.
2026-05-13 17:26:05,965 [INFO] ApprovalRadar - [키 회전] API 한도 초과! 새로운 키로 교체: ba698***
2026-05-13 17:26:06,414 [WARNING] ApprovalRadar - [네트워크/응답 오류] HTTPConnectionPool(host='openapi.foodsafetykorea.go.kr', port=80): Read timed out. (read timeout=10). 2초 후 재시도합니다...
2026-05-13 17:26:13,804 [WARNING] ApprovalRadar - [네트워크/응답 오류] HTTPConnectionPool(host='openapi.foodsafetykorea.go.kr', port=80): Read timed out. (read timeout=10). 2초 후 재시도합니다...
2026-05-13 17:26:17,041 [WARNING] ApprovalRadar - [네트워크/응답 오류] HTTPConnectionPool(host='openapi.foodsafetykorea.go.kr', port=80): Read timed out. (read timeout=10). 4초 후 재시도합니다...
2026-05-13 17:26:18,507 [WARNING] ApprovalRadar - [네트워크/응답 오류] HTTPConnectionPool(host='openapi.foodsafetykorea.go.kr', port=80): Read timed out. (read timeout=10). 4초 후 재시도합니다...
2026-05-13 17:26:19,026 [WARNING] ApprovalRadar - [네트워크/응답 오류] HTTPConnectionPool(host='openapi.foodsafetykorea.go.kr', port=80): Read timed out. (read timeout=10). 8초 후 재시도합니다...
2026-05-13 17:26:21,048 [WARNING] ApprovalRadar - 연속적인 응답 오류 발생! 해당 키가 WAF에 의해 임시 차단된 것으로 의심되어 키를 회전합니다.
2026-05-13 17:26:21,050 [ERROR] ApprovalRadar - 🚨 [긴급] 오늘자 식품나라 API 키가 모두 소진되었습니다. 크롤링이 중단됩니다.
2026-05-13 17:26:22,512 [WARNING] ApprovalRadar - 연속적인 응답 오류 발생! 해당 키가 WAF에 의해 임시 차단된 것으로 의심되어 키를 회전합니다.
2026-05-13 17:26:22,516 [ERROR] ApprovalRadar - 🚨 [긴급] 오늘자 식품나라 API 키가 모두 소진되었습니다. 크롤링이 중단됩니다.
2026-05-13 17:26:22,647 [WARNING] ApprovalRadar - [네트워크/응답 오류] Expecting value: line 1 column 1 (char 0). 1초 후 재시도합니다...
2026-05-13 17:26:25,845 [WARNING] ApprovalRadar - [네트워크/응답 오류] HTTPConnectionPool(host='openapi.foodsafetykorea.go.kr', port=80): Read timed out. (read timeout=10). 4초 후 재시도합니다...
2026-05-13 17:26:27,033 [WARNING] ApprovalRadar - 연속적인 응답 오류 발생! 해당 키가 WAF에 의해 임시 차단된 것으로 의심되어 키를 회전합니다.
2026-05-13 17:26:27,036 [INFO] ApprovalRadar - [키 회전] API 한도 초과! 새로운 키로 교체: 67f07***
2026-05-13 17:26:29,850 [WARNING] ApprovalRadar - 연속적인 응답 오류 발생! 해당 키가 WAF에 의해 임시 차단된 것으로 의심되어 키를 회전합니다.
2026-05-13 17:26:29,852 [ERROR] ApprovalRadar - 🚨 [긴급] 오늘자 식품나라 API 키가 모두 소진되었습니다. 크롤링이 중단됩니다.
2026-05-13 17:26:29,853 [ERROR] ApprovalRadar - Failed to fetch or update 20260050323: All API keys are exhausted for today.
2026-05-13 17:26:31,089 [WARNING] ApprovalRadar - [네트워크/응답 오류] HTTPConnectionPool(host='openapi.foodsafetykorea.go.kr', port=80): Read timed out. (read timeout=10). 1초 후 재시도합니다...
2026-05-13 17:26:32,898 [WARNING] ApprovalRadar - [네트워크/응답 오류] Expecting value: line 1 column 1 (char 0). 1초 후 재시도합니다...
2026-05-13 17:26:33,707 [WARNING] ApprovalRadar - [네트워크/응답 오류] HTTPConnectionPool(host='openapi.foodsafetykorea.go.kr', port=80): Read timed out. (read timeout=10). 2초 후 재시도합니다...
2026-05-13 17:26:33,970 [WARNING] ApprovalRadar - [네트워크/응답 오류] Expecting value: line 1 column 1 (char 0). 2초 후 재시도합니다...
2026-05-13 17:26:35,777 [WARNING] ApprovalRadar - [네트워크/응답 오류] Expecting value: line 1 column 1 (char 0). 4초 후 재시도합니다...
2026-05-13 17:26:36,030 [WARNING] ApprovalRadar - [네트워크/응답 오류] Expecting value: line 1 column 1 (char 0). 4초 후 재시도합니다...
2026-05-13 17:26:39,783 [WARNING] ApprovalRadar - 연속적인 응답 오류 발생! 해당 키가 WAF에 의해 임시 차단된 것으로 의심되어 키를 회전합니다.
2026-05-13 17:26:39,785 [ERROR] ApprovalRadar - 🚨 [긴급] 오늘자 식품나라 API 키가 모두 소진되었습니다. 크롤링이 중단됩니다.
2026-05-13 17:26:39,926 [WARNING] ApprovalRadar - [네트워크/응답 오류] Expecting value: line 1 column 1 (char 0). 1초 후 재시도합니다...
2026-05-13 17:26:40,033 [WARNING] ApprovalRadar - 연속적인 응답 오류 발생! 해당 키가 WAF에 의해 임시 차단된 것으로 의심되어 키를 회전합니다.
2026-05-13 17:26:40,034 [ERROR] ApprovalRadar - 🚨 [긴급] 오늘자 식품나라 API 키가 모두 소진되었습니다. 크롤링이 중단됩니다.
2026-05-13 17:26:40,035 [ERROR] ApprovalRadar - Failed to fetch or update 20260050310: All API keys are exhausted for today.
2026-05-13 17:26:40,055 [WARNING] ApprovalRadar - [네트워크/응답 오류] HTTPConnectionPool(host='openapi.foodsafetykorea.go.kr', port=80): Read timed out. (read timeout=10). 16초 후 재시도합니다...
2026-05-13 17:26:41,024 [WARNING] ApprovalRadar - [네트워크/응답 오류] Expecting value: line 1 column 1 (char 0). 2초 후 재시도합니다...
2026-05-13 17:26:42,137 [WARNING] ApprovalRadar - [네트워크/응답 오류] HTTPConnectionPool(host='openapi.foodsafetykorea.go.kr', port=80): Read timed out. (read timeout=10). 2초 후 재시도합니다...
2026-05-13 17:26:43,119 [WARNING] ApprovalRadar - [네트워크/응답 오류] Expecting value: line 1 column 1 (char 0). 1초 후 재시도합니다...
2026-05-13 17:26:44,198 [WARNING] ApprovalRadar - [네트워크/응답 오류] Expecting value: line 1 column 1 (char 0). 4초 후 재시도합니다...
2026-05-13 17:26:48,206 [WARNING] ApprovalRadar - 연속적인 응답 오류 발생! 해당 키가 WAF에 의해 임시 차단된 것으로 의심되어 키를 회전합니다.
2026-05-13 17:26:48,207 [ERROR] ApprovalRadar - 🚨 [긴급] 오늘자 식품나라 API 키가 모두 소진되었습니다. 크롤링이 중단됩니다.
2026-05-13 17:26:48,330 [WARNING] ApprovalRadar - [네트워크/응답 오류] Expecting value: line 1 column 1 (char 0). 1초 후 재시도합니다...
2026-05-13 17:26:53,101 [WARNING] ApprovalRadar - [네트워크/응답 오류] HTTPConnectionPool(host='openapi.foodsafetykorea.go.kr', port=80): Read timed out. (read timeout=10). 4초 후 재시도합니다...
2026-05-13 17:26:54,162 [WARNING] ApprovalRadar - [네트워크/응답 오류] HTTPConnectionPool(host='openapi.foodsafetykorea.go.kr', port=80): Read timed out. (read timeout=10). 2초 후 재시도합니다...
2026-05-13 17:26:56,061 [WARNING] ApprovalRadar - 연속적인 응답 오류 발생! 해당 키가 WAF에 의해 임시 차단된 것으로 의심되어 키를 회전합니다.
2026-05-13 17:26:56,063 [INFO] ApprovalRadar - [키 회전] API 한도 초과! 새로운 키로 교체: e7b3f***
2026-05-13 17:26:57,106 [WARNING] ApprovalRadar - 연속적인 응답 오류 발생! 해당 키가 WAF에 의해 임시 차단된 것으로 의심되어 키를 회전합니다.
2026-05-13 17:26:57,108 [ERROR] ApprovalRadar - 🚨 [긴급] 오늘자 식품나라 API 키가 모두 소진되었습니다. 크롤링이 중단됩니다.
2026-05-13 17:26:57,245 [WARNING] ApprovalRadar - [네트워크/응답 오류] Expecting value: line 1 column 1 (char 0). 1초 후 재시도합니다...
2026-05-13 17:26:58,324 [WARNING] ApprovalRadar - [네트워크/응답 오류] Expecting value: line 1 column 1 (char 0). 2초 후 재시도합니다...
2026-05-13 17:26:59,067 [ERROR] ApprovalRadar - ❌ 최대 재시도 횟수(5) 초과. API 요청 완전 실패: 22417~22417
2026-05-13 17:26:59,068 [ERROR] ApprovalRadar - ❌ I2859 크롤러 스케줄 작업 중 치명적인 오류 발생: 식품나라 API 서버 통신 실패 (최대 재시도 초과): 22417~22417
2026-05-13 17:26:59,070 [INFO] ApprovalRadar - Starting DiffCrawler Delta Sync Job for I2500...
2026-05-13 17:26:59,072 [INFO] ApprovalRadar - 최초 실행: 베이스라인 부트스트랩을 시작합니다...
2026-05-13 17:26:59,073 [INFO] ApprovalRadar - [Bootstrapper] True Tail(실제 마지막 데이터) 찾는 중...
2026-05-13 17:26:59,158 [INFO] ApprovalRadar - [키 회전] API 한도 초과! 새로운 키로 교체: f1282***
2026-05-13 17:26:59,159 [WARNING] ApprovalRadar - 키 회전 후 3.0초 대기...
2026-05-13 17:26:59,398 [WARNING] ApprovalRadar - [네트워크/응답 오류] HTTPConnectionPool(host='openapi.foodsafetykorea.go.kr', port=80): Read timed out. (read timeout=10). 2초 후 재시도합니다...
2026-05-13 17:27:01,477 [WARNING] ApprovalRadar - [네트워크/응답 오류] Expecting value: line 1 column 1 (char 0). 4초 후 재시도합니다...
2026-05-13 17:27:05,484 [WARNING] ApprovalRadar - 연속적인 응답 오류 발생! 해당 키가 WAF에 의해 임시 차단된 것으로 의심되어 키를 회전합니다.
2026-05-13 17:27:05,487 [ERROR] ApprovalRadar - 🚨 [긴급] 오늘자 식품나라 API 키가 모두 소진되었습니다. 크롤링이 중단됩니다.
2026-05-13 17:27:05,636 [WARNING] ApprovalRadar - [네트워크/응답 오류] Expecting value: line 1 column 1 (char 0). 1초 후 재시도합니다...
2026-05-13 17:27:06,208 [WARNING] ApprovalRadar - [네트워크/응답 오류] HTTPConnectionPool(host='openapi.foodsafetykorea.go.kr', port=80): Read timed out. (read timeout=10). 4초 후 재시도합니다...
2026-05-13 17:27:10,212 [WARNING] ApprovalRadar - 연속적인 응답 오류 발생! 해당 키가 WAF에 의해 임시 차단된 것으로 의심되어 키를 회전합니다.
2026-05-13 17:27:10,214 [ERROR] ApprovalRadar - 🚨 [긴급] 오늘자 식품나라 API 키가 모두 소진되었습니다. 크롤링이 중단됩니다.
2026-05-13 17:27:10,215 [ERROR] ApprovalRadar - Failed to fetch or update 20260050316: All API keys are exhausted for today.
2026-05-13 17:27:10,385 [WARNING] ApprovalRadar - [네트워크/응답 오류] HTTPConnectionPool(host='openapi.foodsafetykorea.go.kr', port=80): Read timed out. (read timeout=10). 4초 후 재시도합니다...
2026-05-13 17:27:12,214 [WARNING] ApprovalRadar - [네트워크/응답 오류] HTTPConnectionPool(host='openapi.foodsafetykorea.go.kr', port=80): Read timed out. (read timeout=10). 1초 후 재시도합니다...
2026-05-13 17:27:13,274 [WARNING] ApprovalRadar - [네트워크/응답 오류] Expecting value: line 1 column 1 (char 0). 2초 후 재시도합니다...
2026-05-13 17:27:14,390 [WARNING] ApprovalRadar - 연속적인 응답 오류 발생! 해당 키가 WAF에 의해 임시 차단된 것으로 의심되어 키를 회전합니다.
2026-05-13 17:27:14,391 [ERROR] ApprovalRadar - 🚨 [긴급] 오늘자 식품나라 API 키가 모두 소진되었습니다. 크롤링이 중단됩니다.
2026-05-13 17:27:16,697 [WARNING] ApprovalRadar - [네트워크/응답 오류] HTTPConnectionPool(host='openapi.foodsafetykorea.go.kr', port=80): Read timed out. (read timeout=10). 2초 후 재시도합니다...
2026-05-13 17:27:21,232 [INFO] ApprovalRadar - Shutting down APScheduler...
2026-05-13 17:27:23,238 [WARNING] ApprovalRadar - [네트워크/응답 오류] HTTPConnectionPool(host='openapi.foodsafetykorea.go.kr', port=80): Read timed out. (read timeout=10). 1초 후 재시도합니다...
2026-05-13 17:27:24,428 [WARNING] ApprovalRadar - [네트워크/응답 오류] HTTPConnectionPool(host='openapi.foodsafetykorea.go.kr', port=80): Read timed out. (read timeout=10). 1초 후 재시도합니다...
2026-05-13 17:27:25,322 [WARNING] ApprovalRadar - [네트워크/응답 오류] HTTPConnectionPool(host='openapi.foodsafetykorea.go.kr', port=80): Read timed out. (read timeout=10). 4초 후 재시도합니다...
2026-05-13 17:27:28,756 [WARNING] ApprovalRadar - [네트워크/응답 오류] HTTPConnectionPool(host='openapi.foodsafetykorea.go.kr', port=80): Read timed out. (read timeout=10). 4초 후 재시도합니다...
2026-05-13 17:27:29,329 [WARNING] ApprovalRadar - 연속적인 응답 오류 발생! 해당 키가 WAF에 의해 임시 차단된 것으로 의심되어 키를 회전합니다.
2026-05-13 17:27:29,333 [INFO] ApprovalRadar - [키 회전] API 한도 초과! 새로운 키로 교체: ba698***
2026-05-13 17:27:32,762 [WARNING] ApprovalRadar - 연속적인 응답 오류 발생! 해당 키가 WAF에 의해 임시 차단된 것으로 의심되어 키를 회전합니다.
2026-05-13 17:27:32,767 [ERROR] ApprovalRadar - 🚨 [긴급] 오늘자 식품나라 API 키가 모두 소진되었습니다. 크롤링이 중단됩니다.
2026-05-13 17:27:32,897 [WARNING] ApprovalRadar - [네트워크/응답 오류] Expecting value: line 1 column 1 (char 0). 1초 후 재시도합니다...
2026-05-13 17:27:33,997 [WARNING] ApprovalRadar - [네트워크/응답 오류] Expecting value: line 1 column 1 (char 0). 2초 후 재시도합니다...
2026-05-13 17:27:34,290 [WARNING] ApprovalRadar - [네트워크/응답 오류] HTTPConnectionPool(host='openapi.foodsafetykorea.go.kr', port=80): Read timed out. (read timeout=10). 2초 후 재시도합니다...
2026-05-13 17:27:35,541 [WARNING] ApprovalRadar - [네트워크/응답 오류] HTTPConnectionPool(host='openapi.foodsafetykorea.go.kr', port=80): Read timed out. (read timeout=10). 2초 후 재시도합니다...
2026-05-13 17:27:36,359 [WARNING] ApprovalRadar - [네트워크/응답 오류] Expecting value: line 1 column 1 (char 0). 4초 후 재시도합니다...
2026-05-13 17:27:37,644 [WARNING] ApprovalRadar - [네트워크/응답 오류] Expecting value: line 1 column 1 (char 0). 4초 후 재시도합니다...
2026-05-13 17:27:40,365 [WARNING] ApprovalRadar - 연속적인 응답 오류 발생! 해당 키가 WAF에 의해 임시 차단된 것으로 의심되어 키를 회전합니다.
2026-05-13 17:27:40,367 [ERROR] ApprovalRadar - 🚨 [긴급] 오늘자 식품나라 API 키가 모두 소진되었습니다. 크롤링이 중단됩니다.
2026-05-13 17:27:40,368 [ERROR] ApprovalRadar - Failed to fetch or update 20260050354: All API keys are exhausted for today.
2026-05-13 17:27:41,652 [WARNING] ApprovalRadar - 연속적인 응답 오류 발생! 해당 키가 WAF에 의해 임시 차단된 것으로 의심되어 키를 회전합니다.
2026-05-13 17:27:41,655 [ERROR] ApprovalRadar - 🚨 [긴급] 오늘자 식품나라 API 키가 모두 소진되었습니다. 크롤링이 중단됩니다.
2026-05-13 17:27:42,385 [WARNING] ApprovalRadar - [네트워크/응답 오류] HTTPConnectionPool(host='openapi.foodsafetykorea.go.kr', port=80): Read timed out. (read timeout=10). 8초 후 재시도합니다...
2026-05-13 17:27:46,056 [WARNING] ApprovalRadar - [네트워크/응답 오류] HTTPConnectionPool(host='openapi.foodsafetykorea.go.kr', port=80): Read timed out. (read timeout=10). 4초 후 재시도합니다...
2026-05-13 17:27:50,060 [WARNING] ApprovalRadar - 연속적인 응답 오류 발생! 해당 키가 WAF에 의해 임시 차단된 것으로 의심되어 키를 회전합니다.
2026-05-13 17:27:50,062 [ERROR] ApprovalRadar - 🚨 [긴급] 오늘자 식품나라 API 키가 모두 소진되었습니다. 크롤링이 중단됩니다.
2026-05-13 17:27:50,392 [WARNING] ApprovalRadar - 연속적인 응답 오류 발생! 해당 키가 WAF에 의해 임시 차단된 것으로 의심되어 키를 회전합니다.
2026-05-13 17:27:50,393 [INFO] ApprovalRadar - [키 회전] API 한도 초과! 새로운 키로 교체: 67f07***
2026-05-13 17:27:51,698 [WARNING] ApprovalRadar - [네트워크/응답 오류] HTTPConnectionPool(host='openapi.foodsafetykorea.go.kr', port=80): Read timed out. (read timeout=10). 1초 후 재시도합니다...
2026-05-13 17:27:52,818 [WARNING] ApprovalRadar - [네트워크/응답 오류] Expecting value: line 1 column 1 (char 0). 2초 후 재시도합니다...
2026-05-13 17:27:53,415 [WARNING] ApprovalRadar - [네트워크/응답 오류] HTTPConnectionPool(host='openapi.foodsafetykorea.go.kr', port=80): Read timed out. (read timeout=10). 1초 후 재시도합니다...
2026-05-13 17:27:54,478 [WARNING] ApprovalRadar - [네트워크/응답 오류] Expecting value: line 1 column 1 (char 0). 2초 후 재시도합니다...
2026-05-13 17:27:54,949 [WARNING] ApprovalRadar - [네트워크/응답 오류] Expecting value: line 1 column 1 (char 0). 4초 후 재시도합니다...
2026-05-13 17:27:56,551 [WARNING] ApprovalRadar - [네트워크/응답 오류] Expecting value: line 1 column 1 (char 0). 4초 후 재시도합니다...
2026-05-13 17:27:58,957 [WARNING] ApprovalRadar - 연속적인 응답 오류 발생! 해당 키가 WAF에 의해 임시 차단된 것으로 의심되어 키를 회전합니다.
2026-05-13 17:27:58,960 [ERROR] ApprovalRadar - 🚨 [긴급] 오늘자 식품나라 API 키가 모두 소진되었습니다. 크롤링이 중단됩니다.
2026-05-13 17:27:59,163 [WARNING] ApprovalRadar - [네트워크/응답 오류] Expecting value: line 1 column 1 (char 0). 1초 후 재시도합니다...
2026-05-13 17:28:00,181 [WARNING] ApprovalRadar - [네트워크/응답 오류] HTTPConnectionPool(host='openapi.foodsafetykorea.go.kr', port=80): Read timed out. (read timeout=10). 1초 후 재시도합니다...
2026-05-13 17:28:00,225 [WARNING] ApprovalRadar - [네트워크/응답 오류] Expecting value: line 1 column 1 (char 0). 2초 후 재시도합니다...
2026-05-13 17:28:00,557 [WARNING] ApprovalRadar - 연속적인 응답 오류 발생! 해당 키가 WAF에 의해 임시 차단된 것으로 의심되어 키를 회전합니다.
2026-05-13 17:28:00,561 [ERROR] ApprovalRadar - 🚨 [긴급] 오늘자 식품나라 API 키가 모두 소진되었습니다. 크롤링이 중단됩니다.
2026-05-13 17:28:00,563 [ERROR] ApprovalRadar - Failed to fetch or update 20260050336: All API keys are exhausted for today.
2026-05-13 17:28:01,245 [WARNING] ApprovalRadar - [네트워크/응답 오류] Expecting value: line 1 column 1 (char 0). 2초 후 재시도합니다...
2026-05-13 17:28:03,437 [WARNING] ApprovalRadar - [네트워크/응답 오류] HTTPConnectionPool(host='openapi.foodsafetykorea.go.kr', port=80): Read timed out. (read timeout=10). 16초 후 재시도합니다...
2026-05-13 17:28:03,613 [WARNING] ApprovalRadar - [네트워크/응답 오류] Expecting value: line 1 column 1 (char 0). 1초 후 재시도합니다...
2026-05-13 17:28:04,675 [WARNING] ApprovalRadar - [네트워크/응답 오류] Expecting value: line 1 column 1 (char 0). 2초 후 재시도합니다...
2026-05-13 17:28:12,270 [WARNING] ApprovalRadar - [네트워크/응답 오류] HTTPConnectionPool(host='openapi.foodsafetykorea.go.kr', port=80): Read timed out. (read timeout=10). 4초 후 재시도합니다...
2026-05-13 17:28:13,318 [WARNING] ApprovalRadar - [네트워크/응답 오류] HTTPConnectionPool(host='openapi.foodsafetykorea.go.kr', port=80): Read timed out. (read timeout=10). 4초 후 재시도합니다...
2026-05-13 17:28:16,278 [WARNING] ApprovalRadar - 연속적인 응답 오류 발생! 해당 키가 WAF에 의해 임시 차단된 것으로 의심되어 키를 회전합니다.
2026-05-13 17:28:16,283 [ERROR] ApprovalRadar - 🚨 [긴급] 오늘자 식품나라 API 키가 모두 소진되었습니다. 크롤링이 중단됩니다.
2026-05-13 17:28:16,723 [WARNING] ApprovalRadar - [네트워크/응답 오류] HTTPConnectionPool(host='openapi.foodsafetykorea.go.kr', port=80): Read timed out. (read timeout=10). 4초 후 재시도합니다...
2026-05-13 17:28:17,325 [WARNING] ApprovalRadar - 연속적인 응답 오류 발생! 해당 키가 WAF에 의해 임시 차단된 것으로 의심되어 키를 회전합니다.
2026-05-13 17:28:17,329 [ERROR] ApprovalRadar - 🚨 [긴급] 오늘자 식품나라 API 키가 모두 소진되었습니다. 크롤링이 중단됩니다.
2026-05-13 17:28:19,442 [WARNING] ApprovalRadar - 연속적인 응답 오류 발생! 해당 키가 WAF에 의해 임시 차단된 것으로 의심되어 키를 회전합니다.
2026-05-13 17:28:19,446 [INFO] ApprovalRadar - [키 회전] API 한도 초과! 새로운 키로 교체: e7b3f***
2026-05-13 17:28:20,730 [WARNING] ApprovalRadar - 연속적인 응답 오류 발생! 해당 키가 WAF에 의해 임시 차단된 것으로 의심되어 키를 회전합니다.
2026-05-13 17:28:20,733 [ERROR] ApprovalRadar - 🚨 [긴급] 오늘자 식품나라 API 키가 모두 소진되었습니다. 크롤링이 중단됩니다.
2026-05-13 17:28:20,734 [ERROR] ApprovalRadar - Failed to fetch or update 20260045564: All API keys are exhausted for today.
2026-05-13 17:28:22,453 [ERROR] ApprovalRadar - ❌ 최대 재시도 횟수(5) 초과. API 요청 완전 실패: 500000~500000
2026-05-13 17:28:22,458 [ERROR] ApprovalRadar - ❌ I2500 크롤러 스케줄 작업 중 치명적인 오류 발생: 식품나라 API 서버 통신 실패 (최대 재시도 초과): 500000~500000
2026-05-13 17:28:26,306 [WARNING] ApprovalRadar - [네트워크/응답 오류] HTTPConnectionPool(host='openapi.foodsafetykorea.go.kr', port=80): Read timed out. (read timeout=10). 1초 후 재시도합니다...
2026-05-13 17:28:27,353 [WARNING] ApprovalRadar - [네트워크/응답 오류] HTTPConnectionPool(host='openapi.foodsafetykorea.go.kr', port=80): Read timed out. (read timeout=10). 1초 후 재시도합니다...
2026-05-13 17:28:28,500 [WARNING] ApprovalRadar - [네트워크/응답 오류] Expecting value: line 1 column 1 (char 0). 2초 후 재시도합니다...
2026-05-13 17:28:33,779 [WARNING] ApprovalRadar - [네트워크/응답 오류] HTTPConnectionPool(host='openapi.foodsafetykorea.go.kr', port=80): Read timed out. (read timeout=10). 1초 후 재시도합니다...
2026-05-13 17:28:34,844 [WARNING] ApprovalRadar - [네트워크/응답 오류] Expecting value: line 1 column 1 (char 0). 2초 후 재시도합니다...
2026-05-13 17:28:36,906 [WARNING] ApprovalRadar - [네트워크/응답 오류] Expecting value: line 1 column 1 (char 0). 4초 후 재시도합니다...
2026-05-13 17:28:37,437 [WARNING] ApprovalRadar - [네트워크/응답 오류] HTTPConnectionPool(host='openapi.foodsafetykorea.go.kr', port=80): Read timed out. (read timeout=10). 2초 후 재시도합니다...
2026-05-13 17:28:40,585 [WARNING] ApprovalRadar - [네트워크/응답 오류] HTTPConnectionPool(host='openapi.foodsafetykorea.go.kr', port=80): Read timed out. (read timeout=10). 4초 후 재시도합니다...
2026-05-13 17:28:40,913 [WARNING] ApprovalRadar - 연속적인 응답 오류 발생! 해당 키가 WAF에 의해 임시 차단된 것으로 의심되어 키를 회전합니다.
2026-05-13 17:28:40,917 [ERROR] ApprovalRadar - 🚨 [긴급] 오늘자 식품나라 API 키가 모두 소진되었습니다. 크롤링이 중단됩니다.
2026-05-13 17:28:40,918 [ERROR] ApprovalRadar - Failed to fetch or update 20260045599: All API keys are exhausted for today.
2026-05-13 17:28:44,591 [WARNING] ApprovalRadar - 연속적인 응답 오류 발생! 해당 키가 WAF에 의해 임시 차단된 것으로 의심되어 키를 회전합니다.
2026-05-13 17:28:44,595 [ERROR] ApprovalRadar - 🚨 [긴급] 오늘자 식품나라 API 키가 모두 소진되었습니다. 크롤링이 중단됩니다.
2026-05-13 17:28:44,722 [WARNING] ApprovalRadar - [네트워크/응답 오류] Expecting value: line 1 column 1 (char 0). 1초 후 재시도합니다...
2026-05-13 17:28:45,799 [WARNING] ApprovalRadar - [네트워크/응답 오류] Expecting value: line 1 column 1 (char 0). 2초 후 재시도합니다...
2026-05-13 17:28:47,896 [WARNING] ApprovalRadar - [네트워크/응답 오류] Expecting value: line 1 column 1 (char 0). 4초 후 재시도합니다...
2026-05-13 17:28:49,494 [WARNING] ApprovalRadar - [네트워크/응답 오류] HTTPConnectionPool(host='openapi.foodsafetykorea.go.kr', port=80): Read timed out. (read timeout=10). 4초 후 재시도합니다...
2026-05-13 17:28:51,904 [WARNING] ApprovalRadar - 연속적인 응답 오류 발생! 해당 키가 WAF에 의해 임시 차단된 것으로 의심되어 키를 회전합니다.
2026-05-13 17:28:51,908 [ERROR] ApprovalRadar - 🚨 [긴급] 오늘자 식품나라 API 키가 모두 소진되었습니다. 크롤링이 중단됩니다.
2026-05-13 17:28:51,947 [WARNING] ApprovalRadar - [네트워크/응답 오류] Expecting value: line 1 column 1 (char 0). 1초 후 재시도합니다...
2026-05-13 17:28:53,499 [WARNING] ApprovalRadar - 연속적인 응답 오류 발생! 해당 키가 WAF에 의해 임시 차단된 것으로 의심되어 키를 회전합니다.
2026-05-13 17:28:53,503 [ERROR] ApprovalRadar - 🚨 [긴급] 오늘자 식품나라 API 키가 모두 소진되었습니다. 크롤링이 중단됩니다.
2026-05-13 17:29:02,995 [WARNING] ApprovalRadar - [네트워크/응답 오류] HTTPConnectionPool(host='openapi.foodsafetykorea.go.kr', port=80): Read timed out. (read timeout=10). 2초 후 재시도합니다...
2026-05-13 17:29:03,617 [WARNING] ApprovalRadar - [네트워크/응답 오류] HTTPConnectionPool(host='openapi.foodsafetykorea.go.kr', port=80): Read timed out. (read timeout=10). 1초 후 재시도합니다...
2026-05-13 17:29:04,682 [WARNING] ApprovalRadar - [네트워크/응답 오류] Expecting value: line 1 column 1 (char 0). 2초 후 재시도합니다...
2026-05-13 17:29:05,058 [WARNING] ApprovalRadar - [네트워크/응답 오류] Expecting value: line 1 column 1 (char 0). 4초 후 재시도합니다...
2026-05-13 17:29:06,672 [WARNING] ApprovalRadar - [네트워크/응답 오류] HTTPConnectionPool(host='openapi.foodsafetykorea.go.kr', port=80): Read timed out. (read timeout=10). 1초 후 재시도합니다...
2026-05-13 17:29:07,824 [WARNING] ApprovalRadar - [네트워크/응답 오류] Expecting value: line 1 column 1 (char 0). 2초 후 재시도합니다...
2026-05-13 17:29:09,065 [WARNING] ApprovalRadar - 연속적인 응답 오류 발생! 해당 키가 WAF에 의해 임시 차단된 것으로 의심되어 키를 회전합니다.
2026-05-13 17:29:09,067 [ERROR] ApprovalRadar - 🚨 [긴급] 오늘자 식품나라 API 키가 모두 소진되었습니다. 크롤링이 중단됩니다.
2026-05-13 17:29:09,133 [WARNING] ApprovalRadar - [네트워크/응답 오류] Expecting value: line 1 column 1 (char 0). 1초 후 재시도합니다...
2026-05-13 17:29:09,914 [WARNING] ApprovalRadar - [네트워크/응답 오류] Expecting value: line 1 column 1 (char 0). 4초 후 재시도합니다...
2026-05-13 17:29:10,192 [WARNING] ApprovalRadar - [네트워크/응답 오류] Expecting value: line 1 column 1 (char 0). 2초 후 재시도합니다...
2026-05-13 17:29:13,920 [WARNING] ApprovalRadar - 연속적인 응답 오류 발생! 해당 키가 WAF에 의해 임시 차단된 것으로 의심되어 키를 회전합니다.
2026-05-13 17:29:13,923 [ERROR] ApprovalRadar - 🚨 [긴급] 오늘자 식품나라 API 키가 모두 소진되었습니다. 크롤링이 중단됩니다.
2026-05-13 17:29:13,926 [ERROR] ApprovalRadar - Failed to fetch or update 20260045593: All API keys are exhausted for today.
2026-05-13 17:29:16,751 [WARNING] ApprovalRadar - [네트워크/응답 오류] HTTPConnectionPool(host='openapi.foodsafetykorea.go.kr', port=80): Read timed out. (read timeout=10). 4초 후 재시도합니다...
2026-05-13 17:29:16,974 [WARNING] ApprovalRadar - [네트워크/응답 오류] Expecting value: line 1 column 1 (char 0). 1초 후 재시도합니다...
2026-05-13 17:29:20,758 [WARNING] ApprovalRadar - 연속적인 응답 오류 발생! 해당 키가 WAF에 의해 임시 차단된 것으로 의심되어 키를 회전합니다.
2026-05-13 17:29:20,762 [ERROR] ApprovalRadar - 🚨 [긴급] 오늘자 식품나라 API 키가 모두 소진되었습니다. 크롤링이 중단됩니다.
2026-05-13 17:29:22,243 [WARNING] ApprovalRadar - [네트워크/응답 오류] HTTPConnectionPool(host='openapi.foodsafetykorea.go.kr', port=80): Read timed out. (read timeout=10). 4초 후 재시도합니다...
2026-05-13 17:29:26,250 [WARNING] ApprovalRadar - 연속적인 응답 오류 발생! 해당 키가 WAF에 의해 임시 차단된 것으로 의심되어 키를 회전합니다.
2026-05-13 17:29:26,254 [ERROR] ApprovalRadar - 🚨 [긴급] 오늘자 식품나라 API 키가 모두 소진되었습니다. 크롤링이 중단됩니다.
2026-05-13 17:29:26,312 [WARNING] ApprovalRadar - [네트워크/응답 오류] Expecting value: line 1 column 1 (char 0). 1초 후 재시도합니다...
2026-05-13 17:29:27,363 [WARNING] ApprovalRadar - [네트워크/응답 오류] Expecting value: line 1 column 1 (char 0). 2초 후 재시도합니다...
2026-05-13 17:29:28,002 [WARNING] ApprovalRadar - [네트워크/응답 오류] HTTPConnectionPool(host='openapi.foodsafetykorea.go.kr', port=80): Read timed out. (read timeout=10). 2초 후 재시도합니다...
2026-05-13 17:29:30,882 [WARNING] ApprovalRadar - [네트워크/응답 오류] HTTPConnectionPool(host='openapi.foodsafetykorea.go.kr', port=80): Read timed out. (read timeout=10). 1초 후 재시도합니다...
2026-05-13 17:29:39,408 [WARNING] ApprovalRadar - [네트워크/응답 오류] HTTPConnectionPool(host='openapi.foodsafetykorea.go.kr', port=80): Read timed out. (read timeout=10). 4초 후 재시도합니다...
2026-05-13 17:29:40,051 [WARNING] ApprovalRadar - [네트워크/응답 오류] HTTPConnectionPool(host='openapi.foodsafetykorea.go.kr', port=80): Read timed out. (read timeout=10). 4초 후 재시도합니다...
2026-05-13 17:29:41,931 [WARNING] ApprovalRadar - [네트워크/응답 오류] HTTPConnectionPool(host='openapi.foodsafetykorea.go.kr', port=80): Read timed out. (read timeout=10). 2초 후 재시도합니다...
2026-05-13 17:29:43,414 [WARNING] ApprovalRadar - 연속적인 응답 오류 발생! 해당 키가 WAF에 의해 임시 차단된 것으로 의심되어 키를 회전합니다.
2026-05-13 17:29:43,418 [ERROR] ApprovalRadar - 🚨 [긴급] 오늘자 식품나라 API 키가 모두 소진되었습니다. 크롤링이 중단됩니다.
2026-05-13 17:29:44,059 [WARNING] ApprovalRadar - 연속적인 응답 오류 발생! 해당 키가 WAF에 의해 임시 차단된 것으로 의심되어 키를 회전합니다.
2026-05-13 17:29:44,063 [ERROR] ApprovalRadar - 🚨 [긴급] 오늘자 식품나라 API 키가 모두 소진되었습니다. 크롤링이 중단됩니다.
2026-05-13 17:29:44,066 [ERROR] ApprovalRadar - Failed to fetch or update 20260093381: All API keys are exhausted for today.
2026-05-13 17:29:47,157 [WARNING] ApprovalRadar - [네트워크/응답 오류] Expecting value: line 1 column 1 (char 0). 1초 후 재시도합니다...
2026-05-13 17:29:53,459 [WARNING] ApprovalRadar - [네트워크/응답 오류] HTTPConnectionPool(host='openapi.foodsafetykorea.go.kr', port=80): Read timed out. (read timeout=10). 1초 후 재시도합니다...
2026-05-13 17:29:53,985 [WARNING] ApprovalRadar - [네트워크/응답 오류] HTTPConnectionPool(host='openapi.foodsafetykorea.go.kr', port=80): Read timed out. (read timeout=10). 4초 후 재시도합니다...
2026-05-13 17:29:54,524 [WARNING] ApprovalRadar - [네트워크/응답 오류] Expecting value: line 1 column 1 (char 0). 2초 후 재시도합니다...
2026-05-13 17:29:56,599 [WARNING] ApprovalRadar - [네트워크/응답 오류] Expecting value: line 1 column 1 (char 0). 4초 후 재시도합니다...
2026-05-13 17:29:57,990 [WARNING] ApprovalRadar - 연속적인 응답 오류 발생! 해당 키가 WAF에 의해 임시 차단된 것으로 의심되어 키를 회전합니다.
2026-05-13 17:29:57,993 [ERROR] ApprovalRadar - 🚨 [긴급] 오늘자 식품나라 API 키가 모두 소진되었습니다. 크롤링이 중단됩니다.
2026-05-13 17:29:58,121 [WARNING] ApprovalRadar - [네트워크/응답 오류] Expecting value: line 1 column 1 (char 0). 1초 후 재시도합니다...
2026-05-13 17:29:58,178 [WARNING] ApprovalRadar - [네트워크/응답 오류] HTTPConnectionPool(host='openapi.foodsafetykorea.go.kr', port=80): Read timed out. (read timeout=10). 2초 후 재시도합니다...
2026-05-13 17:29:59,182 [WARNING] ApprovalRadar - [네트워크/응답 오류] Expecting value: line 1 column 1 (char 0). 2초 후 재시도합니다...
2026-05-13 17:30:00,605 [WARNING] ApprovalRadar - 연속적인 응답 오류 발생! 해당 키가 WAF에 의해 임시 차단된 것으로 의심되어 키를 회전합니다.
2026-05-13 17:30:00,607 [ERROR] ApprovalRadar - 🚨 [긴급] 오늘자 식품나라 API 키가 모두 소진되었습니다. 크롤링이 중단됩니다.
2026-05-13 17:30:00,743 [WARNING] ApprovalRadar - [네트워크/응답 오류] Expecting value: line 1 column 1 (char 0). 1초 후 재시도합니다...
2026-05-13 17:30:01,279 [WARNING] ApprovalRadar - [네트워크/응답 오류] Expecting value: line 1 column 1 (char 0). 4초 후 재시도합니다...
2026-05-13 17:30:01,804 [WARNING] ApprovalRadar - [네트워크/응답 오류] Expecting value: line 1 column 1 (char 0). 2초 후 재시도합니다...
2026-05-13 17:30:05,283 [WARNING] ApprovalRadar - 연속적인 응답 오류 발생! 해당 키가 WAF에 의해 임시 차단된 것으로 의심되어 키를 회전합니다.
2026-05-13 17:30:05,287 [ERROR] ApprovalRadar - 🚨 [긴급] 오늘자 식품나라 API 키가 모두 소진되었습니다. 크롤링이 중단됩니다.
2026-05-13 17:30:10,232 [WARNING] ApprovalRadar - [네트워크/응답 오류] HTTPConnectionPool(host='openapi.foodsafetykorea.go.kr', port=80): Read timed out. (read timeout=10). 4초 후 재시도합니다...
2026-05-13 17:30:13,901 [WARNING] ApprovalRadar - [네트워크/응답 오류] HTTPConnectionPool(host='openapi.foodsafetykorea.go.kr', port=80): Read timed out. (read timeout=10). 4초 후 재시도합니다...
2026-05-13 17:30:14,239 [WARNING] ApprovalRadar - 연속적인 응답 오류 발생! 해당 키가 WAF에 의해 임시 차단된 것으로 의심되어 키를 회전합니다.
2026-05-13 17:30:14,243 [ERROR] ApprovalRadar - 🚨 [긴급] 오늘자 식품나라 API 키가 모두 소진되었습니다. 크롤링이 중단됩니다.
2026-05-13 17:30:14,245 [ERROR] ApprovalRadar - Failed to fetch or update 20260062387: All API keys are exhausted for today.
2026-05-13 17:30:15,335 [WARNING] ApprovalRadar - [네트워크/응답 오류] HTTPConnectionPool(host='openapi.foodsafetykorea.go.kr', port=80): Read timed out. (read timeout=10). 1초 후 재시도합니다...
2026-05-13 17:30:17,908 [WARNING] ApprovalRadar - 연속적인 응답 오류 발생! 해당 키가 WAF에 의해 임시 차단된 것으로 의심되어 키를 회전합니다.
2026-05-13 17:30:17,912 [ERROR] ApprovalRadar - 🚨 [긴급] 오늘자 식품나라 API 키가 모두 소진되었습니다. 크롤링이 중단됩니다.
2026-05-13 17:30:18,041 [WARNING] ApprovalRadar - [네트워크/응답 오류] Expecting value: line 1 column 1 (char 0). 1초 후 재시도합니다...
2026-05-13 17:30:19,117 [WARNING] ApprovalRadar - [네트워크/응답 오류] Expecting value: line 1 column 1 (char 0). 2초 후 재시도합니다...
2026-05-13 17:30:26,454 [WARNING] ApprovalRadar - [네트워크/응답 오류] HTTPConnectionPool(host='openapi.foodsafetykorea.go.kr', port=80): Read timed out. (read timeout=10). 2초 후 재시도합니다...
2026-05-13 17:30:27,293 [WARNING] ApprovalRadar - [네트워크/응답 오류] HTTPConnectionPool(host='openapi.foodsafetykorea.go.kr', port=80): Read timed out. (read timeout=10). 1초 후 재시도합니다...
2026-05-13 17:30:28,553 [WARNING] ApprovalRadar - [네트워크/응답 오류] Expecting value: line 1 column 1 (char 0). 4초 후 재시도합니다...
2026-05-13 17:30:31,179 [WARNING] ApprovalRadar - [네트워크/응답 오류] HTTPConnectionPool(host='openapi.foodsafetykorea.go.kr', port=80): Read timed out. (read timeout=10). 4초 후 재시도합니다...
2026-05-13 17:30:32,560 [WARNING] ApprovalRadar - 연속적인 응답 오류 발생! 해당 키가 WAF에 의해 임시 차단된 것으로 의심되어 키를 회전합니다.
2026-05-13 17:30:32,562 [ERROR] ApprovalRadar - 🚨 [긴급] 오늘자 식품나라 API 키가 모두 소진되었습니다. 크롤링이 중단됩니다.
2026-05-13 17:30:32,705 [WARNING] ApprovalRadar - [네트워크/응답 오류] Expecting value: line 1 column 1 (char 0). 1초 후 재시도합니다...
2026-05-13 17:30:35,183 [WARNING] ApprovalRadar - 연속적인 응답 오류 발생! 해당 키가 WAF에 의해 임시 차단된 것으로 의심되어 키를 회전합니다.
2026-05-13 17:30:35,187 [ERROR] ApprovalRadar - 🚨 [긴급] 오늘자 식품나라 API 키가 모두 소진되었습니다. 크롤링이 중단됩니다.
2026-05-13 17:30:35,327 [WARNING] ApprovalRadar - [네트워크/응답 오류] Expecting value: line 1 column 1 (char 0). 1초 후 재시도합니다...
2026-05-13 17:30:38,341 [WARNING] ApprovalRadar - [네트워크/응답 오류] HTTPConnectionPool(host='openapi.foodsafetykorea.go.kr', port=80): Read timed out. (read timeout=10). 2초 후 재시도합니다...
2026-05-13 17:30:43,759 [WARNING] ApprovalRadar - [네트워크/응답 오류] HTTPConnectionPool(host='openapi.foodsafetykorea.go.kr', port=80): Read timed out. (read timeout=10). 2초 후 재시도합니다...
2026-05-13 17:30:45,859 [WARNING] ApprovalRadar - [네트워크/응답 오류] Expecting value: line 1 column 1 (char 0). 4초 후 재시도합니다...
2026-05-13 17:30:46,424 [WARNING] ApprovalRadar - [네트워크/응답 오류] HTTPConnectionPool(host='openapi.foodsafetykorea.go.kr', port=80): Read timed out. (read timeout=10). 2초 후 재시도합니다...
2026-05-13 17:30:49,868 [WARNING] ApprovalRadar - 연속적인 응답 오류 발생! 해당 키가 WAF에 의해 임시 차단된 것으로 의심되어 키를 회전합니다.
2026-05-13 17:30:49,872 [ERROR] ApprovalRadar - 🚨 [긴급] 오늘자 식품나라 API 키가 모두 소진되었습니다. 크롤링이 중단됩니다.
2026-05-13 17:30:50,007 [WARNING] ApprovalRadar - [네트워크/응답 오류] Expecting value: line 1 column 1 (char 0). 1초 후 재시도합니다...
2026-05-13 17:30:50,384 [WARNING] ApprovalRadar - [네트워크/응답 오류] HTTPConnectionPool(host='openapi.foodsafetykorea.go.kr', port=80): Read timed out. (read timeout=10). 4초 후 재시도합니다...
2026-05-13 17:30:51,106 [WARNING] ApprovalRadar - [네트워크/응답 오류] Expecting value: line 1 column 1 (char 0). 2초 후 재시도합니다...
2026-05-13 17:30:53,200 [WARNING] ApprovalRadar - [네트워크/응답 오류] Expecting value: line 1 column 1 (char 0). 4초 후 재시도합니다...
2026-05-13 17:30:54,392 [WARNING] ApprovalRadar - 연속적인 응답 오류 발생! 해당 키가 WAF에 의해 임시 차단된 것으로 의심되어 키를 회전합니다.
2026-05-13 17:30:54,396 [ERROR] ApprovalRadar - 🚨 [긴급] 오늘자 식품나라 API 키가 모두 소진되었습니다. 크롤링이 중단됩니다.
2026-05-13 17:30:54,398 [ERROR] ApprovalRadar - Failed to fetch or update 20260062386: All API keys are exhausted for today.
2026-05-13 17:30:57,207 [WARNING] ApprovalRadar - 연속적인 응답 오류 발생! 해당 키가 WAF에 의해 임시 차단된 것으로 의심되어 키를 회전합니다.
2026-05-13 17:30:57,211 [ERROR] ApprovalRadar - 🚨 [긴급] 오늘자 식품나라 API 키가 모두 소진되었습니다. 크롤링이 중단됩니다.
2026-05-13 17:30:58,454 [WARNING] ApprovalRadar - [네트워크/응답 오류] HTTPConnectionPool(host='openapi.foodsafetykorea.go.kr', port=80): Read timed out. (read timeout=10). 4초 후 재시도합니다...
2026-05-13 17:31:02,462 [WARNING] ApprovalRadar - 연속적인 응답 오류 발생! 해당 키가 WAF에 의해 임시 차단된 것으로 의심되어 키를 회전합니다.
2026-05-13 17:31:02,466 [ERROR] ApprovalRadar - 🚨 [긴급] 오늘자 식품나라 API 키가 모두 소진되었습니다. 크롤링이 중단됩니다.
2026-05-13 17:31:02,609 [WARNING] ApprovalRadar - [네트워크/응답 오류] Expecting value: line 1 column 1 (char 0). 1초 후 재시도합니다...
2026-05-13 17:31:03,687 [WARNING] ApprovalRadar - [네트워크/응답 오류] Expecting value: line 1 column 1 (char 0). 2초 후 재시도합니다...
2026-05-13 17:31:05,784 [WARNING] ApprovalRadar - [네트워크/응답 오류] Expecting value: line 1 column 1 (char 0). 4초 후 재시도합니다...
2026-05-13 17:31:07,251 [WARNING] ApprovalRadar - [네트워크/응답 오류] HTTPConnectionPool(host='openapi.foodsafetykorea.go.kr', port=80): Read timed out. (read timeout=10). 1초 후 재시도합니다...
2026-05-13 17:31:07,440 [WARNING] ApprovalRadar - [네트워크/응답 오류] HTTPConnectionPool(host='openapi.foodsafetykorea.go.kr', port=80): Read timed out. (read timeout=10). 1초 후 재시도합니다...
2026-05-13 17:31:09,788 [WARNING] ApprovalRadar - 연속적인 응답 오류 발생! 해당 키가 WAF에 의해 임시 차단된 것으로 의심되어 키를 회전합니다.
2026-05-13 17:31:09,791 [ERROR] ApprovalRadar - 🚨 [긴급] 오늘자 식품나라 API 키가 모두 소진되었습니다. 크롤링이 중단됩니다.
2026-05-13 17:31:09,931 [WARNING] ApprovalRadar - [네트워크/응답 오류] Expecting value: line 1 column 1 (char 0). 1초 후 재시도합니다...
2026-05-13 17:31:11,031 [WARNING] ApprovalRadar - [네트워크/응답 오류] Expecting value: line 1 column 1 (char 0). 2초 후 재시도합니다...
2026-05-13 17:31:18,352 [WARNING] ApprovalRadar - [네트워크/응답 오류] HTTPConnectionPool(host='openapi.foodsafetykorea.go.kr', port=80): Read timed out. (read timeout=10). 2초 후 재시도합니다...
2026-05-13 17:31:18,486 [WARNING] ApprovalRadar - [네트워크/응답 오류] HTTPConnectionPool(host='openapi.foodsafetykorea.go.kr', port=80): Read timed out. (read timeout=10). 2초 후 재시도합니다...
2026-05-13 17:31:23,107 [WARNING] ApprovalRadar - [네트워크/응답 오류] HTTPConnectionPool(host='openapi.foodsafetykorea.go.kr', port=80): Read timed out. (read timeout=10). 4초 후 재시도합니다...
2026-05-13 17:31:27,111 [WARNING] ApprovalRadar - 연속적인 응답 오류 발생! 해당 키가 WAF에 의해 임시 차단된 것으로 의심되어 키를 회전합니다.
2026-05-13 17:31:27,116 [ERROR] ApprovalRadar - 🚨 [긴급] 오늘자 식품나라 API 키가 모두 소진되었습니다. 크롤링이 중단됩니다.
2026-05-13 17:31:30,448 [WARNING] ApprovalRadar - [네트워크/응답 오류] HTTPConnectionPool(host='openapi.foodsafetykorea.go.kr', port=80): Read timed out. (read timeout=10). 4초 후 재시도합니다...
2026-05-13 17:31:30,518 [WARNING] ApprovalRadar - [네트워크/응답 오류] HTTPConnectionPool(host='openapi.foodsafetykorea.go.kr', port=80): Read timed out. (read timeout=10). 4초 후 재시도합니다...
2026-05-13 17:31:34,452 [WARNING] ApprovalRadar - 연속적인 응답 오류 발생! 해당 키가 WAF에 의해 임시 차단된 것으로 의심되어 키를 회전합니다.
2026-05-13 17:31:34,454 [ERROR] ApprovalRadar - 🚨 [긴급] 오늘자 식품나라 API 키가 모두 소진되었습니다. 크롤링이 중단됩니다.
2026-05-13 17:31:34,524 [WARNING] ApprovalRadar - 연속적인 응답 오류 발생! 해당 키가 WAF에 의해 임시 차단된 것으로 의심되어 키를 회전합니다.
2026-05-13 17:31:34,526 [ERROR] ApprovalRadar - 🚨 [긴급] 오늘자 식품나라 API 키가 모두 소진되었습니다. 크롤링이 중단됩니다.
2026-05-13 17:31:34,527 [ERROR] ApprovalRadar - Failed to fetch or update 20260076229: All API keys are exhausted for today.
2026-05-13 17:31:37,231 [WARNING] ApprovalRadar - [네트워크/응답 오류] HTTPConnectionPool(host='openapi.foodsafetykorea.go.kr', port=80): Read timed out. (read timeout=10). 1초 후 재시도합니다...
2026-05-13 17:31:38,297 [WARNING] ApprovalRadar - [네트워크/응답 오류] Expecting value: line 1 column 1 (char 0). 2초 후 재시도합니다...
2026-05-13 17:31:40,424 [WARNING] ApprovalRadar - [네트워크/응답 오류] Expecting value: line 1 column 1 (char 0). 4초 후 재시도합니다...
2026-05-13 17:31:44,432 [WARNING] ApprovalRadar - 연속적인 응답 오류 발생! 해당 키가 WAF에 의해 임시 차단된 것으로 의심되어 키를 회전합니다.
2026-05-13 17:31:44,434 [ERROR] ApprovalRadar - 🚨 [긴급] 오늘자 식품나라 API 키가 모두 소진되었습니다. 크롤링이 중단됩니다.
2026-05-13 17:31:44,553 [WARNING] ApprovalRadar - [네트워크/응답 오류] Expecting value: line 1 column 1 (char 0). 1초 후 재시도합니다...
2026-05-13 17:31:44,567 [WARNING] ApprovalRadar - [네트워크/응답 오류] HTTPConnectionPool(host='openapi.foodsafetykorea.go.kr', port=80): Read timed out. (read timeout=10). 1초 후 재시도합니다...
2026-05-13 17:31:45,637 [WARNING] ApprovalRadar - [네트워크/응답 오류] Expecting value: line 1 column 1 (char 0). 2초 후 재시도합니다...
2026-05-13 17:31:45,638 [WARNING] ApprovalRadar - [네트워크/응답 오류] Expecting value: line 1 column 1 (char 0). 2초 후 재시도합니다...
2026-05-13 17:31:47,574 [WARNING] ApprovalRadar - [네트워크/응답 오류] HTTPConnectionPool(host='openapi.foodsafetykorea.go.kr', port=80): Read timed out. (read timeout=10). 1초 후 재시도합니다...
2026-05-13 17:31:47,729 [WARNING] ApprovalRadar - [네트워크/응답 오류] Expecting value: line 1 column 1 (char 0). 4초 후 재시도합니다...
2026-05-13 17:31:48,728 [WARNING] ApprovalRadar - [네트워크/응답 오류] Expecting value: line 1 column 1 (char 0). 2초 후 재시도합니다...
2026-05-13 17:31:51,732 [WARNING] ApprovalRadar - 연속적인 응답 오류 발생! 해당 키가 WAF에 의해 임시 차단된 것으로 의심되어 키를 회전합니다.
2026-05-13 17:31:51,736 [ERROR] ApprovalRadar - 🚨 [긴급] 오늘자 식품나라 API 키가 모두 소진되었습니다. 크롤링이 중단됩니다.
2026-05-13 17:31:57,687 [WARNING] ApprovalRadar - [네트워크/응답 오류] HTTPConnectionPool(host='openapi.foodsafetykorea.go.kr', port=80): Read timed out. (read timeout=10). 4초 후 재시도합니다...
2026-05-13 17:32:00,881 [WARNING] ApprovalRadar - [네트워크/응답 오류] HTTPConnectionPool(host='openapi.foodsafetykorea.go.kr', port=80): Read timed out. (read timeout=10). 4초 후 재시도합니다...
2026-05-13 17:32:01,694 [WARNING] ApprovalRadar - 연속적인 응답 오류 발생! 해당 키가 WAF에 의해 임시 차단된 것으로 의심되어 키를 회전합니다.
2026-05-13 17:32:01,697 [ERROR] ApprovalRadar - 🚨 [긴급] 오늘자 식품나라 API 키가 모두 소진되었습니다. 크롤링이 중단됩니다.
2026-05-13 17:32:01,779 [WARNING] ApprovalRadar - [네트워크/응답 오류] HTTPConnectionPool(host='openapi.foodsafetykorea.go.kr', port=80): Read timed out. (read timeout=10). 1초 후 재시도합니다...
2026-05-13 17:32:02,902 [WARNING] ApprovalRadar - [네트워크/응답 오류] Expecting value: line 1 column 1 (char 0). 2초 후 재시도합니다...
2026-05-13 17:32:04,885 [WARNING] ApprovalRadar - 연속적인 응답 오류 발생! 해당 키가 WAF에 의해 임시 차단된 것으로 의심되어 키를 회전합니다.
2026-05-13 17:32:04,889 [ERROR] ApprovalRadar - 🚨 [긴급] 오늘자 식품나라 API 키가 모두 소진되었습니다. 크롤링이 중단됩니다.
2026-05-13 17:32:04,891 [ERROR] ApprovalRadar - Failed to fetch or update 20260076251: All API keys are exhausted for today.
2026-05-13 17:32:11,741 [WARNING] ApprovalRadar - [네트워크/응답 오류] HTTPConnectionPool(host='openapi.foodsafetykorea.go.kr', port=80): Read timed out. (read timeout=10). 1초 후 재시도합니다...
2026-05-13 17:32:12,892 [WARNING] ApprovalRadar - [네트워크/응답 오류] Expecting value: line 1 column 1 (char 0). 2초 후 재시도합니다...
2026-05-13 17:32:14,970 [WARNING] ApprovalRadar - [네트워크/응답 오류] Expecting value: line 1 column 1 (char 0). 4초 후 재시도합니다...
2026-05-13 17:32:15,003 [WARNING] ApprovalRadar - [네트워크/응답 오류] HTTPConnectionPool(host='openapi.foodsafetykorea.go.kr', port=80): Read timed out. (read timeout=10). 4초 후 재시도합니다...
2026-05-13 17:32:17,935 [WARNING] ApprovalRadar - [네트워크/응답 오류] HTTPConnectionPool(host='openapi.foodsafetykorea.go.kr', port=80): Read timed out. (read timeout=10). 1초 후 재시도합니다...
2026-05-13 17:32:18,974 [WARNING] ApprovalRadar - 연속적인 응답 오류 발생! 해당 키가 WAF에 의해 임시 차단된 것으로 의심되어 키를 회전합니다.
2026-05-13 17:32:18,978 [ERROR] ApprovalRadar - 🚨 [긴급] 오늘자 식품나라 API 키가 모두 소진되었습니다. 크롤링이 중단됩니다.
2026-05-13 17:32:19,008 [WARNING] ApprovalRadar - 연속적인 응답 오류 발생! 해당 키가 WAF에 의해 임시 차단된 것으로 의심되어 키를 회전합니다.
2026-05-13 17:32:19,011 [ERROR] ApprovalRadar - 🚨 [긴급] 오늘자 식품나라 API 키가 모두 소진되었습니다. 크롤링이 중단됩니다.
2026-05-13 17:32:19,014 [WARNING] ApprovalRadar - [네트워크/응답 오류] Expecting value: line 1 column 1 (char 0). 1초 후 재시도합니다...
2026-05-13 17:32:19,152 [WARNING] ApprovalRadar - [네트워크/응답 오류] Expecting value: line 1 column 1 (char 0). 1초 후 재시도합니다...
2026-05-13 17:32:20,075 [WARNING] ApprovalRadar - [네트워크/응답 오류] Expecting value: line 1 column 1 (char 0). 2초 후 재시도합니다...
2026-05-13 17:32:20,230 [WARNING] ApprovalRadar - [네트워크/응답 오류] Expecting value: line 1 column 1 (char 0). 2초 후 재시도합니다...
2026-05-13 17:32:22,139 [WARNING] ApprovalRadar - [네트워크/응답 오류] Expecting value: line 1 column 1 (char 0). 4초 후 재시도합니다...
2026-05-13 17:32:22,328 [WARNING] ApprovalRadar - [네트워크/응답 오류] Expecting value: line 1 column 1 (char 0). 4초 후 재시도합니다...
2026-05-13 17:32:26,147 [WARNING] ApprovalRadar - 연속적인 응답 오류 발생! 해당 키가 WAF에 의해 임시 차단된 것으로 의심되어 키를 회전합니다.
2026-05-13 17:32:26,151 [ERROR] ApprovalRadar - 🚨 [긴급] 오늘자 식품나라 API 키가 모두 소진되었습니다. 크롤링이 중단됩니다.
2026-05-13 17:32:26,332 [WARNING] ApprovalRadar - 연속적인 응답 오류 발생! 해당 키가 WAF에 의해 임시 차단된 것으로 의심되어 키를 회전합니다.
2026-05-13 17:32:26,336 [ERROR] ApprovalRadar - 🚨 [긴급] 오늘자 식품나라 API 키가 모두 소진되었습니다. 크롤링이 중단됩니다.
2026-05-13 17:32:26,474 [WARNING] ApprovalRadar - [네트워크/응답 오류] Expecting value: line 1 column 1 (char 0). 1초 후 재시도합니다...
2026-05-13 17:32:28,983 [WARNING] ApprovalRadar - [네트워크/응답 오류] HTTPConnectionPool(host='openapi.foodsafetykorea.go.kr', port=80): Read timed out. (read timeout=10). 2초 후 재시도합니다...
2026-05-13 17:32:36,192 [WARNING] ApprovalRadar - [네트워크/응답 오류] HTTPConnectionPool(host='openapi.foodsafetykorea.go.kr', port=80): Read timed out. (read timeout=10). 1초 후 재시도합니다...
2026-05-13 17:32:37,285 [WARNING] ApprovalRadar - [네트워크/응답 오류] Expecting value: line 1 column 1 (char 0). 2초 후 재시도합니다...
2026-05-13 17:32:37,555 [WARNING] ApprovalRadar - [네트워크/응답 오류] HTTPConnectionPool(host='openapi.foodsafetykorea.go.kr', port=80): Read timed out. (read timeout=10). 2초 후 재시도합니다...
2026-05-13 17:32:41,046 [WARNING] ApprovalRadar - [네트워크/응답 오류] HTTPConnectionPool(host='openapi.foodsafetykorea.go.kr', port=80): Read timed out. (read timeout=10). 4초 후 재시도합니다...
2026-05-13 17:32:45,050 [WARNING] ApprovalRadar - 연속적인 응답 오류 발생! 해당 키가 WAF에 의해 임시 차단된 것으로 의심되어 키를 회전합니다.
2026-05-13 17:32:45,055 [ERROR] ApprovalRadar - 🚨 [긴급] 오늘자 식품나라 API 키가 모두 소진되었습니다. 크롤링이 중단됩니다.
2026-05-13 17:32:45,057 [ERROR] ApprovalRadar - Failed to fetch or update 20260104471: All API keys are exhausted for today.
2026-05-13 17:32:49,355 [WARNING] ApprovalRadar - [네트워크/응답 오류] HTTPConnectionPool(host='openapi.foodsafetykorea.go.kr', port=80): Read timed out. (read timeout=10). 4초 후 재시도합니다...
2026-05-13 17:32:49,619 [WARNING] ApprovalRadar - [네트워크/응답 오류] HTTPConnectionPool(host='openapi.foodsafetykorea.go.kr', port=80): Read timed out. (read timeout=10). 4초 후 재시도합니다...
2026-05-13 17:32:53,358 [WARNING] ApprovalRadar - 연속적인 응답 오류 발생! 해당 키가 WAF에 의해 임시 차단된 것으로 의심되어 키를 회전합니다.
2026-05-13 17:32:53,362 [ERROR] ApprovalRadar - 🚨 [긴급] 오늘자 식품나라 API 키가 모두 소진되었습니다. 크롤링이 중단됩니다.
2026-05-13 17:32:53,631 [WARNING] ApprovalRadar - 연속적인 응답 오류 발생! 해당 키가 WAF에 의해 임시 차단된 것으로 의심되어 키를 회전합니다.
2026-05-13 17:32:53,635 [ERROR] ApprovalRadar - 🚨 [긴급] 오늘자 식품나라 API 키가 모두 소진되었습니다. 크롤링이 중단됩니다.
2026-05-13 17:32:53,786 [WARNING] ApprovalRadar - [네트워크/응답 오류] Expecting value: line 1 column 1 (char 0). 1초 후 재시도합니다...
2026-05-13 17:32:58,095 [WARNING] ApprovalRadar - [네트워크/응답 오류] HTTPConnectionPool(host='openapi.foodsafetykorea.go.kr', port=80): Read timed out. (read timeout=10). 1초 후 재시도합니다...
2026-05-13 17:33:03,408 [WARNING] ApprovalRadar - [네트워크/응답 오류] HTTPConnectionPool(host='openapi.foodsafetykorea.go.kr', port=80): Read timed out. (read timeout=10). 1초 후 재시도합니다...
2026-05-13 17:33:04,841 [WARNING] ApprovalRadar - [네트워크/응답 오류] HTTPConnectionPool(host='openapi.foodsafetykorea.go.kr', port=80): Read timed out. (read timeout=10). 2초 후 재시도합니다...
2026-05-13 17:33:09,151 [WARNING] ApprovalRadar - [네트워크/응답 오류] HTTPConnectionPool(host='openapi.foodsafetykorea.go.kr', port=80): Read timed out. (read timeout=10). 2초 후 재시도합니다...
2026-05-13 17:33:11,210 [WARNING] ApprovalRadar - [네트워크/응답 오류] Expecting value: line 1 column 1 (char 0). 4초 후 재시도합니다...
2026-05-13 17:33:14,469 [WARNING] ApprovalRadar - [네트워크/응답 오류] HTTPConnectionPool(host='openapi.foodsafetykorea.go.kr', port=80): Read timed out. (read timeout=10). 2초 후 재시도합니다...
2026-05-13 17:33:15,222 [WARNING] ApprovalRadar - 연속적인 응답 오류 발생! 해당 키가 WAF에 의해 임시 차단된 것으로 의심되어 키를 회전합니다.
2026-05-13 17:33:15,226 [ERROR] ApprovalRadar - 🚨 [긴급] 오늘자 식품나라 API 키가 모두 소진되었습니다. 크롤링이 중단됩니다.
2026-05-13 17:33:15,228 [ERROR] ApprovalRadar - Failed to fetch or update 20260104485: All API keys are exhausted for today.
2026-05-13 17:33:16,897 [WARNING] ApprovalRadar - [네트워크/응답 오류] HTTPConnectionPool(host='openapi.foodsafetykorea.go.kr', port=80): Read timed out. (read timeout=10). 4초 후 재시도합니다...
2026-05-13 17:33:20,908 [WARNING] ApprovalRadar - 연속적인 응답 오류 발생! 해당 키가 WAF에 의해 임시 차단된 것으로 의심되어 키를 회전합니다.
2026-05-13 17:33:20,913 [ERROR] ApprovalRadar - 🚨 [긴급] 오늘자 식품나라 API 키가 모두 소진되었습니다. 크롤링이 중단됩니다.
2026-05-13 17:33:21,048 [WARNING] ApprovalRadar - [네트워크/응답 오류] Expecting value: line 1 column 1 (char 0). 1초 후 재시도합니다...
2026-05-13 17:33:22,116 [WARNING] ApprovalRadar - [네트워크/응답 오류] Expecting value: line 1 column 1 (char 0). 2초 후 재시도합니다...
2026-05-13 17:33:26,500 [WARNING] ApprovalRadar - [네트워크/응답 오류] HTTPConnectionPool(host='openapi.foodsafetykorea.go.kr', port=80): Read timed out. (read timeout=10). 4초 후 재시도합니다...
2026-05-13 17:33:28,276 [WARNING] ApprovalRadar - [네트워크/응답 오류] HTTPConnectionPool(host='openapi.foodsafetykorea.go.kr', port=80): Read timed out. (read timeout=10). 1초 후 재시도합니다...
2026-05-13 17:33:29,405 [WARNING] ApprovalRadar - [네트워크/응답 오류] Expecting value: line 1 column 1 (char 0). 2초 후 재시도합니다...
2026-05-13 17:33:30,512 [WARNING] ApprovalRadar - 연속적인 응답 오류 발생! 해당 키가 WAF에 의해 임시 차단된 것으로 의심되어 키를 회전합니다.
2026-05-13 17:33:30,515 [ERROR] ApprovalRadar - 🚨 [긴급] 오늘자 식품나라 API 키가 모두 소진되었습니다. 크롤링이 중단됩니다.
2026-05-13 17:33:30,579 [WARNING] ApprovalRadar - [네트워크/응답 오류] Expecting value: line 1 column 1 (char 0). 1초 후 재시도합니다...
2026-05-13 17:33:31,536 [WARNING] ApprovalRadar - [네트워크/응답 오류] Expecting value: line 1 column 1 (char 0). 4초 후 재시도합니다...
2026-05-13 17:33:31,635 [WARNING] ApprovalRadar - [네트워크/응답 오류] Expecting value: line 1 column 1 (char 0). 2초 후 재시도합니다...
2026-05-13 17:33:33,715 [WARNING] ApprovalRadar - [네트워크/응답 오류] Expecting value: line 1 column 1 (char 0). 4초 후 재시도합니다...
2026-05-13 17:33:34,180 [WARNING] ApprovalRadar - [네트워크/응답 오류] HTTPConnectionPool(host='openapi.foodsafetykorea.go.kr', port=80): Read timed out. (read timeout=10). 4초 후 재시도합니다...
2026-05-13 17:33:35,544 [WARNING] ApprovalRadar - 연속적인 응답 오류 발생! 해당 키가 WAF에 의해 임시 차단된 것으로 의심되어 키를 회전합니다.
2026-05-13 17:33:35,548 [ERROR] ApprovalRadar - 🚨 [긴급] 오늘자 식품나라 API 키가 모두 소진되었습니다. 크롤링이 중단됩니다.
2026-05-13 17:33:35,550 [ERROR] ApprovalRadar - Failed to fetch or update 20260058373: All API keys are exhausted for today.
2026-05-13 17:33:35,554 [INFO] ApprovalRadar - [진척도] 100/2553 처리 완료 (성공: 0, 실패: 100)
2026-05-13 17:33:37,720 [WARNING] ApprovalRadar - 연속적인 응답 오류 발생! 해당 키가 WAF에 의해 임시 차단된 것으로 의심되어 키를 회전합니다.
2026-05-13 17:33:37,724 [ERROR] ApprovalRadar - 🚨 [긴급] 오늘자 식품나라 API 키가 모두 소진되었습니다. 크롤링이 중단됩니다.
2026-05-13 17:33:38,189 [WARNING] ApprovalRadar - 연속적인 응답 오류 발생! 해당 키가 WAF에 의해 임시 차단된 것으로 의심되어 키를 회전합니다.
2026-05-13 17:33:38,193 [ERROR] ApprovalRadar - 🚨 [긴급] 오늘자 식품나라 API 키가 모두 소진되었습니다. 크롤링이 중단됩니다.
2026-05-13 17:33:38,616 [WARNING] ApprovalRadar - [네트워크/응답 오류] Expecting value: line 1 column 1 (char 0). 1초 후 재시도합니다...
2026-05-13 17:33:39,695 [WARNING] ApprovalRadar - [네트워크/응답 오류] Expecting value: line 1 column 1 (char 0). 2초 후 재시도합니다...
2026-05-13 17:33:41,753 [WARNING] ApprovalRadar - [네트워크/응답 오류] Expecting value: line 1 column 1 (char 0). 4초 후 재시도합니다...
2026-05-13 17:33:45,761 [WARNING] ApprovalRadar - 연속적인 응답 오류 발생! 해당 키가 WAF에 의해 임시 차단된 것으로 의심되어 키를 회전합니다.
2026-05-13 17:33:45,765 [ERROR] ApprovalRadar - 🚨 [긴급] 오늘자 식품나라 API 키가 모두 소진되었습니다. 크롤링이 중단됩니다.
2026-05-13 17:33:45,767 [ERROR] ApprovalRadar - Failed to fetch or update 20260058329: All API keys are exhausted for today.
2026-05-13 17:33:47,808 [WARNING] ApprovalRadar - [네트워크/응답 오류] HTTPConnectionPool(host='openapi.foodsafetykorea.go.kr', port=80): Read timed out. (read timeout=10). 1초 후 재시도합니다...
2026-05-13 17:33:48,297 [WARNING] ApprovalRadar - [네트워크/응답 오류] HTTPConnectionPool(host='openapi.foodsafetykorea.go.kr', port=80): Read timed out. (read timeout=10). 1초 후 재시도합니다...
2026-05-13 17:33:48,880 [WARNING] ApprovalRadar - [네트워크/응답 오류] Expecting value: line 1 column 1 (char 0). 2초 후 재시도합니다...
2026-05-13 17:33:49,364 [WARNING] ApprovalRadar - [네트워크/응답 오류] Expecting value: line 1 column 1 (char 0). 2초 후 재시도합니다...
2026-05-13 17:33:51,439 [WARNING] ApprovalRadar - [네트워크/응답 오류] Expecting value: line 1 column 1 (char 0). 4초 후 재시도합니다...
2026-05-13 17:33:55,453 [WARNING] ApprovalRadar - 연속적인 응답 오류 발생! 해당 키가 WAF에 의해 임시 차단된 것으로 의심되어 키를 회전합니다.
2026-05-13 17:33:55,458 [ERROR] ApprovalRadar - 🚨 [긴급] 오늘자 식품나라 API 키가 모두 소진되었습니다. 크롤링이 중단됩니다.
2026-05-13 17:33:58,819 [WARNING] ApprovalRadar - [네트워크/응답 오류] HTTPConnectionPool(host='openapi.foodsafetykorea.go.kr', port=80): Read timed out. (read timeout=10). 1초 후 재시도합니다...
2026-05-13 17:33:59,885 [WARNING] ApprovalRadar - [네트워크/응답 오류] Expecting value: line 1 column 1 (char 0). 2초 후 재시도합니다...
2026-05-13 17:34:00,930 [WARNING] ApprovalRadar - [네트워크/응답 오류] HTTPConnectionPool(host='openapi.foodsafetykorea.go.kr', port=80): Read timed out. (read timeout=10). 4초 후 재시도합니다...
2026-05-13 17:34:04,934 [WARNING] ApprovalRadar - 연속적인 응답 오류 발생! 해당 키가 WAF에 의해 임시 차단된 것으로 의심되어 키를 회전합니다.
2026-05-13 17:34:04,938 [ERROR] ApprovalRadar - 🚨 [긴급] 오늘자 식품나라 API 키가 모두 소진되었습니다. 크롤링이 중단됩니다.
2026-05-13 17:34:05,063 [WARNING] ApprovalRadar - [네트워크/응답 오류] Expecting value: line 1 column 1 (char 0). 1초 후 재시도합니다...
2026-05-13 17:34:05,500 [WARNING] ApprovalRadar - [네트워크/응답 오류] HTTPConnectionPool(host='openapi.foodsafetykorea.go.kr', port=80): Read timed out. (read timeout=10). 1초 후 재시도합니다...
2026-05-13 17:34:06,133 [WARNING] ApprovalRadar - [네트워크/응답 오류] Expecting value: line 1 column 1 (char 0). 2초 후 재시도합니다...
2026-05-13 17:34:06,629 [WARNING] ApprovalRadar - [네트워크/응답 오류] Expecting value: line 1 column 1 (char 0). 2초 후 재시도합니다...
2026-05-13 17:34:08,735 [WARNING] ApprovalRadar - [네트워크/응답 오류] Expecting value: line 1 column 1 (char 0). 4초 후 재시도합니다...
2026-05-13 17:34:11,937 [WARNING] ApprovalRadar - [네트워크/응답 오류] HTTPConnectionPool(host='openapi.foodsafetykorea.go.kr', port=80): Read timed out. (read timeout=10). 4초 후 재시도합니다...
2026-05-13 17:34:12,740 [WARNING] ApprovalRadar - 연속적인 응답 오류 발생! 해당 키가 WAF에 의해 임시 차단된 것으로 의심되어 키를 회전합니다.
2026-05-13 17:34:12,745 [ERROR] ApprovalRadar - 🚨 [긴급] 오늘자 식품나라 API 키가 모두 소진되었습니다. 크롤링이 중단됩니다.
2026-05-13 17:34:15,945 [WARNING] ApprovalRadar - 연속적인 응답 오류 발생! 해당 키가 WAF에 의해 임시 차단된 것으로 의심되어 키를 회전합니다.
2026-05-13 17:34:15,949 [ERROR] ApprovalRadar - 🚨 [긴급] 오늘자 식품나라 API 키가 모두 소진되었습니다. 크롤링이 중단됩니다.
2026-05-13 17:34:15,951 [ERROR] ApprovalRadar - Failed to fetch or update 20260072359: All API keys are exhausted for today.
2026-05-13 17:34:18,218 [WARNING] ApprovalRadar - [네트워크/응답 오류] HTTPConnectionPool(host='openapi.foodsafetykorea.go.kr', port=80): Read timed out. (read timeout=10). 4초 후 재시도합니다...
2026-05-13 17:34:19,000 [WARNING] ApprovalRadar - [네트워크/응답 오류] Expecting value: line 1 column 1 (char 0). 1초 후 재시도합니다...
2026-05-13 17:34:20,057 [WARNING] ApprovalRadar - [네트워크/응답 오류] Expecting value: line 1 column 1 (char 0). 2초 후 재시도합니다...
2026-05-13 17:34:22,227 [WARNING] ApprovalRadar - 연속적인 응답 오류 발생! 해당 키가 WAF에 의해 임시 차단된 것으로 의심되어 키를 회전합니다.
2026-05-13 17:34:22,231 [ERROR] ApprovalRadar - 🚨 [긴급] 오늘자 식품나라 API 키가 모두 소진되었습니다. 크롤링이 중단됩니다.
2026-05-13 17:34:22,352 [WARNING] ApprovalRadar - [네트워크/응답 오류] Expecting value: line 1 column 1 (char 0). 1초 후 재시도합니다...
2026-05-13 17:34:22,786 [WARNING] ApprovalRadar - [네트워크/응답 오류] HTTPConnectionPool(host='openapi.foodsafetykorea.go.kr', port=80): Read timed out. (read timeout=10). 1초 후 재시도합니다...
2026-05-13 17:34:32,108 [WARNING] ApprovalRadar - [네트워크/응답 오류] HTTPConnectionPool(host='openapi.foodsafetykorea.go.kr', port=80): Read timed out. (read timeout=10). 4초 후 재시도합니다...
2026-05-13 17:34:33,414 [WARNING] ApprovalRadar - [네트워크/응답 오류] HTTPConnectionPool(host='openapi.foodsafetykorea.go.kr', port=80): Read timed out. (read timeout=10). 2초 후 재시도합니다...
2026-05-13 17:34:33,816 [WARNING] ApprovalRadar - [네트워크/응답 오류] HTTPConnectionPool(host='openapi.foodsafetykorea.go.kr', port=80): Read timed out. (read timeout=10). 2초 후 재시도합니다...
2026-05-13 17:34:36,116 [WARNING] ApprovalRadar - 연속적인 응답 오류 발생! 해당 키가 WAF에 의해 임시 차단된 것으로 의심되어 키를 회전합니다.
2026-05-13 17:34:36,120 [ERROR] ApprovalRadar - 🚨 [긴급] 오늘자 식품나라 API 키가 모두 소진되었습니다. 크롤링이 중단됩니다.
2026-05-13 17:34:36,121 [ERROR] ApprovalRadar - Failed to fetch or update 20260072355: All API keys are exhausted for today.
2026-05-13 17:34:39,170 [WARNING] ApprovalRadar - [네트워크/응답 오류] Expecting value: line 1 column 1 (char 0). 1초 후 재시도합니다...
2026-05-13 17:34:40,246 [WARNING] ApprovalRadar - [네트워크/응답 오류] Expecting value: line 1 column 1 (char 0). 2초 후 재시도합니다...
2026-05-13 17:34:42,308 [WARNING] ApprovalRadar - [네트워크/응답 오류] Expecting value: line 1 column 1 (char 0). 4초 후 재시도합니다...
2026-05-13 17:34:45,478 [WARNING] ApprovalRadar - [네트워크/응답 오류] HTTPConnectionPool(host='openapi.foodsafetykorea.go.kr', port=80): Read timed out. (read timeout=10). 4초 후 재시도합니다...
2026-05-13 17:34:45,858 [WARNING] ApprovalRadar - [네트워크/응답 오류] HTTPConnectionPool(host='openapi.foodsafetykorea.go.kr', port=80): Read timed out. (read timeout=10). 4초 후 재시도합니다...
2026-05-13 17:34:46,321 [WARNING] ApprovalRadar - 연속적인 응답 오류 발생! 해당 키가 WAF에 의해 임시 차단된 것으로 의심되어 키를 회전합니다.
2026-05-13 17:34:46,325 [ERROR] ApprovalRadar - 🚨 [긴급] 오늘자 식품나라 API 키가 모두 소진되었습니다. 크롤링이 중단됩니다.
2026-05-13 17:34:46,328 [ERROR] ApprovalRadar - Failed to fetch or update 20260072360: All API keys are exhausted for today.
2026-05-13 17:34:49,487 [WARNING] ApprovalRadar - 연속적인 응답 오류 발생! 해당 키가 WAF에 의해 임시 차단된 것으로 의심되어 키를 회전합니다.
2026-05-13 17:34:49,491 [ERROR] ApprovalRadar - 🚨 [긴급] 오늘자 식품나라 API 키가 모두 소진되었습니다. 크롤링이 중단됩니다.
2026-05-13 17:34:49,646 [WARNING] ApprovalRadar - [네트워크/응답 오류] Expecting value: line 1 column 1 (char 0). 1초 후 재시도합니다...
2026-05-13 17:34:49,870 [WARNING] ApprovalRadar - 연속적인 응답 오류 발생! 해당 키가 WAF에 의해 임시 차단된 것으로 의심되어 키를 회전합니다.
2026-05-13 17:34:49,874 [ERROR] ApprovalRadar - 🚨 [긴급] 오늘자 식품나라 API 키가 모두 소진되었습니다. 크롤링이 중단됩니다.
2026-05-13 17:34:49,977 [WARNING] ApprovalRadar - [네트워크/응답 오류] Expecting value: line 1 column 1 (char 0). 1초 후 재시도합니다...
2026-05-13 17:34:51,041 [WARNING] ApprovalRadar - [네트워크/응답 오류] Expecting value: line 1 column 1 (char 0). 2초 후 재시도합니다...
2026-05-13 17:34:53,112 [WARNING] ApprovalRadar - [네트워크/응답 오류] Expecting value: line 1 column 1 (char 0). 4초 후 재시도합니다...
2026-05-13 17:34:57,126 [WARNING] ApprovalRadar - 연속적인 응답 오류 발생! 해당 키가 WAF에 의해 임시 차단된 것으로 의심되어 키를 회전합니다.
2026-05-13 17:34:57,130 [ERROR] ApprovalRadar - 🚨 [긴급] 오늘자 식품나라 API 키가 모두 소진되었습니다. 크롤링이 중단됩니다.
2026-05-13 17:34:59,386 [WARNING] ApprovalRadar - [네트워크/응답 오류] HTTPConnectionPool(host='openapi.foodsafetykorea.go.kr', port=80): Read timed out. (read timeout=10). 1초 후 재시도합니다...
2026-05-13 17:35:00,455 [WARNING] ApprovalRadar - [네트워크/응답 오류] Expecting value: line 1 column 1 (char 0). 2초 후 재시도합니다...
2026-05-13 17:35:00,703 [WARNING] ApprovalRadar - [네트워크/응답 오류] HTTPConnectionPool(host='openapi.foodsafetykorea.go.kr', port=80): Read timed out. (read timeout=10). 2초 후 재시도합니다...
2026-05-13 17:35:02,794 [WARNING] ApprovalRadar - [네트워크/응답 오류] Expecting value: line 1 column 1 (char 0). 4초 후 재시도합니다...
2026-05-13 17:35:06,807 [WARNING] ApprovalRadar - 연속적인 응답 오류 발생! 해당 키가 WAF에 의해 임시 차단된 것으로 의심되어 키를 회전합니다.
2026-05-13 17:35:06,810 [ERROR] ApprovalRadar - 🚨 [긴급] 오늘자 식품나라 API 키가 모두 소진되었습니다. 크롤링이 중단됩니다.
2026-05-13 17:35:06,962 [WARNING] ApprovalRadar - [네트워크/응답 오류] Expecting value: line 1 column 1 (char 0). 1초 후 재시도합니다...
2026-05-13 17:35:07,186 [WARNING] ApprovalRadar - [네트워크/응답 오류] HTTPConnectionPool(host='openapi.foodsafetykorea.go.kr', port=80): Read timed out. (read timeout=10). 1초 후 재시도합니다...
2026-05-13 17:35:08,015 [WARNING] ApprovalRadar - [네트워크/응답 오류] Expecting value: line 1 column 1 (char 0). 2초 후 재시도합니다...
2026-05-13 17:35:08,234 [WARNING] ApprovalRadar - [네트워크/응답 오류] Expecting value: line 1 column 1 (char 0). 2초 후 재시도합니다...
2026-05-13 17:35:10,305 [WARNING] ApprovalRadar - [네트워크/응답 오류] Expecting value: line 1 column 1 (char 0). 4초 후 재시도합니다...
2026-05-13 17:35:12,535 [WARNING] ApprovalRadar - [네트워크/응답 오류] HTTPConnectionPool(host='openapi.foodsafetykorea.go.kr', port=80): Read timed out. (read timeout=10). 4초 후 재시도합니다...
2026-05-13 17:35:14,309 [WARNING] ApprovalRadar - 연속적인 응답 오류 발생! 해당 키가 WAF에 의해 임시 차단된 것으로 의심되어 키를 회전합니다.
2026-05-13 17:35:14,313 [ERROR] ApprovalRadar - 🚨 [긴급] 오늘자 식품나라 API 키가 모두 소진되었습니다. 크롤링이 중단됩니다.
2026-05-13 17:35:16,544 [WARNING] ApprovalRadar - 연속적인 응답 오류 발생! 해당 키가 WAF에 의해 임시 차단된 것으로 의심되어 키를 회전합니다.
2026-05-13 17:35:16,548 [ERROR] ApprovalRadar - 🚨 [긴급] 오늘자 식품나라 API 키가 모두 소진되었습니다. 크롤링이 중단됩니다.
2026-05-13 17:35:16,550 [ERROR] ApprovalRadar - Failed to fetch or update 20260089338: All API keys are exhausted for today.
2026-05-13 17:35:20,081 [WARNING] ApprovalRadar - [네트워크/응답 오류] HTTPConnectionPool(host='openapi.foodsafetykorea.go.kr', port=80): Read timed out. (read timeout=10). 4초 후 재시도합니다...
2026-05-13 17:35:24,095 [WARNING] ApprovalRadar - 연속적인 응답 오류 발생! 해당 키가 WAF에 의해 임시 차단된 것으로 의심되어 키를 회전합니다.
2026-05-13 17:35:24,099 [ERROR] ApprovalRadar - 🚨 [긴급] 오늘자 식품나라 API 키가 모두 소진되었습니다. 크롤링이 중단됩니다.
2026-05-13 17:35:24,102 [ERROR] ApprovalRadar - ❌ I2500 크롤러 스케줄 작업 중 치명적인 오류 발생: All API keys are exhausted for today.
2026-05-13 17:35:24,477 [INFO] ApprovalRadar - Initializing Database...
2026-05-13 17:35:24,479 [INFO] ApprovalRadar - Starting Industry Type Backfill Job...
2026-05-13 17:35:24,479 [INFO] ApprovalRadar - Configuring APScheduler jobs...
2026-05-13 17:35:24,481 [INFO] ApprovalRadar - 총 2553건의 세부업종 누락 데이터를 발견했습니다. 백필을 시작합니다.
2026-05-13 17:35:24,488 [INFO] ApprovalRadar - Adding initial catch-up scraper job to background...
2026-05-13 17:35:24,489 [INFO] ApprovalRadar - APScheduler started successfully.
2026-05-13 17:35:24,489 [INFO] ApprovalRadar - Starting DiffCrawler Delta Sync Job for I2859...
2026-05-13 17:35:24,561 [INFO] ApprovalRadar - [키 회전] API 한도 초과! 새로운 키로 교체: f1282***
2026-05-13 17:35:24,561 [INFO] ApprovalRadar - [키 회전] API 한도 초과! 새로운 키로 교체: f1282***
2026-05-13 17:35:24,562 [WARNING] ApprovalRadar - 키 회전 후 3.0초 대기...
2026-05-13 17:35:24,563 [WARNING] ApprovalRadar - 키 회전 후 3.0초 대기...
2026-05-13 17:35:27,664 [WARNING] ApprovalRadar - [네트워크/응답 오류] Expecting value: line 1 column 1 (char 0). 1초 후 재시도합니다...
2026-05-13 17:35:37,620 [WARNING] ApprovalRadar - [네트워크/응답 오류] HTTPConnectionPool(host='openapi.foodsafetykorea.go.kr', port=80): Read timed out. (read timeout=10). 1초 후 재시도합니다...
2026-05-13 17:35:38,675 [WARNING] ApprovalRadar - [네트워크/응답 오류] Expecting value: line 1 column 1 (char 0). 2초 후 재시도합니다...
2026-05-13 17:35:38,712 [WARNING] ApprovalRadar - [네트워크/응답 오류] HTTPConnectionPool(host='openapi.foodsafetykorea.go.kr', port=80): Read timed out. (read timeout=10). 2초 후 재시도합니다...
2026-05-13 17:35:40,771 [WARNING] ApprovalRadar - [네트워크/응답 오류] Expecting value: line 1 column 1 (char 0). 4초 후 재시도합니다...
2026-05-13 17:35:40,787 [WARNING] ApprovalRadar - [네트워크/응답 오류] Expecting value: line 1 column 1 (char 0). 4초 후 재시도합니다...
2026-05-13 17:35:44,777 [WARNING] ApprovalRadar - 연속적인 응답 오류 발생! 해당 키가 WAF에 의해 임시 차단된 것으로 의심되어 키를 회전합니다.
2026-05-13 17:35:44,780 [INFO] ApprovalRadar - [키 회전] API 한도 초과! 새로운 키로 교체: ba698***
2026-05-13 17:35:44,795 [WARNING] ApprovalRadar - 연속적인 응답 오류 발생! 해당 키가 WAF에 의해 임시 차단된 것으로 의심되어 키를 회전합니다.
2026-05-13 17:35:44,797 [INFO] ApprovalRadar - [키 회전] API 한도 초과! 새로운 키로 교체: ba698***
2026-05-13 17:35:47,985 [WARNING] ApprovalRadar - [네트워크/응답 오류] Expecting value: line 1 column 1 (char 0). 8초 후 재시도합니다...
2026-05-13 17:35:55,993 [WARNING] ApprovalRadar - 연속적인 응답 오류 발생! 해당 키가 WAF에 의해 임시 차단된 것으로 의심되어 키를 회전합니다.
2026-05-13 17:35:55,996 [INFO] ApprovalRadar - [키 회전] API 한도 초과! 새로운 키로 교체: 67f07***
2026-05-13 17:35:57,850 [WARNING] ApprovalRadar - [네트워크/응답 오류] HTTPConnectionPool(host='openapi.foodsafetykorea.go.kr', port=80): Read timed out. (read timeout=10). 8초 후 재시도합니다...
2026-05-13 17:36:05,857 [WARNING] ApprovalRadar - 연속적인 응답 오류 발생! 해당 키가 WAF에 의해 임시 차단된 것으로 의심되어 키를 회전합니다.
2026-05-13 17:36:05,861 [INFO] ApprovalRadar - [키 회전] API 한도 초과! 새로운 키로 교체: 67f07***
2026-05-13 17:36:09,039 [WARNING] ApprovalRadar - [네트워크/응답 오류] HTTPConnectionPool(host='openapi.foodsafetykorea.go.kr', port=80): Read timed out. (read timeout=10). 16초 후 재시도합니다...
2026-05-13 17:36:18,903 [WARNING] ApprovalRadar - [네트워크/응답 오류] HTTPConnectionPool(host='openapi.foodsafetykorea.go.kr', port=80): Read timed out. (read timeout=10). 16초 후 재시도합니다...
2026-05-13 17:36:25,046 [WARNING] ApprovalRadar - 연속적인 응답 오류 발생! 해당 키가 WAF에 의해 임시 차단된 것으로 의심되어 키를 회전합니다.
2026-05-13 17:36:25,050 [INFO] ApprovalRadar - [키 회전] API 한도 초과! 새로운 키로 교체: e7b3f***
2026-05-13 17:36:28,054 [ERROR] ApprovalRadar - ❌ 최대 재시도 횟수(5) 초과. API 요청 완전 실패: 1~1000
2026-05-13 17:36:28,056 [ERROR] ApprovalRadar - Failed to fetch or update 20260076241: 식품나라 API 서버 통신 실패 (최대 재시도 초과): 1~1000
2026-05-13 17:36:34,915 [WARNING] ApprovalRadar - 연속적인 응답 오류 발생! 해당 키가 WAF에 의해 임시 차단된 것으로 의심되어 키를 회전합니다.
2026-05-13 17:36:34,917 [INFO] ApprovalRadar - [키 회전] API 한도 초과! 새로운 키로 교체: e7b3f***
2026-05-13 17:36:37,924 [ERROR] ApprovalRadar - ❌ 최대 재시도 횟수(5) 초과. API 요청 완전 실패: 22417~22417
2026-05-13 17:36:37,925 [ERROR] ApprovalRadar - ❌ I2859 크롤러 스케줄 작업 중 치명적인 오류 발생: 식품나라 API 서버 통신 실패 (최대 재시도 초과): 22417~22417
2026-05-13 17:36:37,927 [INFO] ApprovalRadar - Starting DiffCrawler Delta Sync Job for I2500...
2026-05-13 17:36:37,929 [INFO] ApprovalRadar - 최초 실행: 베이스라인 부트스트랩을 시작합니다...
2026-05-13 17:36:37,931 [INFO] ApprovalRadar - [Bootstrapper] True Tail(실제 마지막 데이터) 찾는 중...
2026-05-13 17:36:38,126 [INFO] ApprovalRadar - [키 회전] API 한도 초과! 새로운 키로 교체: f1282***
2026-05-13 17:36:38,128 [WARNING] ApprovalRadar - 키 회전 후 3.0초 대기...
2026-05-13 17:36:41,101 [WARNING] ApprovalRadar - [네트워크/응답 오류] HTTPConnectionPool(host='openapi.foodsafetykorea.go.kr', port=80): Read timed out. (read timeout=10). 1초 후 재시도합니다...
2026-05-13 17:36:41,270 [WARNING] ApprovalRadar - [네트워크/응답 오류] Expecting value: line 1 column 1 (char 0). 1초 후 재시도합니다...
2026-05-13 17:36:42,348 [WARNING] ApprovalRadar - [네트워크/응답 오류] Expecting value: line 1 column 1 (char 0). 2초 후 재시도합니다...
2026-05-13 17:36:44,470 [WARNING] ApprovalRadar - [네트워크/응답 오류] Expecting value: line 1 column 1 (char 0). 4초 후 재시도합니다...
2026-05-13 17:36:48,475 [WARNING] ApprovalRadar - 연속적인 응답 오류 발생! 해당 키가 WAF에 의해 임시 차단된 것으로 의심되어 키를 회전합니다.
2026-05-13 17:36:48,478 [INFO] ApprovalRadar - [키 회전] API 한도 초과! 새로운 키로 교체: ba698***
2026-05-13 17:36:52,148 [WARNING] ApprovalRadar - [네트워크/응답 오류] HTTPConnectionPool(host='openapi.foodsafetykorea.go.kr', port=80): Read timed out. (read timeout=10). 2초 후 재시도합니다...
2026-05-13 17:37:01,521 [WARNING] ApprovalRadar - [네트워크/응답 오류] HTTPConnectionPool(host='openapi.foodsafetykorea.go.kr', port=80): Read timed out. (read timeout=10). 8초 후 재시도합니다...
2026-05-13 17:37:04,193 [WARNING] ApprovalRadar - [네트워크/응답 오류] HTTPConnectionPool(host='openapi.foodsafetykorea.go.kr', port=80): Read timed out. (read timeout=10). 4초 후 재시도합니다...
2026-05-13 17:37:08,199 [WARNING] ApprovalRadar - 연속적인 응답 오류 발생! 해당 키가 WAF에 의해 임시 차단된 것으로 의심되어 키를 회전합니다.
2026-05-13 17:37:08,201 [ERROR] ApprovalRadar - 🚨 [긴급] 오늘자 식품나라 API 키가 모두 소진되었습니다. 크롤링이 중단됩니다.
2026-05-13 17:37:08,202 [ERROR] ApprovalRadar - Failed to fetch or update 20260496147: All API keys are exhausted for today.
2026-05-13 17:37:09,527 [WARNING] ApprovalRadar - 연속적인 응답 오류 발생! 해당 키가 WAF에 의해 임시 차단된 것으로 의심되어 키를 회전합니다.
2026-05-13 17:37:09,529 [INFO] ApprovalRadar - [키 회전] API 한도 초과! 새로운 키로 교체: 67f07***
2026-05-13 17:37:12,729 [WARNING] ApprovalRadar - [네트워크/응답 오류] Expecting value: line 1 column 1 (char 0). 16초 후 재시도합니다...
2026-05-13 17:37:21,248 [WARNING] ApprovalRadar - [네트워크/응답 오류] HTTPConnectionPool(host='openapi.foodsafetykorea.go.kr', port=80): Read timed out. (read timeout=10). 1초 후 재시도합니다...
2026-05-13 17:37:22,305 [WARNING] ApprovalRadar - [네트워크/응답 오류] Expecting value: line 1 column 1 (char 0). 2초 후 재시도합니다...
2026-05-13 17:37:24,349 [WARNING] ApprovalRadar - [네트워크/응답 오류] Expecting value: line 1 column 1 (char 0). 4초 후 재시도합니다...
2026-05-13 17:37:28,354 [WARNING] ApprovalRadar - 연속적인 응답 오류 발생! 해당 키가 WAF에 의해 임시 차단된 것으로 의심되어 키를 회전합니다.
2026-05-13 17:37:28,358 [ERROR] ApprovalRadar - 🚨 [긴급] 오늘자 식품나라 API 키가 모두 소진되었습니다. 크롤링이 중단됩니다.
2026-05-13 17:37:28,360 [ERROR] ApprovalRadar - Failed to fetch or update 20260688044: All API keys are exhausted for today.
2026-05-13 17:37:28,733 [WARNING] ApprovalRadar - 연속적인 응답 오류 발생! 해당 키가 WAF에 의해 임시 차단된 것으로 의심되어 키를 회전합니다.
2026-05-13 17:37:28,735 [INFO] ApprovalRadar - [키 회전] API 한도 초과! 새로운 키로 교체: e7b3f***
2026-05-13 17:37:31,741 [ERROR] ApprovalRadar - ❌ 최대 재시도 횟수(5) 초과. API 요청 완전 실패: 500000~500000
2026-05-13 17:37:31,745 [ERROR] ApprovalRadar - ❌ I2500 크롤러 스케줄 작업 중 치명적인 오류 발생: 식품나라 API 서버 통신 실패 (최대 재시도 초과): 500000~500000
2026-05-13 17:43:43,695 [INFO] ApprovalRadar - Shutting down APScheduler...
2026-05-13 17:43:44,045 [INFO] ApprovalRadar - Initializing Database...
2026-05-13 17:43:44,046 [INFO] ApprovalRadar - Starting Industry Type Backfill Job...
2026-05-13 17:43:44,046 [INFO] ApprovalRadar - Configuring APScheduler jobs...
2026-05-13 17:43:44,050 [INFO] ApprovalRadar - Adding initial catch-up scraper job to background...
2026-05-13 17:43:44,051 [INFO] ApprovalRadar - Starting DiffCrawler Delta Sync Job for I2859...
2026-05-13 17:43:44,051 [INFO] ApprovalRadar - APScheduler started successfully.
2026-05-13 17:43:44,055 [INFO] ApprovalRadar - 총 2553건의 세부업종 누락 데이터를 발견했습니다. 백필을 시작합니다.
2026-05-13 17:43:44,113 [INFO] ApprovalRadar - [키 회전] API 한도 초과! 새로운 키로 교체: f1282***
2026-05-13 17:43:44,114 [WARNING] ApprovalRadar - 키 회전 후 3.0초 대기...
2026-05-13 17:43:44,258 [INFO] ApprovalRadar - [키 회전] API 한도 초과! 새로운 키로 교체: f1282***
2026-05-13 17:43:44,259 [WARNING] ApprovalRadar - 키 회전 후 3.0초 대기...
2026-05-13 17:43:48,130 [INFO] ApprovalRadar - ✨ [소요시간: 4.08초] 새로운 데이터가 감지되지 않았습니다. (현재 전체 데이터: 22416건)
2026-05-13 17:43:48,133 [INFO] ApprovalRadar - Starting DiffCrawler Delta Sync Job for I2500...
2026-05-13 17:43:48,138 [INFO] ApprovalRadar - 최초 실행: 베이스라인 부트스트랩을 시작합니다...
2026-05-13 17:43:48,141 [INFO] ApprovalRadar - [Bootstrapper] True Tail(실제 마지막 데이터) 찾는 중...
2026-05-13 17:43:48,172 [INFO] ApprovalRadar - [키 회전] API 한도 초과! 새로운 키로 교체: f1282***
2026-05-13 17:43:48,174 [WARNING] ApprovalRadar - 키 회전 후 3.0초 대기...
2026-05-13 17:43:51,493 [WARNING] ApprovalRadar - [네트워크/응답 오류] Expecting value: line 1 column 1 (char 0). 1초 후 재시도합니다...
2026-05-13 17:43:54,908 [WARNING] ApprovalRadar - [네트워크/응답 오류] Expecting value: line 1 column 1 (char 0). 1초 후 재시도합니다...
2026-05-13 17:43:56,038 [WARNING] ApprovalRadar - [네트워크/응답 오류] Expecting value: line 1 column 1 (char 0). 1초 후 재시도합니다...
2026-05-13 17:44:01,115 [INFO] ApprovalRadar - Shutting down APScheduler...
2026-05-13 17:44:03,925 [WARNING] ApprovalRadar - [네트워크/응답 오류] Expecting value: line 1 column 1 (char 0). 1초 후 재시도합니다...
2026-05-13 17:44:08,957 [WARNING] ApprovalRadar - [네트워크/응답 오류] Expecting value: line 1 column 1 (char 0). 1초 후 재시도합니다...
2026-05-13 17:44:11,260 [INFO] ApprovalRadar - [Bootstrapper] 전체 데이터 건수 확인 완료: 1000000건
2026-05-13 17:44:11,264 [INFO] ApprovalRadar - [Bootstrapper] 피벗 캐싱 시작 (간격: 5000)...
2026-05-13 17:44:11,329 [WARNING] ApprovalRadar - [네트워크/응답 오류] Expecting value: line 1 column 1 (char 0). 1초 후 재시도합니다...
2026-05-13 17:44:12,391 [WARNING] ApprovalRadar - [네트워크/응답 오류] Expecting value: line 1 column 1 (char 0). 2초 후 재시도합니다...
2026-05-13 17:44:14,007 [WARNING] ApprovalRadar - [네트워크/응답 오류] Expecting value: line 1 column 1 (char 0). 1초 후 재시도합니다...
2026-05-13 17:44:15,072 [WARNING] ApprovalRadar - [네트워크/응답 오류] Expecting value: line 1 column 1 (char 0). 2초 후 재시도합니다...
2026-05-13 17:44:17,162 [WARNING] ApprovalRadar - [네트워크/응답 오류] Expecting value: line 1 column 1 (char 0). 1초 후 재시도합니다...
2026-05-13 17:44:17,961 [WARNING] ApprovalRadar - [네트워크/응답 오류] Expecting value: line 1 column 1 (char 0). 1초 후 재시도합니다...
2026-05-13 17:44:18,229 [WARNING] ApprovalRadar - [네트워크/응답 오류] Expecting value: line 1 column 1 (char 0). 2초 후 재시도합니다...
2026-05-13 17:44:20,290 [WARNING] ApprovalRadar - [네트워크/응답 오류] Expecting value: line 1 column 1 (char 0). 4초 후 재시도합니다...
2026-05-13 17:44:22,605 [WARNING] ApprovalRadar - [네트워크/응답 오류] Expecting value: line 1 column 1 (char 0). 1초 후 재시도합니다...
2026-05-13 17:44:24,299 [WARNING] ApprovalRadar - 연속적인 응답 오류 발생! 해당 키가 WAF에 의해 임시 차단된 것으로 의심되어 키를 회전합니다.
2026-05-13 17:44:24,301 [INFO] ApprovalRadar - [키 회전] API 한도 초과! 새로운 키로 교체: ba698***
2026-05-13 17:44:27,379 [WARNING] ApprovalRadar - [네트워크/응답 오류] Expecting value: line 1 column 1 (char 0). 8초 후 재시도합니다...
2026-05-13 17:44:35,385 [WARNING] ApprovalRadar - 연속적인 응답 오류 발생! 해당 키가 WAF에 의해 임시 차단된 것으로 의심되어 키를 회전합니다.
2026-05-13 17:44:35,388 [INFO] ApprovalRadar - [키 회전] API 한도 초과! 새로운 키로 교체: 67f07***
2026-05-13 17:44:38,449 [WARNING] ApprovalRadar - [네트워크/응답 오류] Expecting value: line 1 column 1 (char 0). 16초 후 재시도합니다...
2026-05-13 17:44:54,454 [WARNING] ApprovalRadar - 연속적인 응답 오류 발생! 해당 키가 WAF에 의해 임시 차단된 것으로 의심되어 키를 회전합니다.
2026-05-13 17:44:54,458 [INFO] ApprovalRadar - [키 회전] API 한도 초과! 새로운 키로 교체: e7b3f***
2026-05-13 17:44:57,465 [ERROR] ApprovalRadar - ❌ 최대 재시도 횟수(5) 초과. API 요청 완전 실패: 40000~40000
2026-05-13 17:44:57,562 [WARNING] ApprovalRadar - [네트워크/응답 오류] Expecting value: line 1 column 1 (char 0). 1초 후 재시도합니다...
2026-05-13 17:44:58,710 [WARNING] ApprovalRadar - [네트워크/응답 오류] Expecting value: line 1 column 1 (char 0). 2초 후 재시도합니다...
2026-05-13 17:45:00,855 [WARNING] ApprovalRadar - [네트워크/응답 오류] Expecting value: line 1 column 1 (char 0). 4초 후 재시도합니다...
2026-05-13 17:45:04,861 [WARNING] ApprovalRadar - 연속적인 응답 오류 발생! 해당 키가 WAF에 의해 임시 차단된 것으로 의심되어 키를 회전합니다.
2026-05-13 17:45:04,864 [ERROR] ApprovalRadar - 🚨 [긴급] 오늘자 식품나라 API 키가 모두 소진되었습니다. 크롤링이 중단됩니다.
2026-05-13 17:45:05,316 [WARNING] ApprovalRadar - [네트워크/응답 오류] Expecting value: line 1 column 1 (char 0). 1초 후 재시도합니다...
2026-05-13 17:45:06,902 [WARNING] ApprovalRadar - [네트워크/응답 오류] Expecting value: line 1 column 1 (char 0). 1초 후 재시도합니다...
2026-05-13 17:45:08,166 [WARNING] ApprovalRadar - [네트워크/응답 오류] Expecting value: line 1 column 1 (char 0). 1초 후 재시도합니다...
2026-05-13 17:45:10,667 [WARNING] ApprovalRadar - [네트워크/응답 오류] Expecting value: line 1 column 1 (char 0). 1초 후 재시도합니다...
2026-05-13 17:45:11,996 [WARNING] ApprovalRadar - [네트워크/응답 오류] Expecting value: line 1 column 1 (char 0). 1초 후 재시도합니다...
2026-05-13 17:45:13,067 [WARNING] ApprovalRadar - [네트워크/응답 오류] Expecting value: line 1 column 1 (char 0). 2초 후 재시도합니다...
2026-05-13 17:45:16,066 [WARNING] ApprovalRadar - [네트워크/응답 오류] Expecting value: line 1 column 1 (char 0). 1초 후 재시도합니다...
2026-05-13 17:45:17,164 [WARNING] ApprovalRadar - [네트워크/응답 오류] Expecting value: line 1 column 1 (char 0). 1초 후 재시도합니다...
2026-05-13 17:45:18,826 [WARNING] ApprovalRadar - [네트워크/응답 오류] Expecting value: line 1 column 1 (char 0). 1초 후 재시도합니다...
2026-05-13 17:45:21,320 [WARNING] ApprovalRadar - [네트워크/응답 오류] Expecting value: line 1 column 1 (char 0). 1초 후 재시도합니다...
2026-05-13 17:45:22,363 [WARNING] ApprovalRadar - [네트워크/응답 오류] Expecting value: line 1 column 1 (char 0). 2초 후 재시도합니다...
2026-05-13 17:45:24,492 [WARNING] ApprovalRadar - [네트워크/응답 오류] Expecting value: line 1 column 1 (char 0). 1초 후 재시도합니다...
2026-05-13 17:45:25,556 [WARNING] ApprovalRadar - [네트워크/응답 오류] Expecting value: line 1 column 1 (char 0). 2초 후 재시도합니다...
2026-05-13 17:45:27,644 [WARNING] ApprovalRadar - [네트워크/응답 오류] Expecting value: line 1 column 1 (char 0). 4초 후 재시도합니다...
2026-05-13 17:45:31,650 [WARNING] ApprovalRadar - 연속적인 응답 오류 발생! 해당 키가 WAF에 의해 임시 차단된 것으로 의심되어 키를 회전합니다.
2026-05-13 17:45:31,655 [ERROR] ApprovalRadar - 🚨 [긴급] 오늘자 식품나라 API 키가 모두 소진되었습니다. 크롤링이 중단됩니다.
2026-05-13 17:45:31,779 [WARNING] ApprovalRadar - [네트워크/응답 오류] Expecting value: line 1 column 1 (char 0). 1초 후 재시도합니다...
2026-05-13 17:45:33,982 [WARNING] ApprovalRadar - [네트워크/응답 오류] Expecting value: line 1 column 1 (char 0). 1초 후 재시도합니다...
2026-05-13 17:45:35,987 [WARNING] ApprovalRadar - [네트워크/응답 오류] Expecting value: line 1 column 1 (char 0). 1초 후 재시도합니다...
2026-05-13 17:45:38,031 [WARNING] ApprovalRadar - [네트워크/응답 오류] Expecting value: line 1 column 1 (char 0). 1초 후 재시도합니다...
2026-05-13 17:45:39,725 [WARNING] ApprovalRadar - [네트워크/응답 오류] Expecting value: line 1 column 1 (char 0). 1초 후 재시도합니다...
2026-05-13 17:45:40,836 [WARNING] ApprovalRadar - [네트워크/응답 오류] Expecting value: line 1 column 1 (char 0). 1초 후 재시도합니다...
2026-05-13 17:45:41,905 [WARNING] ApprovalRadar - [네트워크/응답 오류] Expecting value: line 1 column 1 (char 0). 2초 후 재시도합니다...
2026-05-13 17:45:44,370 [WARNING] ApprovalRadar - [네트워크/응답 오류] Expecting value: line 1 column 1 (char 0). 1초 후 재시도합니다...
2026-05-13 17:45:45,892 [WARNING] ApprovalRadar - [네트워크/응답 오류] Expecting value: line 1 column 1 (char 0). 1초 후 재시도합니다...
2026-05-13 17:45:46,992 [WARNING] ApprovalRadar - [네트워크/응답 오류] Expecting value: line 1 column 1 (char 0). 2초 후 재시도합니다...
2026-05-13 17:45:49,089 [WARNING] ApprovalRadar - [네트워크/응답 오류] Expecting value: line 1 column 1 (char 0). 4초 후 재시도합니다...
2026-05-13 17:45:53,094 [WARNING] ApprovalRadar - 연속적인 응답 오류 발생! 해당 키가 WAF에 의해 임시 차단된 것으로 의심되어 키를 회전합니다.
2026-05-13 17:45:53,098 [ERROR] ApprovalRadar - 🚨 [긴급] 오늘자 식품나라 API 키가 모두 소진되었습니다. 크롤링이 중단됩니다.
2026-05-13 17:45:54,004 [WARNING] ApprovalRadar - [네트워크/응답 오류] Expecting value: line 1 column 1 (char 0). 1초 후 재시도합니다...
2026-05-13 17:45:55,648 [WARNING] ApprovalRadar - [네트워크/응답 오류] Expecting value: line 1 column 1 (char 0). 1초 후 재시도합니다...
2026-05-13 17:45:56,724 [WARNING] ApprovalRadar - [네트워크/응답 오류] Expecting value: line 1 column 1 (char 0). 1초 후 재시도합니다...
2026-05-13 17:45:57,785 [WARNING] ApprovalRadar - [네트워크/응답 오류] Expecting value: line 1 column 1 (char 0). 2초 후 재시도합니다...
2026-05-13 17:45:59,857 [WARNING] ApprovalRadar - [네트워크/응답 오류] Expecting value: line 1 column 1 (char 0). 4초 후 재시도합니다...
2026-05-13 17:46:03,865 [WARNING] ApprovalRadar - 연속적인 응답 오류 발생! 해당 키가 WAF에 의해 임시 차단된 것으로 의심되어 키를 회전합니다.
2026-05-13 17:46:03,869 [ERROR] ApprovalRadar - 🚨 [긴급] 오늘자 식품나라 API 키가 모두 소진되었습니다. 크롤링이 중단됩니다.
2026-05-13 17:46:05,825 [WARNING] ApprovalRadar - [네트워크/응답 오류] Expecting value: line 1 column 1 (char 0). 1초 후 재시도합니다...
2026-05-13 17:46:07,443 [WARNING] ApprovalRadar - [네트워크/응답 오류] Expecting value: line 1 column 1 (char 0). 1초 후 재시도합니다...
2026-05-13 17:46:09,348 [WARNING] ApprovalRadar - [네트워크/응답 오류] Expecting value: line 1 column 1 (char 0). 1초 후 재시도합니다...
2026-05-13 17:46:10,420 [WARNING] ApprovalRadar - [네트워크/응답 오류] Expecting value: line 1 column 1 (char 0). 2초 후 재시도합니다...
2026-05-13 17:46:12,486 [WARNING] ApprovalRadar - [네트워크/응답 오류] Expecting value: line 1 column 1 (char 0). 4초 후 재시도합니다...
2026-05-13 17:46:16,493 [WARNING] ApprovalRadar - 연속적인 응답 오류 발생! 해당 키가 WAF에 의해 임시 차단된 것으로 의심되어 키를 회전합니다.
2026-05-13 17:46:16,496 [ERROR] ApprovalRadar - 🚨 [긴급] 오늘자 식품나라 API 키가 모두 소진되었습니다. 크롤링이 중단됩니다.
2026-05-13 17:46:16,857 [WARNING] ApprovalRadar - [네트워크/응답 오류] Expecting value: line 1 column 1 (char 0). 1초 후 재시도합니다...
2026-05-13 17:46:19,028 [WARNING] ApprovalRadar - [네트워크/응답 오류] Expecting value: line 1 column 1 (char 0). 1초 후 재시도합니다...
2026-05-13 17:46:21,872 [WARNING] ApprovalRadar - [네트워크/응답 오류] Expecting value: line 1 column 1 (char 0). 1초 후 재시도합니다...
2026-05-13 17:46:22,924 [WARNING] ApprovalRadar - [네트워크/응답 오류] Expecting value: line 1 column 1 (char 0). 2초 후 재시도합니다...
2026-05-13 17:46:25,353 [WARNING] ApprovalRadar - [네트워크/응답 오류] Expecting value: line 1 column 1 (char 0). 1초 후 재시도합니다...
2026-05-13 17:46:26,413 [WARNING] ApprovalRadar - [네트워크/응답 오류] Expecting value: line 1 column 1 (char 0). 2초 후 재시도합니다...
2026-05-13 17:46:28,714 [WARNING] ApprovalRadar - [네트워크/응답 오류] Expecting value: line 1 column 1 (char 0). 4초 후 재시도합니다...
2026-05-13 17:46:32,722 [WARNING] ApprovalRadar - 연속적인 응답 오류 발생! 해당 키가 WAF에 의해 임시 차단된 것으로 의심되어 키를 회전합니다.
2026-05-13 17:46:32,725 [ERROR] ApprovalRadar - 🚨 [긴급] 오늘자 식품나라 API 키가 모두 소진되었습니다. 크롤링이 중단됩니다.
2026-05-13 17:46:32,906 [WARNING] ApprovalRadar - [네트워크/응답 오류] Expecting value: line 1 column 1 (char 0). 1초 후 재시도합니다...
2026-05-13 17:46:35,301 [WARNING] ApprovalRadar - [네트워크/응답 오류] Expecting value: line 1 column 1 (char 0). 1초 후 재시도합니다...
2026-05-13 17:46:37,002 [WARNING] ApprovalRadar - [네트워크/응답 오류] Expecting value: line 1 column 1 (char 0). 1초 후 재시도합니다...
2026-05-13 17:46:39,133 [WARNING] ApprovalRadar - [네트워크/응답 오류] Expecting value: line 1 column 1 (char 0). 1초 후 재시도합니다...
2026-05-13 17:46:41,987 [WARNING] ApprovalRadar - [네트워크/응답 오류] Expecting value: line 1 column 1 (char 0). 1초 후 재시도합니다...
2026-05-13 17:46:43,891 [ERROR] ApprovalRadar - ❌ I2500 크롤러 스케줄 작업 중 치명적인 오류 발생: 식품나라 API 서버 통신 실패 (최대 재시도 초과): 40000~40000
2026-05-13 17:46:49,666 [INFO] ApprovalRadar - Initializing Database...
2026-05-13 17:46:49,668 [INFO] ApprovalRadar - Starting Industry Type Backfill Job...
2026-05-13 17:46:49,668 [INFO] ApprovalRadar - Configuring APScheduler jobs...
2026-05-13 17:46:49,671 [INFO] ApprovalRadar - Adding initial catch-up scraper job to background...
2026-05-13 17:46:49,672 [INFO] ApprovalRadar - APScheduler started successfully.
2026-05-13 17:46:49,672 [INFO] ApprovalRadar - Starting DiffCrawler Delta Sync Job for I2859...
2026-05-13 17:46:49,675 [INFO] ApprovalRadar - 총 2553건의 세부업종 누락 데이터를 발견했습니다. 백필을 시작합니다.
2026-05-13 17:46:49,734 [INFO] ApprovalRadar - [키 회전] API 한도 초과! 새로운 키로 교체: f1282***
2026-05-13 17:46:49,736 [WARNING] ApprovalRadar - 키 회전 후 3.0초 대기...
2026-05-13 17:46:49,852 [INFO] ApprovalRadar - [키 회전] API 한도 초과! 새로운 키로 교체: f1282***
2026-05-13 17:46:49,854 [WARNING] ApprovalRadar - 키 회전 후 3.0초 대기...
2026-05-13 17:46:53,000 [WARNING] ApprovalRadar - [네트워크/응답 오류] Expecting value: line 1 column 1 (char 0). 1초 후 재시도합니다...
2026-05-13 17:46:54,902 [INFO] ApprovalRadar - ✨ [소요시간: 5.23초] 새로운 데이터가 감지되지 않았습니다. (현재 전체 데이터: 22416건)
2026-05-13 17:46:54,905 [INFO] ApprovalRadar - Starting DiffCrawler Delta Sync Job for I2500...
2026-05-13 17:46:54,908 [INFO] ApprovalRadar - 최초 실행: 베이스라인 부트스트랩을 시작합니다...
2026-05-13 17:46:54,909 [INFO] ApprovalRadar - [Bootstrapper] True Tail(실제 마지막 데이터) 찾는 중...
2026-05-13 17:46:54,962 [INFO] ApprovalRadar - [키 회전] API 한도 초과! 새로운 키로 교체: f1282***
2026-05-13 17:46:54,963 [WARNING] ApprovalRadar - 키 회전 후 3.0초 대기...
2026-05-13 17:47:00,602 [WARNING] ApprovalRadar - [네트워크/응답 오류] Expecting value: line 1 column 1 (char 0). 1초 후 재시도합니다...
2026-05-13 17:47:06,109 [WARNING] ApprovalRadar - [네트워크/응답 오류] Expecting value: line 1 column 1 (char 0). 1초 후 재시도합니다...
2026-05-13 17:47:09,517 [WARNING] ApprovalRadar - [네트워크/응답 오류] Expecting value: line 1 column 1 (char 0). 1초 후 재시도합니다...
2026-05-13 17:47:14,512 [WARNING] ApprovalRadar - [네트워크/응답 오류] Expecting value: line 1 column 1 (char 0). 1초 후 재시도합니다...
2026-05-13 17:47:16,484 [INFO] ApprovalRadar - [Bootstrapper] 전체 데이터 건수 확인 완료: 1000000건
2026-05-13 17:47:16,487 [INFO] ApprovalRadar - [Bootstrapper] 피벗 캐싱 시작 (간격: 5000)...
2026-05-13 17:47:16,613 [WARNING] ApprovalRadar - [네트워크/응답 오류] Expecting value: line 1 column 1 (char 0). 1초 후 재시도합니다...
2026-05-13 17:47:18,316 [WARNING] ApprovalRadar - [네트워크/응답 오류] Expecting value: line 1 column 1 (char 0). 1초 후 재시도합니다...
2026-05-13 17:47:19,472 [WARNING] ApprovalRadar - [네트워크/응답 오류] Expecting value: line 1 column 1 (char 0). 1초 후 재시도합니다...
2026-05-13 17:47:22,142 [WARNING] ApprovalRadar - [네트워크/응답 오류] Expecting value: line 1 column 1 (char 0). 1초 후 재시도합니다...
2026-05-13 17:47:23,622 [WARNING] ApprovalRadar - [네트워크/응답 오류] Expecting value: line 1 column 1 (char 0). 1초 후 재시도합니다...
2026-05-13 17:47:23,986 [WARNING] ApprovalRadar - [네트워크/응답 오류] Expecting value: line 1 column 1 (char 0). 1초 후 재시도합니다...
2026-05-13 17:47:25,043 [WARNING] ApprovalRadar - [네트워크/응답 오류] Expecting value: line 1 column 1 (char 0). 2초 후 재시도합니다...
2026-05-13 17:47:27,100 [WARNING] ApprovalRadar - [네트워크/응답 오류] Expecting value: line 1 column 1 (char 0). 4초 후 재시도합니다...
2026-05-13 17:47:27,254 [WARNING] ApprovalRadar - [네트워크/응답 오류] Expecting value: line 1 column 1 (char 0). 1초 후 재시도합니다...
2026-05-13 17:47:28,314 [WARNING] ApprovalRadar - [네트워크/응답 오류] Expecting value: line 1 column 1 (char 0). 2초 후 재시도합니다...
2026-05-13 17:47:30,595 [WARNING] ApprovalRadar - [네트워크/응답 오류] Expecting value: line 1 column 1 (char 0). 1초 후 재시도합니다...
2026-05-13 17:47:31,107 [WARNING] ApprovalRadar - 연속적인 응답 오류 발생! 해당 키가 WAF에 의해 임시 차단된 것으로 의심되어 키를 회전합니다.
2026-05-13 17:47:31,108 [INFO] ApprovalRadar - [키 회전] API 한도 초과! 새로운 키로 교체: ba698***
2026-05-13 17:47:34,162 [INFO] ApprovalRadar - [키 회전] API 한도 초과! 새로운 키로 교체: ba698***
2026-05-13 17:47:34,164 [WARNING] ApprovalRadar - 키 회전 후 3.0초 대기...
2026-05-13 17:47:34,266 [WARNING] ApprovalRadar - [네트워크/응답 오류] Expecting value: line 1 column 1 (char 0). 1초 후 재시도합니다...
2026-05-13 17:47:36,157 [WARNING] ApprovalRadar - [네트워크/응답 오류] Expecting value: line 1 column 1 (char 0). 1초 후 재시도합니다...
2026-05-13 17:47:38,999 [WARNING] ApprovalRadar - [네트워크/응답 오류] Expecting value: line 1 column 1 (char 0). 1초 후 재시도합니다...
2026-05-13 17:47:40,069 [WARNING] ApprovalRadar - [네트워크/응답 오류] Expecting value: line 1 column 1 (char 0). 1초 후 재시도합니다...
2026-05-13 17:47:42,900 [WARNING] ApprovalRadar - [네트워크/응답 오류] Expecting value: line 1 column 1 (char 0). 1초 후 재시도합니다...
2026-05-13 17:47:43,941 [WARNING] ApprovalRadar - [네트워크/응답 오류] Expecting value: line 1 column 1 (char 0). 2초 후 재시도합니다...
2026-05-13 17:47:44,999 [WARNING] ApprovalRadar - [네트워크/응답 오류] Expecting value: line 1 column 1 (char 0). 1초 후 재시도합니다...
2026-05-13 17:47:46,042 [WARNING] ApprovalRadar - [네트워크/응답 오류] Expecting value: line 1 column 1 (char 0). 2초 후 재시도합니다...
2026-05-13 17:47:47,840 [WARNING] ApprovalRadar - [네트워크/응답 오류] Expecting value: line 1 column 1 (char 0). 1초 후 재시도합니다...
2026-05-13 17:47:48,910 [WARNING] ApprovalRadar - [네트워크/응답 오류] Expecting value: line 1 column 1 (char 0). 2초 후 재시도합니다...
2026-05-13 17:47:51,817 [WARNING] ApprovalRadar - [네트워크/응답 오류] Expecting value: line 1 column 1 (char 0). 1초 후 재시도합니다...
2026-05-13 17:47:52,648 [WARNING] ApprovalRadar - [네트워크/응답 오류] Expecting value: line 1 column 1 (char 0). 1초 후 재시도합니다...
2026-05-13 17:47:53,830 [WARNING] ApprovalRadar - [네트워크/응답 오류] Expecting value: line 1 column 1 (char 0). 1초 후 재시도합니다...
2026-05-13 17:47:55,424 [WARNING] ApprovalRadar - [네트워크/응답 오류] Expecting value: line 1 column 1 (char 0). 1초 후 재시도합니다...
2026-05-13 17:47:58,219 [WARNING] ApprovalRadar - [네트워크/응답 오류] Expecting value: line 1 column 1 (char 0). 1초 후 재시도합니다...
2026-05-13 17:47:59,273 [WARNING] ApprovalRadar - [네트워크/응답 오류] Expecting value: line 1 column 1 (char 0). 2초 후 재시도합니다...
2026-05-13 17:48:00,147 [WARNING] ApprovalRadar - [네트워크/응답 오류] Expecting value: line 1 column 1 (char 0). 1초 후 재시도합니다...
2026-05-13 17:48:01,334 [WARNING] ApprovalRadar - [네트워크/응답 오류] Expecting value: line 1 column 1 (char 0). 4초 후 재시도합니다...
2026-05-13 17:48:05,025 [WARNING] ApprovalRadar - [네트워크/응답 오류] Expecting value: line 1 column 1 (char 0). 1초 후 재시도합니다...
2026-05-13 17:48:05,340 [WARNING] ApprovalRadar - 연속적인 응답 오류 발생! 해당 키가 WAF에 의해 임시 차단된 것으로 의심되어 키를 회전합니다.
2026-05-13 17:48:05,342 [INFO] ApprovalRadar - [키 회전] API 한도 초과! 새로운 키로 교체: 67f07***
2026-05-13 17:48:09,315 [WARNING] ApprovalRadar - [네트워크/응답 오류] Expecting value: line 1 column 1 (char 0). 1초 후 재시도합니다...
2026-05-13 17:48:11,168 [WARNING] ApprovalRadar - [네트워크/응답 오류] Expecting value: line 1 column 1 (char 0). 1초 후 재시도합니다...
2026-05-13 17:48:14,110 [WARNING] ApprovalRadar - [네트워크/응답 오류] Expecting value: line 1 column 1 (char 0). 1초 후 재시도합니다...
2026-05-13 17:48:15,173 [WARNING] ApprovalRadar - [네트워크/응답 오류] Expecting value: line 1 column 1 (char 0). 2초 후 재시도합니다...
2026-05-13 17:48:17,755 [WARNING] ApprovalRadar - [네트워크/응답 오류] Expecting value: line 1 column 1 (char 0). 1초 후 재시도합니다...
2026-05-13 17:48:18,818 [WARNING] ApprovalRadar - [네트워크/응답 오류] Expecting value: line 1 column 1 (char 0). 2초 후 재시도합니다...
2026-05-13 17:48:21,133 [WARNING] ApprovalRadar - [네트워크/응답 오류] Expecting value: line 1 column 1 (char 0). 1초 후 재시도합니다...
2026-05-13 17:48:23,192 [WARNING] ApprovalRadar - [네트워크/응답 오류] Expecting value: line 1 column 1 (char 0). 1초 후 재시도합니다...
2026-05-13 17:48:26,069 [WARNING] ApprovalRadar - [네트워크/응답 오류] Expecting value: line 1 column 1 (char 0). 1초 후 재시도합니다...
2026-05-13 17:48:29,520 [WARNING] ApprovalRadar - [네트워크/응답 오류] Expecting value: line 1 column 1 (char 0). 1초 후 재시도합니다...
2026-05-13 17:48:31,457 [WARNING] ApprovalRadar - [네트워크/응답 오류] Expecting value: line 1 column 1 (char 0). 1초 후 재시도합니다...
2026-05-13 17:48:32,503 [WARNING] ApprovalRadar - [네트워크/응답 오류] Expecting value: line 1 column 1 (char 0). 2초 후 재시도합니다...
2026-05-13 17:48:35,135 [WARNING] ApprovalRadar - [네트워크/응답 오류] Expecting value: line 1 column 1 (char 0). 1초 후 재시도합니다...
2026-05-13 17:48:37,959 [WARNING] ApprovalRadar - [네트워크/응답 오류] Expecting value: line 1 column 1 (char 0). 1초 후 재시도합니다...
2026-05-13 17:48:39,002 [WARNING] ApprovalRadar - [네트워크/응답 오류] Expecting value: line 1 column 1 (char 0). 2초 후 재시도합니다...
2026-05-13 17:48:41,067 [WARNING] ApprovalRadar - [네트워크/응답 오류] Expecting value: line 1 column 1 (char 0). 4초 후 재시도합니다...
2026-05-13 17:48:45,072 [WARNING] ApprovalRadar - 연속적인 응답 오류 발생! 해당 키가 WAF에 의해 임시 차단된 것으로 의심되어 키를 회전합니다.
2026-05-13 17:48:45,076 [INFO] ApprovalRadar - [키 회전] API 한도 초과! 새로운 키로 교체: e7b3f***
2026-05-13 17:48:48,136 [WARNING] ApprovalRadar - [네트워크/응답 오류] Expecting value: line 1 column 1 (char 0). 8초 후 재시도합니다...
2026-05-13 17:48:56,144 [WARNING] ApprovalRadar - 연속적인 응답 오류 발생! 해당 키가 WAF에 의해 임시 차단된 것으로 의심되어 키를 회전합니다.
2026-05-13 17:48:56,145 [ERROR] ApprovalRadar - 🚨 [긴급] 오늘자 식품나라 API 키가 모두 소진되었습니다. 크롤링이 중단됩니다.
2026-05-13 17:48:56,388 [WARNING] ApprovalRadar - [네트워크/응답 오류] Expecting value: line 1 column 1 (char 0). 1초 후 재시도합니다...
2026-05-13 17:48:58,008 [WARNING] ApprovalRadar - [네트워크/응답 오류] Expecting value: line 1 column 1 (char 0). 1초 후 재시도합니다...
2026-05-13 17:48:59,206 [WARNING] ApprovalRadar - [네트워크/응답 오류] Expecting value: line 1 column 1 (char 0). 1초 후 재시도합니다...
2026-05-13 17:49:01,134 [WARNING] ApprovalRadar - [네트워크/응답 오류] Expecting value: line 1 column 1 (char 0). 1초 후 재시도합니다...
2026-05-13 17:49:02,551 [WARNING] ApprovalRadar - [네트워크/응답 오류] Expecting value: line 1 column 1 (char 0). 1초 후 재시도합니다...
2026-05-13 17:49:03,609 [WARNING] ApprovalRadar - [네트워크/응답 오류] Expecting value: line 1 column 1 (char 0). 2초 후 재시도합니다...
2026-05-13 17:49:06,526 [WARNING] ApprovalRadar - [네트워크/응답 오류] Expecting value: line 1 column 1 (char 0). 1초 후 재시도합니다...
2026-05-13 17:49:07,570 [WARNING] ApprovalRadar - [네트워크/응답 오류] Expecting value: line 1 column 1 (char 0). 2초 후 재시도합니다...
2026-05-13 17:49:10,374 [WARNING] ApprovalRadar - [네트워크/응답 오류] Expecting value: line 1 column 1 (char 0). 1초 후 재시도합니다...
2026-05-13 17:49:12,309 [WARNING] ApprovalRadar - [네트워크/응답 오류] Expecting value: line 1 column 1 (char 0). 1초 후 재시도합니다...
2026-05-13 17:49:14,081 [WARNING] ApprovalRadar - [네트워크/응답 오류] Expecting value: line 1 column 1 (char 0). 1초 후 재시도합니다...
2026-05-13 17:49:15,140 [WARNING] ApprovalRadar - [네트워크/응답 오류] Expecting value: line 1 column 1 (char 0). 2초 후 재시도합니다...
2026-05-13 17:49:18,803 [WARNING] ApprovalRadar - [네트워크/응답 오류] Expecting value: line 1 column 1 (char 0). 1초 후 재시도합니다...
2026-05-13 17:49:19,893 [WARNING] ApprovalRadar - [네트워크/응답 오류] Expecting value: line 1 column 1 (char 0). 1초 후 재시도합니다...
2026-05-13 17:49:21,644 [WARNING] ApprovalRadar - [네트워크/응답 오류] Expecting value: line 1 column 1 (char 0). 1초 후 재시도합니다...
2026-05-13 17:49:24,534 [WARNING] ApprovalRadar - [네트워크/응답 오류] Expecting value: line 1 column 1 (char 0). 1초 후 재시도합니다...
2026-05-13 17:49:24,595 [ERROR] ApprovalRadar - 🚨 [긴급] 오늘자 식품나라 API 키가 모두 소진되었습니다. 크롤링이 중단됩니다.
2026-05-13 17:49:24,710 [ERROR] ApprovalRadar - 🚨 [긴급] 오늘자 식품나라 API 키가 모두 소진되었습니다. 크롤링이 중단됩니다.
2026-05-13 17:49:24,771 [ERROR] ApprovalRadar - 🚨 [긴급] 오늘자 식품나라 API 키가 모두 소진되었습니다. 크롤링이 중단됩니다.
2026-05-13 17:49:24,841 [ERROR] ApprovalRadar - 🚨 [긴급] 오늘자 식품나라 API 키가 모두 소진되었습니다. 크롤링이 중단됩니다.
2026-05-13 17:49:24,906 [ERROR] ApprovalRadar - 🚨 [긴급] 오늘자 식품나라 API 키가 모두 소진되었습니다. 크롤링이 중단됩니다.
2026-05-13 17:49:25,065 [ERROR] ApprovalRadar - 🚨 [긴급] 오늘자 식품나라 API 키가 모두 소진되었습니다. 크롤링이 중단됩니다.
2026-05-13 17:49:25,134 [ERROR] ApprovalRadar - 🚨 [긴급] 오늘자 식품나라 API 키가 모두 소진되었습니다. 크롤링이 중단됩니다.
2026-05-13 17:49:25,204 [ERROR] ApprovalRadar - 🚨 [긴급] 오늘자 식품나라 API 키가 모두 소진되었습니다. 크롤링이 중단됩니다.
2026-05-13 17:49:25,258 [ERROR] ApprovalRadar - 🚨 [긴급] 오늘자 식품나라 API 키가 모두 소진되었습니다. 크롤링이 중단됩니다.
2026-05-13 17:49:25,311 [ERROR] ApprovalRadar - 🚨 [긴급] 오늘자 식품나라 API 키가 모두 소진되었습니다. 크롤링이 중단됩니다.
2026-05-13 17:49:25,367 [ERROR] ApprovalRadar - 🚨 [긴급] 오늘자 식품나라 API 키가 모두 소진되었습니다. 크롤링이 중단됩니다.
2026-05-13 17:49:25,422 [ERROR] ApprovalRadar - 🚨 [긴급] 오늘자 식품나라 API 키가 모두 소진되었습니다. 크롤링이 중단됩니다.
2026-05-13 17:49:25,561 [ERROR] ApprovalRadar - 🚨 [긴급] 오늘자 식품나라 API 키가 모두 소진되었습니다. 크롤링이 중단됩니다.
2026-05-13 17:49:25,616 [ERROR] ApprovalRadar - 🚨 [긴급] 오늘자 식품나라 API 키가 모두 소진되었습니다. 크롤링이 중단됩니다.
2026-05-13 17:49:25,645 [ERROR] ApprovalRadar - 🚨 [긴급] 오늘자 식품나라 API 키가 모두 소진되었습니다. 크롤링이 중단됩니다.
2026-05-13 17:49:25,689 [ERROR] ApprovalRadar - 🚨 [긴급] 오늘자 식품나라 API 키가 모두 소진되었습니다. 크롤링이 중단됩니다.
2026-05-13 17:49:25,690 [ERROR] ApprovalRadar - 🚨 [긴급] 오늘자 식품나라 API 키가 모두 소진되었습니다. 크롤링이 중단됩니다.
2026-05-13 17:49:25,692 [ERROR] ApprovalRadar - ❌ I2500 크롤러 스케줄 작업 중 치명적인 오류 발생: All API keys are exhausted for today.
2026-05-13 17:53:39,504 [INFO] ApprovalRadar - [진척도] 100/2553 처리 완료 (성공: 0, 실패: 100)
2026-05-13 17:56:49,678 [INFO] ApprovalRadar - Starting DiffCrawler Delta Sync Job for I2859...
2026-05-13 17:56:49,735 [INFO] ApprovalRadar - [키 회전] API 한도 초과! 새로운 키로 교체: f1282***
2026-05-13 17:56:49,736 [WARNING] ApprovalRadar - 키 회전 후 3.0초 대기...
2026-05-13 17:56:52,923 [INFO] ApprovalRadar - [키 회전] API 한도 초과! 새로운 키로 교체: ba698***
2026-05-13 17:56:52,926 [WARNING] ApprovalRadar - 키 회전 후 3.0초 대기...
2026-05-13 17:56:56,801 [INFO] ApprovalRadar - ✨ [소요시간: 7.12초] 새로운 데이터가 감지되지 않았습니다. (현재 전체 데이터: 22416건)
2026-05-13 17:56:56,805 [INFO] ApprovalRadar - Starting DiffCrawler Delta Sync Job for I2500...
2026-05-13 17:56:56,809 [INFO] ApprovalRadar - 최초 실행: 베이스라인 부트스트랩을 시작합니다...
2026-05-13 17:56:56,810 [INFO] ApprovalRadar - [Bootstrapper] True Tail(실제 마지막 데이터) 찾는 중...
2026-05-13 17:56:56,983 [INFO] ApprovalRadar - [키 회전] API 한도 초과! 새로운 키로 교체: f1282***
2026-05-13 17:56:56,984 [WARNING] ApprovalRadar - 키 회전 후 3.0초 대기...
2026-05-13 17:57:00,124 [INFO] ApprovalRadar - [키 회전] API 한도 초과! 새로운 키로 교체: ba698***
2026-05-13 17:57:00,125 [WARNING] ApprovalRadar - 키 회전 후 3.0초 대기...
2026-05-13 17:57:03,276 [WARNING] ApprovalRadar - [네트워크/응답 오류] Expecting value: line 1 column 1 (char 0). 1초 후 재시도합니다...
2026-05-13 17:57:07,023 [WARNING] ApprovalRadar - [네트워크/응답 오류] Expecting value: line 1 column 1 (char 0). 1초 후 재시도합니다...
2026-05-13 17:57:15,588 [WARNING] ApprovalRadar - [네트워크/응답 오류] Expecting value: line 1 column 1 (char 0). 1초 후 재시도합니다...
2026-05-13 17:57:18,732 [WARNING] ApprovalRadar - [네트워크/응답 오류] Expecting value: line 1 column 1 (char 0). 1초 후 재시도합니다...
2026-05-13 17:57:20,074 [WARNING] ApprovalRadar - [네트워크/응답 오류] Expecting value: line 1 column 1 (char 0). 1초 후 재시도합니다...
2026-05-13 17:57:25,469 [INFO] ApprovalRadar - [Bootstrapper] 전체 데이터 건수 확인 완료: 1000000건
2026-05-13 17:57:25,472 [INFO] ApprovalRadar - [Bootstrapper] 피벗 캐싱 시작 (간격: 5000)...
2026-05-13 17:57:25,532 [WARNING] ApprovalRadar - [네트워크/응답 오류] Expecting value: line 1 column 1 (char 0). 1초 후 재시도합니다...
2026-05-13 17:57:26,590 [WARNING] ApprovalRadar - [네트워크/응답 오류] Expecting value: line 1 column 1 (char 0). 2초 후 재시도합니다...
2026-05-13 17:57:27,580 [WARNING] ApprovalRadar - [네트워크/응답 오류] Expecting value: line 1 column 1 (char 0). 1초 후 재시도합니다...
2026-05-13 17:57:28,644 [WARNING] ApprovalRadar - [네트워크/응답 오류] Expecting value: line 1 column 1 (char 0). 2초 후 재시도합니다...
2026-05-13 17:57:29,488 [WARNING] ApprovalRadar - [네트워크/응답 오류] Expecting value: line 1 column 1 (char 0). 1초 후 재시도합니다...
2026-05-13 17:57:30,715 [WARNING] ApprovalRadar - [네트워크/응답 오류] Expecting value: line 1 column 1 (char 0). 4초 후 재시도합니다...
2026-05-13 17:57:32,367 [WARNING] ApprovalRadar - [네트워크/응답 오류] Expecting value: line 1 column 1 (char 0). 1초 후 재시도합니다...
2026-05-13 17:57:34,724 [WARNING] ApprovalRadar - 연속적인 응답 오류 발생! 해당 키가 WAF에 의해 임시 차단된 것으로 의심되어 키를 회전합니다.
2026-05-13 17:57:34,728 [INFO] ApprovalRadar - [키 회전] API 한도 초과! 새로운 키로 교체: 67f07***
2026-05-13 17:57:34,845 [WARNING] ApprovalRadar - [네트워크/응답 오류] Expecting value: line 1 column 1 (char 0). 1초 후 재시도합니다...
2026-05-13 17:57:35,906 [WARNING] ApprovalRadar - [네트워크/응답 오류] Expecting value: line 1 column 1 (char 0). 2초 후 재시도합니다...
2026-05-13 17:57:38,817 [WARNING] ApprovalRadar - [네트워크/응답 오류] Expecting value: line 1 column 1 (char 0). 1초 후 재시도합니다...
2026-05-13 17:57:39,882 [WARNING] ApprovalRadar - [네트워크/응답 오류] Expecting value: line 1 column 1 (char 0). 2초 후 재시도합니다...
2026-05-13 17:57:41,926 [WARNING] ApprovalRadar - [네트워크/응답 오류] Expecting value: line 1 column 1 (char 0). 1초 후 재시도합니다...
2026-05-13 17:57:42,687 [INFO] ApprovalRadar - ✅ 20180417123 -> 일반음식점 업데이트 완료
2026-05-13 17:57:42,990 [WARNING] ApprovalRadar - [네트워크/응답 오류] Expecting value: line 1 column 1 (char 0). 2초 후 재시도합니다...
2026-05-13 17:57:45,058 [WARNING] ApprovalRadar - [네트워크/응답 오류] Expecting value: line 1 column 1 (char 0). 4초 후 재시도합니다...
2026-05-13 17:57:46,667 [INFO] ApprovalRadar - ✅ 20250602157 -> 일반음식점 업데이트 완료
2026-05-13 17:57:49,062 [WARNING] ApprovalRadar - 연속적인 응답 오류 발생! 해당 키가 WAF에 의해 임시 차단된 것으로 의심되어 키를 회전합니다.
2026-05-13 17:57:49,064 [INFO] ApprovalRadar - [키 회전] API 한도 초과! 새로운 키로 교체: 67f07***
2026-05-13 17:57:49,739 [WARNING] ApprovalRadar - [네트워크/응답 오류] Expecting value: line 1 column 1 (char 0). 1초 후 재시도합니다...
2026-05-13 17:57:50,785 [WARNING] ApprovalRadar - [네트워크/응답 오류] Expecting value: line 1 column 1 (char 0). 2초 후 재시도합니다...
2026-05-13 17:57:52,125 [WARNING] ApprovalRadar - [네트워크/응답 오류] Expecting value: line 1 column 1 (char 0). 8초 후 재시도합니다...
2026-05-13 17:57:52,967 [WARNING] ApprovalRadar - [네트워크/응답 오류] Expecting value: line 1 column 1 (char 0). 1초 후 재시도합니다...
2026-05-13 17:57:53,732 [INFO] ApprovalRadar - ✅ 20260200170 -> 휴게음식점 업데이트 완료
2026-05-13 17:57:56,798 [WARNING] ApprovalRadar - [네트워크/응답 오류] Expecting value: line 1 column 1 (char 0). 1초 후 재시도합니다...
2026-05-13 17:57:58,751 [INFO] ApprovalRadar - ✅ 20250694064 -> 일반음식점 업데이트 완료
2026-05-13 17:58:00,129 [WARNING] ApprovalRadar - 연속적인 응답 오류 발생! 해당 키가 WAF에 의해 임시 차단된 것으로 의심되어 키를 회전합니다.
2026-05-13 17:58:00,131 [INFO] ApprovalRadar - [키 회전] API 한도 초과! 새로운 키로 교체: e7b3f***
2026-05-13 17:58:00,421 [ERROR] ApprovalRadar - 🚨 [긴급] 오늘자 식품나라 API 키가 모두 소진되었습니다. 크롤링이 중단됩니다.
2026-05-13 17:58:00,477 [ERROR] ApprovalRadar - 🚨 [긴급] 오늘자 식품나라 API 키가 모두 소진되었습니다. 크롤링이 중단됩니다.
2026-05-13 17:58:00,582 [ERROR] ApprovalRadar - 🚨 [긴급] 오늘자 식품나라 API 키가 모두 소진되었습니다. 크롤링이 중단됩니다.
2026-05-13 17:58:00,645 [ERROR] ApprovalRadar - 🚨 [긴급] 오늘자 식품나라 API 키가 모두 소진되었습니다. 크롤링이 중단됩니다.
2026-05-13 17:58:00,700 [ERROR] ApprovalRadar - 🚨 [긴급] 오늘자 식품나라 API 키가 모두 소진되었습니다. 크롤링이 중단됩니다.
2026-05-13 17:58:00,732 [ERROR] ApprovalRadar - 🚨 [긴급] 오늘자 식품나라 API 키가 모두 소진되었습니다. 크롤링이 중단됩니다.
2026-05-13 17:58:00,783 [ERROR] ApprovalRadar - 🚨 [긴급] 오늘자 식품나라 API 키가 모두 소진되었습니다. 크롤링이 중단됩니다.
2026-05-13 17:58:00,839 [ERROR] ApprovalRadar - 🚨 [긴급] 오늘자 식품나라 API 키가 모두 소진되었습니다. 크롤링이 중단됩니다.
2026-05-13 17:58:00,962 [ERROR] ApprovalRadar - 🚨 [긴급] 오늘자 식품나라 API 키가 모두 소진되었습니다. 크롤링이 중단됩니다.
2026-05-13 17:58:01,021 [ERROR] ApprovalRadar - 🚨 [긴급] 오늘자 식품나라 API 키가 모두 소진되었습니다. 크롤링이 중단됩니다.
2026-05-13 17:58:01,061 [ERROR] ApprovalRadar - 🚨 [긴급] 오늘자 식품나라 API 키가 모두 소진되었습니다. 크롤링이 중단됩니다.
2026-05-13 17:58:01,102 [ERROR] ApprovalRadar - 🚨 [긴급] 오늘자 식품나라 API 키가 모두 소진되었습니다. 크롤링이 중단됩니다.
2026-05-13 17:58:01,156 [ERROR] ApprovalRadar - 🚨 [긴급] 오늘자 식품나라 API 키가 모두 소진되었습니다. 크롤링이 중단됩니다.
2026-05-13 17:58:01,215 [ERROR] ApprovalRadar - 🚨 [긴급] 오늘자 식품나라 API 키가 모두 소진되었습니다. 크롤링이 중단됩니다.
2026-05-13 17:58:01,250 [ERROR] ApprovalRadar - 🚨 [긴급] 오늘자 식품나라 API 키가 모두 소진되었습니다. 크롤링이 중단됩니다.
2026-05-13 17:58:01,309 [ERROR] ApprovalRadar - 🚨 [긴급] 오늘자 식품나라 API 키가 모두 소진되었습니다. 크롤링이 중단됩니다.
2026-05-13 17:58:01,341 [ERROR] ApprovalRadar - 🚨 [긴급] 오늘자 식품나라 API 키가 모두 소진되었습니다. 크롤링이 중단됩니다.
2026-05-13 17:58:01,469 [ERROR] ApprovalRadar - 🚨 [긴급] 오늘자 식품나라 API 키가 모두 소진되었습니다. 크롤링이 중단됩니다.
2026-05-13 17:58:01,534 [ERROR] ApprovalRadar - 🚨 [긴급] 오늘자 식품나라 API 키가 모두 소진되었습니다. 크롤링이 중단됩니다.
2026-05-13 17:58:01,591 [ERROR] ApprovalRadar - 🚨 [긴급] 오늘자 식품나라 API 키가 모두 소진되었습니다. 크롤링이 중단됩니다.
2026-05-13 17:58:01,647 [ERROR] ApprovalRadar - 🚨 [긴급] 오늘자 식품나라 API 키가 모두 소진되었습니다. 크롤링이 중단됩니다.
2026-05-13 17:58:01,700 [ERROR] ApprovalRadar - 🚨 [긴급] 오늘자 식품나라 API 키가 모두 소진되었습니다. 크롤링이 중단됩니다.
2026-05-13 17:58:01,758 [ERROR] ApprovalRadar - 🚨 [긴급] 오늘자 식품나라 API 키가 모두 소진되었습니다. 크롤링이 중단됩니다.
2026-05-13 17:58:01,791 [ERROR] ApprovalRadar - 🚨 [긴급] 오늘자 식품나라 API 키가 모두 소진되었습니다. 크롤링이 중단됩니다.
2026-05-13 17:58:01,842 [ERROR] ApprovalRadar - 🚨 [긴급] 오늘자 식품나라 API 키가 모두 소진되었습니다. 크롤링이 중단됩니다.
2026-05-13 17:58:01,898 [ERROR] ApprovalRadar - 🚨 [긴급] 오늘자 식품나라 API 키가 모두 소진되었습니다. 크롤링이 중단됩니다.
2026-05-13 17:58:02,018 [ERROR] ApprovalRadar - 🚨 [긴급] 오늘자 식품나라 API 키가 모두 소진되었습니다. 크롤링이 중단됩니다.
2026-05-13 17:58:02,106 [ERROR] ApprovalRadar - 🚨 [긴급] 오늘자 식품나라 API 키가 모두 소진되었습니다. 크롤링이 중단됩니다.
2026-05-13 17:58:02,151 [ERROR] ApprovalRadar - 🚨 [긴급] 오늘자 식품나라 API 키가 모두 소진되었습니다. 크롤링이 중단됩니다.
2026-05-13 17:58:02,205 [ERROR] ApprovalRadar - 🚨 [긴급] 오늘자 식품나라 API 키가 모두 소진되었습니다. 크롤링이 중단됩니다.
2026-05-13 17:58:02,256 [ERROR] ApprovalRadar - 🚨 [긴급] 오늘자 식품나라 API 키가 모두 소진되었습니다. 크롤링이 중단됩니다.
2026-05-13 17:58:02,312 [ERROR] ApprovalRadar - 🚨 [긴급] 오늘자 식품나라 API 키가 모두 소진되었습니다. 크롤링이 중단됩니다.
2026-05-13 17:58:02,365 [ERROR] ApprovalRadar - 🚨 [긴급] 오늘자 식품나라 API 키가 모두 소진되었습니다. 크롤링이 중단됩니다.
2026-05-13 17:58:02,522 [ERROR] ApprovalRadar - 🚨 [긴급] 오늘자 식품나라 API 키가 모두 소진되었습니다. 크롤링이 중단됩니다.
2026-05-13 17:58:02,577 [ERROR] ApprovalRadar - 🚨 [긴급] 오늘자 식품나라 API 키가 모두 소진되었습니다. 크롤링이 중단됩니다.
2026-05-13 17:58:02,581 [INFO] ApprovalRadar - ✅ 20260226157 -> 일반음식점 업데이트 완료
2026-05-13 17:58:02,661 [ERROR] ApprovalRadar - 🚨 [긴급] 오늘자 식품나라 API 키가 모두 소진되었습니다. 크롤링이 중단됩니다.
2026-05-13 17:58:02,715 [ERROR] ApprovalRadar - 🚨 [긴급] 오늘자 식품나라 API 키가 모두 소진되었습니다. 크롤링이 중단됩니다.
2026-05-13 17:58:02,770 [ERROR] ApprovalRadar - 🚨 [긴급] 오늘자 식품나라 API 키가 모두 소진되었습니다. 크롤링이 중단됩니다.
2026-05-13 17:58:02,823 [ERROR] ApprovalRadar - 🚨 [긴급] 오늘자 식품나라 API 키가 모두 소진되었습니다. 크롤링이 중단됩니다.
2026-05-13 17:58:02,880 [ERROR] ApprovalRadar - 🚨 [긴급] 오늘자 식품나라 API 키가 모두 소진되었습니다. 크롤링이 중단됩니다.
2026-05-13 17:58:02,947 [ERROR] ApprovalRadar - 🚨 [긴급] 오늘자 식품나라 API 키가 모두 소진되었습니다. 크롤링이 중단됩니다.
2026-05-13 17:58:03,082 [ERROR] ApprovalRadar - 🚨 [긴급] 오늘자 식품나라 API 키가 모두 소진되었습니다. 크롤링이 중단됩니다.
2026-05-13 17:58:03,141 [ERROR] ApprovalRadar - 🚨 [긴급] 오늘자 식품나라 API 키가 모두 소진되었습니다. 크롤링이 중단됩니다.
2026-05-13 17:58:03,187 [ERROR] ApprovalRadar - 🚨 [긴급] 오늘자 식품나라 API 키가 모두 소진되었습니다. 크롤링이 중단됩니다.
2026-05-13 17:58:03,196 [ERROR] ApprovalRadar - 🚨 [긴급] 오늘자 식품나라 API 키가 모두 소진되었습니다. 크롤링이 중단됩니다.
2026-05-13 17:58:03,229 [ERROR] ApprovalRadar - 🚨 [긴급] 오늘자 식품나라 API 키가 모두 소진되었습니다. 크롤링이 중단됩니다.
2026-05-13 17:58:03,242 [ERROR] ApprovalRadar - 🚨 [긴급] 오늘자 식품나라 API 키가 모두 소진되었습니다. 크롤링이 중단됩니다.
2026-05-13 17:58:03,282 [ERROR] ApprovalRadar - 🚨 [긴급] 오늘자 식품나라 API 키가 모두 소진되었습니다. 크롤링이 중단됩니다.
2026-05-13 17:58:03,297 [ERROR] ApprovalRadar - 🚨 [긴급] 오늘자 식품나라 API 키가 모두 소진되었습니다. 크롤링이 중단됩니다.
2026-05-13 17:58:03,336 [ERROR] ApprovalRadar - 🚨 [긴급] 오늘자 식품나라 API 키가 모두 소진되었습니다. 크롤링이 중단됩니다.
2026-05-13 17:58:03,363 [ERROR] ApprovalRadar - 🚨 [긴급] 오늘자 식품나라 API 키가 모두 소진되었습니다. 크롤링이 중단됩니다.
2026-05-13 17:58:03,392 [ERROR] ApprovalRadar - 🚨 [긴급] 오늘자 식품나라 API 키가 모두 소진되었습니다. 크롤링이 중단됩니다.
2026-05-13 17:58:03,418 [ERROR] ApprovalRadar - 🚨 [긴급] 오늘자 식품나라 API 키가 모두 소진되었습니다. 크롤링이 중단됩니다.
2026-05-13 17:58:03,443 [ERROR] ApprovalRadar - 🚨 [긴급] 오늘자 식품나라 API 키가 모두 소진되었습니다. 크롤링이 중단됩니다.
2026-05-13 17:58:03,567 [ERROR] ApprovalRadar - 🚨 [긴급] 오늘자 식품나라 API 키가 모두 소진되었습니다. 크롤링이 중단됩니다.
2026-05-13 17:58:03,585 [ERROR] ApprovalRadar - 🚨 [긴급] 오늘자 식품나라 API 키가 모두 소진되었습니다. 크롤링이 중단됩니다.
2026-05-13 17:58:03,623 [ERROR] ApprovalRadar - 🚨 [긴급] 오늘자 식품나라 API 키가 모두 소진되었습니다. 크롤링이 중단됩니다.
2026-05-13 17:58:03,641 [ERROR] ApprovalRadar - 🚨 [긴급] 오늘자 식품나라 API 키가 모두 소진되었습니다. 크롤링이 중단됩니다.
2026-05-13 17:58:03,677 [ERROR] ApprovalRadar - 🚨 [긴급] 오늘자 식품나라 API 키가 모두 소진되었습니다. 크롤링이 중단됩니다.
2026-05-13 17:58:03,694 [ERROR] ApprovalRadar - 🚨 [긴급] 오늘자 식품나라 API 키가 모두 소진되었습니다. 크롤링이 중단됩니다.
2026-05-13 17:58:03,731 [ERROR] ApprovalRadar - 🚨 [긴급] 오늘자 식품나라 API 키가 모두 소진되었습니다. 크롤링이 중단됩니다.
2026-05-13 17:58:03,748 [ERROR] ApprovalRadar - 🚨 [긴급] 오늘자 식품나라 API 키가 모두 소진되었습니다. 크롤링이 중단됩니다.
2026-05-13 17:58:03,785 [ERROR] ApprovalRadar - 🚨 [긴급] 오늘자 식품나라 API 키가 모두 소진되었습니다. 크롤링이 중단됩니다.
2026-05-13 17:58:03,799 [ERROR] ApprovalRadar - 🚨 [긴급] 오늘자 식품나라 API 키가 모두 소진되었습니다. 크롤링이 중단됩니다.
2026-05-13 17:58:03,820 [ERROR] ApprovalRadar - 🚨 [긴급] 오늘자 식품나라 API 키가 모두 소진되었습니다. 크롤링이 중단됩니다.
2026-05-13 17:58:03,852 [ERROR] ApprovalRadar - 🚨 [긴급] 오늘자 식품나라 API 키가 모두 소진되었습니다. 크롤링이 중단됩니다.
2026-05-13 17:58:03,856 [ERROR] ApprovalRadar - 🚨 [긴급] 오늘자 식품나라 API 키가 모두 소진되었습니다. 크롤링이 중단됩니다.
2026-05-13 17:58:03,884 [ERROR] ApprovalRadar - 🚨 [긴급] 오늘자 식품나라 API 키가 모두 소진되었습니다. 크롤링이 중단됩니다.
2026-05-13 17:58:03,897 [ERROR] ApprovalRadar - 🚨 [긴급] 오늘자 식품나라 API 키가 모두 소진되었습니다. 크롤링이 중단됩니다.
2026-05-13 17:58:03,914 [ERROR] ApprovalRadar - 🚨 [긴급] 오늘자 식품나라 API 키가 모두 소진되었습니다. 크롤링이 중단됩니다.
2026-05-13 17:58:03,951 [ERROR] ApprovalRadar - 🚨 [긴급] 오늘자 식품나라 API 키가 모두 소진되었습니다. 크롤링이 중단됩니다.
2026-05-13 17:58:03,967 [ERROR] ApprovalRadar - 🚨 [긴급] 오늘자 식품나라 API 키가 모두 소진되었습니다. 크롤링이 중단됩니다.
2026-05-13 17:58:03,984 [ERROR] ApprovalRadar - 🚨 [긴급] 오늘자 식품나라 API 키가 모두 소진되었습니다. 크롤링이 중단됩니다.
2026-05-13 17:58:04,112 [ERROR] ApprovalRadar - 🚨 [긴급] 오늘자 식품나라 API 키가 모두 소진되었습니다. 크롤링이 중단됩니다.
2026-05-13 17:58:04,114 [ERROR] ApprovalRadar - 🚨 [긴급] 오늘자 식품나라 API 키가 모두 소진되었습니다. 크롤링이 중단됩니다.
2026-05-13 17:58:04,168 [ERROR] ApprovalRadar - 🚨 [긴급] 오늘자 식품나라 API 키가 모두 소진되었습니다. 크롤링이 중단됩니다.
2026-05-13 17:58:04,176 [ERROR] ApprovalRadar - 🚨 [긴급] 오늘자 식품나라 API 키가 모두 소진되었습니다. 크롤링이 중단됩니다.
2026-05-13 17:58:04,205 [ERROR] ApprovalRadar - 🚨 [긴급] 오늘자 식품나라 API 키가 모두 소진되었습니다. 크롤링이 중단됩니다.
2026-05-13 17:58:04,227 [ERROR] ApprovalRadar - 🚨 [긴급] 오늘자 식품나라 API 키가 모두 소진되었습니다. 크롤링이 중단됩니다.
2026-05-13 17:58:04,260 [ERROR] ApprovalRadar - 🚨 [긴급] 오늘자 식품나라 API 키가 모두 소진되었습니다. 크롤링이 중단됩니다.
2026-05-13 17:58:04,311 [ERROR] ApprovalRadar - 🚨 [긴급] 오늘자 식품나라 API 키가 모두 소진되었습니다. 크롤링이 중단됩니다.
2026-05-13 17:58:04,340 [ERROR] ApprovalRadar - 🚨 [긴급] 오늘자 식품나라 API 키가 모두 소진되었습니다. 크롤링이 중단됩니다.
2026-05-13 17:58:04,350 [ERROR] ApprovalRadar - 🚨 [긴급] 오늘자 식품나라 API 키가 모두 소진되었습니다. 크롤링이 중단됩니다.
2026-05-13 17:58:04,389 [ERROR] ApprovalRadar - 🚨 [긴급] 오늘자 식품나라 API 키가 모두 소진되었습니다. 크롤링이 중단됩니다.
2026-05-13 17:58:04,401 [ERROR] ApprovalRadar - 🚨 [긴급] 오늘자 식품나라 API 키가 모두 소진되었습니다. 크롤링이 중단됩니다.
2026-05-13 17:58:04,429 [ERROR] ApprovalRadar - 🚨 [긴급] 오늘자 식품나라 API 키가 모두 소진되었습니다. 크롤링이 중단됩니다.
2026-05-13 17:58:04,457 [ERROR] ApprovalRadar - 🚨 [긴급] 오늘자 식품나라 API 키가 모두 소진되었습니다. 크롤링이 중단됩니다.
2026-05-13 17:58:04,467 [ERROR] ApprovalRadar - 🚨 [긴급] 오늘자 식품나라 API 키가 모두 소진되었습니다. 크롤링이 중단됩니다.
2026-05-13 17:58:04,500 [ERROR] ApprovalRadar - 🚨 [긴급] 오늘자 식품나라 API 키가 모두 소진되었습니다. 크롤링이 중단됩니다.
2026-05-13 17:58:04,511 [ERROR] ApprovalRadar - 🚨 [긴급] 오늘자 식품나라 API 키가 모두 소진되었습니다. 크롤링이 중단됩니다.
2026-05-13 17:58:04,615 [ERROR] ApprovalRadar - 🚨 [긴급] 오늘자 식품나라 API 키가 모두 소진되었습니다. 크롤링이 중단됩니다.
2026-05-13 17:58:04,628 [ERROR] ApprovalRadar - 🚨 [긴급] 오늘자 식품나라 API 키가 모두 소진되었습니다. 크롤링이 중단됩니다.
2026-05-13 17:58:04,647 [ERROR] ApprovalRadar - 🚨 [긴급] 오늘자 식품나라 API 키가 모두 소진되었습니다. 크롤링이 중단됩니다.
2026-05-13 17:58:04,660 [ERROR] ApprovalRadar - 🚨 [긴급] 오늘자 식품나라 API 키가 모두 소진되었습니다. 크롤링이 중단됩니다.
2026-05-13 17:58:04,702 [ERROR] ApprovalRadar - 🚨 [긴급] 오늘자 식품나라 API 키가 모두 소진되었습니다. 크롤링이 중단됩니다.
2026-05-13 17:58:04,717 [ERROR] ApprovalRadar - 🚨 [긴급] 오늘자 식품나라 API 키가 모두 소진되었습니다. 크롤링이 중단됩니다.
2026-05-13 17:58:04,754 [ERROR] ApprovalRadar - 🚨 [긴급] 오늘자 식품나라 API 키가 모두 소진되었습니다. 크롤링이 중단됩니다.
2026-05-13 17:58:04,769 [ERROR] ApprovalRadar - 🚨 [긴급] 오늘자 식품나라 API 키가 모두 소진되었습니다. 크롤링이 중단됩니다.
2026-05-13 17:58:04,802 [ERROR] ApprovalRadar - 🚨 [긴급] 오늘자 식품나라 API 키가 모두 소진되었습니다. 크롤링이 중단됩니다.
2026-05-13 17:58:04,807 [ERROR] ApprovalRadar - 🚨 [긴급] 오늘자 식품나라 API 키가 모두 소진되었습니다. 크롤링이 중단됩니다.
2026-05-13 17:58:04,854 [ERROR] ApprovalRadar - 🚨 [긴급] 오늘자 식품나라 API 키가 모두 소진되었습니다. 크롤링이 중단됩니다.
2026-05-13 17:58:04,864 [ERROR] ApprovalRadar - 🚨 [긴급] 오늘자 식품나라 API 키가 모두 소진되었습니다. 크롤링이 중단됩니다.
2026-05-13 17:58:04,911 [ERROR] ApprovalRadar - 🚨 [긴급] 오늘자 식품나라 API 키가 모두 소진되었습니다. 크롤링이 중단됩니다.
2026-05-13 17:58:04,920 [ERROR] ApprovalRadar - 🚨 [긴급] 오늘자 식품나라 API 키가 모두 소진되었습니다. 크롤링이 중단됩니다.
2026-05-13 17:58:04,965 [ERROR] ApprovalRadar - 🚨 [긴급] 오늘자 식품나라 API 키가 모두 소진되었습니다. 크롤링이 중단됩니다.
2026-05-13 17:58:04,972 [ERROR] ApprovalRadar - 🚨 [긴급] 오늘자 식품나라 API 키가 모두 소진되었습니다. 크롤링이 중단됩니다.
2026-05-13 17:58:05,031 [ERROR] ApprovalRadar - 🚨 [긴급] 오늘자 식품나라 API 키가 모두 소진되었습니다. 크롤링이 중단됩니다.
2026-05-13 17:58:05,033 [ERROR] ApprovalRadar - 🚨 [긴급] 오늘자 식품나라 API 키가 모두 소진되었습니다. 크롤링이 중단됩니다.
2026-05-13 17:58:05,159 [WARNING] ApprovalRadar - [네트워크/응답 오류] Expecting value: line 1 column 1 (char 0). 1초 후 재시도합니다...
2026-05-13 17:58:05,160 [ERROR] ApprovalRadar - 🚨 [긴급] 오늘자 식품나라 API 키가 모두 소진되었습니다. 크롤링이 중단됩니다.
2026-05-13 17:58:05,220 [ERROR] ApprovalRadar - 🚨 [긴급] 오늘자 식품나라 API 키가 모두 소진되었습니다. 크롤링이 중단됩니다.
2026-05-13 17:58:05,275 [ERROR] ApprovalRadar - 🚨 [긴급] 오늘자 식품나라 API 키가 모두 소진되었습니다. 크롤링이 중단됩니다.
2026-05-13 17:58:05,328 [ERROR] ApprovalRadar - 🚨 [긴급] 오늘자 식품나라 API 키가 모두 소진되었습니다. 크롤링이 중단됩니다.
2026-05-13 17:58:05,388 [ERROR] ApprovalRadar - 🚨 [긴급] 오늘자 식품나라 API 키가 모두 소진되었습니다. 크롤링이 중단됩니다.
2026-05-13 17:58:05,442 [ERROR] ApprovalRadar - 🚨 [긴급] 오늘자 식품나라 API 키가 모두 소진되었습니다. 크롤링이 중단됩니다.
2026-05-13 17:58:05,498 [ERROR] ApprovalRadar - 🚨 [긴급] 오늘자 식품나라 API 키가 모두 소진되었습니다. 크롤링이 중단됩니다.
2026-05-13 17:58:05,562 [ERROR] ApprovalRadar - 🚨 [긴급] 오늘자 식품나라 API 키가 모두 소진되었습니다. 크롤링이 중단됩니다.
2026-05-13 17:58:05,679 [ERROR] ApprovalRadar - 🚨 [긴급] 오늘자 식품나라 API 키가 모두 소진되었습니다. 크롤링이 중단됩니다.
2026-05-13 17:58:05,740 [ERROR] ApprovalRadar - 🚨 [긴급] 오늘자 식품나라 API 키가 모두 소진되었습니다. 크롤링이 중단됩니다.
2026-05-13 17:58:05,804 [ERROR] ApprovalRadar - 🚨 [긴급] 오늘자 식품나라 API 키가 모두 소진되었습니다. 크롤링이 중단됩니다.
2026-05-13 17:58:05,857 [ERROR] ApprovalRadar - 🚨 [긴급] 오늘자 식품나라 API 키가 모두 소진되었습니다. 크롤링이 중단됩니다.
2026-05-13 17:58:05,910 [ERROR] ApprovalRadar - 🚨 [긴급] 오늘자 식품나라 API 키가 모두 소진되었습니다. 크롤링이 중단됩니다.
2026-05-13 17:58:05,977 [ERROR] ApprovalRadar - 🚨 [긴급] 오늘자 식품나라 API 키가 모두 소진되었습니다. 크롤링이 중단됩니다.
2026-05-13 17:58:06,021 [ERROR] ApprovalRadar - 🚨 [긴급] 오늘자 식품나라 API 키가 모두 소진되었습니다. 크롤링이 중단됩니다.
2026-05-13 17:58:06,084 [ERROR] ApprovalRadar - 🚨 [긴급] 오늘자 식품나라 API 키가 모두 소진되었습니다. 크롤링이 중단됩니다.
2026-05-13 17:58:06,203 [ERROR] ApprovalRadar - 🚨 [긴급] 오늘자 식품나라 API 키가 모두 소진되었습니다. 크롤링이 중단됩니다.
2026-05-13 17:58:06,218 [ERROR] ApprovalRadar - 🚨 [긴급] 오늘자 식품나라 API 키가 모두 소진되었습니다. 크롤링이 중단됩니다.
2026-05-13 17:58:06,260 [ERROR] ApprovalRadar - 🚨 [긴급] 오늘자 식품나라 API 키가 모두 소진되었습니다. 크롤링이 중단됩니다.
2026-05-13 17:58:06,273 [ERROR] ApprovalRadar - 🚨 [긴급] 오늘자 식품나라 API 키가 모두 소진되었습니다. 크롤링이 중단됩니다.
2026-05-13 17:58:06,309 [ERROR] ApprovalRadar - 🚨 [긴급] 오늘자 식품나라 API 키가 모두 소진되었습니다. 크롤링이 중단됩니다.
2026-05-13 17:58:06,312 [ERROR] ApprovalRadar - 🚨 [긴급] 오늘자 식품나라 API 키가 모두 소진되었습니다. 크롤링이 중단됩니다.
2026-05-13 17:58:06,364 [ERROR] ApprovalRadar - 🚨 [긴급] 오늘자 식품나라 API 키가 모두 소진되었습니다. 크롤링이 중단됩니다.
2026-05-13 17:58:06,368 [ERROR] ApprovalRadar - 🚨 [긴급] 오늘자 식품나라 API 키가 모두 소진되었습니다. 크롤링이 중단됩니다.
2026-05-13 17:58:06,420 [ERROR] ApprovalRadar - 🚨 [긴급] 오늘자 식품나라 API 키가 모두 소진되었습니다. 크롤링이 중단됩니다.
2026-05-13 17:58:06,424 [ERROR] ApprovalRadar - 🚨 [긴급] 오늘자 식품나라 API 키가 모두 소진되었습니다. 크롤링이 중단됩니다.
2026-05-13 17:58:06,448 [INFO] ApprovalRadar - ✅ 20260279451 -> 일반음식점 업데이트 완료
2026-05-13 17:58:06,460 [ERROR] ApprovalRadar - 🚨 [긴급] 오늘자 식품나라 API 키가 모두 소진되었습니다. 크롤링이 중단됩니다.
2026-05-13 17:58:06,480 [ERROR] ApprovalRadar - 🚨 [긴급] 오늘자 식품나라 API 키가 모두 소진되었습니다. 크롤링이 중단됩니다.
2026-05-13 17:58:06,514 [ERROR] ApprovalRadar - 🚨 [긴급] 오늘자 식품나라 API 키가 모두 소진되었습니다. 크롤링이 중단됩니다.
2026-05-13 17:58:06,532 [ERROR] ApprovalRadar - 🚨 [긴급] 오늘자 식품나라 API 키가 모두 소진되었습니다. 크롤링이 중단됩니다.
2026-05-13 17:58:06,567 [ERROR] ApprovalRadar - 🚨 [긴급] 오늘자 식품나라 API 키가 모두 소진되었습니다. 크롤링이 중단됩니다.
2026-05-13 17:58:06,588 [ERROR] ApprovalRadar - 🚨 [긴급] 오늘자 식품나라 API 키가 모두 소진되었습니다. 크롤링이 중단됩니다.
2026-05-13 17:58:06,621 [ERROR] ApprovalRadar - 🚨 [긴급] 오늘자 식품나라 API 키가 모두 소진되었습니다. 크롤링이 중단됩니다.
2026-05-13 17:58:06,623 [ERROR] ApprovalRadar - 🚨 [긴급] 오늘자 식품나라 API 키가 모두 소진되었습니다. 크롤링이 중단됩니다.
2026-05-13 17:58:06,759 [ERROR] ApprovalRadar - 🚨 [긴급] 오늘자 식품나라 API 키가 모두 소진되었습니다. 크롤링이 중단됩니다.
2026-05-13 17:58:06,760 [ERROR] ApprovalRadar - 🚨 [긴급] 오늘자 식품나라 API 키가 모두 소진되었습니다. 크롤링이 중단됩니다.
2026-05-13 17:58:06,814 [ERROR] ApprovalRadar - 🚨 [긴급] 오늘자 식품나라 API 키가 모두 소진되었습니다. 크롤링이 중단됩니다.
2026-05-13 17:58:06,825 [ERROR] ApprovalRadar - 🚨 [긴급] 오늘자 식품나라 API 키가 모두 소진되었습니다. 크롤링이 중단됩니다.
2026-05-13 17:58:06,869 [ERROR] ApprovalRadar - 🚨 [긴급] 오늘자 식품나라 API 키가 모두 소진되었습니다. 크롤링이 중단됩니다.
2026-05-13 17:58:06,881 [ERROR] ApprovalRadar - 🚨 [긴급] 오늘자 식품나라 API 키가 모두 소진되었습니다. 크롤링이 중단됩니다.
2026-05-13 17:58:06,927 [ERROR] ApprovalRadar - 🚨 [긴급] 오늘자 식품나라 API 키가 모두 소진되었습니다. 크롤링이 중단됩니다.
2026-05-13 17:58:06,934 [ERROR] ApprovalRadar - 🚨 [긴급] 오늘자 식품나라 API 키가 모두 소진되었습니다. 크롤링이 중단됩니다.
2026-05-13 17:58:06,965 [ERROR] ApprovalRadar - 🚨 [긴급] 오늘자 식품나라 API 키가 모두 소진되었습니다. 크롤링이 중단됩니다.
2026-05-13 17:58:06,991 [ERROR] ApprovalRadar - 🚨 [긴급] 오늘자 식품나라 API 키가 모두 소진되었습니다. 크롤링이 중단됩니다.
2026-05-13 17:58:07,029 [ERROR] ApprovalRadar - 🚨 [긴급] 오늘자 식품나라 API 키가 모두 소진되었습니다. 크롤링이 중단됩니다.
2026-05-13 17:58:07,035 [ERROR] ApprovalRadar - 🚨 [긴급] 오늘자 식품나라 API 키가 모두 소진되었습니다. 크롤링이 중단됩니다.
2026-05-13 17:58:07,075 [ERROR] ApprovalRadar - 🚨 [긴급] 오늘자 식품나라 API 키가 모두 소진되었습니다. 크롤링이 중단됩니다.
2026-05-13 17:58:07,089 [ERROR] ApprovalRadar - 🚨 [긴급] 오늘자 식품나라 API 키가 모두 소진되었습니다. 크롤링이 중단됩니다.
2026-05-13 17:58:07,132 [ERROR] ApprovalRadar - 🚨 [긴급] 오늘자 식품나라 API 키가 모두 소진되었습니다. 크롤링이 중단됩니다.
2026-05-13 17:58:07,133 [ERROR] ApprovalRadar - ❌ I2500 크롤러 스케줄 작업 중 치명적인 오류 발생: All API keys are exhausted for today.
2026-05-13 17:58:10,278 [INFO] ApprovalRadar - ✅ 20250334283 -> 일반음식점 업데이트 완료
2026-05-13 17:58:14,127 [INFO] ApprovalRadar - ✅ 20260684075 -> 일반음식점 업데이트 완료
2026-05-13 17:58:18,248 [INFO] ApprovalRadar - ✅ 20240648861 -> 일반음식점 업데이트 완료
2026-05-13 17:58:22,200 [INFO] ApprovalRadar - ✅ 20260664319 -> 휴게음식점 업데이트 완료
2026-05-13 17:58:26,116 [INFO] ApprovalRadar - ✅ 20260891048 -> 휴게음식점 업데이트 완료
2026-05-13 17:58:30,133 [INFO] ApprovalRadar - ✅ 20260403592 -> 휴게음식점 업데이트 완료
2026-05-13 17:58:45,754 [INFO] ApprovalRadar - ✅ 20260536332 -> 휴게음식점 업데이트 완료
2026-05-13 17:58:49,745 [INFO] ApprovalRadar - ✅ 20260558728 -> 일반음식점 업데이트 완료
2026-05-13 17:58:53,740 [INFO] ApprovalRadar - ✅ 20260499312 -> 일반음식점 업데이트 완료
2026-05-13 17:58:57,931 [INFO] ApprovalRadar - ✅ 20080297227 -> 일반음식점 업데이트 완료
2026-05-13 17:59:01,760 [INFO] ApprovalRadar - ✅ 20260397223 -> 일반음식점 업데이트 완료
2026-05-13 17:59:05,619 [INFO] ApprovalRadar - ✅ 20260514275 -> 일반음식점 업데이트 완료
2026-05-13 17:59:13,640 [INFO] ApprovalRadar - ✅ 20240532428 -> 일반음식점 업데이트 완료
2026-05-13 17:59:18,019 [INFO] ApprovalRadar - ✅ 20260481158 -> 일반음식점 업데이트 완료
2026-05-13 17:59:22,102 [INFO] ApprovalRadar - ✅ 20250489615 -> 일반음식점 업데이트 완료
2026-05-13 17:59:26,033 [INFO] ApprovalRadar - ✅ 20250460804 -> 일반음식점 업데이트 완료
2026-05-13 17:59:29,890 [INFO] ApprovalRadar - ✅ 20260477126 -> 일반음식점 업데이트 완료
2026-05-13 17:59:33,794 [INFO] ApprovalRadar - ✅ 20260391146 -> 휴게음식점 업데이트 완료
2026-05-13 17:59:37,975 [INFO] ApprovalRadar - ✅ 20260382138 -> 휴게음식점 업데이트 완료
2026-05-13 17:59:41,971 [INFO] ApprovalRadar - ✅ 20260582555 -> 일반음식점 업데이트 완료
2026-05-13 17:59:45,864 [INFO] ApprovalRadar - ✅ 20260539509 -> 일반음식점 업데이트 완료
2026-05-13 17:59:49,809 [INFO] ApprovalRadar - ✅ 20260590450 -> 일반음식점 업데이트 완료
2026-05-13 17:59:53,672 [INFO] ApprovalRadar - ✅ 20260382254 -> 휴게음식점 업데이트 완료
2026-05-13 17:59:57,517 [INFO] ApprovalRadar - ✅ 20260582556 -> 일반음식점 업데이트 완료
2026-05-13 18:00:01,439 [INFO] ApprovalRadar - ✅ 20260493279 -> 일반음식점 업데이트 완료
2026-05-13 18:00:05,347 [INFO] ApprovalRadar - ✅ 20260787268 -> 일반음식점 업데이트 완료
2026-05-13 18:00:09,400 [INFO] ApprovalRadar - ✅ 20230720123 -> 일반음식점 업데이트 완료
2026-05-13 18:00:13,278 [INFO] ApprovalRadar - ✅ 20260965063 -> 일반음식점 업데이트 완료
2026-05-13 18:00:17,277 [INFO] ApprovalRadar - ✅ 20260923143 -> 일반음식점 업데이트 완료
2026-05-13 18:00:21,289 [INFO] ApprovalRadar - ✅ 20260963061 -> 일반음식점 업데이트 완료
2026-05-13 18:00:25,128 [INFO] ApprovalRadar - ✅ 20260933171 -> 휴게음식점 업데이트 완료
2026-05-13 18:00:29,125 [INFO] ApprovalRadar - ✅ 20260953075 -> 일반음식점 업데이트 완료
2026-05-13 18:00:29,126 [INFO] ApprovalRadar - [진척도] 200/2553 처리 완료 (성공: 38, 실패: 162)
2026-05-13 18:00:33,083 [INFO] ApprovalRadar - ✅ 20260291749 -> 일반음식점 업데이트 완료
2026-05-13 18:00:37,980 [INFO] ApprovalRadar - ✅ 20260971802 -> 휴게음식점 업데이트 완료
2026-05-13 18:00:41,901 [INFO] ApprovalRadar - ✅ 20260861412 -> 일반음식점 업데이트 완료
2026-05-13 18:00:45,801 [INFO] ApprovalRadar - ✅ 20260664568 -> 일반음식점 업데이트 완료
2026-05-13 18:00:49,862 [INFO] ApprovalRadar - ✅ 20260664569 -> 휴게음식점 업데이트 완료
2026-05-13 18:00:53,782 [INFO] ApprovalRadar - ✅ 20260330208 -> 일반음식점 업데이트 완료
2026-05-13 18:00:57,666 [INFO] ApprovalRadar - ✅ 20250594175 -> 일반음식점 업데이트 완료
2026-05-13 18:01:01,614 [INFO] ApprovalRadar - ✅ 20260222452 -> 휴게음식점 업데이트 완료
2026-05-13 18:01:05,533 [INFO] ApprovalRadar - ✅ 20260192629 -> 일반음식점 업데이트 완료
2026-05-13 18:01:09,497 [INFO] ApprovalRadar - ✅ 20260176080 -> 휴게음식점 업데이트 완료
2026-05-13 18:01:13,415 [INFO] ApprovalRadar - ✅ 20260176081 -> 제과점영업 업데이트 완료
2026-05-13 18:01:17,334 [INFO] ApprovalRadar - ✅ 20260176082 -> 휴게음식점 업데이트 완료
2026-05-13 18:01:21,239 [INFO] ApprovalRadar - ✅ 20260176083 -> 일반음식점 업데이트 완료
2026-05-13 18:01:25,192 [INFO] ApprovalRadar - ✅ 20260214269 -> 일반음식점 업데이트 완료
2026-05-13 18:01:30,000 [INFO] ApprovalRadar - ✅ 20210137798 -> 일반음식점 업데이트 완료
2026-05-13 18:01:33,970 [INFO] ApprovalRadar - ✅ 20260654265 -> 일반음식점 업데이트 완료
2026-05-13 18:01:37,885 [INFO] ApprovalRadar - ✅ 20260758297 -> 일반음식점 업데이트 완료
2026-05-13 18:01:42,290 [INFO] ApprovalRadar - ✅ 20260765129 -> 일반음식점 업데이트 완료
2026-05-13 18:01:46,223 [INFO] ApprovalRadar - ✅ 20260878241 -> 일반음식점 업데이트 완료
2026-05-13 18:01:50,103 [INFO] ApprovalRadar - ✅ 20260360090 -> 일반음식점 업데이트 완료
2026-05-13 18:01:53,995 [INFO] ApprovalRadar - ✅ 20260787269 -> 일반음식점 업데이트 완료
2026-05-13 18:01:57,955 [INFO] ApprovalRadar - ✅ 20260801226 -> 휴게음식점 업데이트 완료
2026-05-13 18:02:01,950 [INFO] ApprovalRadar - ✅ 20260354489 -> 휴게음식점 업데이트 완료
2026-05-13 18:02:05,892 [INFO] ApprovalRadar - ✅ 20260354490 -> 휴게음식점 업데이트 완료
2026-05-13 18:02:09,849 [INFO] ApprovalRadar - ✅ 20260354491 -> 휴게음식점 업데이트 완료
2026-05-13 18:02:13,930 [INFO] ApprovalRadar - ✅ 20260161655 -> 일반음식점 업데이트 완료
2026-05-13 18:02:17,841 [INFO] ApprovalRadar - ✅ 20260067340 -> 일반음식점 업데이트 완료
2026-05-13 18:02:21,712 [INFO] ApprovalRadar - ✅ 20260058437 -> 일반음식점 업데이트 완료
2026-05-13 18:02:26,830 [INFO] ApprovalRadar - ✅ 20260067341 -> 일반음식점 업데이트 완료
2026-05-13 18:02:30,843 [INFO] ApprovalRadar - ✅ 20260131485 -> 일반음식점 업데이트 완료
2026-05-13 18:02:34,745 [INFO] ApprovalRadar - ✅ 20260145477 -> 일반음식점 업데이트 완료
2026-05-13 18:02:38,709 [INFO] ApprovalRadar - ✅ 20260067342 -> 일반음식점 업데이트 완료
2026-05-13 18:02:42,704 [INFO] ApprovalRadar - ✅ 20260058398 -> 일반음식점 업데이트 완료
2026-05-13 18:02:46,690 [INFO] ApprovalRadar - ✅ 20260108681 -> 일반음식점 업데이트 완료
2026-05-13 18:02:50,590 [INFO] ApprovalRadar - ✅ 20240127629 -> 일반음식점 업데이트 완료
2026-05-13 18:02:54,455 [INFO] ApprovalRadar - ✅ 20260067343 -> 일반음식점 업데이트 완료
2026-05-13 18:02:58,409 [INFO] ApprovalRadar - ✅ 20260067344 -> 일반음식점 업데이트 완료
2026-05-13 18:03:02,292 [INFO] ApprovalRadar - ✅ 20240121841 -> 일반음식점 업데이트 완료
2026-05-13 18:03:06,238 [INFO] ApprovalRadar - ✅ 20260050428 -> 휴게음식점 업데이트 완료
2026-05-13 18:03:10,801 [INFO] ApprovalRadar - ✅ 20260067345 -> 일반음식점 업데이트 완료
2026-05-13 18:03:14,704 [INFO] ApprovalRadar - ✅ 20260067346 -> 일반음식점 업데이트 완료
2026-05-13 18:03:18,751 [INFO] ApprovalRadar - ✅ 20260080243 -> 일반음식점 업데이트 완료
2026-05-13 18:03:22,951 [INFO] ApprovalRadar - ✅ 20260108683 -> 일반음식점 업데이트 완료
2026-05-13 18:03:26,949 [INFO] ApprovalRadar - ✅ 20260131486 -> 일반음식점 업데이트 완료
2026-05-13 18:03:30,941 [INFO] ApprovalRadar - ✅ 20260050429 -> 일반음식점 업데이트 완료
2026-05-13 18:03:35,032 [INFO] ApprovalRadar - ✅ 20260054416 -> 일반음식점 업데이트 완료
2026-05-13 18:03:38,921 [INFO] ApprovalRadar - ✅ 20260067347 -> 일반음식점 업데이트 완료
2026-05-13 18:03:42,815 [INFO] ApprovalRadar - ✅ 20260067348 -> 일반음식점 업데이트 완료
2026-05-13 18:03:46,770 [INFO] ApprovalRadar - ✅ 20260067349 -> 일반음식점 업데이트 완료
2026-05-13 18:03:50,808 [INFO] ApprovalRadar - ✅ 20260097707 -> 일반음식점 업데이트 완료
2026-05-13 18:03:54,693 [INFO] ApprovalRadar - ✅ 20260131487 -> 일반음식점 업데이트 완료
2026-05-13 18:03:58,587 [INFO] ApprovalRadar - ✅ 20260067350 -> 일반음식점 업데이트 완료
2026-05-13 18:04:02,517 [INFO] ApprovalRadar - ✅ 20260154963 -> 휴게음식점 업데이트 완료
2026-05-13 18:04:06,471 [INFO] ApprovalRadar - ✅ 20260118289 -> 일반음식점 업데이트 완료
2026-05-13 18:04:11,087 [INFO] ApprovalRadar - ✅ 20260222453 -> 일반음식점 업데이트 완료
2026-05-13 18:04:15,076 [INFO] ApprovalRadar - ✅ 20260718476 -> 휴게음식점 업데이트 완료
2026-05-13 18:04:18,954 [INFO] ApprovalRadar - ✅ 20260279453 -> 일반음식점 업데이트 완료
2026-05-13 18:04:22,851 [INFO] ApprovalRadar - ✅ 20260707284 -> 일반음식점 업데이트 완료
2026-05-13 18:04:26,818 [INFO] ApprovalRadar - ✅ 20250609076 -> 일반음식점 업데이트 완료
2026-05-13 18:04:30,844 [INFO] ApprovalRadar - ✅ 20260230141 -> 일반음식점 업데이트 완료
2026-05-13 18:04:34,697 [INFO] ApprovalRadar - ✅ 20260963062 -> 일반음식점 업데이트 완료
2026-05-13 18:04:38,619 [INFO] ApprovalRadar - ✅ 20240911181 -> 일반음식점 업데이트 완료
2026-05-13 18:04:42,541 [INFO] ApprovalRadar - ✅ 20260965066 -> 휴게음식점 업데이트 완료
2026-05-13 18:04:46,407 [INFO] ApprovalRadar - ✅ 20210587677 -> 일반음식점 업데이트 완료
2026-05-13 18:04:50,497 [INFO] ApprovalRadar - ✅ 20260692169 -> 일반음식점 업데이트 완료
2026-05-13 18:04:54,470 [INFO] ApprovalRadar - ✅ 20260621059 -> 일반음식점 업데이트 완료
2026-05-13 18:04:58,295 [INFO] ApprovalRadar - ✅ 20260182215 -> 일반음식점 업데이트 완료
2026-05-13 18:05:02,276 [INFO] ApprovalRadar - ✅ 20260176084 -> 휴게음식점 업데이트 완료
2026-05-13 18:05:06,172 [INFO] ApprovalRadar - ✅ 20260178508 -> 일반음식점 업데이트 완료
2026-05-13 18:05:10,157 [INFO] ApprovalRadar - ✅ 20260189192 -> 휴게음식점 업데이트 완료
2026-05-13 18:05:14,039 [INFO] ApprovalRadar - ✅ 20260186211 -> 일반음식점 업데이트 완료
2026-05-13 18:05:18,020 [INFO] ApprovalRadar - ✅ 20260692170 -> 일반음식점 업데이트 완료
2026-05-13 18:05:22,038 [INFO] ApprovalRadar - ✅ 20260040289 -> 휴게음식점 업데이트 완료
2026-05-13 18:05:25,933 [INFO] ApprovalRadar - ✅ 20260076275 -> 일반음식점 업데이트 완료
2026-05-13 18:05:29,885 [INFO] ApprovalRadar - ✅ 20260104545 -> 일반음식점 업데이트 완료
2026-05-13 18:05:33,815 [INFO] ApprovalRadar - ✅ 20240054559 -> 일반음식점 업데이트 완료
2026-05-13 18:05:37,710 [INFO] ApprovalRadar - ✅ 20260113382 -> 제과점영업 업데이트 완료
2026-05-13 18:05:41,587 [INFO] ApprovalRadar - ✅ 20260136946 -> 일반음식점 업데이트 완료
2026-05-13 18:05:45,486 [INFO] ApprovalRadar - ✅ 20260067310 -> 일반음식점 업데이트 완료
2026-05-13 18:05:49,470 [INFO] ApprovalRadar - ✅ 20260108684 -> 일반음식점 업데이트 완료
2026-05-13 18:05:53,332 [INFO] ApprovalRadar - ✅ 20260097708 -> 휴게음식점 업데이트 완료
2026-05-13 18:05:57,195 [INFO] ApprovalRadar - ✅ 20260121878 -> 휴게음식점 업데이트 완료
2026-05-13 18:06:01,189 [INFO] ApprovalRadar - ✅ 20260104546 -> 일반음식점 업데이트 완료
2026-05-13 18:06:05,149 [INFO] ApprovalRadar - ✅ 20200404586 -> 일반음식점 업데이트 완료
2026-05-13 18:06:09,142 [INFO] ApprovalRadar - ✅ 20230321603 -> 일반음식점 업데이트 완료
2026-05-13 18:06:13,091 [INFO] ApprovalRadar - ✅ 20260145478 -> 휴게음식점 업데이트 완료
2026-05-13 18:06:16,928 [INFO] ApprovalRadar - ✅ 20260136948 -> 휴게음식점 업데이트 완료
2026-05-13 18:06:20,761 [INFO] ApprovalRadar - ✅ 20260145479 -> 일반음식점 업데이트 완료
2026-05-13 18:06:24,600 [INFO] ApprovalRadar - ✅ 20260145480 -> 일반음식점 업데이트 완료
2026-05-13 18:06:28,455 [INFO] ApprovalRadar - ✅ 20240062882 -> 일반음식점 업데이트 완료
2026-05-13 18:06:32,356 [INFO] ApprovalRadar - ✅ 20260464349 -> 일반음식점 업데이트 완료
2026-05-13 18:06:36,227 [INFO] ApprovalRadar - ✅ 20260582557 -> 일반음식점 업데이트 완료
2026-05-13 18:06:40,065 [INFO] ApprovalRadar - ✅ 20260579175 -> 휴게음식점 업데이트 완료
2026-05-13 18:06:44,265 [INFO] ApprovalRadar - ✅ 20190348174 -> 일반음식점 업데이트 완료
2026-05-13 18:06:48,262 [INFO] ApprovalRadar - ✅ 20260382148 -> 일반음식점 업데이트 완료
2026-05-13 18:06:49,670 [INFO] ApprovalRadar - Starting DiffCrawler Delta Sync Job for I2859...
2026-05-13 18:06:49,727 [INFO] ApprovalRadar - [키 회전] API 한도 초과! 새로운 키로 교체: f1282***
2026-05-13 18:06:49,729 [WARNING] ApprovalRadar - 키 회전 후 3.0초 대기...
2026-05-13 18:06:52,128 [INFO] ApprovalRadar - ✅ 20250460310 -> 일반음식점 업데이트 완료
2026-05-13 18:06:52,783 [INFO] ApprovalRadar - [키 회전] API 한도 초과! 새로운 키로 교체: ba698***
2026-05-13 18:06:52,785 [WARNING] ApprovalRadar - 키 회전 후 3.0초 대기...
2026-05-13 18:06:56,074 [INFO] ApprovalRadar - ✅ 20260467308 -> 일반음식점 업데이트 완료
2026-05-13 18:06:56,779 [INFO] ApprovalRadar - ✨ [소요시간: 7.11초] 새로운 데이터가 감지되지 않았습니다. (현재 전체 데이터: 22416건)
2026-05-13 18:06:56,781 [INFO] ApprovalRadar - Starting DiffCrawler Delta Sync Job for I2500...
2026-05-13 18:06:56,784 [INFO] ApprovalRadar - 최초 실행: 베이스라인 부트스트랩을 시작합니다...
2026-05-13 18:06:56,785 [INFO] ApprovalRadar - [Bootstrapper] True Tail(실제 마지막 데이터) 찾는 중...
2026-05-13 18:06:56,842 [INFO] ApprovalRadar - [키 회전] API 한도 초과! 새로운 키로 교체: f1282***
2026-05-13 18:06:56,844 [WARNING] ApprovalRadar - 키 회전 후 3.0초 대기...
2026-05-13 18:06:59,935 [INFO] ApprovalRadar - ✅ 20260499313 -> 휴게음식점 업데이트 완료
2026-05-13 18:06:59,952 [INFO] ApprovalRadar - [키 회전] API 한도 초과! 새로운 키로 교체: ba698***
2026-05-13 18:06:59,954 [WARNING] ApprovalRadar - 키 회전 후 3.0초 대기...
2026-05-13 18:07:03,826 [INFO] ApprovalRadar - ✅ 20150333380 -> 일반음식점 업데이트 완료
2026-05-13 18:07:07,820 [INFO] ApprovalRadar - ✅ 20260529451 -> 휴게음식점 업데이트 완료
2026-05-13 18:07:07,822 [INFO] ApprovalRadar - [진척도] 300/2553 처리 완료 (성공: 138, 실패: 162)
2026-05-13 18:07:12,392 [INFO] ApprovalRadar - ✅ 20170330133 -> 일반음식점 업데이트 완료
2026-05-13 18:07:16,212 [INFO] ApprovalRadar - ✅ 20250543802 -> 일반음식점 업데이트 완료
2026-05-13 18:07:20,356 [INFO] ApprovalRadar - ✅ 20260517534 -> 일반음식점 업데이트 완료
2026-05-13 18:07:21,982 [INFO] ApprovalRadar - [Bootstrapper] 전체 데이터 건수 확인 완료: 1000000건
2026-05-13 18:07:21,984 [INFO] ApprovalRadar - [Bootstrapper] 피벗 캐싱 시작 (간격: 5000)...
2026-05-13 18:07:23,883 [WARNING] ApprovalRadar - [네트워크/응답 오류] Expecting value: line 1 column 1 (char 0). 1초 후 재시도합니다...
2026-05-13 18:07:24,206 [INFO] ApprovalRadar - ✅ 20140332022 -> 일반음식점 업데이트 완료
2026-05-13 18:07:26,366 [WARNING] ApprovalRadar - [네트워크/응답 오류] Expecting value: line 1 column 1 (char 0). 1초 후 재시도합니다...
2026-05-13 18:07:27,598 [WARNING] ApprovalRadar - [네트워크/응답 오류] Expecting value: line 1 column 1 (char 0). 1초 후 재시도합니다...
2026-05-13 18:07:28,097 [INFO] ApprovalRadar - ✅ 20260536431 -> 일반음식점 업데이트 완료
2026-05-13 18:07:29,151 [WARNING] ApprovalRadar - [네트워크/응답 오류] Expecting value: line 1 column 1 (char 0). 1초 후 재시도합니다...
2026-05-13 18:07:31,365 [WARNING] ApprovalRadar - [네트워크/응답 오류] Expecting value: line 1 column 1 (char 0). 1초 후 재시도합니다...
2026-05-13 18:07:31,957 [INFO] ApprovalRadar - ✅ 20260582559 -> 일반음식점 업데이트 완료
2026-05-13 18:07:34,007 [WARNING] ApprovalRadar - [네트워크/응답 오류] Expecting value: line 1 column 1 (char 0). 1초 후 재시도합니다...
2026-05-13 18:07:35,901 [INFO] ApprovalRadar - ✅ 20260467309 -> 일반음식점 업데이트 완료
2026-05-13 18:07:36,751 [WARNING] ApprovalRadar - [네트워크/응답 오류] Expecting value: line 1 column 1 (char 0). 1초 후 재시도합니다...
2026-05-13 18:07:38,738 [WARNING] ApprovalRadar - [네트워크/응답 오류] Expecting value: line 1 column 1 (char 0). 1초 후 재시도합니다...
2026-05-13 18:07:39,756 [INFO] ApprovalRadar - ✅ 20260801227 -> 일반음식점 업데이트 완료
2026-05-13 18:07:39,780 [WARNING] ApprovalRadar - [네트워크/응답 오류] Expecting value: line 1 column 1 (char 0). 2초 후 재시도합니다...
2026-05-13 18:07:41,902 [WARNING] ApprovalRadar - [네트워크/응답 오류] Expecting value: line 1 column 1 (char 0). 4초 후 재시도합니다...
2026-05-13 18:07:43,608 [INFO] ApprovalRadar - ✅ 20260806050 -> 일반음식점 업데이트 완료
2026-05-13 18:07:45,908 [WARNING] ApprovalRadar - 연속적인 응답 오류 발생! 해당 키가 WAF에 의해 임시 차단된 것으로 의심되어 키를 회전합니다.
2026-05-13 18:07:45,910 [INFO] ApprovalRadar - [키 회전] API 한도 초과! 새로운 키로 교체: 67f07***
2026-05-13 18:07:46,669 [WARNING] ApprovalRadar - [네트워크/응답 오류] Expecting value: line 1 column 1 (char 0). 1초 후 재시도합니다...
2026-05-13 18:07:48,204 [WARNING] ApprovalRadar - [네트워크/응답 오류] Expecting value: line 1 column 1 (char 0). 1초 후 재시도합니다...
2026-05-13 18:07:48,571 [INFO] ApprovalRadar - ✅ 20260920139 -> 일반음식점 업데이트 완료
2026-05-13 18:07:49,851 [WARNING] ApprovalRadar - [네트워크/응답 오류] Expecting value: line 1 column 1 (char 0). 1초 후 재시도합니다...
2026-05-13 18:07:50,912 [WARNING] ApprovalRadar - [네트워크/응답 오류] Expecting value: line 1 column 1 (char 0). 2초 후 재시도합니다...
2026-05-13 18:07:52,456 [INFO] ApprovalRadar - ✅ 20260913267 -> 휴게음식점 업데이트 완료
2026-05-13 18:07:54,556 [WARNING] ApprovalRadar - [네트워크/응답 오류] Expecting value: line 1 column 1 (char 0). 1초 후 재시도합니다...
2026-05-13 18:07:55,619 [WARNING] ApprovalRadar - [네트워크/응답 오류] Expecting value: line 1 column 1 (char 0). 2초 후 재시도합니다...
2026-05-13 18:07:56,293 [INFO] ApprovalRadar - ✅ 20260145481 -> 일반음식점 업데이트 완료
2026-05-13 18:07:58,529 [WARNING] ApprovalRadar - [네트워크/응답 오류] Expecting value: line 1 column 1 (char 0). 1초 후 재시도합니다...
2026-05-13 18:07:59,351 [WARNING] ApprovalRadar - [네트워크/응답 오류] Expecting value: line 1 column 1 (char 0). 1초 후 재시도합니다...
2026-05-13 18:07:59,568 [WARNING] ApprovalRadar - [네트워크/응답 오류] Expecting value: line 1 column 1 (char 0). 2초 후 재시도합니다...
2026-05-13 18:08:00,414 [WARNING] ApprovalRadar - [네트워크/응답 오류] Expecting value: line 1 column 1 (char 0). 2초 후 재시도합니다...
2026-05-13 18:08:01,637 [WARNING] ApprovalRadar - [네트워크/응답 오류] Expecting value: line 1 column 1 (char 0). 4초 후 재시도합니다...
2026-05-13 18:08:02,475 [WARNING] ApprovalRadar - [네트워크/응답 오류] Expecting value: line 1 column 1 (char 0). 4초 후 재시도합니다...
2026-05-13 18:08:05,640 [WARNING] ApprovalRadar - 연속적인 응답 오류 발생! 해당 키가 WAF에 의해 임시 차단된 것으로 의심되어 키를 회전합니다.
2026-05-13 18:08:05,642 [INFO] ApprovalRadar - [키 회전] API 한도 초과! 새로운 키로 교체: e7b3f***
2026-05-13 18:08:06,481 [WARNING] ApprovalRadar - 연속적인 응답 오류 발생! 해당 키가 WAF에 의해 임시 차단된 것으로 의심되어 키를 회전합니다.
2026-05-13 18:08:06,484 [INFO] ApprovalRadar - [키 회전] API 한도 초과! 새로운 키로 교체: e7b3f***
2026-05-13 18:08:06,509 [ERROR] ApprovalRadar - 🚨 [긴급] 오늘자 식품나라 API 키가 모두 소진되었습니다. 크롤링이 중단됩니다.
2026-05-13 18:08:06,563 [ERROR] ApprovalRadar - 🚨 [긴급] 오늘자 식품나라 API 키가 모두 소진되었습니다. 크롤링이 중단됩니다.
2026-05-13 18:08:06,595 [ERROR] ApprovalRadar - 🚨 [긴급] 오늘자 식품나라 API 키가 모두 소진되었습니다. 크롤링이 중단됩니다.
2026-05-13 18:08:06,654 [ERROR] ApprovalRadar - 🚨 [긴급] 오늘자 식품나라 API 키가 모두 소진되었습니다. 크롤링이 중단됩니다.
2026-05-13 18:08:06,712 [ERROR] ApprovalRadar - 🚨 [긴급] 오늘자 식품나라 API 키가 모두 소진되었습니다. 크롤링이 중단됩니다.
2026-05-13 18:08:06,769 [ERROR] ApprovalRadar - 🚨 [긴급] 오늘자 식품나라 API 키가 모두 소진되었습니다. 크롤링이 중단됩니다.
2026-05-13 18:08:06,827 [ERROR] ApprovalRadar - 🚨 [긴급] 오늘자 식품나라 API 키가 모두 소진되었습니다. 크롤링이 중단됩니다.
2026-05-13 18:08:06,881 [ERROR] ApprovalRadar - 🚨 [긴급] 오늘자 식품나라 API 키가 모두 소진되었습니다. 크롤링이 중단됩니다.
2026-05-13 18:08:07,011 [ERROR] ApprovalRadar - 🚨 [긴급] 오늘자 식품나라 API 키가 모두 소진되었습니다. 크롤링이 중단됩니다.
2026-05-13 18:08:07,065 [ERROR] ApprovalRadar - 🚨 [긴급] 오늘자 식품나라 API 키가 모두 소진되었습니다. 크롤링이 중단됩니다.
2026-05-13 18:08:07,118 [ERROR] ApprovalRadar - 🚨 [긴급] 오늘자 식품나라 API 키가 모두 소진되었습니다. 크롤링이 중단됩니다.
2026-05-13 18:08:07,169 [ERROR] ApprovalRadar - 🚨 [긴급] 오늘자 식품나라 API 키가 모두 소진되었습니다. 크롤링이 중단됩니다.
2026-05-13 18:08:07,229 [ERROR] ApprovalRadar - 🚨 [긴급] 오늘자 식품나라 API 키가 모두 소진되었습니다. 크롤링이 중단됩니다.
2026-05-13 18:08:07,272 [ERROR] ApprovalRadar - 🚨 [긴급] 오늘자 식품나라 API 키가 모두 소진되었습니다. 크롤링이 중단됩니다.
2026-05-13 18:08:07,326 [ERROR] ApprovalRadar - 🚨 [긴급] 오늘자 식품나라 API 키가 모두 소진되었습니다. 크롤링이 중단됩니다.
2026-05-13 18:08:07,364 [ERROR] ApprovalRadar - 🚨 [긴급] 오늘자 식품나라 API 키가 모두 소진되었습니다. 크롤링이 중단됩니다.
2026-05-13 18:08:07,420 [ERROR] ApprovalRadar - 🚨 [긴급] 오늘자 식품나라 API 키가 모두 소진되었습니다. 크롤링이 중단됩니다.
2026-05-13 18:08:07,452 [ERROR] ApprovalRadar - 🚨 [긴급] 오늘자 식품나라 API 키가 모두 소진되었습니다. 크롤링이 중단됩니다.
2026-05-13 18:08:07,589 [ERROR] ApprovalRadar - 🚨 [긴급] 오늘자 식품나라 API 키가 모두 소진되었습니다. 크롤링이 중단됩니다.
2026-05-13 18:08:07,629 [ERROR] ApprovalRadar - 🚨 [긴급] 오늘자 식품나라 API 키가 모두 소진되었습니다. 크롤링이 중단됩니다.
2026-05-13 18:08:07,686 [ERROR] ApprovalRadar - 🚨 [긴급] 오늘자 식품나라 API 키가 모두 소진되었습니다. 크롤링이 중단됩니다.
2026-05-13 18:08:07,719 [ERROR] ApprovalRadar - 🚨 [긴급] 오늘자 식품나라 API 키가 모두 소진되었습니다. 크롤링이 중단됩니다.
2026-05-13 18:08:07,757 [ERROR] ApprovalRadar - 🚨 [긴급] 오늘자 식품나라 API 키가 모두 소진되었습니다. 크롤링이 중단됩니다.
2026-05-13 18:08:07,810 [ERROR] ApprovalRadar - 🚨 [긴급] 오늘자 식품나라 API 키가 모두 소진되었습니다. 크롤링이 중단됩니다.
2026-05-13 18:08:07,844 [ERROR] ApprovalRadar - 🚨 [긴급] 오늘자 식품나라 API 키가 모두 소진되었습니다. 크롤링이 중단됩니다.
2026-05-13 18:08:07,899 [ERROR] ApprovalRadar - 🚨 [긴급] 오늘자 식품나라 API 키가 모두 소진되었습니다. 크롤링이 중단됩니다.
2026-05-13 18:08:07,954 [ERROR] ApprovalRadar - 🚨 [긴급] 오늘자 식품나라 API 키가 모두 소진되었습니다. 크롤링이 중단됩니다.
2026-05-13 18:08:08,085 [ERROR] ApprovalRadar - 🚨 [긴급] 오늘자 식품나라 API 키가 모두 소진되었습니다. 크롤링이 중단됩니다.
2026-05-13 18:08:08,143 [ERROR] ApprovalRadar - 🚨 [긴급] 오늘자 식품나라 API 키가 모두 소진되었습니다. 크롤링이 중단됩니다.
2026-05-13 18:08:08,215 [ERROR] ApprovalRadar - 🚨 [긴급] 오늘자 식품나라 API 키가 모두 소진되었습니다. 크롤링이 중단됩니다.
2026-05-13 18:08:08,294 [ERROR] ApprovalRadar - 🚨 [긴급] 오늘자 식품나라 API 키가 모두 소진되었습니다. 크롤링이 중단됩니다.
2026-05-13 18:08:08,348 [ERROR] ApprovalRadar - 🚨 [긴급] 오늘자 식품나라 API 키가 모두 소진되었습니다. 크롤링이 중단됩니다.
2026-05-13 18:08:08,406 [ERROR] ApprovalRadar - 🚨 [긴급] 오늘자 식품나라 API 키가 모두 소진되었습니다. 크롤링이 중단됩니다.
2026-05-13 18:08:08,466 [ERROR] ApprovalRadar - 🚨 [긴급] 오늘자 식품나라 API 키가 모두 소진되었습니다. 크롤링이 중단됩니다.
2026-05-13 18:08:08,611 [ERROR] ApprovalRadar - 🚨 [긴급] 오늘자 식품나라 API 키가 모두 소진되었습니다. 크롤링이 중단됩니다.
2026-05-13 18:08:08,673 [ERROR] ApprovalRadar - 🚨 [긴급] 오늘자 식품나라 API 키가 모두 소진되었습니다. 크롤링이 중단됩니다.
2026-05-13 18:08:08,679 [ERROR] ApprovalRadar - 🚨 [긴급] 오늘자 식품나라 API 키가 모두 소진되었습니다. 크롤링이 중단됩니다.
2026-05-13 18:08:08,734 [ERROR] ApprovalRadar - 🚨 [긴급] 오늘자 식품나라 API 키가 모두 소진되었습니다. 크롤링이 중단됩니다.
2026-05-13 18:08:08,737 [ERROR] ApprovalRadar - 🚨 [긴급] 오늘자 식품나라 API 키가 모두 소진되었습니다. 크롤링이 중단됩니다.
2026-05-13 18:08:08,791 [ERROR] ApprovalRadar - 🚨 [긴급] 오늘자 식품나라 API 키가 모두 소진되었습니다. 크롤링이 중단됩니다.
2026-05-13 18:08:08,795 [ERROR] ApprovalRadar - 🚨 [긴급] 오늘자 식품나라 API 키가 모두 소진되었습니다. 크롤링이 중단됩니다.
2026-05-13 18:08:08,855 [ERROR] ApprovalRadar - 🚨 [긴급] 오늘자 식품나라 API 키가 모두 소진되었습니다. 크롤링이 중단됩니다.
2026-05-13 18:08:08,858 [ERROR] ApprovalRadar - 🚨 [긴급] 오늘자 식품나라 API 키가 모두 소진되었습니다. 크롤링이 중단됩니다.
2026-05-13 18:08:08,910 [ERROR] ApprovalRadar - 🚨 [긴급] 오늘자 식품나라 API 키가 모두 소진되었습니다. 크롤링이 중단됩니다.
2026-05-13 18:08:08,914 [ERROR] ApprovalRadar - 🚨 [긴급] 오늘자 식품나라 API 키가 모두 소진되었습니다. 크롤링이 중단됩니다.
2026-05-13 18:08:08,941 [ERROR] ApprovalRadar - 🚨 [긴급] 오늘자 식품나라 API 키가 모두 소진되었습니다. 크롤링이 중단됩니다.
2026-05-13 18:08:08,945 [ERROR] ApprovalRadar - 🚨 [긴급] 오늘자 식품나라 API 키가 모두 소진되었습니다. 크롤링이 중단됩니다.
2026-05-13 18:08:08,972 [ERROR] ApprovalRadar - 🚨 [긴급] 오늘자 식품나라 API 키가 모두 소진되었습니다. 크롤링이 중단됩니다.
2026-05-13 18:08:09,000 [ERROR] ApprovalRadar - 🚨 [긴급] 오늘자 식품나라 API 키가 모두 소진되었습니다. 크롤링이 중단됩니다.
2026-05-13 18:08:09,113 [ERROR] ApprovalRadar - 🚨 [긴급] 오늘자 식품나라 API 키가 모두 소진되었습니다. 크롤링이 중단됩니다.
2026-05-13 18:08:09,133 [ERROR] ApprovalRadar - 🚨 [긴급] 오늘자 식품나라 API 키가 모두 소진되었습니다. 크롤링이 중단됩니다.
2026-05-13 18:08:09,175 [ERROR] ApprovalRadar - 🚨 [긴급] 오늘자 식품나라 API 키가 모두 소진되었습니다. 크롤링이 중단됩니다.
2026-05-13 18:08:09,195 [ERROR] ApprovalRadar - 🚨 [긴급] 오늘자 식품나라 API 키가 모두 소진되었습니다. 크롤링이 중단됩니다.
2026-05-13 18:08:09,233 [ERROR] ApprovalRadar - 🚨 [긴급] 오늘자 식품나라 API 키가 모두 소진되었습니다. 크롤링이 중단됩니다.
2026-05-13 18:08:09,261 [ERROR] ApprovalRadar - 🚨 [긴급] 오늘자 식품나라 API 키가 모두 소진되었습니다. 크롤링이 중단됩니다.
2026-05-13 18:08:09,281 [ERROR] ApprovalRadar - 🚨 [긴급] 오늘자 식품나라 API 키가 모두 소진되었습니다. 크롤링이 중단됩니다.
2026-05-13 18:08:09,337 [ERROR] ApprovalRadar - 🚨 [긴급] 오늘자 식품나라 API 키가 모두 소진되었습니다. 크롤링이 중단됩니다.
2026-05-13 18:08:09,339 [ERROR] ApprovalRadar - 🚨 [긴급] 오늘자 식품나라 API 키가 모두 소진되었습니다. 크롤링이 중단됩니다.
2026-05-13 18:08:09,370 [ERROR] ApprovalRadar - 🚨 [긴급] 오늘자 식품나라 API 키가 모두 소진되었습니다. 크롤링이 중단됩니다.
2026-05-13 18:08:09,372 [ERROR] ApprovalRadar - 🚨 [긴급] 오늘자 식품나라 API 키가 모두 소진되었습니다. 크롤링이 중단됩니다.
2026-05-13 18:08:09,423 [ERROR] ApprovalRadar - 🚨 [긴급] 오늘자 식품나라 API 키가 모두 소진되었습니다. 크롤링이 중단됩니다.
2026-05-13 18:08:09,425 [ERROR] ApprovalRadar - 🚨 [긴급] 오늘자 식품나라 API 키가 모두 소진되었습니다. 크롤링이 중단됩니다.
2026-05-13 18:08:09,480 [ERROR] ApprovalRadar - 🚨 [긴급] 오늘자 식품나라 API 키가 모두 소진되었습니다. 크롤링이 중단됩니다.
2026-05-13 18:08:09,483 [ERROR] ApprovalRadar - 🚨 [긴급] 오늘자 식품나라 API 키가 모두 소진되었습니다. 크롤링이 중단됩니다.
2026-05-13 18:08:09,542 [ERROR] ApprovalRadar - 🚨 [긴급] 오늘자 식품나라 API 키가 모두 소진되었습니다. 크롤링이 중단됩니다.
2026-05-13 18:08:09,639 [ERROR] ApprovalRadar - 🚨 [긴급] 오늘자 식품나라 API 키가 모두 소진되었습니다. 크롤링이 중단됩니다.
2026-05-13 18:08:09,640 [ERROR] ApprovalRadar - 🚨 [긴급] 오늘자 식품나라 API 키가 모두 소진되었습니다. 크롤링이 중단됩니다.
2026-05-13 18:08:09,644 [ERROR] ApprovalRadar - Failed to fetch or update 20160137095: All API keys are exhausted for today.
2026-05-13 18:08:09,655 [ERROR] ApprovalRadar - 🚨 [긴급] 오늘자 식품나라 API 키가 모두 소진되었습니다. 크롤링이 중단됩니다.
2026-05-13 18:08:09,698 [ERROR] ApprovalRadar - 🚨 [긴급] 오늘자 식품나라 API 키가 모두 소진되었습니다. 크롤링이 중단됩니다.
2026-05-13 18:08:09,712 [ERROR] ApprovalRadar - 🚨 [긴급] 오늘자 식품나라 API 키가 모두 소진되었습니다. 크롤링이 중단됩니다.
2026-05-13 18:08:09,744 [ERROR] ApprovalRadar - 🚨 [긴급] 오늘자 식품나라 API 키가 모두 소진되었습니다. 크롤링이 중단됩니다.
2026-05-13 18:08:09,761 [ERROR] ApprovalRadar - 🚨 [긴급] 오늘자 식품나라 API 키가 모두 소진되었습니다. 크롤링이 중단됩니다.
2026-05-13 18:08:09,797 [ERROR] ApprovalRadar - 🚨 [긴급] 오늘자 식품나라 API 키가 모두 소진되었습니다. 크롤링이 중단됩니다.
2026-05-13 18:08:09,816 [ERROR] ApprovalRadar - 🚨 [긴급] 오늘자 식품나라 API 키가 모두 소진되었습니다. 크롤링이 중단됩니다.
2026-05-13 18:08:09,852 [ERROR] ApprovalRadar - 🚨 [긴급] 오늘자 식품나라 API 키가 모두 소진되었습니다. 크롤링이 중단됩니다.
2026-05-13 18:08:09,870 [ERROR] ApprovalRadar - 🚨 [긴급] 오늘자 식품나라 API 키가 모두 소진되었습니다. 크롤링이 중단됩니다.
2026-05-13 18:08:09,899 [ERROR] ApprovalRadar - 🚨 [긴급] 오늘자 식품나라 API 키가 모두 소진되었습니다. 크롤링이 중단됩니다.
2026-05-13 18:08:09,907 [ERROR] ApprovalRadar - 🚨 [긴급] 오늘자 식품나라 API 키가 모두 소진되었습니다. 크롤링이 중단됩니다.
2026-05-13 18:08:09,934 [ERROR] ApprovalRadar - 🚨 [긴급] 오늘자 식품나라 API 키가 모두 소진되었습니다. 크롤링이 중단됩니다.
2026-05-13 18:08:09,937 [ERROR] ApprovalRadar - 🚨 [긴급] 오늘자 식품나라 API 키가 모두 소진되었습니다. 크롤링이 중단됩니다.
2026-05-13 18:08:09,988 [ERROR] ApprovalRadar - 🚨 [긴급] 오늘자 식품나라 API 키가 모두 소진되었습니다. 크롤링이 중단됩니다.
2026-05-13 18:08:09,991 [ERROR] ApprovalRadar - 🚨 [긴급] 오늘자 식품나라 API 키가 모두 소진되었습니다. 크롤링이 중단됩니다.
2026-05-13 18:08:10,040 [ERROR] ApprovalRadar - 🚨 [긴급] 오늘자 식품나라 API 키가 모두 소진되었습니다. 크롤링이 중단됩니다.
2026-05-13 18:08:10,043 [ERROR] ApprovalRadar - 🚨 [긴급] 오늘자 식품나라 API 키가 모두 소진되었습니다. 크롤링이 중단됩니다.
2026-05-13 18:08:10,072 [ERROR] ApprovalRadar - 🚨 [긴급] 오늘자 식품나라 API 키가 모두 소진되었습니다. 크롤링이 중단됩니다.
2026-05-13 18:08:10,184 [ERROR] ApprovalRadar - 🚨 [긴급] 오늘자 식품나라 API 키가 모두 소진되었습니다. 크롤링이 중단됩니다.
2026-05-13 18:08:10,197 [ERROR] ApprovalRadar - 🚨 [긴급] 오늘자 식품나라 API 키가 모두 소진되었습니다. 크롤링이 중단됩니다.
2026-05-13 18:08:10,232 [ERROR] ApprovalRadar - 🚨 [긴급] 오늘자 식품나라 API 키가 모두 소진되었습니다. 크롤링이 중단됩니다.
2026-05-13 18:08:10,245 [ERROR] ApprovalRadar - 🚨 [긴급] 오늘자 식품나라 API 키가 모두 소진되었습니다. 크롤링이 중단됩니다.
2026-05-13 18:08:10,284 [ERROR] ApprovalRadar - 🚨 [긴급] 오늘자 식품나라 API 키가 모두 소진되었습니다. 크롤링이 중단됩니다.
2026-05-13 18:08:10,297 [ERROR] ApprovalRadar - 🚨 [긴급] 오늘자 식품나라 API 키가 모두 소진되었습니다. 크롤링이 중단됩니다.
2026-05-13 18:08:10,341 [ERROR] ApprovalRadar - 🚨 [긴급] 오늘자 식품나라 API 키가 모두 소진되었습니다. 크롤링이 중단됩니다.
2026-05-13 18:08:10,350 [ERROR] ApprovalRadar - 🚨 [긴급] 오늘자 식품나라 API 키가 모두 소진되었습니다. 크롤링이 중단됩니다.
2026-05-13 18:08:10,383 [ERROR] ApprovalRadar - 🚨 [긴급] 오늘자 식품나라 API 키가 모두 소진되었습니다. 크롤링이 중단됩니다.
2026-05-13 18:08:10,399 [ERROR] ApprovalRadar - 🚨 [긴급] 오늘자 식품나라 API 키가 모두 소진되었습니다. 크롤링이 중단됩니다.
2026-05-13 18:08:10,433 [ERROR] ApprovalRadar - 🚨 [긴급] 오늘자 식품나라 API 키가 모두 소진되었습니다. 크롤링이 중단됩니다.
2026-05-13 18:08:10,436 [ERROR] ApprovalRadar - 🚨 [긴급] 오늘자 식품나라 API 키가 모두 소진되었습니다. 크롤링이 중단됩니다.
2026-05-13 18:08:10,470 [ERROR] ApprovalRadar - 🚨 [긴급] 오늘자 식품나라 API 키가 모두 소진되었습니다. 크롤링이 중단됩니다.
2026-05-13 18:08:10,484 [ERROR] ApprovalRadar - 🚨 [긴급] 오늘자 식품나라 API 키가 모두 소진되었습니다. 크롤링이 중단됩니다.
2026-05-13 18:08:10,517 [ERROR] ApprovalRadar - 🚨 [긴급] 오늘자 식품나라 API 키가 모두 소진되었습니다. 크롤링이 중단됩니다.
2026-05-13 18:08:10,520 [ERROR] ApprovalRadar - 🚨 [긴급] 오늘자 식품나라 API 키가 모두 소진되었습니다. 크롤링이 중단됩니다.
2026-05-13 18:08:10,553 [ERROR] ApprovalRadar - 🚨 [긴급] 오늘자 식품나라 API 키가 모두 소진되었습니다. 크롤링이 중단됩니다.
2026-05-13 18:08:10,554 [ERROR] ApprovalRadar - 🚨 [긴급] 오늘자 식품나라 API 키가 모두 소진되었습니다. 크롤링이 중단됩니다.
2026-05-13 18:08:10,589 [ERROR] ApprovalRadar - 🚨 [긴급] 오늘자 식품나라 API 키가 모두 소진되었습니다. 크롤링이 중단됩니다.
2026-05-13 18:08:10,686 [ERROR] ApprovalRadar - 🚨 [긴급] 오늘자 식품나라 API 키가 모두 소진되었습니다. 크롤링이 중단됩니다.
2026-05-13 18:08:10,702 [ERROR] ApprovalRadar - 🚨 [긴급] 오늘자 식품나라 API 키가 모두 소진되었습니다. 크롤링이 중단됩니다.
2026-05-13 18:08:10,738 [ERROR] ApprovalRadar - 🚨 [긴급] 오늘자 식품나라 API 키가 모두 소진되었습니다. 크롤링이 중단됩니다.
2026-05-13 18:08:10,739 [ERROR] ApprovalRadar - 🚨 [긴급] 오늘자 식품나라 API 키가 모두 소진되었습니다. 크롤링이 중단됩니다.
2026-05-13 18:08:10,796 [ERROR] ApprovalRadar - 🚨 [긴급] 오늘자 식품나라 API 키가 모두 소진되었습니다. 크롤링이 중단됩니다.
2026-05-13 18:08:10,798 [ERROR] ApprovalRadar - 🚨 [긴급] 오늘자 식품나라 API 키가 모두 소진되었습니다. 크롤링이 중단됩니다.
2026-05-13 18:08:10,829 [ERROR] ApprovalRadar - 🚨 [긴급] 오늘자 식품나라 API 키가 모두 소진되었습니다. 크롤링이 중단됩니다.
2026-05-13 18:08:10,853 [ERROR] ApprovalRadar - 🚨 [긴급] 오늘자 식품나라 API 키가 모두 소진되었습니다. 크롤링이 중단됩니다.
2026-05-13 18:08:10,883 [ERROR] ApprovalRadar - 🚨 [긴급] 오늘자 식품나라 API 키가 모두 소진되었습니다. 크롤링이 중단됩니다.
2026-05-13 18:08:10,887 [ERROR] ApprovalRadar - 🚨 [긴급] 오늘자 식품나라 API 키가 모두 소진되었습니다. 크롤링이 중단됩니다.
2026-05-13 18:08:10,935 [ERROR] ApprovalRadar - 🚨 [긴급] 오늘자 식품나라 API 키가 모두 소진되었습니다. 크롤링이 중단됩니다.
2026-05-13 18:08:10,944 [ERROR] ApprovalRadar - 🚨 [긴급] 오늘자 식품나라 API 키가 모두 소진되었습니다. 크롤링이 중단됩니다.
2026-05-13 18:08:10,989 [ERROR] ApprovalRadar - 🚨 [긴급] 오늘자 식품나라 API 키가 모두 소진되었습니다. 크롤링이 중단됩니다.
2026-05-13 18:08:11,000 [ERROR] ApprovalRadar - 🚨 [긴급] 오늘자 식품나라 API 키가 모두 소진되었습니다. 크롤링이 중단됩니다.
2026-05-13 18:08:11,045 [ERROR] ApprovalRadar - 🚨 [긴급] 오늘자 식품나라 API 키가 모두 소진되었습니다. 크롤링이 중단됩니다.
2026-05-13 18:08:11,055 [ERROR] ApprovalRadar - 🚨 [긴급] 오늘자 식품나라 API 키가 모두 소진되었습니다. 크롤링이 중단됩니다.
2026-05-13 18:08:11,096 [ERROR] ApprovalRadar - 🚨 [긴급] 오늘자 식품나라 API 키가 모두 소진되었습니다. 크롤링이 중단됩니다.
2026-05-13 18:08:11,107 [ERROR] ApprovalRadar - 🚨 [긴급] 오늘자 식품나라 API 키가 모두 소진되었습니다. 크롤링이 중단됩니다.
2026-05-13 18:08:11,211 [ERROR] ApprovalRadar - 🚨 [긴급] 오늘자 식품나라 API 키가 모두 소진되었습니다. 크롤링이 중단됩니다.
2026-05-13 18:08:11,231 [ERROR] ApprovalRadar - 🚨 [긴급] 오늘자 식품나라 API 키가 모두 소진되었습니다. 크롤링이 중단됩니다.
2026-05-13 18:08:11,271 [ERROR] ApprovalRadar - 🚨 [긴급] 오늘자 식품나라 API 키가 모두 소진되었습니다. 크롤링이 중단됩니다.
2026-05-13 18:08:11,299 [ERROR] ApprovalRadar - 🚨 [긴급] 오늘자 식품나라 API 키가 모두 소진되었습니다. 크롤링이 중단됩니다.
2026-05-13 18:08:11,312 [ERROR] ApprovalRadar - 🚨 [긴급] 오늘자 식품나라 API 키가 모두 소진되었습니다. 크롤링이 중단됩니다.
2026-05-13 18:08:11,353 [ERROR] ApprovalRadar - 🚨 [긴급] 오늘자 식품나라 API 키가 모두 소진되었습니다. 크롤링이 중단됩니다.
2026-05-13 18:08:11,368 [ERROR] ApprovalRadar - 🚨 [긴급] 오늘자 식품나라 API 키가 모두 소진되었습니다. 크롤링이 중단됩니다.
2026-05-13 18:08:11,405 [ERROR] ApprovalRadar - 🚨 [긴급] 오늘자 식품나라 API 키가 모두 소진되었습니다. 크롤링이 중단됩니다.
2026-05-13 18:08:11,423 [ERROR] ApprovalRadar - 🚨 [긴급] 오늘자 식품나라 API 키가 모두 소진되었습니다. 크롤링이 중단됩니다.
2026-05-13 18:08:11,459 [ERROR] ApprovalRadar - 🚨 [긴급] 오늘자 식품나라 API 키가 모두 소진되었습니다. 크롤링이 중단됩니다.
2026-05-13 18:08:11,477 [ERROR] ApprovalRadar - 🚨 [긴급] 오늘자 식품나라 API 키가 모두 소진되었습니다. 크롤링이 중단됩니다.
2026-05-13 18:08:11,513 [ERROR] ApprovalRadar - 🚨 [긴급] 오늘자 식품나라 API 키가 모두 소진되었습니다. 크롤링이 중단됩니다.
2026-05-13 18:08:11,516 [ERROR] ApprovalRadar - 🚨 [긴급] 오늘자 식품나라 API 키가 모두 소진되었습니다. 크롤링이 중단됩니다.
2026-05-13 18:08:11,575 [ERROR] ApprovalRadar - 🚨 [긴급] 오늘자 식품나라 API 키가 모두 소진되었습니다. 크롤링이 중단됩니다.
2026-05-13 18:08:11,578 [ERROR] ApprovalRadar - 🚨 [긴급] 오늘자 식품나라 API 키가 모두 소진되었습니다. 크롤링이 중단됩니다.
2026-05-13 18:08:11,632 [ERROR] ApprovalRadar - 🚨 [긴급] 오늘자 식품나라 API 키가 모두 소진되었습니다. 크롤링이 중단됩니다.
2026-05-13 18:08:11,633 [ERROR] ApprovalRadar - ❌ I2500 크롤러 스케줄 작업 중 치명적인 오류 발생: All API keys are exhausted for today.
2026-05-13 18:08:12,785 [ERROR] ApprovalRadar - 🚨 [긴급] 오늘자 식품나라 API 키가 모두 소진되었습니다. 크롤링이 중단됩니다.
2026-05-13 18:08:12,788 [ERROR] ApprovalRadar - Failed to fetch or update 20010555233: All API keys are exhausted for today.
2026-05-13 18:08:15,836 [ERROR] ApprovalRadar - 🚨 [긴급] 오늘자 식품나라 API 키가 모두 소진되었습니다. 크롤링이 중단됩니다.
2026-05-13 18:08:15,839 [ERROR] ApprovalRadar - Failed to fetch or update 20250113369: All API keys are exhausted for today.
2026-05-13 18:08:18,908 [ERROR] ApprovalRadar - 🚨 [긴급] 오늘자 식품나라 API 키가 모두 소진되었습니다. 크롤링이 중단됩니다.
2026-05-13 18:08:18,911 [ERROR] ApprovalRadar - Failed to fetch or update 20260354492: All API keys are exhausted for today.
2026-05-13 18:08:21,978 [ERROR] ApprovalRadar - 🚨 [긴급] 오늘자 식품나라 API 키가 모두 소진되었습니다. 크롤링이 중단됩니다.
2026-05-13 18:08:21,981 [ERROR] ApprovalRadar - Failed to fetch or update 20260718053: All API keys are exhausted for today.
2026-05-13 18:08:25,036 [ERROR] ApprovalRadar - 🚨 [긴급] 오늘자 식품나라 API 키가 모두 소진되었습니다. 크롤링이 중단됩니다.
2026-05-13 18:08:25,037 [ERROR] ApprovalRadar - Failed to fetch or update 20260715135: All API keys are exhausted for today.
2026-05-13 18:08:28,100 [ERROR] ApprovalRadar - 🚨 [긴급] 오늘자 식품나라 API 키가 모두 소진되었습니다. 크롤링이 중단됩니다.
2026-05-13 18:08:28,103 [ERROR] ApprovalRadar - Failed to fetch or update 20260971803: All API keys are exhausted for today.
2026-05-13 18:08:31,189 [ERROR] ApprovalRadar - 🚨 [긴급] 오늘자 식품나라 API 키가 모두 소진되었습니다. 크롤링이 중단됩니다.
2026-05-13 18:08:31,193 [ERROR] ApprovalRadar - Failed to fetch or update 20210401325: All API keys are exhausted for today.
2026-05-13 18:08:34,330 [ERROR] ApprovalRadar - 🚨 [긴급] 오늘자 식품나라 API 키가 모두 소진되었습니다. 크롤링이 중단됩니다.
2026-05-13 18:08:34,331 [ERROR] ApprovalRadar - Failed to fetch or update 20040386288: All API keys are exhausted for today.
2026-05-13 18:08:37,474 [ERROR] ApprovalRadar - 🚨 [긴급] 오늘자 식품나라 API 키가 모두 소진되었습니다. 크롤링이 중단됩니다.
2026-05-13 18:08:37,475 [ERROR] ApprovalRadar - Failed to fetch or update 20260226104: All API keys are exhausted for today.
2026-05-13 18:08:40,587 [ERROR] ApprovalRadar - 🚨 [긴급] 오늘자 식품나라 API 키가 모두 소진되었습니다. 크롤링이 중단됩니다.
2026-05-13 18:08:40,590 [ERROR] ApprovalRadar - Failed to fetch or update 20260707285: All API keys are exhausted for today.
2026-05-13 18:08:43,736 [ERROR] ApprovalRadar - 🚨 [긴급] 오늘자 식품나라 API 키가 모두 소진되었습니다. 크롤링이 중단됩니다.
2026-05-13 18:08:43,739 [ERROR] ApprovalRadar - Failed to fetch or update 20260273621: All API keys are exhausted for today.
2026-05-13 18:08:46,874 [ERROR] ApprovalRadar - 🚨 [긴급] 오늘자 식품나라 API 키가 모두 소진되었습니다. 크롤링이 중단됩니다.
2026-05-13 18:08:46,875 [ERROR] ApprovalRadar - Failed to fetch or update 20260211136: All API keys are exhausted for today.
2026-05-13 18:08:50,024 [ERROR] ApprovalRadar - 🚨 [긴급] 오늘자 식품나라 API 키가 모두 소진되었습니다. 크롤링이 중단됩니다.
2026-05-13 18:08:50,026 [ERROR] ApprovalRadar - Failed to fetch or update 20020025430: All API keys are exhausted for today.
2026-05-13 18:08:53,064 [ERROR] ApprovalRadar - 🚨 [긴급] 오늘자 식품나라 API 키가 모두 소진되었습니다. 크롤링이 중단됩니다.
2026-05-13 18:08:53,065 [ERROR] ApprovalRadar - Failed to fetch or update 20260097709: All API keys are exhausted for today.
2026-05-13 18:08:56,101 [ERROR] ApprovalRadar - 🚨 [긴급] 오늘자 식품나라 API 키가 모두 소진되었습니다. 크롤링이 중단됩니다.
2026-05-13 18:08:56,103 [ERROR] ApprovalRadar - Failed to fetch or update 20240147597: All API keys are exhausted for today.
2026-05-13 18:08:59,152 [ERROR] ApprovalRadar - 🚨 [긴급] 오늘자 식품나라 API 키가 모두 소진되었습니다. 크롤링이 중단됩니다.
2026-05-13 18:08:59,153 [ERROR] ApprovalRadar - Failed to fetch or update 20260108686: All API keys are exhausted for today.
2026-05-13 18:09:02,215 [ERROR] ApprovalRadar - 🚨 [긴급] 오늘자 식품나라 API 키가 모두 소진되었습니다. 크롤링이 중단됩니다.
2026-05-13 18:09:02,216 [ERROR] ApprovalRadar - Failed to fetch or update 20260704232: All API keys are exhausted for today.
2026-05-13 18:09:05,275 [ERROR] ApprovalRadar - 🚨 [긴급] 오늘자 식품나라 API 키가 모두 소진되었습니다. 크롤링이 중단됩니다.
2026-05-13 18:09:05,277 [ERROR] ApprovalRadar - Failed to fetch or update 20260942236: All API keys are exhausted for today.
2026-05-13 18:09:08,407 [ERROR] ApprovalRadar - 🚨 [긴급] 오늘자 식품나라 API 키가 모두 소진되었습니다. 크롤링이 중단됩니다.
2026-05-13 18:09:08,408 [ERROR] ApprovalRadar - Failed to fetch or update 20260233416: All API keys are exhausted for today.
2026-05-13 18:09:11,553 [ERROR] ApprovalRadar - 🚨 [긴급] 오늘자 식품나라 API 키가 모두 소진되었습니다. 크롤링이 중단됩니다.
2026-05-13 18:09:11,556 [ERROR] ApprovalRadar - Failed to fetch or update 20260310388: All API keys are exhausted for today.
2026-05-13 18:09:14,701 [ERROR] ApprovalRadar - 🚨 [긴급] 오늘자 식품나라 API 키가 모두 소진되었습니다. 크롤링이 중단됩니다.
2026-05-13 18:09:14,704 [ERROR] ApprovalRadar - Failed to fetch or update 20260623111: All API keys are exhausted for today.
2026-05-13 18:09:17,846 [ERROR] ApprovalRadar - 🚨 [긴급] 오늘자 식품나라 API 키가 모두 소진되었습니다. 크롤링이 중단됩니다.
2026-05-13 18:09:17,848 [ERROR] ApprovalRadar - Failed to fetch or update 20260623087: All API keys are exhausted for today.
2026-05-13 18:09:21,002 [ERROR] ApprovalRadar - 🚨 [긴급] 오늘자 식품나라 API 키가 모두 소진되었습니다. 크롤링이 중단됩니다.
2026-05-13 18:09:21,003 [ERROR] ApprovalRadar - Failed to fetch or update 20260263358: All API keys are exhausted for today.
2026-05-13 18:09:24,116 [ERROR] ApprovalRadar - 🚨 [긴급] 오늘자 식품나라 API 키가 모두 소진되었습니다. 크롤링이 중단됩니다.
2026-05-13 18:09:24,118 [ERROR] ApprovalRadar - Failed to fetch or update 20260291751: All API keys are exhausted for today.
2026-05-13 18:09:27,260 [ERROR] ApprovalRadar - 🚨 [긴급] 오늘자 식품나라 API 키가 모두 소진되었습니다. 크롤링이 중단됩니다.
2026-05-13 18:09:27,263 [ERROR] ApprovalRadar - Failed to fetch or update 20260746328: All API keys are exhausted for today.
2026-05-13 18:09:30,399 [ERROR] ApprovalRadar - 🚨 [긴급] 오늘자 식품나라 API 키가 모두 소진되었습니다. 크롤링이 중단됩니다.
2026-05-13 18:09:30,400 [ERROR] ApprovalRadar - Failed to fetch or update 20260795265: All API keys are exhausted for today.
2026-05-13 18:09:33,540 [ERROR] ApprovalRadar - 🚨 [긴급] 오늘자 식품나라 API 키가 모두 소진되었습니다. 크롤링이 중단됩니다.
2026-05-13 18:09:33,542 [ERROR] ApprovalRadar - Failed to fetch or update 20260909197: All API keys are exhausted for today.
2026-05-13 18:09:36,685 [ERROR] ApprovalRadar - 🚨 [긴급] 오늘자 식품나라 API 키가 모두 소진되었습니다. 크롤링이 중단됩니다.
2026-05-13 18:09:36,688 [ERROR] ApprovalRadar - Failed to fetch or update 20260230133: All API keys are exhausted for today.
2026-05-13 18:09:39,832 [ERROR] ApprovalRadar - 🚨 [긴급] 오늘자 식품나라 API 키가 모두 소진되었습니다. 크롤링이 중단됩니다.
2026-05-13 18:09:39,835 [ERROR] ApprovalRadar - Failed to fetch or update 20210176230: All API keys are exhausted for today.
2026-05-13 18:09:42,977 [ERROR] ApprovalRadar - 🚨 [긴급] 오늘자 식품나라 API 키가 모두 소진되었습니다. 크롤링이 중단됩니다.
2026-05-13 18:09:42,979 [ERROR] ApprovalRadar - Failed to fetch or update 20260192630: All API keys are exhausted for today.
2026-05-13 18:09:46,107 [ERROR] ApprovalRadar - 🚨 [긴급] 오늘자 식품나라 API 키가 모두 소진되었습니다. 크롤링이 중단됩니다.
2026-05-13 18:09:46,109 [ERROR] ApprovalRadar - Failed to fetch or update 20260664570: All API keys are exhausted for today.
2026-05-13 18:09:49,252 [ERROR] ApprovalRadar - 🚨 [긴급] 오늘자 식품나라 API 키가 모두 소진되었습니다. 크롤링이 중단됩니다.
2026-05-13 18:09:49,255 [ERROR] ApprovalRadar - Failed to fetch or update 20260889040: All API keys are exhausted for today.
2026-05-13 18:09:52,397 [ERROR] ApprovalRadar - 🚨 [긴급] 오늘자 식품나라 API 키가 모두 소진되었습니다. 크롤링이 중단됩니다.
2026-05-13 18:09:52,401 [ERROR] ApprovalRadar - Failed to fetch or update 20260263274: All API keys are exhausted for today.
2026-05-13 18:09:55,543 [ERROR] ApprovalRadar - 🚨 [긴급] 오늘자 식품나라 API 키가 모두 소진되었습니다. 크롤링이 중단됩니다.
2026-05-13 18:09:55,545 [ERROR] ApprovalRadar - Failed to fetch or update 20260707286: All API keys are exhausted for today.
2026-05-13 18:09:58,688 [ERROR] ApprovalRadar - 🚨 [긴급] 오늘자 식품나라 API 키가 모두 소진되었습니다. 크롤링이 중단됩니다.
2026-05-13 18:09:58,690 [ERROR] ApprovalRadar - Failed to fetch or update 20260089240: All API keys are exhausted for today.
2026-05-13 18:10:01,737 [ERROR] ApprovalRadar - 🚨 [긴급] 오늘자 식품나라 API 키가 모두 소진되었습니다. 크롤링이 중단됩니다.
2026-05-13 18:10:01,738 [ERROR] ApprovalRadar - Failed to fetch or update 20260154964: All API keys are exhausted for today.
2026-05-13 18:10:04,804 [ERROR] ApprovalRadar - 🚨 [긴급] 오늘자 식품나라 API 키가 모두 소진되었습니다. 크롤링이 중단됩니다.
2026-05-13 18:10:04,806 [ERROR] ApprovalRadar - Failed to fetch or update 20260108678: All API keys are exhausted for today.
2026-05-13 18:10:07,867 [ERROR] ApprovalRadar - 🚨 [긴급] 오늘자 식품나라 API 키가 모두 소진되었습니다. 크롤링이 중단됩니다.
2026-05-13 18:10:07,870 [ERROR] ApprovalRadar - Failed to fetch or update 20260104547: All API keys are exhausted for today.
2026-05-13 18:10:10,930 [ERROR] ApprovalRadar - 🚨 [긴급] 오늘자 식품나라 API 키가 모두 소진되었습니다. 크롤링이 중단됩니다.
2026-05-13 18:10:10,932 [ERROR] ApprovalRadar - Failed to fetch or update 20260121879: All API keys are exhausted for today.
2026-05-13 18:10:13,981 [ERROR] ApprovalRadar - 🚨 [긴급] 오늘자 식품나라 API 키가 모두 소진되었습니다. 크롤링이 중단됩니다.
2026-05-13 18:10:13,984 [ERROR] ApprovalRadar - Failed to fetch or update 20260062439: All API keys are exhausted for today.
2026-05-13 18:10:17,083 [ERROR] ApprovalRadar - 🚨 [긴급] 오늘자 식품나라 API 키가 모두 소진되었습니다. 크롤링이 중단됩니다.
2026-05-13 18:10:17,085 [ERROR] ApprovalRadar - Failed to fetch or update 20260045654: All API keys are exhausted for today.
2026-05-13 18:10:20,216 [ERROR] ApprovalRadar - 🚨 [긴급] 오늘자 식품나라 API 키가 모두 소진되었습니다. 크롤링이 중단됩니다.
2026-05-13 18:10:20,218 [ERROR] ApprovalRadar - Failed to fetch or update 20260161656: All API keys are exhausted for today.
2026-05-13 18:10:23,346 [ERROR] ApprovalRadar - 🚨 [긴급] 오늘자 식품나라 API 키가 모두 소진되었습니다. 크롤링이 중단됩니다.
2026-05-13 18:10:23,348 [ERROR] ApprovalRadar - Failed to fetch or update 20260354494: All API keys are exhausted for today.
2026-05-13 18:10:26,489 [ERROR] ApprovalRadar - 🚨 [긴급] 오늘자 식품나라 API 키가 모두 소진되었습니다. 크롤링이 중단됩니다.
2026-05-13 18:10:26,490 [ERROR] ApprovalRadar - Failed to fetch or update 20260529452: All API keys are exhausted for today.
2026-05-13 18:10:29,635 [ERROR] ApprovalRadar - 🚨 [긴급] 오늘자 식품나라 API 키가 모두 소진되었습니다. 크롤링이 중단됩니다.
2026-05-13 18:10:29,637 [ERROR] ApprovalRadar - Failed to fetch or update 20260382025: All API keys are exhausted for today.
2026-05-13 18:10:32,672 [ERROR] ApprovalRadar - 🚨 [긴급] 오늘자 식품나라 API 키가 모두 소진되었습니다. 크롤링이 중단됩니다.
2026-05-13 18:10:32,674 [ERROR] ApprovalRadar - Failed to fetch or update 20260385267: All API keys are exhausted for today.
2026-05-13 18:10:35,712 [ERROR] ApprovalRadar - 🚨 [긴급] 오늘자 식품나라 API 키가 모두 소진되었습니다. 크롤링이 중단됩니다.
2026-05-13 18:10:35,714 [ERROR] ApprovalRadar - Failed to fetch or update 20260441082: All API keys are exhausted for today.
2026-05-13 18:10:38,777 [ERROR] ApprovalRadar - 🚨 [긴급] 오늘자 식품나라 API 키가 모두 소진되었습니다. 크롤링이 중단됩니다.
2026-05-13 18:10:38,778 [ERROR] ApprovalRadar - Failed to fetch or update 20260514276: All API keys are exhausted for today.
2026-05-13 18:10:41,846 [ERROR] ApprovalRadar - 🚨 [긴급] 오늘자 식품나라 API 키가 모두 소진되었습니다. 크롤링이 중단됩니다.
2026-05-13 18:10:41,848 [ERROR] ApprovalRadar - Failed to fetch or update 20260546858: All API keys are exhausted for today.
2026-05-13 18:10:44,892 [ERROR] ApprovalRadar - 🚨 [긴급] 오늘자 식품나라 API 키가 모두 소진되었습니다. 크롤링이 중단됩니다.
2026-05-13 18:10:44,894 [ERROR] ApprovalRadar - Failed to fetch or update 20260431300: All API keys are exhausted for today.
2026-05-13 18:10:48,019 [ERROR] ApprovalRadar - 🚨 [긴급] 오늘자 식품나라 API 키가 모두 소진되었습니다. 크롤링이 중단됩니다.
2026-05-13 18:10:48,022 [ERROR] ApprovalRadar - Failed to fetch or update 20260546859: All API keys are exhausted for today.
2026-05-13 18:10:51,146 [ERROR] ApprovalRadar - 🚨 [긴급] 오늘자 식품나라 API 키가 모두 소진되었습니다. 크롤링이 중단됩니다.
2026-05-13 18:10:51,148 [ERROR] ApprovalRadar - Failed to fetch or update 20220417373: All API keys are exhausted for today.
2026-05-13 18:10:54,285 [ERROR] ApprovalRadar - 🚨 [긴급] 오늘자 식품나라 API 키가 모두 소진되었습니다. 크롤링이 중단됩니다.
2026-05-13 18:10:54,287 [ERROR] ApprovalRadar - Failed to fetch or update 20260602160: All API keys are exhausted for today.
2026-05-13 18:10:57,427 [ERROR] ApprovalRadar - 🚨 [긴급] 오늘자 식품나라 API 키가 모두 소진되었습니다. 크롤링이 중단됩니다.
2026-05-13 18:10:57,431 [ERROR] ApprovalRadar - Failed to fetch or update 20260388162: All API keys are exhausted for today.
2026-05-13 18:11:00,572 [ERROR] ApprovalRadar - 🚨 [긴급] 오늘자 식품나라 API 키가 모두 소진되었습니다. 크롤링이 중단됩니다.
2026-05-13 18:11:00,575 [ERROR] ApprovalRadar - Failed to fetch or update 20260558730: All API keys are exhausted for today.
2026-05-13 18:11:03,706 [ERROR] ApprovalRadar - 🚨 [긴급] 오늘자 식품나라 API 키가 모두 소진되었습니다. 크롤링이 중단됩니다.
2026-05-13 18:11:03,708 [ERROR] ApprovalRadar - Failed to fetch or update 20260408502: All API keys are exhausted for today.
2026-05-13 18:11:06,746 [ERROR] ApprovalRadar - 🚨 [긴급] 오늘자 식품나라 API 키가 모두 소진되었습니다. 크롤링이 중단됩니다.
2026-05-13 18:11:06,748 [ERROR] ApprovalRadar - Failed to fetch or update 20230460210: All API keys are exhausted for today.
2026-05-13 18:11:09,807 [ERROR] ApprovalRadar - 🚨 [긴급] 오늘자 식품나라 API 키가 모두 소진되었습니다. 크롤링이 중단됩니다.
2026-05-13 18:11:09,808 [ERROR] ApprovalRadar - Failed to fetch or update 20260408409: All API keys are exhausted for today.
2026-05-13 18:11:12,867 [ERROR] ApprovalRadar - 🚨 [긴급] 오늘자 식품나라 API 키가 모두 소진되었습니다. 크롤링이 중단됩니다.
2026-05-13 18:11:12,868 [ERROR] ApprovalRadar - Failed to fetch or update 20260546860: All API keys are exhausted for today.
2026-05-13 18:11:15,925 [ERROR] ApprovalRadar - 🚨 [긴급] 오늘자 식품나라 API 키가 모두 소진되었습니다. 크롤링이 중단됩니다.
2026-05-13 18:11:15,927 [ERROR] ApprovalRadar - Failed to fetch or update 20260504240: All API keys are exhausted for today.
2026-05-13 18:11:18,988 [ERROR] ApprovalRadar - 🚨 [긴급] 오늘자 식품나라 API 키가 모두 소진되었습니다. 크롤링이 중단됩니다.
2026-05-13 18:11:18,990 [ERROR] ApprovalRadar - Failed to fetch or update 20260758298: All API keys are exhausted for today.
2026-05-13 18:11:22,094 [ERROR] ApprovalRadar - 🚨 [긴급] 오늘자 식품나라 API 키가 모두 소진되었습니다. 크롤링이 중단됩니다.
2026-05-13 18:11:22,107 [ERROR] ApprovalRadar - Failed to fetch or update 20240594573: All API keys are exhausted for today.
2026-05-13 18:11:25,251 [ERROR] ApprovalRadar - 🚨 [긴급] 오늘자 식품나라 API 키가 모두 소진되었습니다. 크롤링이 중단됩니다.
2026-05-13 18:11:25,253 [ERROR] ApprovalRadar - Failed to fetch or update 20250808122: All API keys are exhausted for today.
2026-05-13 18:11:28,392 [ERROR] ApprovalRadar - 🚨 [긴급] 오늘자 식품나라 API 키가 모두 소진되었습니다. 크롤링이 중단됩니다.
2026-05-13 18:11:28,395 [ERROR] ApprovalRadar - Failed to fetch or update 20260291752: All API keys are exhausted for today.
2026-05-13 18:11:31,522 [ERROR] ApprovalRadar - 🚨 [긴급] 오늘자 식품나라 API 키가 모두 소진되었습니다. 크롤링이 중단됩니다.
2026-05-13 18:11:31,526 [ERROR] ApprovalRadar - Failed to fetch or update 20260279454: All API keys are exhausted for today.
2026-05-13 18:11:34,649 [ERROR] ApprovalRadar - 🚨 [긴급] 오늘자 식품나라 API 키가 모두 소진되었습니다. 크롤링이 중단됩니다.
2026-05-13 18:11:34,650 [ERROR] ApprovalRadar - Failed to fetch or update 20260324402: All API keys are exhausted for today.
2026-05-13 18:11:37,790 [ERROR] ApprovalRadar - 🚨 [긴급] 오늘자 식품나라 API 키가 모두 소진되었습니다. 크롤링이 중단됩니다.
2026-05-13 18:11:37,791 [ERROR] ApprovalRadar - Failed to fetch or update 20240313853: All API keys are exhausted for today.
2026-05-13 18:11:40,933 [ERROR] ApprovalRadar - 🚨 [긴급] 오늘자 식품나라 API 키가 모두 소진되었습니다. 크롤링이 중단됩니다.
2026-05-13 18:11:40,934 [ERROR] ApprovalRadar - Failed to fetch or update 20260971804: All API keys are exhausted for today.
2026-05-13 18:11:44,074 [ERROR] ApprovalRadar - 🚨 [긴급] 오늘자 식품나라 API 키가 모두 소진되었습니다. 크롤링이 중단됩니다.
2026-05-13 18:11:44,077 [ERROR] ApprovalRadar - Failed to fetch or update 20260172090: All API keys are exhausted for today.
2026-05-13 18:11:47,215 [ERROR] ApprovalRadar - 🚨 [긴급] 오늘자 식품나라 API 키가 모두 소진되었습니다. 크롤링이 중단됩니다.
2026-05-13 18:11:47,217 [ERROR] ApprovalRadar - Failed to fetch or update 20260176086: All API keys are exhausted for today.
2026-05-13 18:11:50,356 [ERROR] ApprovalRadar - 🚨 [긴급] 오늘자 식품나라 API 키가 모두 소진되었습니다. 크롤링이 중단됩니다.
2026-05-13 18:11:50,358 [ERROR] ApprovalRadar - Failed to fetch or update 20260226103: All API keys are exhausted for today.
2026-05-13 18:11:53,511 [ERROR] ApprovalRadar - 🚨 [긴급] 오늘자 식품나라 API 키가 모두 소진되었습니다. 크롤링이 중단됩니다.
2026-05-13 18:11:53,513 [ERROR] ApprovalRadar - Failed to fetch or update 20260848317: All API keys are exhausted for today.
2026-05-13 18:11:56,674 [ERROR] ApprovalRadar - 🚨 [긴급] 오늘자 식품나라 API 키가 모두 소진되었습니다. 크롤링이 중단됩니다.
2026-05-13 18:11:56,676 [ERROR] ApprovalRadar - Failed to fetch or update 20260917022: All API keys are exhausted for today.
2026-05-13 18:11:59,798 [ERROR] ApprovalRadar - 🚨 [긴급] 오늘자 식품나라 API 키가 모두 소진되었습니다. 크롤링이 중단됩니다.
2026-05-13 18:11:59,802 [ERROR] ApprovalRadar - Failed to fetch or update 20260330169: All API keys are exhausted for today.
2026-05-13 18:12:02,945 [ERROR] ApprovalRadar - 🚨 [긴급] 오늘자 식품나라 API 키가 모두 소진되었습니다. 크롤링이 중단됩니다.
2026-05-13 18:12:02,946 [ERROR] ApprovalRadar - Failed to fetch or update 20260369404: All API keys are exhausted for today.
2026-05-13 18:12:05,986 [ERROR] ApprovalRadar - 🚨 [긴급] 오늘자 식품나라 API 키가 모두 소진되었습니다. 크롤링이 중단됩니다.
2026-05-13 18:12:05,989 [ERROR] ApprovalRadar - Failed to fetch or update 20260273478: All API keys are exhausted for today.
2026-05-13 18:12:09,050 [ERROR] ApprovalRadar - 🚨 [긴급] 오늘자 식품나라 API 키가 모두 소진되었습니다. 크롤링이 중단됩니다.
2026-05-13 18:12:09,054 [ERROR] ApprovalRadar - Failed to fetch or update 20260263222: All API keys are exhausted for today.
2026-05-13 18:12:12,125 [ERROR] ApprovalRadar - 🚨 [긴급] 오늘자 식품나라 API 키가 모두 소진되었습니다. 크롤링이 중단됩니다.
2026-05-13 18:12:12,128 [ERROR] ApprovalRadar - Failed to fetch or update 20260382255: All API keys are exhausted for today.
2026-05-13 18:12:15,197 [ERROR] ApprovalRadar - 🚨 [긴급] 오늘자 식품나라 API 키가 모두 소진되었습니다. 크롤링이 중단됩니다.
2026-05-13 18:12:15,198 [ERROR] ApprovalRadar - Failed to fetch or update 20260408508: All API keys are exhausted for today.
2026-05-13 18:12:18,263 [ERROR] ApprovalRadar - 🚨 [긴급] 오늘자 식품나라 API 키가 모두 소진되었습니다. 크롤링이 중단됩니다.
2026-05-13 18:12:18,264 [ERROR] ApprovalRadar - Failed to fetch or update 20260517535: All API keys are exhausted for today.
2026-05-13 18:12:21,360 [ERROR] ApprovalRadar - 🚨 [긴급] 오늘자 식품나라 API 키가 모두 소진되었습니다. 크롤링이 중단됩니다.
2026-05-13 18:12:21,362 [ERROR] ApprovalRadar - Failed to fetch or update 20260517536: All API keys are exhausted for today.
2026-05-13 18:12:24,491 [ERROR] ApprovalRadar - 🚨 [긴급] 오늘자 식품나라 API 키가 모두 소진되었습니다. 크롤링이 중단됩니다.
2026-05-13 18:12:24,495 [ERROR] ApprovalRadar - Failed to fetch or update 20260391259: All API keys are exhausted for today.
2026-05-13 18:12:27,633 [ERROR] ApprovalRadar - 🚨 [긴급] 오늘자 식품나라 API 키가 모두 소진되었습니다. 크롤링이 중단됩니다.
2026-05-13 18:12:27,635 [ERROR] ApprovalRadar - Failed to fetch or update 20260585411: All API keys are exhausted for today.
2026-05-13 18:12:30,760 [ERROR] ApprovalRadar - 🚨 [긴급] 오늘자 식품나라 API 키가 모두 소진되었습니다. 크롤링이 중단됩니다.
2026-05-13 18:12:30,762 [ERROR] ApprovalRadar - Failed to fetch or update 20260403594: All API keys are exhausted for today.
2026-05-13 18:12:33,877 [ERROR] ApprovalRadar - 🚨 [긴급] 오늘자 식품나라 API 키가 모두 소진되었습니다. 크롤링이 중단됩니다.
2026-05-13 18:12:33,879 [ERROR] ApprovalRadar - Failed to fetch or update 20260470130: All API keys are exhausted for today.
2026-05-13 18:12:37,024 [ERROR] ApprovalRadar - 🚨 [긴급] 오늘자 식품나라 API 키가 모두 소진되었습니다. 크롤링이 중단됩니다.
2026-05-13 18:12:37,027 [ERROR] ApprovalRadar - Failed to fetch or update 20150353097: All API keys are exhausted for today.
2026-05-13 18:12:40,168 [ERROR] ApprovalRadar - 🚨 [긴급] 오늘자 식품나라 API 키가 모두 소진되었습니다. 크롤링이 중단됩니다.
2026-05-13 18:12:40,169 [ERROR] ApprovalRadar - Failed to fetch or update 20190387072: All API keys are exhausted for today.
2026-05-13 18:12:40,170 [INFO] ApprovalRadar - [진척도] 400/2553 처리 완료 (성공: 150, 실패: 250)
2026-05-13 18:12:43,215 [ERROR] ApprovalRadar - 🚨 [긴급] 오늘자 식품나라 API 키가 모두 소진되었습니다. 크롤링이 중단됩니다.
2026-05-13 18:12:43,218 [ERROR] ApprovalRadar - Failed to fetch or update 20150353289: All API keys are exhausted for today.
2026-05-13 18:12:46,291 [ERROR] ApprovalRadar - 🚨 [긴급] 오늘자 식품나라 API 키가 모두 소진되었습니다. 크롤링이 중단됩니다.
2026-05-13 18:12:46,293 [ERROR] ApprovalRadar - Failed to fetch or update 20260558601: All API keys are exhausted for today.
2026-05-13 18:12:49,365 [ERROR] ApprovalRadar - 🚨 [긴급] 오늘자 식품나라 API 키가 모두 소진되었습니다. 크롤링이 중단됩니다.
2026-05-13 18:12:49,367 [ERROR] ApprovalRadar - Failed to fetch or update 20260431218: All API keys are exhausted for today.
2026-05-13 18:12:52,425 [ERROR] ApprovalRadar - 🚨 [긴급] 오늘자 식품나라 API 키가 모두 소진되었습니다. 크롤링이 중단됩니다.
2026-05-13 18:12:52,426 [ERROR] ApprovalRadar - Failed to fetch or update 20260233417: All API keys are exhausted for today.
2026-05-13 18:12:55,487 [ERROR] ApprovalRadar - 🚨 [긴급] 오늘자 식품나라 API 키가 모두 소진되었습니다. 크롤링이 중단됩니다.
2026-05-13 18:12:55,489 [ERROR] ApprovalRadar - Failed to fetch or update 20260222455: All API keys are exhausted for today.
2026-05-13 18:12:58,560 [ERROR] ApprovalRadar - 🚨 [긴급] 오늘자 식품나라 API 키가 모두 소진되었습니다. 크롤링이 중단됩니다.
2026-05-13 18:12:58,562 [ERROR] ApprovalRadar - Failed to fetch or update 20260971805: All API keys are exhausted for today.
2026-05-13 18:13:01,680 [ERROR] ApprovalRadar - 🚨 [긴급] 오늘자 식품나라 API 키가 모두 소진되었습니다. 크롤링이 중단됩니다.
2026-05-13 18:13:01,682 [ERROR] ApprovalRadar - Failed to fetch or update 20260909198: All API keys are exhausted for today.
2026-05-13 18:13:04,721 [ERROR] ApprovalRadar - 🚨 [긴급] 오늘자 식품나라 API 키가 모두 소진되었습니다. 크롤링이 중단됩니다.
2026-05-13 18:13:04,723 [ERROR] ApprovalRadar - Failed to fetch or update 20260942237: All API keys are exhausted for today.
2026-05-13 18:13:07,779 [ERROR] ApprovalRadar - 🚨 [긴급] 오늘자 식품나라 API 키가 모두 소진되었습니다. 크롤링이 중단됩니다.
2026-05-13 18:13:07,783 [ERROR] ApprovalRadar - Failed to fetch or update 20260273623: All API keys are exhausted for today.
2026-05-13 18:13:10,845 [ERROR] ApprovalRadar - 🚨 [긴급] 오늘자 식품나라 API 키가 모두 소진되었습니다. 크롤링이 중단됩니다.
2026-05-13 18:13:10,848 [ERROR] ApprovalRadar - Failed to fetch or update 20260222454: All API keys are exhausted for today.
2026-05-13 18:13:13,908 [ERROR] ApprovalRadar - 🚨 [긴급] 오늘자 식품나라 API 키가 모두 소진되었습니다. 크롤링이 중단됩니다.
2026-05-13 18:13:13,910 [ERROR] ApprovalRadar - Failed to fetch or update 20250832233: All API keys are exhausted for today.
2026-05-13 18:13:16,972 [ERROR] ApprovalRadar - 🚨 [긴급] 오늘자 식품나라 API 키가 모두 소진되었습니다. 크롤링이 중단됩니다.
2026-05-13 18:13:16,975 [ERROR] ApprovalRadar - Failed to fetch or update 20260366236: All API keys are exhausted for today.
2026-05-13 18:13:20,063 [ERROR] ApprovalRadar - 🚨 [긴급] 오늘자 식품나라 API 키가 모두 소진되었습니다. 크롤링이 중단됩니다.
2026-05-13 18:13:20,065 [ERROR] ApprovalRadar - Failed to fetch or update 20260054432: All API keys are exhausted for today.
2026-05-13 18:13:23,206 [ERROR] ApprovalRadar - 🚨 [긴급] 오늘자 식품나라 API 키가 모두 소진되었습니다. 크롤링이 중단됩니다.
2026-05-13 18:13:23,207 [ERROR] ApprovalRadar - Failed to fetch or update 20260121039: All API keys are exhausted for today.
2026-05-13 18:13:26,327 [ERROR] ApprovalRadar - 🚨 [긴급] 오늘자 식품나라 API 키가 모두 소진되었습니다. 크롤링이 중단됩니다.
2026-05-13 18:13:26,330 [ERROR] ApprovalRadar - Failed to fetch or update 20260076250: All API keys are exhausted for today.
2026-05-13 18:13:29,472 [ERROR] ApprovalRadar - 🚨 [긴급] 오늘자 식품나라 API 키가 모두 소진되었습니다. 크롤링이 중단됩니다.
2026-05-13 18:13:29,474 [ERROR] ApprovalRadar - Failed to fetch or update 20240067489: All API keys are exhausted for today.
2026-05-13 18:13:32,615 [ERROR] ApprovalRadar - 🚨 [긴급] 오늘자 식품나라 API 키가 모두 소진되었습니다. 크롤링이 중단됩니다.
2026-05-13 18:13:32,617 [ERROR] ApprovalRadar - Failed to fetch or update 20260072402: All API keys are exhausted for today.
2026-05-13 18:13:35,762 [ERROR] ApprovalRadar - 🚨 [긴급] 오늘자 식품나라 API 키가 모두 소진되었습니다. 크롤링이 중단됩니다.
2026-05-13 18:13:35,764 [ERROR] ApprovalRadar - Failed to fetch or update 20250156261: All API keys are exhausted for today.
2026-05-13 18:13:38,890 [ERROR] ApprovalRadar - 🚨 [긴급] 오늘자 식품나라 API 키가 모두 소진되었습니다. 크롤링이 중단됩니다.
2026-05-13 18:13:38,892 [ERROR] ApprovalRadar - Failed to fetch or update 20260108688: All API keys are exhausted for today.
2026-05-13 18:13:42,036 [ERROR] ApprovalRadar - 🚨 [긴급] 오늘자 식품나라 API 키가 모두 소진되었습니다. 크롤링이 중단됩니다.
2026-05-13 18:13:42,039 [ERROR] ApprovalRadar - Failed to fetch or update 20260076276: All API keys are exhausted for today.
2026-05-13 18:13:45,078 [ERROR] ApprovalRadar - 🚨 [긴급] 오늘자 식품나라 API 키가 모두 소진되었습니다. 크롤링이 중단됩니다.
2026-05-13 18:13:45,081 [ERROR] ApprovalRadar - Failed to fetch or update 20260145482: All API keys are exhausted for today.
2026-05-13 18:13:48,144 [ERROR] ApprovalRadar - 🚨 [긴급] 오늘자 식품나라 API 키가 모두 소진되었습니다. 크롤링이 중단됩니다.
2026-05-13 18:13:48,147 [ERROR] ApprovalRadar - Failed to fetch or update 20260178509: All API keys are exhausted for today.
2026-05-13 18:13:51,209 [ERROR] ApprovalRadar - 🚨 [긴급] 오늘자 식품나라 API 키가 모두 소진되었습니다. 크롤링이 중단됩니다.
2026-05-13 18:13:51,211 [ERROR] ApprovalRadar - Failed to fetch or update 20260801228: All API keys are exhausted for today.
2026-05-13 18:13:54,273 [ERROR] ApprovalRadar - 🚨 [긴급] 오늘자 식품나라 API 키가 모두 소진되었습니다. 크롤링이 중단됩니다.
2026-05-13 18:13:54,275 [ERROR] ApprovalRadar - Failed to fetch or update 20200507311: All API keys are exhausted for today.
2026-05-13 18:13:57,348 [ERROR] ApprovalRadar - 🚨 [긴급] 오늘자 식품나라 API 키가 모두 소진되었습니다. 크롤링이 중단됩니다.
2026-05-13 18:13:57,350 [ERROR] ApprovalRadar - Failed to fetch or update 20260233418: All API keys are exhausted for today.
2026-05-13 18:14:00,442 [ERROR] ApprovalRadar - 🚨 [긴급] 오늘자 식품나라 API 키가 모두 소진되었습니다. 크롤링이 중단됩니다.
2026-05-13 18:14:00,444 [ERROR] ApprovalRadar - Failed to fetch or update 20260971807: All API keys are exhausted for today.
2026-05-13 18:14:03,580 [ERROR] ApprovalRadar - 🚨 [긴급] 오늘자 식품나라 API 키가 모두 소진되었습니다. 크롤링이 중단됩니다.
2026-05-13 18:14:03,582 [ERROR] ApprovalRadar - Failed to fetch or update 20260248227: All API keys are exhausted for today.
2026-05-13 18:14:06,717 [ERROR] ApprovalRadar - 🚨 [긴급] 오늘자 식품나라 API 키가 모두 소진되었습니다. 크롤링이 중단됩니다.
2026-05-13 18:14:06,718 [ERROR] ApprovalRadar - Failed to fetch or update 20260736169: All API keys are exhausted for today.
2026-05-13 18:14:09,832 [ERROR] ApprovalRadar - 🚨 [긴급] 오늘자 식품나라 API 키가 모두 소진되었습니다. 크롤링이 중단됩니다.
2026-05-13 18:14:09,834 [ERROR] ApprovalRadar - Failed to fetch or update 20260464350: All API keys are exhausted for today.
2026-05-13 18:14:12,963 [ERROR] ApprovalRadar - 🚨 [긴급] 오늘자 식품나라 API 키가 모두 소진되었습니다. 크롤링이 중단됩니다.
2026-05-13 18:14:12,966 [ERROR] ApprovalRadar - Failed to fetch or update 20260552356: All API keys are exhausted for today.
2026-05-13 18:14:16,018 [ERROR] ApprovalRadar - 🚨 [긴급] 오늘자 식품나라 API 키가 모두 소진되었습니다. 크롤링이 중단됩니다.
2026-05-13 18:14:16,020 [ERROR] ApprovalRadar - Failed to fetch or update 20180287241: All API keys are exhausted for today.
2026-05-13 18:14:19,089 [ERROR] ApprovalRadar - 🚨 [긴급] 오늘자 식품나라 API 키가 모두 소진되었습니다. 크롤링이 중단됩니다.
2026-05-13 18:14:19,090 [ERROR] ApprovalRadar - Failed to fetch or update 20260579176: All API keys are exhausted for today.
2026-05-13 18:14:22,151 [ERROR] ApprovalRadar - 🚨 [긴급] 오늘자 식품나라 API 키가 모두 소진되었습니다. 크롤링이 중단됩니다.
2026-05-13 18:14:22,154 [ERROR] ApprovalRadar - Failed to fetch or update 20260431301: All API keys are exhausted for today.
2026-05-13 18:14:25,223 [ERROR] ApprovalRadar - 🚨 [긴급] 오늘자 식품나라 API 키가 모두 소진되었습니다. 크롤링이 중단됩니다.
2026-05-13 18:14:25,224 [ERROR] ApprovalRadar - Failed to fetch or update 20260400112: All API keys are exhausted for today.
2026-05-13 18:14:28,294 [ERROR] ApprovalRadar - 🚨 [긴급] 오늘자 식품나라 API 키가 모두 소진되었습니다. 크롤링이 중단됩니다.
2026-05-13 18:14:28,296 [ERROR] ApprovalRadar - Failed to fetch or update 20260431226: All API keys are exhausted for today.
2026-05-13 18:14:31,346 [ERROR] ApprovalRadar - 🚨 [긴급] 오늘자 식품나라 API 키가 모두 소진되었습니다. 크롤링이 중단됩니다.
2026-05-13 18:14:31,348 [ERROR] ApprovalRadar - Failed to fetch or update 20260585412: All API keys are exhausted for today.
2026-05-13 18:14:34,481 [ERROR] ApprovalRadar - 🚨 [긴급] 오늘자 식품나라 API 키가 모두 소진되었습니다. 크롤링이 중단됩니다.
2026-05-13 18:14:34,483 [ERROR] ApprovalRadar - Failed to fetch or update 20260493281: All API keys are exhausted for today.
2026-05-13 18:14:37,519 [ERROR] ApprovalRadar - 🚨 [긴급] 오늘자 식품나라 API 키가 모두 소진되었습니다. 크롤링이 중단됩니다.
2026-05-13 18:14:37,522 [ERROR] ApprovalRadar - Failed to fetch or update 19990353086: All API keys are exhausted for today.
2026-05-13 18:14:40,587 [ERROR] ApprovalRadar - 🚨 [긴급] 오늘자 식품나라 API 키가 모두 소진되었습니다. 크롤링이 중단됩니다.
2026-05-13 18:14:40,590 [ERROR] ApprovalRadar - Failed to fetch or update 20260493282: All API keys are exhausted for today.
2026-05-13 18:14:43,628 [ERROR] ApprovalRadar - 🚨 [긴급] 오늘자 식품나라 API 키가 모두 소진되었습니다. 크롤링이 중단됩니다.
2026-05-13 18:14:43,630 [ERROR] ApprovalRadar - Failed to fetch or update 20170353591: All API keys are exhausted for today.
2026-05-13 18:14:46,694 [ERROR] ApprovalRadar - 🚨 [긴급] 오늘자 식품나라 API 키가 모두 소진되었습니다. 크롤링이 중단됩니다.
2026-05-13 18:14:46,697 [ERROR] ApprovalRadar - Failed to fetch or update 20200369359: All API keys are exhausted for today.
2026-05-13 18:14:49,738 [ERROR] ApprovalRadar - 🚨 [긴급] 오늘자 식품나라 API 키가 모두 소진되었습니다. 크롤링이 중단됩니다.
2026-05-13 18:14:49,742 [ERROR] ApprovalRadar - Failed to fetch or update 20240539256: All API keys are exhausted for today.
2026-05-13 18:14:52,861 [ERROR] ApprovalRadar - 🚨 [긴급] 오늘자 식품나라 API 키가 모두 소진되었습니다. 크롤링이 중단됩니다.
2026-05-13 18:14:52,865 [ERROR] ApprovalRadar - Failed to fetch or update 20230498144: All API keys are exhausted for today.
2026-05-13 18:14:55,986 [ERROR] ApprovalRadar - 🚨 [긴급] 오늘자 식품나라 API 키가 모두 소진되었습니다. 크롤링이 중단됩니다.
2026-05-13 18:14:55,989 [ERROR] ApprovalRadar - Failed to fetch or update 20260536432: All API keys are exhausted for today.
2026-05-13 18:14:59,126 [ERROR] ApprovalRadar - 🚨 [긴급] 오늘자 식품나라 API 키가 모두 소진되었습니다. 크롤링이 중단됩니다.
2026-05-13 18:14:59,128 [ERROR] ApprovalRadar - Failed to fetch or update 20260418081: All API keys are exhausted for today.
2026-05-13 18:15:02,267 [ERROR] ApprovalRadar - 🚨 [긴급] 오늘자 식품나라 API 키가 모두 소진되었습니다. 크롤링이 중단됩니다.
2026-05-13 18:15:02,270 [ERROR] ApprovalRadar - Failed to fetch or update 20260517537: All API keys are exhausted for today.
2026-05-13 18:15:05,407 [ERROR] ApprovalRadar - 🚨 [긴급] 오늘자 식품나라 API 키가 모두 소진되었습니다. 크롤링이 중단됩니다.
2026-05-13 18:15:05,408 [ERROR] ApprovalRadar - Failed to fetch or update 20260493283: All API keys are exhausted for today.
2026-05-13 18:15:08,562 [ERROR] ApprovalRadar - 🚨 [긴급] 오늘자 식품나라 API 키가 모두 소진되었습니다. 크롤링이 중단됩니다.
2026-05-13 18:15:08,564 [ERROR] ApprovalRadar - Failed to fetch or update 20260467310: All API keys are exhausted for today.
2026-05-13 18:15:11,687 [ERROR] ApprovalRadar - 🚨 [긴급] 오늘자 식품나라 API 키가 모두 소진되었습니다. 크롤링이 중단됩니다.
2026-05-13 18:15:11,691 [ERROR] ApprovalRadar - Failed to fetch or update 20260517389: All API keys are exhausted for today.
2026-05-13 18:15:14,832 [ERROR] ApprovalRadar - 🚨 [긴급] 오늘자 식품나라 API 키가 모두 소진되었습니다. 크롤링이 중단됩니다.
2026-05-13 18:15:14,833 [ERROR] ApprovalRadar - Failed to fetch or update 20260546861: All API keys are exhausted for today.
2026-05-13 18:15:17,980 [ERROR] ApprovalRadar - 🚨 [긴급] 오늘자 식품나라 API 키가 모두 소진되었습니다. 크롤링이 중단됩니다.
2026-05-13 18:15:17,983 [ERROR] ApprovalRadar - Failed to fetch or update 20260517466: All API keys are exhausted for today.
2026-05-13 18:15:21,124 [ERROR] ApprovalRadar - 🚨 [긴급] 오늘자 식품나라 API 키가 모두 소진되었습니다. 크롤링이 중단됩니다.
2026-05-13 18:15:21,128 [ERROR] ApprovalRadar - Failed to fetch or update 20260610405: All API keys are exhausted for today.
2026-05-13 18:15:24,271 [ERROR] ApprovalRadar - 🚨 [긴급] 오늘자 식품나라 API 키가 모두 소진되었습니다. 크롤링이 중단됩니다.
2026-05-13 18:15:24,274 [ERROR] ApprovalRadar - Failed to fetch or update 20250955283: All API keys are exhausted for today.
2026-05-13 18:15:27,326 [ERROR] ApprovalRadar - 🚨 [긴급] 오늘자 식품나라 API 키가 모두 소진되었습니다. 크롤링이 중단됩니다.
2026-05-13 18:15:27,328 [ERROR] ApprovalRadar - Failed to fetch or update 20260889041: All API keys are exhausted for today.
2026-05-13 18:15:30,395 [ERROR] ApprovalRadar - 🚨 [긴급] 오늘자 식품나라 API 키가 모두 소진되었습니다. 크롤링이 중단됩니다.
2026-05-13 18:15:30,397 [ERROR] ApprovalRadar - Failed to fetch or update 20260878242: All API keys are exhausted for today.
2026-05-13 18:15:33,462 [ERROR] ApprovalRadar - 🚨 [긴급] 오늘자 식품나라 API 키가 모두 소진되었습니다. 크롤링이 중단됩니다.
2026-05-13 18:15:33,464 [ERROR] ApprovalRadar - Failed to fetch or update 20260861444: All API keys are exhausted for today.
2026-05-13 18:15:36,520 [ERROR] ApprovalRadar - 🚨 [긴급] 오늘자 식품나라 API 키가 모두 소진되었습니다. 크롤링이 중단됩니다.
2026-05-13 18:15:36,522 [ERROR] ApprovalRadar - Failed to fetch or update 20260366165: All API keys are exhausted for today.
2026-05-13 18:15:39,578 [ERROR] ApprovalRadar - 🚨 [긴급] 오늘자 식품나라 API 키가 모두 소진되었습니다. 크롤링이 중단됩니다.
2026-05-13 18:15:39,580 [ERROR] ApprovalRadar - Failed to fetch or update 20260917200: All API keys are exhausted for today.
2026-05-13 18:15:42,665 [ERROR] ApprovalRadar - 🚨 [긴급] 오늘자 식품나라 API 키가 모두 소진되었습니다. 크롤링이 중단됩니다.
2026-05-13 18:15:42,669 [ERROR] ApprovalRadar - Failed to fetch or update 20260942238: All API keys are exhausted for today.
2026-05-13 18:15:45,817 [ERROR] ApprovalRadar - 🚨 [긴급] 오늘자 식품나라 API 키가 모두 소진되었습니다. 크롤링이 중단됩니다.
2026-05-13 18:15:45,819 [ERROR] ApprovalRadar - Failed to fetch or update 20260917161: All API keys are exhausted for today.
2026-05-13 18:15:48,960 [ERROR] ApprovalRadar - 🚨 [긴급] 오늘자 식품나라 API 키가 모두 소진되었습니다. 크롤링이 중단됩니다.
2026-05-13 18:15:48,963 [ERROR] ApprovalRadar - Failed to fetch or update 20260203271: All API keys are exhausted for today.
2026-05-13 18:15:52,112 [ERROR] ApprovalRadar - 🚨 [긴급] 오늘자 식품나라 API 키가 모두 소진되었습니다. 크롤링이 중단됩니다.
2026-05-13 18:15:52,114 [ERROR] ApprovalRadar - Failed to fetch or update 20260203270: All API keys are exhausted for today.
2026-05-13 18:15:55,262 [ERROR] ApprovalRadar - 🚨 [긴급] 오늘자 식품나라 API 키가 모두 소진되었습니다. 크롤링이 중단됩니다.
2026-05-13 18:15:55,264 [ERROR] ApprovalRadar - Failed to fetch or update 20260108689: All API keys are exhausted for today.
2026-05-13 18:15:58,406 [ERROR] ApprovalRadar - 🚨 [긴급] 오늘자 식품나라 API 키가 모두 소진되었습니다. 크롤링이 중단됩니다.
2026-05-13 18:15:58,409 [ERROR] ApprovalRadar - Failed to fetch or update 20260131488: All API keys are exhausted for today.
2026-05-13 18:16:01,548 [ERROR] ApprovalRadar - 🚨 [긴급] 오늘자 식품나라 API 키가 모두 소진되었습니다. 크롤링이 중단됩니다.
2026-05-13 18:16:01,550 [ERROR] ApprovalRadar - Failed to fetch or update 20260097710: All API keys are exhausted for today.
2026-05-13 18:16:04,675 [ERROR] ApprovalRadar - 🚨 [긴급] 오늘자 식품나라 API 키가 모두 소진되었습니다. 크롤링이 중단됩니다.
2026-05-13 18:16:04,676 [ERROR] ApprovalRadar - Failed to fetch or update 20260058438: All API keys are exhausted for today.
2026-05-13 18:16:07,803 [ERROR] ApprovalRadar - 🚨 [긴급] 오늘자 식품나라 API 키가 모두 소진되었습니다. 크롤링이 중단됩니다.
2026-05-13 18:16:07,805 [ERROR] ApprovalRadar - Failed to fetch or update 20260045656: All API keys are exhausted for today.
2026-05-13 18:16:10,931 [ERROR] ApprovalRadar - 🚨 [긴급] 오늘자 식품나라 API 키가 모두 소진되었습니다. 크롤링이 중단됩니다.
2026-05-13 18:16:10,934 [ERROR] ApprovalRadar - Failed to fetch or update 20260754305: All API keys are exhausted for today.
2026-05-13 18:16:14,080 [ERROR] ApprovalRadar - 🚨 [긴급] 오늘자 식품나라 API 키가 모두 소진되었습니다. 크롤링이 중단됩니다.
2026-05-13 18:16:14,082 [ERROR] ApprovalRadar - Failed to fetch or update 20240742127: All API keys are exhausted for today.
2026-05-13 18:16:17,119 [ERROR] ApprovalRadar - 🚨 [긴급] 오늘자 식품나라 API 키가 모두 소진되었습니다. 크롤링이 중단됩니다.
2026-05-13 18:16:17,121 [ERROR] ApprovalRadar - Failed to fetch or update 20260765130: All API keys are exhausted for today.
2026-05-13 18:16:20,195 [ERROR] ApprovalRadar - 🚨 [긴급] 오늘자 식품나라 API 키가 모두 소진되었습니다. 크롤링이 중단됩니다.
2026-05-13 18:16:20,197 [ERROR] ApprovalRadar - Failed to fetch or update 20260718478: All API keys are exhausted for today.
2026-05-13 18:16:23,263 [ERROR] ApprovalRadar - 🚨 [긴급] 오늘자 식품나라 API 키가 모두 소진되었습니다. 크롤링이 중단됩니다.
2026-05-13 18:16:23,265 [ERROR] ApprovalRadar - Failed to fetch or update 20260736170: All API keys are exhausted for today.
2026-05-13 18:16:26,337 [ERROR] ApprovalRadar - 🚨 [긴급] 오늘자 식품나라 API 키가 모두 소진되었습니다. 크롤링이 중단됩니다.
2026-05-13 18:16:26,339 [ERROR] ApprovalRadar - Failed to fetch or update 20260354245: All API keys are exhausted for today.
2026-05-13 18:16:29,392 [ERROR] ApprovalRadar - 🚨 [긴급] 오늘자 식품나라 API 키가 모두 소진되었습니다. 크롤링이 중단됩니다.
2026-05-13 18:16:29,394 [ERROR] ApprovalRadar - Failed to fetch or update 19970208338: All API keys are exhausted for today.
2026-05-13 18:16:32,482 [ERROR] ApprovalRadar - 🚨 [긴급] 오늘자 식품나라 API 키가 모두 소진되었습니다. 크롤링이 중단됩니다.
2026-05-13 18:16:32,483 [ERROR] ApprovalRadar - Failed to fetch or update 20220246310: All API keys are exhausted for today.
2026-05-13 18:16:35,625 [ERROR] ApprovalRadar - 🚨 [긴급] 오늘자 식품나라 API 키가 모두 소진되었습니다. 크롤링이 중단됩니다.
2026-05-13 18:16:35,627 [ERROR] ApprovalRadar - Failed to fetch or update 20260283405: All API keys are exhausted for today.
2026-05-13 18:16:38,761 [ERROR] ApprovalRadar - 🚨 [긴급] 오늘자 식품나라 API 키가 모두 소진되었습니다. 크롤링이 중단됩니다.
2026-05-13 18:16:38,764 [ERROR] ApprovalRadar - Failed to fetch or update 20260279456: All API keys are exhausted for today.
2026-05-13 18:16:41,884 [ERROR] ApprovalRadar - 🚨 [긴급] 오늘자 식품나라 API 키가 모두 소진되었습니다. 크롤링이 중단됩니다.
2026-05-13 18:16:41,885 [ERROR] ApprovalRadar - Failed to fetch or update 20260721155: All API keys are exhausted for today.
2026-05-13 18:16:45,021 [ERROR] ApprovalRadar - 🚨 [긴급] 오늘자 식품나라 API 키가 모두 소진되었습니다. 크롤링이 중단됩니다.
2026-05-13 18:16:45,023 [ERROR] ApprovalRadar - Failed to fetch or update 20260629042: All API keys are exhausted for today.
2026-05-13 18:16:48,163 [ERROR] ApprovalRadar - 🚨 [긴급] 오늘자 식품나라 API 키가 모두 소진되었습니다. 크롤링이 중단됩니다.
2026-05-13 18:16:48,165 [ERROR] ApprovalRadar - Failed to fetch or update 20130392305: All API keys are exhausted for today.
2026-05-13 18:16:49,670 [INFO] ApprovalRadar - Starting DiffCrawler Delta Sync Job for I2859...
2026-05-13 18:16:49,835 [INFO] ApprovalRadar - [키 회전] API 한도 초과! 새로운 키로 교체: f1282***
2026-05-13 18:16:49,838 [WARNING] ApprovalRadar - 키 회전 후 3.0초 대기...
2026-05-13 18:16:51,302 [ERROR] ApprovalRadar - 🚨 [긴급] 오늘자 식품나라 API 키가 모두 소진되었습니다. 크롤링이 중단됩니다.
2026-05-13 18:16:51,304 [ERROR] ApprovalRadar - Failed to fetch or update 20260481201: All API keys are exhausted for today.
2026-05-13 18:16:53,774 [INFO] ApprovalRadar - ✨ [소요시간: 4.10초] 새로운 데이터가 감지되지 않았습니다. (현재 전체 데이터: 22416건)
2026-05-13 18:16:53,777 [INFO] ApprovalRadar - Starting DiffCrawler Delta Sync Job for I2500...
2026-05-13 18:16:53,783 [INFO] ApprovalRadar - 최초 실행: 베이스라인 부트스트랩을 시작합니다...
2026-05-13 18:16:53,785 [INFO] ApprovalRadar - [Bootstrapper] True Tail(실제 마지막 데이터) 찾는 중...
2026-05-13 18:16:53,922 [INFO] ApprovalRadar - [키 회전] API 한도 초과! 새로운 키로 교체: f1282***
2026-05-13 18:16:53,924 [WARNING] ApprovalRadar - 키 회전 후 3.0초 대기...
2026-05-13 18:16:54,442 [ERROR] ApprovalRadar - 🚨 [긴급] 오늘자 식품나라 API 키가 모두 소진되었습니다. 크롤링이 중단됩니다.
2026-05-13 18:16:54,443 [ERROR] ApprovalRadar - Failed to fetch or update 20260499314: All API keys are exhausted for today.
2026-05-13 18:16:57,067 [INFO] ApprovalRadar - [키 회전] API 한도 초과! 새로운 키로 교체: ba698***
2026-05-13 18:16:57,070 [WARNING] ApprovalRadar - 키 회전 후 3.0초 대기...
2026-05-13 18:16:57,588 [ERROR] ApprovalRadar - 🚨 [긴급] 오늘자 식품나라 API 키가 모두 소진되었습니다. 크롤링이 중단됩니다.
2026-05-13 18:16:57,590 [ERROR] ApprovalRadar - Failed to fetch or update 20260403595: All API keys are exhausted for today.
2026-05-13 18:17:00,644 [ERROR] ApprovalRadar - 🚨 [긴급] 오늘자 식품나라 API 키가 모두 소진되었습니다. 크롤링이 중단됩니다.
2026-05-13 18:17:00,646 [ERROR] ApprovalRadar - Failed to fetch or update 20260558679: All API keys are exhausted for today.
2026-05-13 18:17:03,688 [ERROR] ApprovalRadar - 🚨 [긴급] 오늘자 식품나라 API 키가 모두 소진되었습니다. 크롤링이 중단됩니다.
2026-05-13 18:17:03,689 [ERROR] ApprovalRadar - Failed to fetch or update 20260499315: All API keys are exhausted for today.
2026-05-13 18:17:06,743 [ERROR] ApprovalRadar - 🚨 [긴급] 오늘자 식품나라 API 키가 모두 소진되었습니다. 크롤링이 중단됩니다.
2026-05-13 18:17:06,745 [ERROR] ApprovalRadar - Failed to fetch or update 20260391260: All API keys are exhausted for today.
2026-05-13 18:17:09,802 [ERROR] ApprovalRadar - 🚨 [긴급] 오늘자 식품나라 API 키가 모두 소진되었습니다. 크롤링이 중단됩니다.
2026-05-13 18:17:09,804 [ERROR] ApprovalRadar - Failed to fetch or update 20260382176: All API keys are exhausted for today.
2026-05-13 18:17:12,859 [ERROR] ApprovalRadar - 🚨 [긴급] 오늘자 식품나라 API 키가 모두 소진되었습니다. 크롤링이 중단됩니다.
2026-05-13 18:17:12,860 [ERROR] ApprovalRadar - Failed to fetch or update 20260388163: All API keys are exhausted for today.
2026-05-13 18:17:15,991 [ERROR] ApprovalRadar - 🚨 [긴급] 오늘자 식품나라 API 키가 모두 소진되었습니다. 크롤링이 중단됩니다.
2026-05-13 18:17:15,993 [ERROR] ApprovalRadar - Failed to fetch or update 20260529454: All API keys are exhausted for today.
2026-05-13 18:17:19,088 [INFO] ApprovalRadar - [Bootstrapper] 전체 데이터 건수 확인 완료: 1000000건
2026-05-13 18:17:19,090 [INFO] ApprovalRadar - [Bootstrapper] 피벗 캐싱 시작 (간격: 5000)...
2026-05-13 18:17:19,139 [ERROR] ApprovalRadar - 🚨 [긴급] 오늘자 식품나라 API 키가 모두 소진되었습니다. 크롤링이 중단됩니다.
2026-05-13 18:17:19,141 [ERROR] ApprovalRadar - Failed to fetch or update 19940370024: All API keys are exhausted for today.
2026-05-13 18:17:19,167 [WARNING] ApprovalRadar - [네트워크/응답 오류] Expecting value: line 1 column 1 (char 0). 1초 후 재시도합니다...
2026-05-13 18:17:20,215 [WARNING] ApprovalRadar - [네트워크/응답 오류] Expecting value: line 1 column 1 (char 0). 2초 후 재시도합니다...
2026-05-13 18:17:22,285 [ERROR] ApprovalRadar - 🚨 [긴급] 오늘자 식품나라 API 키가 모두 소진되었습니다. 크롤링이 중단됩니다.
2026-05-13 18:17:22,288 [ERROR] ApprovalRadar - Failed to fetch or update 20260507851: All API keys are exhausted for today.
2026-05-13 18:17:22,759 [WARNING] ApprovalRadar - [네트워크/응답 오류] Expecting value: line 1 column 1 (char 0). 1초 후 재시도합니다...
2026-05-13 18:17:23,853 [WARNING] ApprovalRadar - [네트워크/응답 오류] Expecting value: line 1 column 1 (char 0). 2초 후 재시도합니다...
2026-05-13 18:17:25,414 [ERROR] ApprovalRadar - 🚨 [긴급] 오늘자 식품나라 API 키가 모두 소진되었습니다. 크롤링이 중단됩니다.
2026-05-13 18:17:25,416 [ERROR] ApprovalRadar - Failed to fetch or update 20260397169: All API keys are exhausted for today.
2026-05-13 18:17:26,578 [WARNING] ApprovalRadar - [네트워크/응답 오류] Expecting value: line 1 column 1 (char 0). 1초 후 재시도합니다...
2026-05-13 18:17:28,544 [ERROR] ApprovalRadar - 🚨 [긴급] 오늘자 식품나라 API 키가 모두 소진되었습니다. 크롤링이 중단됩니다.
2026-05-13 18:17:28,546 [ERROR] ApprovalRadar - Failed to fetch or update 20260517430: All API keys are exhausted for today.
2026-05-13 18:17:29,780 [WARNING] ApprovalRadar - [네트워크/응답 오류] Expecting value: line 1 column 1 (char 0). 1초 후 재시도합니다...
2026-05-13 18:17:31,367 [WARNING] ApprovalRadar - [네트워크/응답 오류] Expecting value: line 1 column 1 (char 0). 1초 후 재시도합니다...
2026-05-13 18:17:31,578 [ERROR] ApprovalRadar - 🚨 [긴급] 오늘자 식품나라 API 키가 모두 소진되었습니다. 크롤링이 중단됩니다.
2026-05-13 18:17:31,579 [ERROR] ApprovalRadar - Failed to fetch or update 20260477131: All API keys are exhausted for today.
2026-05-13 18:17:33,552 [WARNING] ApprovalRadar - [네트워크/응답 오류] Expecting value: line 1 column 1 (char 0). 1초 후 재시도합니다...
2026-05-13 18:17:34,614 [WARNING] ApprovalRadar - [네트워크/응답 오류] Expecting value: line 1 column 1 (char 0). 2초 후 재시도합니다...
2026-05-13 18:17:34,640 [ERROR] ApprovalRadar - 🚨 [긴급] 오늘자 식품나라 API 키가 모두 소진되었습니다. 크롤링이 중단됩니다.
2026-05-13 18:17:34,641 [ERROR] ApprovalRadar - Failed to fetch or update 20260736171: All API keys are exhausted for today.
2026-05-13 18:17:37,533 [WARNING] ApprovalRadar - [네트워크/응답 오류] Expecting value: line 1 column 1 (char 0). 1초 후 재시도합니다...
2026-05-13 18:17:37,702 [ERROR] ApprovalRadar - 🚨 [긴급] 오늘자 식품나라 API 키가 모두 소진되었습니다. 크롤링이 중단됩니다.
2026-05-13 18:17:37,704 [ERROR] ApprovalRadar - Failed to fetch or update 20160098351: All API keys are exhausted for today.
2026-05-13 18:17:39,554 [WARNING] ApprovalRadar - [네트워크/응답 오류] Expecting value: line 1 column 1 (char 0). 1초 후 재시도합니다...
2026-05-13 18:17:40,761 [ERROR] ApprovalRadar - 🚨 [긴급] 오늘자 식품나라 API 키가 모두 소진되었습니다. 크롤링이 중단됩니다.
2026-05-13 18:17:40,763 [ERROR] ApprovalRadar - Failed to fetch or update 20260045657: All API keys are exhausted for today.
2026-05-13 18:17:43,824 [ERROR] ApprovalRadar - 🚨 [긴급] 오늘자 식품나라 API 키가 모두 소진되었습니다. 크롤링이 중단됩니다.
2026-05-13 18:17:43,825 [ERROR] ApprovalRadar - Failed to fetch or update 20260161657: All API keys are exhausted for today.
2026-05-13 18:17:44,631 [WARNING] ApprovalRadar - [네트워크/응답 오류] Expecting value: line 1 column 1 (char 0). 1초 후 재시도합니다...
2026-05-13 18:17:45,692 [WARNING] ApprovalRadar - [네트워크/응답 오류] Expecting value: line 1 column 1 (char 0). 2초 후 재시도합니다...
2026-05-13 18:17:46,914 [ERROR] ApprovalRadar - 🚨 [긴급] 오늘자 식품나라 API 키가 모두 소진되었습니다. 크롤링이 중단됩니다.
2026-05-13 18:17:46,916 [ERROR] ApprovalRadar - Failed to fetch or update 20260108690: All API keys are exhausted for today.
2026-05-13 18:17:48,614 [WARNING] ApprovalRadar - [네트워크/응답 오류] Expecting value: line 1 column 1 (char 0). 1초 후 재시도합니다...
2026-05-13 18:17:49,682 [WARNING] ApprovalRadar - [네트워크/응답 오류] Expecting value: line 1 column 1 (char 0). 2초 후 재시도합니다...
2026-05-13 18:17:50,039 [ERROR] ApprovalRadar - 🚨 [긴급] 오늘자 식품나라 API 키가 모두 소진되었습니다. 크롤링이 중단됩니다.
2026-05-13 18:17:50,041 [ERROR] ApprovalRadar - Failed to fetch or update 20260917164: All API keys are exhausted for today.
2026-05-13 18:17:50,042 [INFO] ApprovalRadar - [진척도] 500/2553 처리 완료 (성공: 150, 실패: 350)
2026-05-13 18:17:51,741 [WARNING] ApprovalRadar - [네트워크/응답 오류] Expecting value: line 1 column 1 (char 0). 4초 후 재시도합니다...
2026-05-13 18:17:53,187 [ERROR] ApprovalRadar - 🚨 [긴급] 오늘자 식품나라 API 키가 모두 소진되었습니다. 크롤링이 중단됩니다.
2026-05-13 18:17:53,190 [ERROR] ApprovalRadar - Failed to fetch or update 20260178511: All API keys are exhausted for today.
2026-05-13 18:17:55,744 [WARNING] ApprovalRadar - 연속적인 응답 오류 발생! 해당 키가 WAF에 의해 임시 차단된 것으로 의심되어 키를 회전합니다.
2026-05-13 18:17:55,746 [INFO] ApprovalRadar - [키 회전] API 한도 초과! 새로운 키로 교체: 67f07***
2026-05-13 18:17:56,333 [ERROR] ApprovalRadar - 🚨 [긴급] 오늘자 식품나라 API 키가 모두 소진되었습니다. 크롤링이 중단됩니다.
2026-05-13 18:17:56,336 [ERROR] ApprovalRadar - Failed to fetch or update 20260333204: All API keys are exhausted for today.
2026-05-13 18:17:58,808 [WARNING] ApprovalRadar - [네트워크/응답 오류] Expecting value: line 1 column 1 (char 0). 8초 후 재시도합니다...
2026-05-13 18:17:59,472 [ERROR] ApprovalRadar - 🚨 [긴급] 오늘자 식품나라 API 키가 모두 소진되었습니다. 크롤링이 중단됩니다.
2026-05-13 18:17:59,474 [ERROR] ApprovalRadar - Failed to fetch or update 20260736172: All API keys are exhausted for today.
2026-05-13 18:18:02,598 [ERROR] ApprovalRadar - 🚨 [긴급] 오늘자 식품나라 API 키가 모두 소진되었습니다. 크롤링이 중단됩니다.
2026-05-13 18:18:02,601 [ERROR] ApprovalRadar - Failed to fetch or update 20160627507: All API keys are exhausted for today.
2026-05-13 18:18:05,754 [ERROR] ApprovalRadar - 🚨 [긴급] 오늘자 식품나라 API 키가 모두 소진되었습니다. 크롤링이 중단됩니다.
2026-05-13 18:18:05,757 [ERROR] ApprovalRadar - Failed to fetch or update 20260718479: All API keys are exhausted for today.
2026-05-13 18:18:06,814 [WARNING] ApprovalRadar - 연속적인 응답 오류 발생! 해당 키가 WAF에 의해 임시 차단된 것으로 의심되어 키를 회전합니다.
2026-05-13 18:18:06,816 [INFO] ApprovalRadar - [키 회전] API 한도 초과! 새로운 키로 교체: e7b3f***
2026-05-13 18:18:07,684 [ERROR] ApprovalRadar - 🚨 [긴급] 오늘자 식품나라 API 키가 모두 소진되었습니다. 크롤링이 중단됩니다.
2026-05-13 18:18:07,744 [ERROR] ApprovalRadar - 🚨 [긴급] 오늘자 식품나라 API 키가 모두 소진되었습니다. 크롤링이 중단됩니다.
2026-05-13 18:18:07,866 [ERROR] ApprovalRadar - 🚨 [긴급] 오늘자 식품나라 API 키가 모두 소진되었습니다. 크롤링이 중단됩니다.
2026-05-13 18:18:07,904 [ERROR] ApprovalRadar - 🚨 [긴급] 오늘자 식품나라 API 키가 모두 소진되었습니다. 크롤링이 중단됩니다.
2026-05-13 18:18:07,938 [ERROR] ApprovalRadar - 🚨 [긴급] 오늘자 식품나라 API 키가 모두 소진되었습니다. 크롤링이 중단됩니다.
2026-05-13 18:18:07,994 [ERROR] ApprovalRadar - 🚨 [긴급] 오늘자 식품나라 API 키가 모두 소진되었습니다. 크롤링이 중단됩니다.
2026-05-13 18:18:08,066 [ERROR] ApprovalRadar - 🚨 [긴급] 오늘자 식품나라 API 키가 모두 소진되었습니다. 크롤링이 중단됩니다.
2026-05-13 18:18:08,122 [ERROR] ApprovalRadar - 🚨 [긴급] 오늘자 식품나라 API 키가 모두 소진되었습니다. 크롤링이 중단됩니다.
2026-05-13 18:18:08,175 [ERROR] ApprovalRadar - 🚨 [긴급] 오늘자 식품나라 API 키가 모두 소진되었습니다. 크롤링이 중단됩니다.
2026-05-13 18:18:08,231 [ERROR] ApprovalRadar - 🚨 [긴급] 오늘자 식품나라 API 키가 모두 소진되었습니다. 크롤링이 중단됩니다.
2026-05-13 18:18:08,371 [ERROR] ApprovalRadar - 🚨 [긴급] 오늘자 식품나라 API 키가 모두 소진되었습니다. 크롤링이 중단됩니다.
2026-05-13 18:18:08,433 [ERROR] ApprovalRadar - 🚨 [긴급] 오늘자 식품나라 API 키가 모두 소진되었습니다. 크롤링이 중단됩니다.
2026-05-13 18:18:08,493 [ERROR] ApprovalRadar - 🚨 [긴급] 오늘자 식품나라 API 키가 모두 소진되었습니다. 크롤링이 중단됩니다.
2026-05-13 18:18:08,549 [ERROR] ApprovalRadar - 🚨 [긴급] 오늘자 식품나라 API 키가 모두 소진되었습니다. 크롤링이 중단됩니다.
2026-05-13 18:18:08,583 [ERROR] ApprovalRadar - 🚨 [긴급] 오늘자 식품나라 API 키가 모두 소진되었습니다. 크롤링이 중단됩니다.
2026-05-13 18:18:08,639 [ERROR] ApprovalRadar - 🚨 [긴급] 오늘자 식품나라 API 키가 모두 소진되었습니다. 크롤링이 중단됩니다.
2026-05-13 18:18:08,692 [ERROR] ApprovalRadar - 🚨 [긴급] 오늘자 식품나라 API 키가 모두 소진되었습니다. 크롤링이 중단됩니다.
2026-05-13 18:18:08,762 [ERROR] ApprovalRadar - 🚨 [긴급] 오늘자 식품나라 API 키가 모두 소진되었습니다. 크롤링이 중단됩니다.
2026-05-13 18:18:08,896 [ERROR] ApprovalRadar - 🚨 [긴급] 오늘자 식품나라 API 키가 모두 소진되었습니다. 크롤링이 중단됩니다.
2026-05-13 18:18:08,898 [ERROR] ApprovalRadar - 🚨 [긴급] 오늘자 식품나라 API 키가 모두 소진되었습니다. 크롤링이 중단됩니다.
2026-05-13 18:18:08,900 [ERROR] ApprovalRadar - Failed to fetch or update 20260736173: All API keys are exhausted for today.
2026-05-13 18:18:08,958 [ERROR] ApprovalRadar - 🚨 [긴급] 오늘자 식품나라 API 키가 모두 소진되었습니다. 크롤링이 중단됩니다.
2026-05-13 18:18:09,013 [ERROR] ApprovalRadar - 🚨 [긴급] 오늘자 식품나라 API 키가 모두 소진되었습니다. 크롤링이 중단됩니다.
2026-05-13 18:18:09,065 [ERROR] ApprovalRadar - 🚨 [긴급] 오늘자 식품나라 API 키가 모두 소진되었습니다. 크롤링이 중단됩니다.
2026-05-13 18:18:09,103 [ERROR] ApprovalRadar - 🚨 [긴급] 오늘자 식품나라 API 키가 모두 소진되었습니다. 크롤링이 중단됩니다.
2026-05-13 18:18:09,146 [ERROR] ApprovalRadar - 🚨 [긴급] 오늘자 식품나라 API 키가 모두 소진되었습니다. 크롤링이 중단됩니다.
2026-05-13 18:18:09,200 [ERROR] ApprovalRadar - 🚨 [긴급] 오늘자 식품나라 API 키가 모두 소진되었습니다. 크롤링이 중단됩니다.
2026-05-13 18:18:09,260 [ERROR] ApprovalRadar - 🚨 [긴급] 오늘자 식품나라 API 키가 모두 소진되었습니다. 크롤링이 중단됩니다.
2026-05-13 18:18:09,320 [ERROR] ApprovalRadar - 🚨 [긴급] 오늘자 식품나라 API 키가 모두 소진되었습니다. 크롤링이 중단됩니다.
2026-05-13 18:18:09,439 [ERROR] ApprovalRadar - 🚨 [긴급] 오늘자 식품나라 API 키가 모두 소진되었습니다. 크롤링이 중단됩니다.
2026-05-13 18:18:09,482 [ERROR] ApprovalRadar - 🚨 [긴급] 오늘자 식품나라 API 키가 모두 소진되었습니다. 크롤링이 중단됩니다.
2026-05-13 18:18:09,524 [ERROR] ApprovalRadar - 🚨 [긴급] 오늘자 식품나라 API 키가 모두 소진되었습니다. 크롤링이 중단됩니다.
2026-05-13 18:18:09,578 [ERROR] ApprovalRadar - 🚨 [긴급] 오늘자 식품나라 API 키가 모두 소진되었습니다. 크롤링이 중단됩니다.
2026-05-13 18:18:09,637 [ERROR] ApprovalRadar - 🚨 [긴급] 오늘자 식품나라 API 키가 모두 소진되었습니다. 크롤링이 중단됩니다.
2026-05-13 18:18:09,688 [ERROR] ApprovalRadar - 🚨 [긴급] 오늘자 식품나라 API 키가 모두 소진되었습니다. 크롤링이 중단됩니다.
2026-05-13 18:18:09,724 [ERROR] ApprovalRadar - 🚨 [긴급] 오늘자 식품나라 API 키가 모두 소진되었습니다. 크롤링이 중단됩니다.
2026-05-13 18:18:09,776 [ERROR] ApprovalRadar - 🚨 [긴급] 오늘자 식품나라 API 키가 모두 소진되었습니다. 크롤링이 중단됩니다.
2026-05-13 18:18:09,820 [ERROR] ApprovalRadar - 🚨 [긴급] 오늘자 식품나라 API 키가 모두 소진되었습니다. 크롤링이 중단됩니다.
2026-05-13 18:18:09,945 [ERROR] ApprovalRadar - 🚨 [긴급] 오늘자 식품나라 API 키가 모두 소진되었습니다. 크롤링이 중단됩니다.
2026-05-13 18:18:09,962 [ERROR] ApprovalRadar - 🚨 [긴급] 오늘자 식품나라 API 키가 모두 소진되었습니다. 크롤링이 중단됩니다.
2026-05-13 18:18:09,999 [ERROR] ApprovalRadar - 🚨 [긴급] 오늘자 식품나라 API 키가 모두 소진되었습니다. 크롤링이 중단됩니다.
2026-05-13 18:18:10,017 [ERROR] ApprovalRadar - 🚨 [긴급] 오늘자 식품나라 API 키가 모두 소진되었습니다. 크롤링이 중단됩니다.
2026-05-13 18:18:10,036 [ERROR] ApprovalRadar - 🚨 [긴급] 오늘자 식품나라 API 키가 모두 소진되었습니다. 크롤링이 중단됩니다.
2026-05-13 18:18:10,053 [ERROR] ApprovalRadar - 🚨 [긴급] 오늘자 식품나라 API 키가 모두 소진되었습니다. 크롤링이 중단됩니다.
2026-05-13 18:18:10,089 [ERROR] ApprovalRadar - 🚨 [긴급] 오늘자 식품나라 API 키가 모두 소진되었습니다. 크롤링이 중단됩니다.
2026-05-13 18:18:10,108 [ERROR] ApprovalRadar - 🚨 [긴급] 오늘자 식품나라 API 키가 모두 소진되었습니다. 크롤링이 중단됩니다.
2026-05-13 18:18:10,146 [ERROR] ApprovalRadar - 🚨 [긴급] 오늘자 식품나라 API 키가 모두 소진되었습니다. 크롤링이 중단됩니다.
2026-05-13 18:18:10,161 [ERROR] ApprovalRadar - 🚨 [긴급] 오늘자 식품나라 API 키가 모두 소진되었습니다. 크롤링이 중단됩니다.
2026-05-13 18:18:10,202 [ERROR] ApprovalRadar - 🚨 [긴급] 오늘자 식품나라 API 키가 모두 소진되었습니다. 크롤링이 중단됩니다.
2026-05-13 18:18:10,214 [ERROR] ApprovalRadar - 🚨 [긴급] 오늘자 식품나라 API 키가 모두 소진되었습니다. 크롤링이 중단됩니다.
2026-05-13 18:18:10,265 [ERROR] ApprovalRadar - 🚨 [긴급] 오늘자 식품나라 API 키가 모두 소진되었습니다. 크롤링이 중단됩니다.
2026-05-13 18:18:10,274 [ERROR] ApprovalRadar - 🚨 [긴급] 오늘자 식품나라 API 키가 모두 소진되었습니다. 크롤링이 중단됩니다.
2026-05-13 18:18:10,340 [ERROR] ApprovalRadar - 🚨 [긴급] 오늘자 식품나라 API 키가 모두 소진되었습니다. 크롤링이 중단됩니다.
2026-05-13 18:18:10,342 [ERROR] ApprovalRadar - 🚨 [긴급] 오늘자 식품나라 API 키가 모두 소진되었습니다. 크롤링이 중단됩니다.
2026-05-13 18:18:10,485 [ERROR] ApprovalRadar - 🚨 [긴급] 오늘자 식품나라 API 키가 모두 소진되었습니다. 크롤링이 중단됩니다.
2026-05-13 18:18:10,487 [ERROR] ApprovalRadar - 🚨 [긴급] 오늘자 식품나라 API 키가 모두 소진되었습니다. 크롤링이 중단됩니다.
2026-05-13 18:18:10,549 [ERROR] ApprovalRadar - 🚨 [긴급] 오늘자 식품나라 API 키가 모두 소진되었습니다. 크롤링이 중단됩니다.
2026-05-13 18:18:10,551 [ERROR] ApprovalRadar - 🚨 [긴급] 오늘자 식품나라 API 키가 모두 소진되었습니다. 크롤링이 중단됩니다.
2026-05-13 18:18:10,604 [ERROR] ApprovalRadar - 🚨 [긴급] 오늘자 식품나라 API 키가 모두 소진되었습니다. 크롤링이 중단됩니다.
2026-05-13 18:18:10,606 [ERROR] ApprovalRadar - 🚨 [긴급] 오늘자 식품나라 API 키가 모두 소진되었습니다. 크롤링이 중단됩니다.
2026-05-13 18:18:10,662 [ERROR] ApprovalRadar - 🚨 [긴급] 오늘자 식품나라 API 키가 모두 소진되었습니다. 크롤링이 중단됩니다.
2026-05-13 18:18:10,664 [ERROR] ApprovalRadar - 🚨 [긴급] 오늘자 식품나라 API 키가 모두 소진되었습니다. 크롤링이 중단됩니다.
2026-05-13 18:18:10,706 [ERROR] ApprovalRadar - 🚨 [긴급] 오늘자 식품나라 API 키가 모두 소진되었습니다. 크롤링이 중단됩니다.
2026-05-13 18:18:10,720 [ERROR] ApprovalRadar - 🚨 [긴급] 오늘자 식품나라 API 키가 모두 소진되었습니다. 크롤링이 중단됩니다.
2026-05-13 18:18:10,762 [ERROR] ApprovalRadar - 🚨 [긴급] 오늘자 식품나라 API 키가 모두 소진되었습니다. 크롤링이 중단됩니다.
2026-05-13 18:18:10,774 [ERROR] ApprovalRadar - 🚨 [긴급] 오늘자 식품나라 API 키가 모두 소진되었습니다. 크롤링이 중단됩니다.
2026-05-13 18:18:10,796 [ERROR] ApprovalRadar - 🚨 [긴급] 오늘자 식품나라 API 키가 모두 소진되었습니다. 크롤링이 중단됩니다.
2026-05-13 18:18:10,825 [ERROR] ApprovalRadar - 🚨 [긴급] 오늘자 식품나라 API 키가 모두 소진되었습니다. 크롤링이 중단됩니다.
2026-05-13 18:18:10,852 [ERROR] ApprovalRadar - 🚨 [긴급] 오늘자 식품나라 API 키가 모두 소진되었습니다. 크롤링이 중단됩니다.
2026-05-13 18:18:10,880 [ERROR] ApprovalRadar - 🚨 [긴급] 오늘자 식품나라 API 키가 모두 소진되었습니다. 크롤링이 중단됩니다.
2026-05-13 18:18:10,992 [ERROR] ApprovalRadar - 🚨 [긴급] 오늘자 식품나라 API 키가 모두 소진되었습니다. 크롤링이 중단됩니다.
2026-05-13 18:18:11,013 [ERROR] ApprovalRadar - 🚨 [긴급] 오늘자 식품나라 API 키가 모두 소진되었습니다. 크롤링이 중단됩니다.
2026-05-13 18:18:11,045 [ERROR] ApprovalRadar - 🚨 [긴급] 오늘자 식품나라 API 키가 모두 소진되었습니다. 크롤링이 중단됩니다.
2026-05-13 18:18:11,072 [ERROR] ApprovalRadar - 🚨 [긴급] 오늘자 식품나라 API 키가 모두 소진되었습니다. 크롤링이 중단됩니다.
2026-05-13 18:18:11,099 [ERROR] ApprovalRadar - 🚨 [긴급] 오늘자 식품나라 API 키가 모두 소진되었습니다. 크롤링이 중단됩니다.
2026-05-13 18:18:11,105 [ERROR] ApprovalRadar - 🚨 [긴급] 오늘자 식품나라 API 키가 모두 소진되었습니다. 크롤링이 중단됩니다.
2026-05-13 18:18:11,133 [ERROR] ApprovalRadar - 🚨 [긴급] 오늘자 식품나라 API 키가 모두 소진되었습니다. 크롤링이 중단됩니다.
2026-05-13 18:18:11,157 [ERROR] ApprovalRadar - 🚨 [긴급] 오늘자 식품나라 API 키가 모두 소진되었습니다. 크롤링이 중단됩니다.
2026-05-13 18:18:11,194 [ERROR] ApprovalRadar - 🚨 [긴급] 오늘자 식품나라 API 키가 모두 소진되었습니다. 크롤링이 중단됩니다.
2026-05-13 18:18:11,211 [ERROR] ApprovalRadar - 🚨 [긴급] 오늘자 식품나라 API 키가 모두 소진되었습니다. 크롤링이 중단됩니다.
2026-05-13 18:18:11,263 [ERROR] ApprovalRadar - 🚨 [긴급] 오늘자 식품나라 API 키가 모두 소진되었습니다. 크롤링이 중단됩니다.
2026-05-13 18:18:11,269 [ERROR] ApprovalRadar - 🚨 [긴급] 오늘자 식품나라 API 키가 모두 소진되었습니다. 크롤링이 중단됩니다.
2026-05-13 18:18:11,311 [ERROR] ApprovalRadar - 🚨 [긴급] 오늘자 식품나라 API 키가 모두 소진되었습니다. 크롤링이 중단됩니다.
2026-05-13 18:18:11,314 [ERROR] ApprovalRadar - 🚨 [긴급] 오늘자 식품나라 API 키가 모두 소진되었습니다. 크롤링이 중단됩니다.
2026-05-13 18:18:11,354 [ERROR] ApprovalRadar - 🚨 [긴급] 오늘자 식품나라 API 키가 모두 소진되었습니다. 크롤링이 중단됩니다.
2026-05-13 18:18:11,355 [WARNING] ApprovalRadar - [네트워크/응답 오류] Expecting value: line 1 column 1 (char 0). 1초 후 재시도합니다...
2026-05-13 18:18:11,391 [ERROR] ApprovalRadar - 🚨 [긴급] 오늘자 식품나라 API 키가 모두 소진되었습니다. 크롤링이 중단됩니다.
2026-05-13 18:18:11,515 [ERROR] ApprovalRadar - 🚨 [긴급] 오늘자 식품나라 API 키가 모두 소진되었습니다. 크롤링이 중단됩니다.
2026-05-13 18:18:11,549 [ERROR] ApprovalRadar - 🚨 [긴급] 오늘자 식품나라 API 키가 모두 소진되었습니다. 크롤링이 중단됩니다.
2026-05-13 18:18:11,607 [ERROR] ApprovalRadar - 🚨 [긴급] 오늘자 식품나라 API 키가 모두 소진되었습니다. 크롤링이 중단됩니다.
2026-05-13 18:18:11,664 [ERROR] ApprovalRadar - 🚨 [긴급] 오늘자 식품나라 API 키가 모두 소진되었습니다. 크롤링이 중단됩니다.
2026-05-13 18:18:11,720 [ERROR] ApprovalRadar - 🚨 [긴급] 오늘자 식품나라 API 키가 모두 소진되었습니다. 크롤링이 중단됩니다.
2026-05-13 18:18:11,752 [ERROR] ApprovalRadar - 🚨 [긴급] 오늘자 식품나라 API 키가 모두 소진되었습니다. 크롤링이 중단됩니다.
2026-05-13 18:18:11,811 [ERROR] ApprovalRadar - 🚨 [긴급] 오늘자 식품나라 API 키가 모두 소진되었습니다. 크롤링이 중단됩니다.
2026-05-13 18:18:11,866 [ERROR] ApprovalRadar - 🚨 [긴급] 오늘자 식품나라 API 키가 모두 소진되었습니다. 크롤링이 중단됩니다.
2026-05-13 18:18:11,922 [ERROR] ApprovalRadar - 🚨 [긴급] 오늘자 식품나라 API 키가 모두 소진되었습니다. 크롤링이 중단됩니다.
2026-05-13 18:18:11,942 [ERROR] ApprovalRadar - 🚨 [긴급] 오늘자 식품나라 API 키가 모두 소진되었습니다. 크롤링이 중단됩니다.
2026-05-13 18:18:11,944 [ERROR] ApprovalRadar - Failed to fetch or update 20230179291: All API keys are exhausted for today.
2026-05-13 18:18:12,062 [ERROR] ApprovalRadar - 🚨 [긴급] 오늘자 식품나라 API 키가 모두 소진되었습니다. 크롤링이 중단됩니다.
2026-05-13 18:18:12,119 [ERROR] ApprovalRadar - 🚨 [긴급] 오늘자 식품나라 API 키가 모두 소진되었습니다. 크롤링이 중단됩니다.
2026-05-13 18:18:12,176 [ERROR] ApprovalRadar - 🚨 [긴급] 오늘자 식품나라 API 키가 모두 소진되었습니다. 크롤링이 중단됩니다.
2026-05-13 18:18:12,212 [ERROR] ApprovalRadar - 🚨 [긴급] 오늘자 식품나라 API 키가 모두 소진되었습니다. 크롤링이 중단됩니다.
2026-05-13 18:18:12,267 [ERROR] ApprovalRadar - 🚨 [긴급] 오늘자 식품나라 API 키가 모두 소진되었습니다. 크롤링이 중단됩니다.
2026-05-13 18:18:12,330 [ERROR] ApprovalRadar - 🚨 [긴급] 오늘자 식품나라 API 키가 모두 소진되었습니다. 크롤링이 중단됩니다.
2026-05-13 18:18:12,388 [ERROR] ApprovalRadar - 🚨 [긴급] 오늘자 식품나라 API 키가 모두 소진되었습니다. 크롤링이 중단됩니다.
2026-05-13 18:18:12,411 [ERROR] ApprovalRadar - 🚨 [긴급] 오늘자 식품나라 API 키가 모두 소진되었습니다. 크롤링이 중단됩니다.
2026-05-13 18:18:12,442 [ERROR] ApprovalRadar - 🚨 [긴급] 오늘자 식품나라 API 키가 모두 소진되었습니다. 크롤링이 중단됩니다.
2026-05-13 18:18:12,464 [ERROR] ApprovalRadar - 🚨 [긴급] 오늘자 식품나라 API 키가 모두 소진되었습니다. 크롤링이 중단됩니다.
2026-05-13 18:18:12,477 [ERROR] ApprovalRadar - 🚨 [긴급] 오늘자 식품나라 API 키가 모두 소진되었습니다. 크롤링이 중단됩니다.
2026-05-13 18:18:12,589 [ERROR] ApprovalRadar - 🚨 [긴급] 오늘자 식품나라 API 키가 모두 소진되었습니다. 크롤링이 중단됩니다.
2026-05-13 18:18:12,617 [ERROR] ApprovalRadar - 🚨 [긴급] 오늘자 식품나라 API 키가 모두 소진되었습니다. 크롤링이 중단됩니다.
2026-05-13 18:18:12,641 [ERROR] ApprovalRadar - 🚨 [긴급] 오늘자 식품나라 API 키가 모두 소진되었습니다. 크롤링이 중단됩니다.
2026-05-13 18:18:12,670 [ERROR] ApprovalRadar - 🚨 [긴급] 오늘자 식품나라 API 키가 모두 소진되었습니다. 크롤링이 중단됩니다.
2026-05-13 18:18:12,696 [ERROR] ApprovalRadar - 🚨 [긴급] 오늘자 식품나라 API 키가 모두 소진되었습니다. 크롤링이 중단됩니다.
2026-05-13 18:18:12,723 [ERROR] ApprovalRadar - 🚨 [긴급] 오늘자 식품나라 API 키가 모두 소진되었습니다. 크롤링이 중단됩니다.
2026-05-13 18:18:12,751 [ERROR] ApprovalRadar - 🚨 [긴급] 오늘자 식품나라 API 키가 모두 소진되었습니다. 크롤링이 중단됩니다.
2026-05-13 18:18:12,775 [ERROR] ApprovalRadar - 🚨 [긴급] 오늘자 식품나라 API 키가 모두 소진되었습니다. 크롤링이 중단됩니다.
2026-05-13 18:18:12,785 [ERROR] ApprovalRadar - 🚨 [긴급] 오늘자 식품나라 API 키가 모두 소진되었습니다. 크롤링이 중단됩니다.
2026-05-13 18:18:12,832 [ERROR] ApprovalRadar - 🚨 [긴급] 오늘자 식품나라 API 키가 모두 소진되었습니다. 크롤링이 중단됩니다.
2026-05-13 18:18:12,836 [ERROR] ApprovalRadar - 🚨 [긴급] 오늘자 식품나라 API 키가 모두 소진되었습니다. 크롤링이 중단됩니다.
2026-05-13 18:18:12,868 [ERROR] ApprovalRadar - 🚨 [긴급] 오늘자 식품나라 API 키가 모두 소진되었습니다. 크롤링이 중단됩니다.
2026-05-13 18:18:12,870 [ERROR] ApprovalRadar - 🚨 [긴급] 오늘자 식품나라 API 키가 모두 소진되었습니다. 크롤링이 중단됩니다.
2026-05-13 18:18:12,902 [ERROR] ApprovalRadar - 🚨 [긴급] 오늘자 식품나라 API 키가 모두 소진되었습니다. 크롤링이 중단됩니다.
2026-05-13 18:18:12,920 [ERROR] ApprovalRadar - 🚨 [긴급] 오늘자 식품나라 API 키가 모두 소진되었습니다. 크롤링이 중단됩니다.
2026-05-13 18:18:12,950 [ERROR] ApprovalRadar - 🚨 [긴급] 오늘자 식품나라 API 키가 모두 소진되었습니다. 크롤링이 중단됩니다.
2026-05-13 18:18:12,952 [ERROR] ApprovalRadar - 🚨 [긴급] 오늘자 식품나라 API 키가 모두 소진되었습니다. 크롤링이 중단됩니다.
2026-05-13 18:18:13,002 [ERROR] ApprovalRadar - 🚨 [긴급] 오늘자 식품나라 API 키가 모두 소진되었습니다. 크롤링이 중단됩니다.
2026-05-13 18:18:13,004 [ERROR] ApprovalRadar - 🚨 [긴급] 오늘자 식품나라 API 키가 모두 소진되었습니다. 크롤링이 중단됩니다.
2026-05-13 18:18:13,143 [ERROR] ApprovalRadar - 🚨 [긴급] 오늘자 식품나라 API 키가 모두 소진되었습니다. 크롤링이 중단됩니다.
2026-05-13 18:18:13,147 [ERROR] ApprovalRadar - 🚨 [긴급] 오늘자 식품나라 API 키가 모두 소진되었습니다. 크롤링이 중단됩니다.
2026-05-13 18:18:13,203 [ERROR] ApprovalRadar - 🚨 [긴급] 오늘자 식품나라 API 키가 모두 소진되었습니다. 크롤링이 중단됩니다.
2026-05-13 18:18:13,204 [ERROR] ApprovalRadar - 🚨 [긴급] 오늘자 식품나라 API 키가 모두 소진되었습니다. 크롤링이 중단됩니다.
2026-05-13 18:18:13,260 [ERROR] ApprovalRadar - 🚨 [긴급] 오늘자 식품나라 API 키가 모두 소진되었습니다. 크롤링이 중단됩니다.
2026-05-13 18:18:13,262 [ERROR] ApprovalRadar - 🚨 [긴급] 오늘자 식품나라 API 키가 모두 소진되었습니다. 크롤링이 중단됩니다.
2026-05-13 18:18:13,323 [ERROR] ApprovalRadar - 🚨 [긴급] 오늘자 식품나라 API 키가 모두 소진되었습니다. 크롤링이 중단됩니다.
2026-05-13 18:18:13,325 [ERROR] ApprovalRadar - 🚨 [긴급] 오늘자 식품나라 API 키가 모두 소진되었습니다. 크롤링이 중단됩니다.
2026-05-13 18:18:13,364 [ERROR] ApprovalRadar - 🚨 [긴급] 오늘자 식품나라 API 키가 모두 소진되었습니다. 크롤링이 중단됩니다.
2026-05-13 18:18:13,389 [ERROR] ApprovalRadar - 🚨 [긴급] 오늘자 식품나라 API 키가 모두 소진되었습니다. 크롤링이 중단됩니다.
2026-05-13 18:18:13,431 [ERROR] ApprovalRadar - 🚨 [긴급] 오늘자 식품나라 API 키가 모두 소진되었습니다. 크롤링이 중단됩니다.
2026-05-13 18:18:13,433 [ERROR] ApprovalRadar - 🚨 [긴급] 오늘자 식품나라 API 키가 모두 소진되었습니다. 크롤링이 중단됩니다.
2026-05-13 18:18:13,499 [ERROR] ApprovalRadar - 🚨 [긴급] 오늘자 식품나라 API 키가 모두 소진되었습니다. 크롤링이 중단됩니다.
2026-05-13 18:18:13,500 [ERROR] ApprovalRadar - ❌ I2500 크롤러 스케줄 작업 중 치명적인 오류 발생: All API keys are exhausted for today.
2026-05-13 18:18:15,002 [ERROR] ApprovalRadar - 🚨 [긴급] 오늘자 식품나라 API 키가 모두 소진되었습니다. 크롤링이 중단됩니다.
2026-05-13 18:18:15,004 [ERROR] ApprovalRadar - Failed to fetch or update 20260189199: All API keys are exhausted for today.
2026-05-13 18:18:18,066 [ERROR] ApprovalRadar - 🚨 [긴급] 오늘자 식품나라 API 키가 모두 소진되었습니다. 크롤링이 중단됩니다.
2026-05-13 18:18:18,068 [ERROR] ApprovalRadar - Failed to fetch or update 20240178741: All API keys are exhausted for today.
2026-05-13 18:18:21,135 [ERROR] ApprovalRadar - 🚨 [긴급] 오늘자 식품나라 API 키가 모두 소진되었습니다. 크롤링이 중단됩니다.
2026-05-13 18:18:21,137 [ERROR] ApprovalRadar - Failed to fetch or update 20260606359: All API keys are exhausted for today.
2026-05-13 18:18:24,196 [ERROR] ApprovalRadar - 🚨 [긴급] 오늘자 식품나라 API 키가 모두 소진되었습니다. 크롤링이 중단됩니다.
2026-05-13 18:18:24,198 [ERROR] ApprovalRadar - Failed to fetch or update 20260641064: All API keys are exhausted for today.
2026-05-13 18:18:27,280 [ERROR] ApprovalRadar - 🚨 [긴급] 오늘자 식품나라 API 키가 모두 소진되었습니다. 크롤링이 중단됩니다.
2026-05-13 18:18:27,281 [ERROR] ApprovalRadar - Failed to fetch or update 20200444445: All API keys are exhausted for today.
2026-05-13 18:18:30,420 [ERROR] ApprovalRadar - 🚨 [긴급] 오늘자 식품나라 API 키가 모두 소진되었습니다. 크롤링이 중단됩니다.
2026-05-13 18:18:30,422 [ERROR] ApprovalRadar - Failed to fetch or update 20250653083: All API keys are exhausted for today.
2026-05-13 18:18:33,561 [ERROR] ApprovalRadar - 🚨 [긴급] 오늘자 식품나라 API 키가 모두 소진되었습니다. 크롤링이 중단됩니다.
2026-05-13 18:18:33,564 [ERROR] ApprovalRadar - Failed to fetch or update 20260695035: All API keys are exhausted for today.
2026-05-13 18:18:36,689 [ERROR] ApprovalRadar - 🚨 [긴급] 오늘자 식품나라 API 키가 모두 소진되었습니다. 크롤링이 중단됩니다.
2026-05-13 18:18:36,692 [ERROR] ApprovalRadar - Failed to fetch or update 20260682082: All API keys are exhausted for today.
2026-05-13 18:18:39,829 [ERROR] ApprovalRadar - 🚨 [긴급] 오늘자 식품나라 API 키가 모두 소진되었습니다. 크롤링이 중단됩니다.
2026-05-13 18:18:39,831 [ERROR] ApprovalRadar - Failed to fetch or update 20260682083: All API keys are exhausted for today.
2026-05-13 18:18:42,976 [ERROR] ApprovalRadar - 🚨 [긴급] 오늘자 식품나라 API 키가 모두 소진되었습니다. 크롤링이 중단됩니다.
2026-05-13 18:18:42,978 [ERROR] ApprovalRadar - Failed to fetch or update 20260682084: All API keys are exhausted for today.
2026-05-13 18:18:46,123 [ERROR] ApprovalRadar - 🚨 [긴급] 오늘자 식품나라 API 키가 모두 소진되었습니다. 크롤링이 중단됩니다.
2026-05-13 18:18:46,126 [ERROR] ApprovalRadar - Failed to fetch or update 20250962946: All API keys are exhausted for today.
2026-05-13 18:18:49,177 [ERROR] ApprovalRadar - 🚨 [긴급] 오늘자 식품나라 API 키가 모두 소진되었습니다. 크롤링이 중단됩니다.
2026-05-13 18:18:49,180 [ERROR] ApprovalRadar - Failed to fetch or update 20260978320: All API keys are exhausted for today.
2026-05-13 18:18:52,271 [ERROR] ApprovalRadar - 🚨 [긴급] 오늘자 식품나라 API 키가 모두 소진되었습니다. 크롤링이 중단됩니다.
2026-05-13 18:18:52,275 [ERROR] ApprovalRadar - Failed to fetch or update 20260354450: All API keys are exhausted for today.
2026-05-13 18:18:55,393 [ERROR] ApprovalRadar - 🚨 [긴급] 오늘자 식품나라 API 키가 모두 소진되었습니다. 크롤링이 중단됩니다.
2026-05-13 18:18:55,395 [ERROR] ApprovalRadar - Failed to fetch or update 20260287213: All API keys are exhausted for today.
2026-05-13 18:18:58,459 [ERROR] ApprovalRadar - 🚨 [긴급] 오늘자 식품나라 API 키가 모두 소진되었습니다. 크롤링이 중단됩니다.
2026-05-13 18:18:58,461 [ERROR] ApprovalRadar - Failed to fetch or update 20260297095: All API keys are exhausted for today.
2026-05-13 18:19:01,499 [ERROR] ApprovalRadar - 🚨 [긴급] 오늘자 식품나라 API 키가 모두 소진되었습니다. 크롤링이 중단됩니다.
2026-05-13 18:19:01,501 [ERROR] ApprovalRadar - Failed to fetch or update 20260291755: All API keys are exhausted for today.
2026-05-13 18:19:04,564 [ERROR] ApprovalRadar - 🚨 [긴급] 오늘자 식품나라 API 키가 모두 소진되었습니다. 크롤링이 중단됩니다.
2026-05-13 18:19:04,566 [ERROR] ApprovalRadar - Failed to fetch or update 20260113383: All API keys are exhausted for today.
2026-05-13 18:19:07,647 [ERROR] ApprovalRadar - 🚨 [긴급] 오늘자 식품나라 API 키가 모두 소진되었습니다. 크롤링이 중단됩니다.
2026-05-13 18:19:07,649 [ERROR] ApprovalRadar - Failed to fetch or update 20260072403: All API keys are exhausted for today.
2026-05-13 18:19:10,777 [ERROR] ApprovalRadar - 🚨 [긴급] 오늘자 식품나라 API 키가 모두 소진되었습니다. 크롤링이 중단됩니다.
2026-05-13 18:19:10,779 [ERROR] ApprovalRadar - Failed to fetch or update 20070107354: All API keys are exhausted for today.
2026-05-13 18:19:13,934 [ERROR] ApprovalRadar - 🚨 [긴급] 오늘자 식품나라 API 키가 모두 소진되었습니다. 크롤링이 중단됩니다.
2026-05-13 18:19:13,937 [ERROR] ApprovalRadar - Failed to fetch or update 20260050431: All API keys are exhausted for today.
2026-05-13 18:19:17,085 [ERROR] ApprovalRadar - 🚨 [긴급] 오늘자 식품나라 API 키가 모두 소진되었습니다. 크롤링이 중단됩니다.
2026-05-13 18:19:17,088 [ERROR] ApprovalRadar - Failed to fetch or update 20230125268: All API keys are exhausted for today.
2026-05-13 18:19:20,212 [ERROR] ApprovalRadar - 🚨 [긴급] 오늘자 식품나라 API 키가 모두 소진되었습니다. 크롤링이 중단됩니다.
2026-05-13 18:19:20,214 [ERROR] ApprovalRadar - Failed to fetch or update 20260895160: All API keys are exhausted for today.
2026-05-13 18:19:23,341 [ERROR] ApprovalRadar - 🚨 [긴급] 오늘자 식품나라 API 키가 모두 소진되었습니다. 크롤링이 중단됩니다.
2026-05-13 18:19:23,343 [ERROR] ApprovalRadar - Failed to fetch or update 20260842218: All API keys are exhausted for today.
2026-05-13 18:19:26,496 [ERROR] ApprovalRadar - 🚨 [긴급] 오늘자 식품나라 API 키가 모두 소진되었습니다. 크롤링이 중단됩니다.
2026-05-13 18:19:26,499 [ERROR] ApprovalRadar - Failed to fetch or update 20260310262: All API keys are exhausted for today.
2026-05-13 18:19:29,639 [ERROR] ApprovalRadar - 🚨 [긴급] 오늘자 식품나라 API 키가 모두 소진되었습니다. 크롤링이 중단됩니다.
2026-05-13 18:19:29,641 [ERROR] ApprovalRadar - Failed to fetch or update 20260310391: All API keys are exhausted for today.
2026-05-13 18:19:32,781 [ERROR] ApprovalRadar - 🚨 [긴급] 오늘자 식품나라 API 키가 모두 소진되었습니다. 크롤링이 중단됩니다.
2026-05-13 18:19:32,783 [ERROR] ApprovalRadar - Failed to fetch or update 20260736174: All API keys are exhausted for today.
2026-05-13 18:19:35,928 [ERROR] ApprovalRadar - 🚨 [긴급] 오늘자 식품나라 API 키가 모두 소진되었습니다. 크롤링이 중단됩니다.
2026-05-13 18:19:35,931 [ERROR] ApprovalRadar - Failed to fetch or update 19790458013: All API keys are exhausted for today.
2026-05-13 18:19:39,077 [ERROR] ApprovalRadar - 🚨 [긴급] 오늘자 식품나라 API 키가 모두 소진되었습니다. 크롤링이 중단됩니다.
2026-05-13 18:19:39,080 [ERROR] ApprovalRadar - Failed to fetch or update 20260172083: All API keys are exhausted for today.
2026-05-13 18:19:42,122 [ERROR] ApprovalRadar - 🚨 [긴급] 오늘자 식품나라 API 키가 모두 소진되었습니다. 크롤링이 중단됩니다.
2026-05-13 18:19:42,127 [ERROR] ApprovalRadar - Failed to fetch or update 20260723171: All API keys are exhausted for today.
2026-05-13 18:19:45,190 [ERROR] ApprovalRadar - 🚨 [긴급] 오늘자 식품나라 API 키가 모두 소진되었습니다. 크롤링이 중단됩니다.
2026-05-13 18:19:45,194 [ERROR] ApprovalRadar - Failed to fetch or update 20260758299: All API keys are exhausted for today.
2026-05-13 18:19:48,238 [ERROR] ApprovalRadar - 🚨 [긴급] 오늘자 식품나라 API 키가 모두 소진되었습니다. 크롤링이 중단됩니다.
2026-05-13 18:19:48,241 [ERROR] ApprovalRadar - Failed to fetch or update 20260366237: All API keys are exhausted for today.
2026-05-13 18:19:51,316 [ERROR] ApprovalRadar - 🚨 [긴급] 오늘자 식품나라 API 키가 모두 소진되었습니다. 크롤링이 중단됩니다.
2026-05-13 18:19:51,320 [ERROR] ApprovalRadar - Failed to fetch or update 20260810114: All API keys are exhausted for today.
2026-05-13 18:19:54,377 [ERROR] ApprovalRadar - 🚨 [긴급] 오늘자 식품나라 API 키가 모두 소진되었습니다. 크롤링이 중단됩니다.
2026-05-13 18:19:54,381 [ERROR] ApprovalRadar - Failed to fetch or update 20260795266: All API keys are exhausted for today.
2026-05-13 18:19:57,486 [ERROR] ApprovalRadar - 🚨 [긴급] 오늘자 식품나라 API 키가 모두 소진되었습니다. 크롤링이 중단됩니다.
2026-05-13 18:19:57,488 [ERROR] ApprovalRadar - Failed to fetch or update 20260971808: All API keys are exhausted for today.
2026-05-13 18:20:00,665 [ERROR] ApprovalRadar - 🚨 [긴급] 오늘자 식품나라 API 키가 모두 소진되었습니다. 크롤링이 중단됩니다.
2026-05-13 18:20:00,667 [ERROR] ApprovalRadar - Failed to fetch or update 20260978321: All API keys are exhausted for today.
2026-05-13 18:20:03,782 [ERROR] ApprovalRadar - 🚨 [긴급] 오늘자 식품나라 API 키가 모두 소진되었습니다. 크롤링이 중단됩니다.
2026-05-13 18:20:03,786 [ERROR] ApprovalRadar - Failed to fetch or update 20250334342: All API keys are exhausted for today.
2026-05-13 18:20:06,914 [ERROR] ApprovalRadar - 🚨 [긴급] 오늘자 식품나라 API 키가 모두 소진되었습니다. 크롤링이 중단됩니다.
2026-05-13 18:20:06,917 [ERROR] ApprovalRadar - Failed to fetch or update 20260186186: All API keys are exhausted for today.
2026-05-13 18:20:10,055 [ERROR] ApprovalRadar - 🚨 [긴급] 오늘자 식품나라 API 키가 모두 소진되었습니다. 크롤링이 중단됩니다.
2026-05-13 18:20:10,057 [ERROR] ApprovalRadar - Failed to fetch or update 20260324322: All API keys are exhausted for today.
2026-05-13 18:20:13,203 [ERROR] ApprovalRadar - 🚨 [긴급] 오늘자 식품나라 API 키가 모두 소진되었습니다. 크롤링이 중단됩니다.
2026-05-13 18:20:13,205 [ERROR] ApprovalRadar - Failed to fetch or update 20260324317: All API keys are exhausted for today.
2026-05-13 18:20:16,340 [ERROR] ApprovalRadar - 🚨 [긴급] 오늘자 식품나라 API 키가 모두 소진되었습니다. 크롤링이 중단됩니다.
2026-05-13 18:20:16,343 [ERROR] ApprovalRadar - Failed to fetch or update 20260324328: All API keys are exhausted for today.
2026-05-13 18:20:19,469 [ERROR] ApprovalRadar - 🚨 [긴급] 오늘자 식품나라 API 키가 모두 소진되었습니다. 크롤링이 중단됩니다.
2026-05-13 18:20:19,473 [ERROR] ApprovalRadar - Failed to fetch or update 20260324339: All API keys are exhausted for today.
2026-05-13 18:20:22,607 [ERROR] ApprovalRadar - 🚨 [긴급] 오늘자 식품나라 API 키가 모두 소진되었습니다. 크롤링이 중단됩니다.
2026-05-13 18:20:22,608 [ERROR] ApprovalRadar - Failed to fetch or update 20260324360: All API keys are exhausted for today.
2026-05-13 18:20:25,754 [ERROR] ApprovalRadar - 🚨 [긴급] 오늘자 식품나라 API 키가 모두 소진되었습니다. 크롤링이 중단됩니다.
2026-05-13 18:20:25,755 [ERROR] ApprovalRadar - Failed to fetch or update 20260240302: All API keys are exhausted for today.
2026-05-13 18:20:28,904 [ERROR] ApprovalRadar - 🚨 [긴급] 오늘자 식품나라 API 키가 모두 소진되었습니다. 크롤링이 중단됩니다.
2026-05-13 18:20:28,908 [ERROR] ApprovalRadar - Failed to fetch or update 20220493228: All API keys are exhausted for today.
2026-05-13 18:20:32,048 [ERROR] ApprovalRadar - 🚨 [긴급] 오늘자 식품나라 API 키가 모두 소진되었습니다. 크롤링이 중단됩니다.
2026-05-13 18:20:32,049 [ERROR] ApprovalRadar - Failed to fetch or update 20200374117: All API keys are exhausted for today.
2026-05-13 18:20:35,196 [ERROR] ApprovalRadar - 🚨 [긴급] 오늘자 식품나라 API 키가 모두 소진되었습니다. 크롤링이 중단됩니다.
2026-05-13 18:20:35,198 [ERROR] ApprovalRadar - Failed to fetch or update 20260558733: All API keys are exhausted for today.
2026-05-13 18:20:38,342 [ERROR] ApprovalRadar - 🚨 [긴급] 오늘자 식품나라 API 키가 모두 소진되었습니다. 크롤링이 중단됩니다.
2026-05-13 18:20:38,344 [ERROR] ApprovalRadar - Failed to fetch or update 20260481202: All API keys are exhausted for today.
2026-05-13 18:20:41,489 [ERROR] ApprovalRadar - 🚨 [긴급] 오늘자 식품나라 API 키가 모두 소진되었습니다. 크롤링이 중단됩니다.
2026-05-13 18:20:41,493 [ERROR] ApprovalRadar - Failed to fetch or update 20260400115: All API keys are exhausted for today.
2026-05-13 18:20:44,630 [ERROR] ApprovalRadar - 🚨 [긴급] 오늘자 식품나라 API 키가 모두 소진되었습니다. 크롤링이 중단됩니다.
2026-05-13 18:20:44,632 [ERROR] ApprovalRadar - Failed to fetch or update 20260517539: All API keys are exhausted for today.
2026-05-13 18:20:47,776 [ERROR] ApprovalRadar - 🚨 [긴급] 오늘자 식품나라 API 키가 모두 소진되었습니다. 크롤링이 중단됩니다.
2026-05-13 18:20:47,777 [ERROR] ApprovalRadar - Failed to fetch or update 20260546867: All API keys are exhausted for today.
2026-05-13 18:20:50,925 [ERROR] ApprovalRadar - 🚨 [긴급] 오늘자 식품나라 API 키가 모두 소진되었습니다. 크롤링이 중단됩니다.
2026-05-13 18:20:50,927 [ERROR] ApprovalRadar - Failed to fetch or update 20260546868: All API keys are exhausted for today.
2026-05-13 18:20:54,068 [ERROR] ApprovalRadar - 🚨 [긴급] 오늘자 식품나라 API 키가 모두 소진되었습니다. 크롤링이 중단됩니다.
2026-05-13 18:20:54,072 [ERROR] ApprovalRadar - Failed to fetch or update 20260403596: All API keys are exhausted for today.
2026-05-13 18:20:57,225 [ERROR] ApprovalRadar - 🚨 [긴급] 오늘자 식품나라 API 키가 모두 소진되었습니다. 크롤링이 중단됩니다.
2026-05-13 18:20:57,226 [ERROR] ApprovalRadar - Failed to fetch or update 20260382256: All API keys are exhausted for today.
2026-05-13 18:21:00,365 [ERROR] ApprovalRadar - 🚨 [긴급] 오늘자 식품나라 API 키가 모두 소진되었습니다. 크롤링이 중단됩니다.
2026-05-13 18:21:00,368 [ERROR] ApprovalRadar - Failed to fetch or update 20260504086: All API keys are exhausted for today.
2026-05-13 18:21:03,518 [ERROR] ApprovalRadar - 🚨 [긴급] 오늘자 식품나라 API 키가 모두 소진되었습니다. 크롤링이 중단됩니다.
2026-05-13 18:21:03,521 [ERROR] ApprovalRadar - Failed to fetch or update 20260400116: All API keys are exhausted for today.
2026-05-13 18:21:06,651 [ERROR] ApprovalRadar - 🚨 [긴급] 오늘자 식품나라 API 키가 모두 소진되었습니다. 크롤링이 중단됩니다.
2026-05-13 18:21:06,652 [ERROR] ApprovalRadar - Failed to fetch or update 20260585414: All API keys are exhausted for today.
2026-05-13 18:21:09,793 [ERROR] ApprovalRadar - 🚨 [긴급] 오늘자 식품나라 API 키가 모두 소진되었습니다. 크롤링이 중단됩니다.
2026-05-13 18:21:09,795 [ERROR] ApprovalRadar - Failed to fetch or update 20260971809: All API keys are exhausted for today.
2026-05-13 18:21:12,921 [ERROR] ApprovalRadar - 🚨 [긴급] 오늘자 식품나라 API 키가 모두 소진되었습니다. 크롤링이 중단됩니다.
2026-05-13 18:21:12,924 [ERROR] ApprovalRadar - Failed to fetch or update 20260713288: All API keys are exhausted for today.
2026-05-13 18:21:15,966 [ERROR] ApprovalRadar - 🚨 [긴급] 오늘자 식품나라 API 키가 모두 소진되었습니다. 크롤링이 중단됩니다.
2026-05-13 18:21:15,968 [ERROR] ApprovalRadar - Failed to fetch or update 20260104548: All API keys are exhausted for today.
2026-05-13 18:21:19,049 [ERROR] ApprovalRadar - 🚨 [긴급] 오늘자 식품나라 API 키가 모두 소진되었습니다. 크롤링이 중단됩니다.
2026-05-13 18:21:19,053 [ERROR] ApprovalRadar - Failed to fetch or update 20260045049: All API keys are exhausted for today.
2026-05-13 18:21:22,091 [ERROR] ApprovalRadar - 🚨 [긴급] 오늘자 식품나라 API 키가 모두 소진되었습니다. 크롤링이 중단됩니다.
2026-05-13 18:21:22,096 [ERROR] ApprovalRadar - Failed to fetch or update 20260040290: All API keys are exhausted for today.
2026-05-13 18:21:25,180 [ERROR] ApprovalRadar - 🚨 [긴급] 오늘자 식품나라 API 키가 모두 소진되었습니다. 크롤링이 중단됩니다.
2026-05-13 18:21:25,184 [ERROR] ApprovalRadar - Failed to fetch or update 20260746348: All API keys are exhausted for today.
2026-05-13 18:21:28,251 [ERROR] ApprovalRadar - 🚨 [긴급] 오늘자 식품나라 API 키가 모두 소진되었습니다. 크롤링이 중단됩니다.
2026-05-13 18:21:28,254 [ERROR] ApprovalRadar - Failed to fetch or update 20260926344: All API keys are exhausted for today.
2026-05-13 18:21:31,330 [ERROR] ApprovalRadar - 🚨 [긴급] 오늘자 식품나라 API 키가 모두 소진되었습니다. 크롤링이 중단됩니다.
2026-05-13 18:21:31,333 [ERROR] ApprovalRadar - Failed to fetch or update 20210596161: All API keys are exhausted for today.
2026-05-13 18:21:34,473 [ERROR] ApprovalRadar - 🚨 [긴급] 오늘자 식품나라 API 키가 모두 소진되었습니다. 크롤링이 중단됩니다.
2026-05-13 18:21:34,475 [ERROR] ApprovalRadar - Failed to fetch or update 20260955049: All API keys are exhausted for today.
2026-05-13 18:21:37,637 [ERROR] ApprovalRadar - 🚨 [긴급] 오늘자 식품나라 API 키가 모두 소진되었습니다. 크롤링이 중단됩니다.
2026-05-13 18:21:37,639 [ERROR] ApprovalRadar - Failed to fetch or update 20260688148: All API keys are exhausted for today.
2026-05-13 18:21:40,754 [ERROR] ApprovalRadar - 🚨 [긴급] 오늘자 식품나라 API 키가 모두 소진되었습니다. 크롤링이 중단됩니다.
2026-05-13 18:21:40,757 [ERROR] ApprovalRadar - Failed to fetch or update 20260324377: All API keys are exhausted for today.
2026-05-13 18:21:43,904 [ERROR] ApprovalRadar - 🚨 [긴급] 오늘자 식품나라 API 키가 모두 소진되었습니다. 크롤링이 중단됩니다.
2026-05-13 18:21:43,906 [ERROR] ApprovalRadar - Failed to fetch or update 20260211158: All API keys are exhausted for today.
2026-05-13 18:21:47,043 [ERROR] ApprovalRadar - 🚨 [긴급] 오늘자 식품나라 API 키가 모두 소진되었습니다. 크롤링이 중단됩니다.
2026-05-13 18:21:47,045 [ERROR] ApprovalRadar - Failed to fetch or update 20260606361: All API keys are exhausted for today.
2026-05-13 18:21:50,191 [ERROR] ApprovalRadar - 🚨 [긴급] 오늘자 식품나라 API 키가 모두 소진되었습니다. 크롤링이 중단됩니다.
2026-05-13 18:21:50,194 [ERROR] ApprovalRadar - Failed to fetch or update 20260333200: All API keys are exhausted for today.
2026-05-13 18:21:53,328 [ERROR] ApprovalRadar - 🚨 [긴급] 오늘자 식품나라 API 키가 모두 소진되었습니다. 크롤링이 중단됩니다.
2026-05-13 18:21:53,329 [ERROR] ApprovalRadar - Failed to fetch or update 20260861445: All API keys are exhausted for today.
2026-05-13 18:21:56,465 [ERROR] ApprovalRadar - 🚨 [긴급] 오늘자 식품나라 API 키가 모두 소진되었습니다. 크롤링이 중단됩니다.
2026-05-13 18:21:56,467 [ERROR] ApprovalRadar - Failed to fetch or update 20260721164: All API keys are exhausted for today.
2026-05-13 18:21:59,599 [ERROR] ApprovalRadar - 🚨 [긴급] 오늘자 식품나라 API 키가 모두 소진되었습니다. 크롤링이 중단됩니다.
2026-05-13 18:21:59,603 [ERROR] ApprovalRadar - Failed to fetch or update 20260324365: All API keys are exhausted for today.
2026-05-13 18:22:02,732 [ERROR] ApprovalRadar - 🚨 [긴급] 오늘자 식품나라 API 키가 모두 소진되었습니다. 크롤링이 중단됩니다.
2026-05-13 18:22:02,737 [ERROR] ApprovalRadar - Failed to fetch or update 20260189151: All API keys are exhausted for today.
2026-05-13 18:22:05,869 [ERROR] ApprovalRadar - 🚨 [긴급] 오늘자 식품나라 API 키가 모두 소진되었습니다. 크롤링이 중단됩니다.
2026-05-13 18:22:05,871 [ERROR] ApprovalRadar - Failed to fetch or update 20260820066: All API keys are exhausted for today.
2026-05-13 18:22:09,016 [ERROR] ApprovalRadar - 🚨 [긴급] 오늘자 식품나라 API 키가 모두 소진되었습니다. 크롤링이 중단됩니다.
2026-05-13 18:22:09,018 [ERROR] ApprovalRadar - Failed to fetch or update 20260801229: All API keys are exhausted for today.
2026-05-13 18:22:12,164 [ERROR] ApprovalRadar - 🚨 [긴급] 오늘자 식품나라 API 키가 모두 소진되었습니다. 크롤링이 중단됩니다.
2026-05-13 18:22:12,167 [ERROR] ApprovalRadar - Failed to fetch or update 20260795226: All API keys are exhausted for today.
2026-05-13 18:22:15,212 [ERROR] ApprovalRadar - 🚨 [긴급] 오늘자 식품나라 API 키가 모두 소진되었습니다. 크롤링이 중단됩니다.
2026-05-13 18:22:15,216 [ERROR] ApprovalRadar - Failed to fetch or update 20260909201: All API keys are exhausted for today.
2026-05-13 18:22:18,253 [ERROR] ApprovalRadar - 🚨 [긴급] 오늘자 식품나라 API 키가 모두 소진되었습니다. 크롤링이 중단됩니다.
2026-05-13 18:22:18,255 [ERROR] ApprovalRadar - Failed to fetch or update 20260953076: All API keys are exhausted for today.
2026-05-13 18:22:21,295 [ERROR] ApprovalRadar - 🚨 [긴급] 오늘자 식품나라 API 키가 모두 소진되었습니다. 크롤링이 중단됩니다.
2026-05-13 18:22:21,297 [ERROR] ApprovalRadar - Failed to fetch or update 20260926376: All API keys are exhausted for today.
2026-05-13 18:22:24,362 [ERROR] ApprovalRadar - 🚨 [긴급] 오늘자 식품나라 API 키가 모두 소진되었습니다. 크롤링이 중단됩니다.
2026-05-13 18:22:24,366 [ERROR] ApprovalRadar - Failed to fetch or update 20260707287: All API keys are exhausted for today.
2026-05-13 18:22:27,442 [ERROR] ApprovalRadar - 🚨 [긴급] 오늘자 식품나라 API 키가 모두 소진되었습니다. 크롤링이 중단됩니다.
2026-05-13 18:22:27,445 [ERROR] ApprovalRadar - Failed to fetch or update 20260324370: All API keys are exhausted for today.
2026-05-13 18:22:30,568 [ERROR] ApprovalRadar - 🚨 [긴급] 오늘자 식품나라 API 키가 모두 소진되었습니다. 크롤링이 중단됩니다.
2026-05-13 18:22:30,569 [ERROR] ApprovalRadar - Failed to fetch or update 20260861446: All API keys are exhausted for today.
2026-05-13 18:22:33,719 [ERROR] ApprovalRadar - 🚨 [긴급] 오늘자 식품나라 API 키가 모두 소진되었습니다. 크롤링이 중단됩니다.
2026-05-13 18:22:33,721 [ERROR] ApprovalRadar - Failed to fetch or update 20260901070: All API keys are exhausted for today.
2026-05-13 18:22:36,857 [ERROR] ApprovalRadar - 🚨 [긴급] 오늘자 식품나라 API 키가 모두 소진되었습니다. 크롤링이 중단됩니다.
2026-05-13 18:22:36,861 [ERROR] ApprovalRadar - Failed to fetch or update 20240093159: All API keys are exhausted for today.
2026-05-13 18:22:39,999 [ERROR] ApprovalRadar - 🚨 [긴급] 오늘자 식품나라 API 키가 모두 소진되었습니다. 크롤링이 중단됩니다.
2026-05-13 18:22:40,000 [ERROR] ApprovalRadar - Failed to fetch or update 20240046079: All API keys are exhausted for today.
2026-05-13 18:22:43,155 [ERROR] ApprovalRadar - 🚨 [긴급] 오늘자 식품나라 API 키가 모두 소진되었습니다. 크롤링이 중단됩니다.
2026-05-13 18:22:43,157 [ERROR] ApprovalRadar - Failed to fetch or update 20260108692: All API keys are exhausted for today.
2026-05-13 18:22:46,300 [ERROR] ApprovalRadar - 🚨 [긴급] 오늘자 식품나라 API 키가 모두 소진되었습니다. 크롤링이 중단됩니다.
2026-05-13 18:22:46,303 [ERROR] ApprovalRadar - Failed to fetch or update 20260084445: All API keys are exhausted for today.
2026-05-13 18:22:49,435 [ERROR] ApprovalRadar - 🚨 [긴급] 오늘자 식품나라 API 키가 모두 소진되었습니다. 크롤링이 중단됩니다.
2026-05-13 18:22:49,436 [ERROR] ApprovalRadar - Failed to fetch or update 20220335407: All API keys are exhausted for today.
2026-05-13 18:22:52,590 [ERROR] ApprovalRadar - 🚨 [긴급] 오늘자 식품나라 API 키가 모두 소진되었습니다. 크롤링이 중단됩니다.
2026-05-13 18:22:52,592 [ERROR] ApprovalRadar - Failed to fetch or update 20260736175: All API keys are exhausted for today.
2026-05-13 18:22:55,726 [ERROR] ApprovalRadar - 🚨 [긴급] 오늘자 식품나라 API 키가 모두 소진되었습니다. 크롤링이 중단됩니다.
2026-05-13 18:22:55,728 [ERROR] ApprovalRadar - Failed to fetch or update 20260971810: All API keys are exhausted for today.
2026-05-13 18:22:58,847 [ERROR] ApprovalRadar - 🚨 [긴급] 오늘자 식품나라 API 키가 모두 소진되었습니다. 크롤링이 중단됩니다.
2026-05-13 18:22:58,850 [ERROR] ApprovalRadar - Failed to fetch or update 20260920140: All API keys are exhausted for today.
2026-05-13 18:23:01,994 [ERROR] ApprovalRadar - 🚨 [긴급] 오늘자 식품나라 API 키가 모두 소진되었습니다. 크롤링이 중단됩니다.
2026-05-13 18:23:01,995 [ERROR] ApprovalRadar - Failed to fetch or update 20260192631: All API keys are exhausted for today.
2026-05-13 18:23:01,997 [INFO] ApprovalRadar - [진척도] 600/2553 처리 완료 (성공: 150, 실패: 450)
2026-05-13 18:23:05,137 [ERROR] ApprovalRadar - 🚨 [긴급] 오늘자 식품나라 API 키가 모두 소진되었습니다. 크롤링이 중단됩니다.
2026-05-13 18:23:05,139 [ERROR] ApprovalRadar - Failed to fetch or update 20240594555: All API keys are exhausted for today.
2026-05-13 18:23:08,263 [ERROR] ApprovalRadar - 🚨 [긴급] 오늘자 식품나라 API 키가 모두 소진되었습니다. 크롤링이 중단됩니다.
2026-05-13 18:23:08,266 [ERROR] ApprovalRadar - Failed to fetch or update 20260614342: All API keys are exhausted for today.
2026-05-13 18:23:11,410 [ERROR] ApprovalRadar - 🚨 [긴급] 오늘자 식품나라 API 키가 모두 소진되었습니다. 크롤링이 중단됩니다.
2026-05-13 18:23:11,411 [ERROR] ApprovalRadar - Failed to fetch or update 20260818069: All API keys are exhausted for today.
2026-05-13 18:23:14,557 [ERROR] ApprovalRadar - 🚨 [긴급] 오늘자 식품나라 API 키가 모두 소진되었습니다. 크롤링이 중단됩니다.
2026-05-13 18:23:14,559 [ERROR] ApprovalRadar - Failed to fetch or update 20260795209: All API keys are exhausted for today.
2026-05-13 18:23:17,702 [ERROR] ApprovalRadar - 🚨 [긴급] 오늘자 식품나라 API 키가 모두 소진되었습니다. 크롤링이 중단됩니다.
2026-05-13 18:23:17,705 [ERROR] ApprovalRadar - Failed to fetch or update 20260576137: All API keys are exhausted for today.
2026-05-13 18:23:20,846 [ERROR] ApprovalRadar - 🚨 [긴급] 오늘자 식품나라 API 키가 모두 소진되었습니다. 크롤링이 중단됩니다.
2026-05-13 18:23:20,848 [ERROR] ApprovalRadar - Failed to fetch or update 20260582561: All API keys are exhausted for today.
2026-05-13 18:23:23,904 [ERROR] ApprovalRadar - 🚨 [긴급] 오늘자 식품나라 API 키가 모두 소진되었습니다. 크롤링이 중단됩니다.
2026-05-13 18:23:23,906 [ERROR] ApprovalRadar - Failed to fetch or update 20110269239: All API keys are exhausted for today.
2026-05-13 18:23:26,969 [ERROR] ApprovalRadar - 🚨 [긴급] 오늘자 식품나라 API 키가 모두 소진되었습니다. 크롤링이 중단됩니다.
2026-05-13 18:23:26,971 [ERROR] ApprovalRadar - Failed to fetch or update 20260431302: All API keys are exhausted for today.
2026-05-13 18:23:30,031 [ERROR] ApprovalRadar - 🚨 [긴급] 오늘자 식품나라 API 키가 모두 소진되었습니다. 크롤링이 중단됩니다.
2026-05-13 18:23:30,033 [ERROR] ApprovalRadar - Failed to fetch or update 20260382257: All API keys are exhausted for today.
2026-05-13 18:23:33,092 [ERROR] ApprovalRadar - 🚨 [긴급] 오늘자 식품나라 API 키가 모두 소진되었습니다. 크롤링이 중단됩니다.
2026-05-13 18:23:33,094 [ERROR] ApprovalRadar - Failed to fetch or update 20260470129: All API keys are exhausted for today.
2026-05-13 18:23:36,153 [ERROR] ApprovalRadar - 🚨 [긴급] 오늘자 식품나라 API 키가 모두 소진되었습니다. 크롤링이 중단됩니다.
2026-05-13 18:23:36,156 [ERROR] ApprovalRadar - Failed to fetch or update 20260493260: All API keys are exhausted for today.
2026-05-13 18:23:39,219 [ERROR] ApprovalRadar - 🚨 [긴급] 오늘자 식품나라 API 키가 모두 소진되었습니다. 크롤링이 중단됩니다.
2026-05-13 18:23:39,221 [ERROR] ApprovalRadar - Failed to fetch or update 20260507853: All API keys are exhausted for today.
2026-05-13 18:23:42,364 [ERROR] ApprovalRadar - 🚨 [긴급] 오늘자 식품나라 API 키가 모두 소진되었습니다. 크롤링이 중단됩니다.
2026-05-13 18:23:42,368 [ERROR] ApprovalRadar - Failed to fetch or update 20260602161: All API keys are exhausted for today.
2026-05-13 18:23:45,483 [ERROR] ApprovalRadar - 🚨 [긴급] 오늘자 식품나라 API 키가 모두 소진되었습니다. 크롤링이 중단됩니다.
2026-05-13 18:23:45,485 [ERROR] ApprovalRadar - Failed to fetch or update 20260385268: All API keys are exhausted for today.
2026-05-13 18:23:48,536 [ERROR] ApprovalRadar - 🚨 [긴급] 오늘자 식품나라 API 키가 모두 소진되었습니다. 크롤링이 중단됩니다.
2026-05-13 18:23:48,538 [ERROR] ApprovalRadar - Failed to fetch or update 20260499316: All API keys are exhausted for today.
2026-05-13 18:23:51,598 [ERROR] ApprovalRadar - 🚨 [긴급] 오늘자 식품나라 API 키가 모두 소진되었습니다. 크롤링이 중단됩니다.
2026-05-13 18:23:51,600 [ERROR] ApprovalRadar - Failed to fetch or update 20260713289: All API keys are exhausted for today.
2026-05-13 18:23:54,653 [ERROR] ApprovalRadar - 🚨 [긴급] 오늘자 식품나라 API 키가 모두 소진되었습니다. 크롤링이 중단됩니다.
2026-05-13 18:23:54,655 [ERROR] ApprovalRadar - Failed to fetch or update 20260136953: All API keys are exhausted for today.
2026-05-13 18:23:57,707 [ERROR] ApprovalRadar - 🚨 [긴급] 오늘자 식품나라 API 키가 모두 소진되었습니다. 크롤링이 중단됩니다.
2026-05-13 18:23:57,709 [ERROR] ApprovalRadar - Failed to fetch or update 20260121881: All API keys are exhausted for today.
2026-05-13 18:24:00,764 [ERROR] ApprovalRadar - 🚨 [긴급] 오늘자 식품나라 API 키가 모두 소진되었습니다. 크롤링이 중단됩니다.
2026-05-13 18:24:00,765 [ERROR] ApprovalRadar - Failed to fetch or update 20260145484: All API keys are exhausted for today.
2026-05-13 18:24:03,884 [ERROR] ApprovalRadar - 🚨 [긴급] 오늘자 식품나라 API 키가 모두 소진되었습니다. 크롤링이 중단됩니다.
2026-05-13 18:24:03,887 [ERROR] ApprovalRadar - Failed to fetch or update 20230249655: All API keys are exhausted for today.
2026-05-13 18:24:07,002 [ERROR] ApprovalRadar - 🚨 [긴급] 오늘자 식품나라 API 키가 모두 소진되었습니다. 크롤링이 중단됩니다.
2026-05-13 18:24:07,004 [ERROR] ApprovalRadar - Failed to fetch or update 20260240290: All API keys are exhausted for today.
2026-05-13 18:24:10,148 [ERROR] ApprovalRadar - 🚨 [긴급] 오늘자 식품나라 API 키가 모두 소진되었습니다. 크롤링이 중단됩니다.
2026-05-13 18:24:10,149 [ERROR] ApprovalRadar - Failed to fetch or update 20260256255: All API keys are exhausted for today.
2026-05-13 18:24:13,296 [ERROR] ApprovalRadar - 🚨 [긴급] 오늘자 식품나라 API 키가 모두 소진되었습니다. 크롤링이 중단됩니다.
2026-05-13 18:24:13,297 [ERROR] ApprovalRadar - Failed to fetch or update 20260935606: All API keys are exhausted for today.
2026-05-13 18:24:16,524 [ERROR] ApprovalRadar - 🚨 [긴급] 오늘자 식품나라 API 키가 모두 소진되었습니다. 크롤링이 중단됩니다.
2026-05-13 18:24:16,526 [ERROR] ApprovalRadar - Failed to fetch or update 20260623113: All API keys are exhausted for today.
2026-05-13 18:24:19,618 [ERROR] ApprovalRadar - 🚨 [긴급] 오늘자 식품나라 API 키가 모두 소진되었습니다. 크롤링이 중단됩니다.
2026-05-13 18:24:19,620 [ERROR] ApprovalRadar - Failed to fetch or update 20260273591: All API keys are exhausted for today.
2026-05-13 18:24:22,758 [ERROR] ApprovalRadar - 🚨 [긴급] 오늘자 식품나라 API 키가 모두 소진되었습니다. 크롤링이 중단됩니다.
2026-05-13 18:24:22,760 [ERROR] ApprovalRadar - Failed to fetch or update 20260283407: All API keys are exhausted for today.
2026-05-13 18:24:25,910 [ERROR] ApprovalRadar - 🚨 [긴급] 오늘자 식품나라 API 키가 모두 소진되었습니다. 크롤링이 중단됩니다.
2026-05-13 18:24:25,914 [ERROR] ApprovalRadar - Failed to fetch or update 20260268500: All API keys are exhausted for today.
2026-05-13 18:24:26,454 [INFO] ApprovalRadar - Shutting down APScheduler...
2026-05-13 18:24:26,833 [INFO] ApprovalRadar - Initializing Database...
2026-05-13 18:24:26,835 [INFO] ApprovalRadar - Starting Industry Type Backfill Job...
2026-05-13 18:24:26,835 [INFO] ApprovalRadar - Configuring APScheduler jobs...
2026-05-13 18:24:26,838 [INFO] ApprovalRadar - Adding initial catch-up scraper job to background...
2026-05-13 18:24:26,839 [INFO] ApprovalRadar - 총 2403건의 세부업종 누락 데이터를 발견했습니다. 백필을 시작합니다.
2026-05-13 18:24:26,839 [INFO] ApprovalRadar - APScheduler started successfully.
2026-05-13 18:24:26,839 [INFO] ApprovalRadar - Starting DiffCrawler Delta Sync Job for I2859...
2026-05-13 18:24:26,933 [INFO] ApprovalRadar - [키 회전] API 한도 초과! 새로운 키로 교체: f1282***
2026-05-13 18:24:26,934 [WARNING] ApprovalRadar - 키 회전 후 3.0초 대기...
2026-05-13 18:24:27,004 [INFO] ApprovalRadar - [키 회전] API 한도 초과! 새로운 키로 교체: f1282***
2026-05-13 18:24:27,005 [WARNING] ApprovalRadar - 키 회전 후 3.0초 대기...
2026-05-13 18:24:30,053 [INFO] ApprovalRadar - [키 회전] API 한도 초과! 새로운 키로 교체: ba698***
2026-05-13 18:24:30,055 [WARNING] ApprovalRadar - 키 회전 후 3.0초 대기...
2026-05-13 18:24:30,208 [INFO] ApprovalRadar - [키 회전] API 한도 초과! 새로운 키로 교체: ba698***
2026-05-13 18:24:30,210 [WARNING] ApprovalRadar - 키 회전 후 3.0초 대기...
2026-05-13 18:24:33,270 [WARNING] ApprovalRadar - [네트워크/응답 오류] Expecting value: line 1 column 1 (char 0). 1초 후 재시도합니다...
2026-05-13 18:24:33,954 [INFO] ApprovalRadar - ✨ [소요시간: 7.11초] 새로운 데이터가 감지되지 않았습니다. (현재 전체 데이터: 22416건)
2026-05-13 18:24:33,957 [INFO] ApprovalRadar - Starting DiffCrawler Delta Sync Job for I2500...
2026-05-13 18:24:33,963 [INFO] ApprovalRadar - 최초 실행: 베이스라인 부트스트랩을 시작합니다...
2026-05-13 18:24:33,965 [INFO] ApprovalRadar - [Bootstrapper] True Tail(실제 마지막 데이터) 찾는 중...
2026-05-13 18:24:34,013 [INFO] ApprovalRadar - [키 회전] API 한도 초과! 새로운 키로 교체: f1282***
2026-05-13 18:24:34,014 [WARNING] ApprovalRadar - 키 회전 후 3.0초 대기...
2026-05-13 18:24:37,067 [INFO] ApprovalRadar - [키 회전] API 한도 초과! 새로운 키로 교체: ba698***
2026-05-13 18:24:37,068 [WARNING] ApprovalRadar - 키 회전 후 3.0초 대기...
2026-05-13 18:24:42,695 [WARNING] ApprovalRadar - [네트워크/응답 오류] Expecting value: line 1 column 1 (char 0). 1초 후 재시도합니다...
2026-05-13 18:24:45,939 [WARNING] ApprovalRadar - [네트워크/응답 오류] Expecting value: line 1 column 1 (char 0). 1초 후 재시도합니다...
2026-05-13 18:24:46,628 [INFO] ApprovalRadar - Shutting down APScheduler...
2026-05-13 18:24:46,997 [WARNING] ApprovalRadar - [네트워크/응답 오류] Expecting value: line 1 column 1 (char 0). 2초 후 재시도합니다...
2026-05-13 18:24:53,456 [WARNING] ApprovalRadar - [네트워크/응답 오류] Expecting value: line 1 column 1 (char 0). 1초 후 재시도합니다...
2026-05-13 18:24:56,845 [WARNING] ApprovalRadar - [네트워크/응답 오류] Expecting value: line 1 column 1 (char 0). 1초 후 재시도합니다...
2026-05-13 18:24:57,908 [WARNING] ApprovalRadar - [네트워크/응답 오류] Expecting value: line 1 column 1 (char 0). 2초 후 재시도합니다...
2026-05-13 18:24:59,454 [INFO] ApprovalRadar - [Bootstrapper] 전체 데이터 건수 확인 완료: 1000000건
2026-05-13 18:24:59,455 [INFO] ApprovalRadar - [Bootstrapper] 피벗 캐싱 시작 (간격: 5000)...
2026-05-13 18:24:59,964 [WARNING] ApprovalRadar - [네트워크/응답 오류] Expecting value: line 1 column 1 (char 0). 4초 후 재시도합니다...
2026-05-13 18:25:00,351 [WARNING] ApprovalRadar - [네트워크/응답 오류] Expecting value: line 1 column 1 (char 0). 1초 후 재시도합니다...
2026-05-13 18:25:03,502 [WARNING] ApprovalRadar - [네트워크/응답 오류] Expecting value: line 1 column 1 (char 0). 1초 후 재시도합니다...
2026-05-13 18:25:03,971 [WARNING] ApprovalRadar - 연속적인 응답 오류 발생! 해당 키가 WAF에 의해 임시 차단된 것으로 의심되어 키를 회전합니다.
2026-05-13 18:25:03,973 [INFO] ApprovalRadar - [키 회전] API 한도 초과! 새로운 키로 교체: 67f07***
2026-05-13 18:25:04,658 [WARNING] ApprovalRadar - [네트워크/응답 오류] Expecting value: line 1 column 1 (char 0). 2초 후 재시도합니다...
2026-05-13 18:25:06,979 [WARNING] ApprovalRadar - [네트워크/응답 오류] Expecting value: line 1 column 1 (char 0). 1초 후 재시도합니다...
2026-05-13 18:25:08,543 [WARNING] ApprovalRadar - [네트워크/응답 오류] Expecting value: line 1 column 1 (char 0). 1초 후 재시도합니다...
2026-05-13 18:25:09,590 [WARNING] ApprovalRadar - [네트워크/응답 오류] Expecting value: line 1 column 1 (char 0). 2초 후 재시도합니다...
2026-05-13 18:25:11,655 [WARNING] ApprovalRadar - [네트워크/응답 오류] Expecting value: line 1 column 1 (char 0). 4초 후 재시도합니다...
2026-05-13 18:25:15,662 [WARNING] ApprovalRadar - 연속적인 응답 오류 발생! 해당 키가 WAF에 의해 임시 차단된 것으로 의심되어 키를 회전합니다.
2026-05-13 18:25:15,664 [INFO] ApprovalRadar - [키 회전] API 한도 초과! 새로운 키로 교체: 67f07***
2026-05-13 18:25:18,816 [WARNING] ApprovalRadar - [네트워크/응답 오류] Expecting value: line 1 column 1 (char 0). 8초 후 재시도합니다...
2026-05-13 18:25:18,881 [WARNING] ApprovalRadar - [네트워크/응답 오류] Expecting value: line 1 column 1 (char 0). 1초 후 재시도합니다...
2026-05-13 18:25:26,819 [WARNING] ApprovalRadar - 연속적인 응답 오류 발생! 해당 키가 WAF에 의해 임시 차단된 것으로 의심되어 키를 회전합니다.
2026-05-13 18:25:26,822 [INFO] ApprovalRadar - [키 회전] API 한도 초과! 새로운 키로 교체: e7b3f***
2026-05-13 18:25:26,918 [ERROR] ApprovalRadar - 🚨 [긴급] 오늘자 식품나라 API 키가 모두 소진되었습니다. 크롤링이 중단됩니다.
2026-05-13 18:25:26,972 [ERROR] ApprovalRadar - 🚨 [긴급] 오늘자 식품나라 API 키가 모두 소진되었습니다. 크롤링이 중단됩니다.
2026-05-13 18:25:27,023 [ERROR] ApprovalRadar - 🚨 [긴급] 오늘자 식품나라 API 키가 모두 소진되었습니다. 크롤링이 중단됩니다.
2026-05-13 18:25:27,080 [ERROR] ApprovalRadar - 🚨 [긴급] 오늘자 식품나라 API 키가 모두 소진되었습니다. 크롤링이 중단됩니다.
2026-05-13 18:25:27,221 [ERROR] ApprovalRadar - 🚨 [긴급] 오늘자 식품나라 API 키가 모두 소진되었습니다. 크롤링이 중단됩니다.
2026-05-13 18:25:27,266 [ERROR] ApprovalRadar - 🚨 [긴급] 오늘자 식품나라 API 키가 모두 소진되었습니다. 크롤링이 중단됩니다.
2026-05-13 18:25:27,327 [ERROR] ApprovalRadar - 🚨 [긴급] 오늘자 식품나라 API 키가 모두 소진되었습니다. 크롤링이 중단됩니다.
2026-05-13 18:25:27,397 [ERROR] ApprovalRadar - 🚨 [긴급] 오늘자 식품나라 API 키가 모두 소진되었습니다. 크롤링이 중단됩니다.
2026-05-13 18:25:27,437 [ERROR] ApprovalRadar - 🚨 [긴급] 오늘자 식품나라 API 키가 모두 소진되었습니다. 크롤링이 중단됩니다.
2026-05-13 18:25:27,499 [ERROR] ApprovalRadar - 🚨 [긴급] 오늘자 식품나라 API 키가 모두 소진되었습니다. 크롤링이 중단됩니다.
2026-05-13 18:25:27,572 [ERROR] ApprovalRadar - 🚨 [긴급] 오늘자 식품나라 API 키가 모두 소진되었습니다. 크롤링이 중단됩니다.
2026-05-13 18:25:27,724 [ERROR] ApprovalRadar - 🚨 [긴급] 오늘자 식품나라 API 키가 모두 소진되었습니다. 크롤링이 중단됩니다.
2026-05-13 18:25:27,779 [ERROR] ApprovalRadar - 🚨 [긴급] 오늘자 식품나라 API 키가 모두 소진되었습니다. 크롤링이 중단됩니다.
2026-05-13 18:25:27,818 [ERROR] ApprovalRadar - 🚨 [긴급] 오늘자 식품나라 API 키가 모두 소진되었습니다. 크롤링이 중단됩니다.
2026-05-13 18:25:27,855 [ERROR] ApprovalRadar - 🚨 [긴급] 오늘자 식품나라 API 키가 모두 소진되었습니다. 크롤링이 중단됩니다.
2026-05-13 18:25:27,906 [ERROR] ApprovalRadar - 🚨 [긴급] 오늘자 식품나라 API 키가 모두 소진되었습니다. 크롤링이 중단됩니다.
2026-05-13 18:25:27,958 [ERROR] ApprovalRadar - 🚨 [긴급] 오늘자 식품나라 API 키가 모두 소진되었습니다. 크롤링이 중단됩니다.
2026-05-13 18:25:28,012 [ERROR] ApprovalRadar - 🚨 [긴급] 오늘자 식품나라 API 키가 모두 소진되었습니다. 크롤링이 중단됩니다.
2026-05-13 18:25:28,064 [ERROR] ApprovalRadar - 🚨 [긴급] 오늘자 식품나라 API 키가 모두 소진되었습니다. 크롤링이 중단됩니다.
2026-05-13 18:25:28,098 [ERROR] ApprovalRadar - 🚨 [긴급] 오늘자 식품나라 API 키가 모두 소진되었습니다. 크롤링이 중단됩니다.
2026-05-13 18:25:28,153 [ERROR] ApprovalRadar - 🚨 [긴급] 오늘자 식품나라 API 키가 모두 소진되었습니다. 크롤링이 중단됩니다.
2026-05-13 18:25:28,291 [ERROR] ApprovalRadar - 🚨 [긴급] 오늘자 식품나라 API 키가 모두 소진되었습니다. 크롤링이 중단됩니다.
2026-05-13 18:25:28,360 [ERROR] ApprovalRadar - 🚨 [긴급] 오늘자 식품나라 API 키가 모두 소진되었습니다. 크롤링이 중단됩니다.
2026-05-13 18:25:28,424 [ERROR] ApprovalRadar - 🚨 [긴급] 오늘자 식품나라 API 키가 모두 소진되었습니다. 크롤링이 중단됩니다.
2026-05-13 18:25:28,477 [ERROR] ApprovalRadar - 🚨 [긴급] 오늘자 식품나라 API 키가 모두 소진되었습니다. 크롤링이 중단됩니다.
2026-05-13 18:25:28,555 [ERROR] ApprovalRadar - 🚨 [긴급] 오늘자 식품나라 API 키가 모두 소진되었습니다. 크롤링이 중단됩니다.
2026-05-13 18:25:28,614 [ERROR] ApprovalRadar - 🚨 [긴급] 오늘자 식품나라 API 키가 모두 소진되었습니다. 크롤링이 중단됩니다.
2026-05-13 18:25:28,671 [ERROR] ApprovalRadar - 🚨 [긴급] 오늘자 식품나라 API 키가 모두 소진되었습니다. 크롤링이 중단됩니다.
2026-05-13 18:25:28,790 [ERROR] ApprovalRadar - 🚨 [긴급] 오늘자 식품나라 API 키가 모두 소진되었습니다. 크롤링이 중단됩니다.
2026-05-13 18:25:28,848 [ERROR] ApprovalRadar - 🚨 [긴급] 오늘자 식품나라 API 키가 모두 소진되었습니다. 크롤링이 중단됩니다.
2026-05-13 18:25:28,887 [ERROR] ApprovalRadar - 🚨 [긴급] 오늘자 식품나라 API 키가 모두 소진되었습니다. 크롤링이 중단됩니다.
2026-05-13 18:25:28,943 [ERROR] ApprovalRadar - 🚨 [긴급] 오늘자 식품나라 API 키가 모두 소진되었습니다. 크롤링이 중단됩니다.
2026-05-13 18:25:29,001 [ERROR] ApprovalRadar - 🚨 [긴급] 오늘자 식품나라 API 키가 모두 소진되었습니다. 크롤링이 중단됩니다.
2026-05-13 18:25:29,059 [ERROR] ApprovalRadar - 🚨 [긴급] 오늘자 식품나라 API 키가 모두 소진되었습니다. 크롤링이 중단됩니다.
2026-05-13 18:25:29,115 [ERROR] ApprovalRadar - 🚨 [긴급] 오늘자 식품나라 API 키가 모두 소진되었습니다. 크롤링이 중단됩니다.
2026-05-13 18:25:29,152 [ERROR] ApprovalRadar - 🚨 [긴급] 오늘자 식품나라 API 키가 모두 소진되었습니다. 크롤링이 중단됩니다.
2026-05-13 18:25:29,296 [ERROR] ApprovalRadar - 🚨 [긴급] 오늘자 식품나라 API 키가 모두 소진되었습니다. 크롤링이 중단됩니다.
2026-05-13 18:25:29,359 [ERROR] ApprovalRadar - 🚨 [긴급] 오늘자 식품나라 API 키가 모두 소진되었습니다. 크롤링이 중단됩니다.
2026-05-13 18:25:29,431 [ERROR] ApprovalRadar - 🚨 [긴급] 오늘자 식품나라 API 키가 모두 소진되었습니다. 크롤링이 중단됩니다.
2026-05-13 18:25:29,475 [ERROR] ApprovalRadar - 🚨 [긴급] 오늘자 식품나라 API 키가 모두 소진되었습니다. 크롤링이 중단됩니다.
2026-05-13 18:25:29,542 [ERROR] ApprovalRadar - 🚨 [긴급] 오늘자 식품나라 API 키가 모두 소진되었습니다. 크롤링이 중단됩니다.
2026-05-13 18:25:29,604 [ERROR] ApprovalRadar - 🚨 [긴급] 오늘자 식품나라 API 키가 모두 소진되었습니다. 크롤링이 중단됩니다.
2026-05-13 18:25:29,663 [ERROR] ApprovalRadar - 🚨 [긴급] 오늘자 식품나라 API 키가 모두 소진되었습니다. 크롤링이 중단됩니다.
2026-05-13 18:25:29,699 [ERROR] ApprovalRadar - 🚨 [긴급] 오늘자 식품나라 API 키가 모두 소진되었습니다. 크롤링이 중단됩니다.
2026-05-13 18:25:29,843 [ERROR] ApprovalRadar - 🚨 [긴급] 오늘자 식품나라 API 키가 모두 소진되었습니다. 크롤링이 중단됩니다.
2026-05-13 18:25:29,861 [ERROR] ApprovalRadar - 🚨 [긴급] 오늘자 식품나라 API 키가 모두 소진되었습니다. 크롤링이 중단됩니다.
2026-05-13 18:25:29,889 [ERROR] ApprovalRadar - 🚨 [긴급] 오늘자 식품나라 API 키가 모두 소진되었습니다. 크롤링이 중단됩니다.
2026-05-13 18:25:29,916 [ERROR] ApprovalRadar - 🚨 [긴급] 오늘자 식품나라 API 키가 모두 소진되었습니다. 크롤링이 중단됩니다.
2026-05-13 18:25:29,943 [ERROR] ApprovalRadar - 🚨 [긴급] 오늘자 식품나라 API 키가 모두 소진되었습니다. 크롤링이 중단됩니다.
2026-05-13 18:25:29,968 [ERROR] ApprovalRadar - 🚨 [긴급] 오늘자 식품나라 API 키가 모두 소진되었습니다. 크롤링이 중단됩니다.
2026-05-13 18:25:30,000 [ERROR] ApprovalRadar - 🚨 [긴급] 오늘자 식품나라 API 키가 모두 소진되었습니다. 크롤링이 중단됩니다.
2026-05-13 18:25:30,025 [ERROR] ApprovalRadar - 🚨 [긴급] 오늘자 식품나라 API 키가 모두 소진되었습니다. 크롤링이 중단됩니다.
2026-05-13 18:25:30,044 [ERROR] ApprovalRadar - 🚨 [긴급] 오늘자 식품나라 API 키가 모두 소진되었습니다. 크롤링이 중단됩니다.
2026-05-13 18:25:30,078 [ERROR] ApprovalRadar - 🚨 [긴급] 오늘자 식품나라 API 키가 모두 소진되었습니다. 크롤링이 중단됩니다.
2026-05-13 18:25:30,093 [ERROR] ApprovalRadar - 🚨 [긴급] 오늘자 식품나라 API 키가 모두 소진되었습니다. 크롤링이 중단됩니다.
2026-05-13 18:25:30,134 [ERROR] ApprovalRadar - 🚨 [긴급] 오늘자 식품나라 API 키가 모두 소진되었습니다. 크롤링이 중단됩니다.
2026-05-13 18:25:30,148 [ERROR] ApprovalRadar - 🚨 [긴급] 오늘자 식품나라 API 키가 모두 소진되었습니다. 크롤링이 중단됩니다.
2026-05-13 18:25:30,171 [ERROR] ApprovalRadar - 🚨 [긴급] 오늘자 식품나라 API 키가 모두 소진되었습니다. 크롤링이 중단됩니다.
2026-05-13 18:25:30,201 [ERROR] ApprovalRadar - 🚨 [긴급] 오늘자 식품나라 API 키가 모두 소진되었습니다. 크롤링이 중단됩니다.
2026-05-13 18:25:30,204 [ERROR] ApprovalRadar - 🚨 [긴급] 오늘자 식품나라 API 키가 모두 소진되었습니다. 크롤링이 중단됩니다.
2026-05-13 18:25:30,234 [ERROR] ApprovalRadar - 🚨 [긴급] 오늘자 식품나라 API 키가 모두 소진되었습니다. 크롤링이 중단됩니다.
2026-05-13 18:25:30,257 [ERROR] ApprovalRadar - 🚨 [긴급] 오늘자 식품나라 API 키가 모두 소진되었습니다. 크롤링이 중단됩니다.
2026-05-13 18:25:30,364 [ERROR] ApprovalRadar - 🚨 [긴급] 오늘자 식품나라 API 키가 모두 소진되었습니다. 크롤링이 중단됩니다.
2026-05-13 18:25:30,387 [ERROR] ApprovalRadar - 🚨 [긴급] 오늘자 식품나라 API 키가 모두 소진되었습니다. 크롤링이 중단됩니다.
2026-05-13 18:25:30,438 [ERROR] ApprovalRadar - 🚨 [긴급] 오늘자 식품나라 API 키가 모두 소진되었습니다. 크롤링이 중단됩니다.
2026-05-13 18:25:30,441 [ERROR] ApprovalRadar - 🚨 [긴급] 오늘자 식품나라 API 키가 모두 소진되었습니다. 크롤링이 중단됩니다.
2026-05-13 18:25:30,503 [ERROR] ApprovalRadar - 🚨 [긴급] 오늘자 식품나라 API 키가 모두 소진되었습니다. 크롤링이 중단됩니다.
2026-05-13 18:25:30,507 [ERROR] ApprovalRadar - 🚨 [긴급] 오늘자 식품나라 API 키가 모두 소진되었습니다. 크롤링이 중단됩니다.
2026-05-13 18:25:30,575 [ERROR] ApprovalRadar - 🚨 [긴급] 오늘자 식품나라 API 키가 모두 소진되었습니다. 크롤링이 중단됩니다.
2026-05-13 18:25:30,581 [ERROR] ApprovalRadar - 🚨 [긴급] 오늘자 식품나라 API 키가 모두 소진되었습니다. 크롤링이 중단됩니다.
2026-05-13 18:25:30,613 [ERROR] ApprovalRadar - 🚨 [긴급] 오늘자 식품나라 API 키가 모두 소진되었습니다. 크롤링이 중단됩니다.
2026-05-13 18:25:30,636 [ERROR] ApprovalRadar - 🚨 [긴급] 오늘자 식품나라 API 키가 모두 소진되었습니다. 크롤링이 중단됩니다.
2026-05-13 18:25:30,646 [ERROR] ApprovalRadar - 🚨 [긴급] 오늘자 식품나라 API 키가 모두 소진되었습니다. 크롤링이 중단됩니다.
2026-05-13 18:25:30,679 [ERROR] ApprovalRadar - 🚨 [긴급] 오늘자 식품나라 API 키가 모두 소진되었습니다. 크롤링이 중단됩니다.
2026-05-13 18:25:30,690 [ERROR] ApprovalRadar - 🚨 [긴급] 오늘자 식품나라 API 키가 모두 소진되었습니다. 크롤링이 중단됩니다.
2026-05-13 18:25:30,732 [ERROR] ApprovalRadar - 🚨 [긴급] 오늘자 식품나라 API 키가 모두 소진되었습니다. 크롤링이 중단됩니다.
2026-05-13 18:25:30,743 [ERROR] ApprovalRadar - 🚨 [긴급] 오늘자 식품나라 API 키가 모두 소진되었습니다. 크롤링이 중단됩니다.
2026-05-13 18:25:30,869 [ERROR] ApprovalRadar - 🚨 [긴급] 오늘자 식품나라 API 키가 모두 소진되었습니다. 크롤링이 중단됩니다.
2026-05-13 18:25:30,873 [ERROR] ApprovalRadar - 🚨 [긴급] 오늘자 식품나라 API 키가 모두 소진되었습니다. 크롤링이 중단됩니다.
2026-05-13 18:25:30,931 [ERROR] ApprovalRadar - 🚨 [긴급] 오늘자 식품나라 API 키가 모두 소진되었습니다. 크롤링이 중단됩니다.
2026-05-13 18:25:30,936 [ERROR] ApprovalRadar - 🚨 [긴급] 오늘자 식품나라 API 키가 모두 소진되었습니다. 크롤링이 중단됩니다.
2026-05-13 18:25:30,967 [ERROR] ApprovalRadar - 🚨 [긴급] 오늘자 식품나라 API 키가 모두 소진되었습니다. 크롤링이 중단됩니다.
2026-05-13 18:25:30,989 [ERROR] ApprovalRadar - 🚨 [긴급] 오늘자 식품나라 API 키가 모두 소진되었습니다. 크롤링이 중단됩니다.
2026-05-13 18:25:31,002 [ERROR] ApprovalRadar - 🚨 [긴급] 오늘자 식품나라 API 키가 모두 소진되었습니다. 크롤링이 중단됩니다.
2026-05-13 18:25:31,043 [ERROR] ApprovalRadar - 🚨 [긴급] 오늘자 식품나라 API 키가 모두 소진되었습니다. 크롤링이 중단됩니다.
2026-05-13 18:25:31,055 [ERROR] ApprovalRadar - 🚨 [긴급] 오늘자 식품나라 API 키가 모두 소진되었습니다. 크롤링이 중단됩니다.
2026-05-13 18:25:31,096 [ERROR] ApprovalRadar - 🚨 [긴급] 오늘자 식품나라 API 키가 모두 소진되었습니다. 크롤링이 중단됩니다.
2026-05-13 18:25:31,111 [ERROR] ApprovalRadar - 🚨 [긴급] 오늘자 식품나라 API 키가 모두 소진되었습니다. 크롤링이 중단됩니다.
2026-05-13 18:25:31,145 [ERROR] ApprovalRadar - 🚨 [긴급] 오늘자 식품나라 API 키가 모두 소진되었습니다. 크롤링이 중단됩니다.
2026-05-13 18:25:31,152 [ERROR] ApprovalRadar - 🚨 [긴급] 오늘자 식품나라 API 키가 모두 소진되었습니다. 크롤링이 중단됩니다.
2026-05-13 18:25:31,178 [ERROR] ApprovalRadar - 🚨 [긴급] 오늘자 식품나라 API 키가 모두 소진되었습니다. 크롤링이 중단됩니다.
2026-05-13 18:25:31,206 [ERROR] ApprovalRadar - 🚨 [긴급] 오늘자 식품나라 API 키가 모두 소진되었습니다. 크롤링이 중단됩니다.
2026-05-13 18:25:31,218 [ERROR] ApprovalRadar - 🚨 [긴급] 오늘자 식품나라 API 키가 모두 소진되었습니다. 크롤링이 중단됩니다.
2026-05-13 18:25:31,264 [ERROR] ApprovalRadar - 🚨 [긴급] 오늘자 식품나라 API 키가 모두 소진되었습니다. 크롤링이 중단됩니다.
2026-05-13 18:25:31,272 [ERROR] ApprovalRadar - 🚨 [긴급] 오늘자 식품나라 API 키가 모두 소진되었습니다. 크롤링이 중단됩니다.
2026-05-13 18:25:31,305 [ERROR] ApprovalRadar - 🚨 [긴급] 오늘자 식품나라 API 키가 모두 소진되었습니다. 크롤링이 중단됩니다.
2026-05-13 18:25:31,412 [ERROR] ApprovalRadar - 🚨 [긴급] 오늘자 식품나라 API 키가 모두 소진되었습니다. 크롤링이 중단됩니다.
2026-05-13 18:25:31,457 [ERROR] ApprovalRadar - 🚨 [긴급] 오늘자 식품나라 API 키가 모두 소진되었습니다. 크롤링이 중단됩니다.
2026-05-13 18:25:31,478 [ERROR] ApprovalRadar - 🚨 [긴급] 오늘자 식품나라 API 키가 모두 소진되었습니다. 크롤링이 중단됩니다.
2026-05-13 18:25:31,529 [ERROR] ApprovalRadar - 🚨 [긴급] 오늘자 식품나라 API 키가 모두 소진되었습니다. 크롤링이 중단됩니다.
2026-05-13 18:25:31,546 [ERROR] ApprovalRadar - 🚨 [긴급] 오늘자 식품나라 API 키가 모두 소진되었습니다. 크롤링이 중단됩니다.
2026-05-13 18:25:31,582 [ERROR] ApprovalRadar - 🚨 [긴급] 오늘자 식품나라 API 키가 모두 소진되었습니다. 크롤링이 중단됩니다.
2026-05-13 18:25:31,609 [ERROR] ApprovalRadar - 🚨 [긴급] 오늘자 식품나라 API 키가 모두 소진되었습니다. 크롤링이 중단됩니다.
2026-05-13 18:25:31,639 [ERROR] ApprovalRadar - 🚨 [긴급] 오늘자 식품나라 API 키가 모두 소진되었습니다. 크롤링이 중단됩니다.
2026-05-13 18:25:31,662 [ERROR] ApprovalRadar - 🚨 [긴급] 오늘자 식품나라 API 키가 모두 소진되었습니다. 크롤링이 중단됩니다.
2026-05-13 18:25:31,694 [ERROR] ApprovalRadar - 🚨 [긴급] 오늘자 식품나라 API 키가 모두 소진되었습니다. 크롤링이 중단됩니다.
2026-05-13 18:25:31,712 [ERROR] ApprovalRadar - 🚨 [긴급] 오늘자 식품나라 API 키가 모두 소진되었습니다. 크롤링이 중단됩니다.
2026-05-13 18:25:31,755 [ERROR] ApprovalRadar - 🚨 [긴급] 오늘자 식품나라 API 키가 모두 소진되었습니다. 크롤링이 중단됩니다.
2026-05-13 18:25:31,775 [ERROR] ApprovalRadar - 🚨 [긴급] 오늘자 식품나라 API 키가 모두 소진되었습니다. 크롤링이 중단됩니다.
2026-05-13 18:25:31,812 [ERROR] ApprovalRadar - 🚨 [긴급] 오늘자 식품나라 API 키가 모두 소진되었습니다. 크롤링이 중단됩니다.
2026-05-13 18:25:31,814 [ERROR] ApprovalRadar - 🚨 [긴급] 오늘자 식품나라 API 키가 모두 소진되었습니다. 크롤링이 중단됩니다.
2026-05-13 18:25:31,937 [ERROR] ApprovalRadar - 🚨 [긴급] 오늘자 식품나라 API 키가 모두 소진되었습니다. 크롤링이 중단됩니다.
2026-05-13 18:25:31,941 [ERROR] ApprovalRadar - 🚨 [긴급] 오늘자 식품나라 API 키가 모두 소진되었습니다. 크롤링이 중단됩니다.
2026-05-13 18:25:31,998 [ERROR] ApprovalRadar - 🚨 [긴급] 오늘자 식품나라 API 키가 모두 소진되었습니다. 크롤링이 중단됩니다.
2026-05-13 18:25:32,001 [ERROR] ApprovalRadar - 🚨 [긴급] 오늘자 식품나라 API 키가 모두 소진되었습니다. 크롤링이 중단됩니다.
2026-05-13 18:25:32,058 [ERROR] ApprovalRadar - 🚨 [긴급] 오늘자 식품나라 API 키가 모두 소진되었습니다. 크롤링이 중단됩니다.
2026-05-13 18:25:32,061 [ERROR] ApprovalRadar - 🚨 [긴급] 오늘자 식품나라 API 키가 모두 소진되었습니다. 크롤링이 중단됩니다.
2026-05-13 18:25:32,121 [ERROR] ApprovalRadar - 🚨 [긴급] 오늘자 식품나라 API 키가 모두 소진되었습니다. 크롤링이 중단됩니다.
2026-05-13 18:25:32,124 [ERROR] ApprovalRadar - 🚨 [긴급] 오늘자 식품나라 API 키가 모두 소진되었습니다. 크롤링이 중단됩니다.
2026-05-13 18:25:32,193 [ERROR] ApprovalRadar - 🚨 [긴급] 오늘자 식품나라 API 키가 모두 소진되었습니다. 크롤링이 중단됩니다.
2026-05-13 18:25:32,197 [ERROR] ApprovalRadar - 🚨 [긴급] 오늘자 식품나라 API 키가 모두 소진되었습니다. 크롤링이 중단됩니다.
2026-05-13 18:25:32,253 [ERROR] ApprovalRadar - 🚨 [긴급] 오늘자 식품나라 API 키가 모두 소진되었습니다. 크롤링이 중단됩니다.
2026-05-13 18:25:32,256 [ERROR] ApprovalRadar - 🚨 [긴급] 오늘자 식품나라 API 키가 모두 소진되었습니다. 크롤링이 중단됩니다.
2026-05-13 18:25:32,323 [ERROR] ApprovalRadar - 🚨 [긴급] 오늘자 식품나라 API 키가 모두 소진되었습니다. 크롤링이 중단됩니다.
2026-05-13 18:25:32,325 [WARNING] ApprovalRadar - [네트워크/응답 오류] Expecting value: line 1 column 1 (char 0). 1초 후 재시도합니다...
2026-05-13 18:25:32,463 [ERROR] ApprovalRadar - 🚨 [긴급] 오늘자 식품나라 API 키가 모두 소진되었습니다. 크롤링이 중단됩니다.
2026-05-13 18:25:32,512 [ERROR] ApprovalRadar - 🚨 [긴급] 오늘자 식품나라 API 키가 모두 소진되었습니다. 크롤링이 중단됩니다.
2026-05-13 18:25:32,552 [ERROR] ApprovalRadar - 🚨 [긴급] 오늘자 식품나라 API 키가 모두 소진되었습니다. 크롤링이 중단됩니다.
2026-05-13 18:25:32,618 [ERROR] ApprovalRadar - 🚨 [긴급] 오늘자 식품나라 API 키가 모두 소진되었습니다. 크롤링이 중단됩니다.
2026-05-13 18:25:32,671 [ERROR] ApprovalRadar - 🚨 [긴급] 오늘자 식품나라 API 키가 모두 소진되었습니다. 크롤링이 중단됩니다.
2026-05-13 18:25:32,723 [ERROR] ApprovalRadar - 🚨 [긴급] 오늘자 식품나라 API 키가 모두 소진되었습니다. 크롤링이 중단됩니다.
2026-05-13 18:25:32,782 [ERROR] ApprovalRadar - 🚨 [긴급] 오늘자 식품나라 API 키가 모두 소진되었습니다. 크롤링이 중단됩니다.
2026-05-13 18:25:32,839 [ERROR] ApprovalRadar - 🚨 [긴급] 오늘자 식품나라 API 키가 모두 소진되었습니다. 크롤링이 중단됩니다.
2026-05-13 18:25:32,981 [ERROR] ApprovalRadar - 🚨 [긴급] 오늘자 식품나라 API 키가 모두 소진되었습니다. 크롤링이 중단됩니다.
2026-05-13 18:25:33,035 [ERROR] ApprovalRadar - 🚨 [긴급] 오늘자 식품나라 API 키가 모두 소진되었습니다. 크롤링이 중단됩니다.
2026-05-13 18:25:33,091 [ERROR] ApprovalRadar - 🚨 [긴급] 오늘자 식품나라 API 키가 모두 소진되었습니다. 크롤링이 중단됩니다.
2026-05-13 18:25:33,130 [ERROR] ApprovalRadar - 🚨 [긴급] 오늘자 식품나라 API 키가 모두 소진되었습니다. 크롤링이 중단됩니다.
2026-05-13 18:25:33,182 [ERROR] ApprovalRadar - 🚨 [긴급] 오늘자 식품나라 API 키가 모두 소진되었습니다. 크롤링이 중단됩니다.
2026-05-13 18:25:33,240 [ERROR] ApprovalRadar - 🚨 [긴급] 오늘자 식품나라 API 키가 모두 소진되었습니다. 크롤링이 중단됩니다.
2026-05-13 18:25:33,297 [ERROR] ApprovalRadar - 🚨 [긴급] 오늘자 식품나라 API 키가 모두 소진되었습니다. 크롤링이 중단됩니다.
2026-05-13 18:25:33,359 [ERROR] ApprovalRadar - 🚨 [긴급] 오늘자 식품나라 API 키가 모두 소진되었습니다. 크롤링이 중단됩니다.
2026-05-13 18:25:33,394 [ERROR] ApprovalRadar - 🚨 [긴급] 오늘자 식품나라 API 키가 모두 소진되었습니다. 크롤링이 중단됩니다.
2026-05-13 18:25:33,518 [ERROR] ApprovalRadar - 🚨 [긴급] 오늘자 식품나라 API 키가 모두 소진되었습니다. 크롤링이 중단됩니다.
2026-05-13 18:25:33,523 [ERROR] ApprovalRadar - 🚨 [긴급] 오늘자 식품나라 API 키가 모두 소진되었습니다. 크롤링이 중단됩니다.
2026-05-13 18:25:33,570 [ERROR] ApprovalRadar - 🚨 [긴급] 오늘자 식품나라 API 키가 모두 소진되었습니다. 크롤링이 중단됩니다.
2026-05-13 18:25:33,581 [ERROR] ApprovalRadar - 🚨 [긴급] 오늘자 식품나라 API 키가 모두 소진되었습니다. 크롤링이 중단됩니다.
2026-05-13 18:25:33,625 [ERROR] ApprovalRadar - 🚨 [긴급] 오늘자 식품나라 API 키가 모두 소진되었습니다. 크롤링이 중단됩니다.
2026-05-13 18:25:33,634 [ERROR] ApprovalRadar - 🚨 [긴급] 오늘자 식품나라 API 키가 모두 소진되었습니다. 크롤링이 중단됩니다.
2026-05-13 18:25:33,684 [ERROR] ApprovalRadar - 🚨 [긴급] 오늘자 식품나라 API 키가 모두 소진되었습니다. 크롤링이 중단됩니다.
2026-05-13 18:25:33,686 [ERROR] ApprovalRadar - 🚨 [긴급] 오늘자 식품나라 API 키가 모두 소진되었습니다. 크롤링이 중단됩니다.
2026-05-13 18:25:33,717 [ERROR] ApprovalRadar - 🚨 [긴급] 오늘자 식품나라 API 키가 모두 소진되었습니다. 크롤링이 중단됩니다.
2026-05-13 18:25:33,722 [ERROR] ApprovalRadar - 🚨 [긴급] 오늘자 식품나라 API 키가 모두 소진되었습니다. 크롤링이 중단됩니다.
2026-05-13 18:25:33,777 [ERROR] ApprovalRadar - 🚨 [긴급] 오늘자 식품나라 API 키가 모두 소진되었습니다. 크롤링이 중단됩니다.
2026-05-13 18:25:33,778 [ERROR] ApprovalRadar - 🚨 [긴급] 오늘자 식품나라 API 키가 모두 소진되었습니다. 크롤링이 중단됩니다.
2026-05-13 18:25:33,833 [ERROR] ApprovalRadar - 🚨 [긴급] 오늘자 식품나라 API 키가 모두 소진되었습니다. 크롤링이 중단됩니다.
2026-05-13 18:25:33,837 [ERROR] ApprovalRadar - 🚨 [긴급] 오늘자 식품나라 API 키가 모두 소진되었습니다. 크롤링이 중단됩니다.
2026-05-13 18:25:33,893 [WARNING] ApprovalRadar - [네트워크/응답 오류] Expecting value: line 1 column 1 (char 0). 1초 후 재시도합니다...
2026-05-13 18:25:33,893 [ERROR] ApprovalRadar - 🚨 [긴급] 오늘자 식품나라 API 키가 모두 소진되었습니다. 크롤링이 중단됩니다.
2026-05-13 18:25:34,035 [ERROR] ApprovalRadar - 🚨 [긴급] 오늘자 식품나라 API 키가 모두 소진되었습니다. 크롤링이 중단됩니다.
2026-05-13 18:25:34,094 [ERROR] ApprovalRadar - 🚨 [긴급] 오늘자 식품나라 API 키가 모두 소진되었습니다. 크롤링이 중단됩니다.
2026-05-13 18:25:34,155 [ERROR] ApprovalRadar - 🚨 [긴급] 오늘자 식품나라 API 키가 모두 소진되었습니다. 크롤링이 중단됩니다.
2026-05-13 18:25:34,221 [ERROR] ApprovalRadar - 🚨 [긴급] 오늘자 식품나라 API 키가 모두 소진되었습니다. 크롤링이 중단됩니다.
2026-05-13 18:25:34,284 [ERROR] ApprovalRadar - 🚨 [긴급] 오늘자 식품나라 API 키가 모두 소진되었습니다. 크롤링이 중단됩니다.
2026-05-13 18:25:34,323 [ERROR] ApprovalRadar - 🚨 [긴급] 오늘자 식품나라 API 키가 모두 소진되었습니다. 크롤링이 중단됩니다.
2026-05-13 18:25:34,385 [ERROR] ApprovalRadar - 🚨 [긴급] 오늘자 식품나라 API 키가 모두 소진되었습니다. 크롤링이 중단됩니다.
2026-05-13 18:25:34,545 [ERROR] ApprovalRadar - 🚨 [긴급] 오늘자 식품나라 API 키가 모두 소진되었습니다. 크롤링이 중단됩니다.
2026-05-13 18:25:34,612 [ERROR] ApprovalRadar - 🚨 [긴급] 오늘자 식품나라 API 키가 모두 소진되었습니다. 크롤링이 중단됩니다.
2026-05-13 18:25:34,958 [ERROR] ApprovalRadar - 🚨 [긴급] 오늘자 식품나라 API 키가 모두 소진되었습니다. 크롤링이 중단됩니다.
2026-05-13 18:25:34,961 [ERROR] ApprovalRadar - ❌ I2500 크롤러 스케줄 작업 중 치명적인 오류 발생: All API keys are exhausted for today.
2026-05-13 18:25:35,321 [INFO] ApprovalRadar - Initializing Database...
2026-05-13 18:25:35,323 [INFO] ApprovalRadar - Starting Industry Type Backfill Job...
2026-05-13 18:25:35,323 [INFO] ApprovalRadar - Configuring APScheduler jobs...
2026-05-13 18:25:35,326 [INFO] ApprovalRadar - Adding initial catch-up scraper job to background...
2026-05-13 18:25:35,327 [INFO] ApprovalRadar - Starting DiffCrawler Delta Sync Job for I2859...
2026-05-13 18:25:35,328 [INFO] ApprovalRadar - APScheduler started successfully.
2026-05-13 18:25:35,328 [INFO] ApprovalRadar - 총 2403건의 세부업종 누락 데이터를 발견했습니다. 백필을 시작합니다.
2026-05-13 18:25:35,391 [INFO] ApprovalRadar - [키 회전] API 한도 초과! 새로운 키로 교체: f1282***
2026-05-13 18:25:35,392 [WARNING] ApprovalRadar - 키 회전 후 3.0초 대기...
2026-05-13 18:25:35,402 [INFO] ApprovalRadar - [키 회전] API 한도 초과! 새로운 키로 교체: f1282***
2026-05-13 18:25:35,403 [WARNING] ApprovalRadar - 키 회전 후 3.0초 대기...
2026-05-13 18:25:38,466 [INFO] ApprovalRadar - [키 회전] API 한도 초과! 새로운 키로 교체: ba698***
2026-05-13 18:25:38,468 [WARNING] ApprovalRadar - 키 회전 후 3.0초 대기...
2026-05-13 18:25:38,472 [INFO] ApprovalRadar - [키 회전] API 한도 초과! 새로운 키로 교체: ba698***
2026-05-13 18:25:38,474 [WARNING] ApprovalRadar - 키 회전 후 3.0초 대기...
2026-05-13 18:25:41,183 [INFO] ApprovalRadar - Shutting down APScheduler...
2026-05-13 18:25:41,539 [WARNING] ApprovalRadar - [네트워크/응답 오류] Expecting value: line 1 column 1 (char 0). 1초 후 재시도합니다...
2026-05-13 18:25:43,485 [INFO] ApprovalRadar - ✨ [소요시간: 8.16초] 새로운 데이터가 감지되지 않았습니다. (현재 전체 데이터: 22416건)
2026-05-13 18:25:43,487 [INFO] ApprovalRadar - Starting DiffCrawler Delta Sync Job for I2500...
2026-05-13 18:25:43,490 [INFO] ApprovalRadar - 최초 실행: 베이스라인 부트스트랩을 시작합니다...
2026-05-13 18:25:43,492 [INFO] ApprovalRadar - [Bootstrapper] True Tail(실제 마지막 데이터) 찾는 중...
2026-05-13 18:25:43,553 [INFO] ApprovalRadar - [키 회전] API 한도 초과! 새로운 키로 교체: f1282***
2026-05-13 18:25:43,555 [WARNING] ApprovalRadar - 키 회전 후 3.0초 대기...
2026-05-13 18:25:46,651 [INFO] ApprovalRadar - [키 회전] API 한도 초과! 새로운 키로 교체: ba698***
2026-05-13 18:25:46,652 [WARNING] ApprovalRadar - 키 회전 후 3.0초 대기...
2026-05-13 18:25:53,122 [WARNING] ApprovalRadar - [네트워크/응답 오류] Expecting value: line 1 column 1 (char 0). 1초 후 재시도합니다...
2026-05-13 18:25:54,178 [WARNING] ApprovalRadar - [네트워크/응답 오류] Expecting value: line 1 column 1 (char 0). 2초 후 재시도합니다...
2026-05-13 18:25:56,237 [WARNING] ApprovalRadar - [네트워크/응답 오류] Expecting value: line 1 column 1 (char 0). 4초 후 재시도합니다...
2026-05-13 18:26:00,245 [WARNING] ApprovalRadar - 연속적인 응답 오류 발생! 해당 키가 WAF에 의해 임시 차단된 것으로 의심되어 키를 회전합니다.
2026-05-13 18:26:00,250 [INFO] ApprovalRadar - [키 회전] API 한도 초과! 새로운 키로 교체: 67f07***
2026-05-13 18:26:08,094 [INFO] ApprovalRadar - [Bootstrapper] 전체 데이터 건수 확인 완료: 1000000건
2026-05-13 18:26:08,096 [INFO] ApprovalRadar - [Bootstrapper] 피벗 캐싱 시작 (간격: 5000)...
2026-05-13 18:26:09,942 [WARNING] ApprovalRadar - [네트워크/응답 오류] Expecting value: line 1 column 1 (char 0). 1초 후 재시도합니다...
2026-05-13 18:26:11,029 [WARNING] ApprovalRadar - [네트워크/응답 오류] Expecting value: line 1 column 1 (char 0). 1초 후 재시도합니다...
2026-05-13 18:26:12,092 [WARNING] ApprovalRadar - [네트워크/응답 오류] Expecting value: line 1 column 1 (char 0). 2초 후 재시도합니다...
2026-05-13 18:26:14,972 [WARNING] ApprovalRadar - [네트워크/응답 오류] Expecting value: line 1 column 1 (char 0). 1초 후 재시도합니다...
2026-05-13 18:26:16,835 [WARNING] ApprovalRadar - [네트워크/응답 오류] Expecting value: line 1 column 1 (char 0). 1초 후 재시도합니다...
2026-05-13 18:26:17,899 [WARNING] ApprovalRadar - [네트워크/응답 오류] Expecting value: line 1 column 1 (char 0). 2초 후 재시도합니다...
2026-05-13 18:26:19,966 [WARNING] ApprovalRadar - [네트워크/응답 오류] Expecting value: line 1 column 1 (char 0). 4초 후 재시도합니다...
2026-05-13 18:26:23,974 [WARNING] ApprovalRadar - 연속적인 응답 오류 발생! 해당 키가 WAF에 의해 임시 차단된 것으로 의심되어 키를 회전합니다.
2026-05-13 18:26:23,977 [INFO] ApprovalRadar - [키 회전] API 한도 초과! 새로운 키로 교체: 67f07***
2026-05-13 18:26:27,021 [WARNING] ApprovalRadar - [네트워크/응답 오류] Expecting value: line 1 column 1 (char 0). 8초 후 재시도합니다...
2026-05-13 18:26:30,693 [WARNING] ApprovalRadar - [네트워크/응답 오류] Expecting value: line 1 column 1 (char 0). 1초 후 재시도합니다...
2026-05-13 18:26:35,029 [WARNING] ApprovalRadar - 연속적인 응답 오류 발생! 해당 키가 WAF에 의해 임시 차단된 것으로 의심되어 키를 회전합니다.
2026-05-13 18:26:35,032 [INFO] ApprovalRadar - [키 회전] API 한도 초과! 새로운 키로 교체: e7b3f***
2026-05-13 18:26:35,419 [ERROR] ApprovalRadar - 🚨 [긴급] 오늘자 식품나라 API 키가 모두 소진되었습니다. 크롤링이 중단됩니다.
2026-05-13 18:26:35,483 [ERROR] ApprovalRadar - 🚨 [긴급] 오늘자 식품나라 API 키가 모두 소진되었습니다. 크롤링이 중단됩니다.
2026-05-13 18:26:35,557 [ERROR] ApprovalRadar - 🚨 [긴급] 오늘자 식품나라 API 키가 모두 소진되었습니다. 크롤링이 중단됩니다.
2026-05-13 18:26:35,599 [ERROR] ApprovalRadar - 🚨 [긴급] 오늘자 식품나라 API 키가 모두 소진되었습니다. 크롤링이 중단됩니다.
2026-05-13 18:26:35,654 [ERROR] ApprovalRadar - 🚨 [긴급] 오늘자 식품나라 API 키가 모두 소진되었습니다. 크롤링이 중단됩니다.
2026-05-13 18:26:35,714 [ERROR] ApprovalRadar - 🚨 [긴급] 오늘자 식품나라 API 키가 모두 소진되었습니다. 크롤링이 중단됩니다.
2026-05-13 18:26:35,754 [ERROR] ApprovalRadar - 🚨 [긴급] 오늘자 식품나라 API 키가 모두 소진되었습니다. 크롤링이 중단됩니다.
2026-05-13 18:26:35,904 [ERROR] ApprovalRadar - 🚨 [긴급] 오늘자 식품나라 API 키가 모두 소진되었습니다. 크롤링이 중단됩니다.
2026-05-13 18:26:35,947 [ERROR] ApprovalRadar - 🚨 [긴급] 오늘자 식품나라 API 키가 모두 소진되었습니다. 크롤링이 중단됩니다.
2026-05-13 18:26:35,987 [ERROR] ApprovalRadar - 🚨 [긴급] 오늘자 식품나라 API 키가 모두 소진되었습니다. 크롤링이 중단됩니다.
2026-05-13 18:26:36,048 [ERROR] ApprovalRadar - 🚨 [긴급] 오늘자 식품나라 API 키가 모두 소진되었습니다. 크롤링이 중단됩니다.
2026-05-13 18:26:36,087 [ERROR] ApprovalRadar - 🚨 [긴급] 오늘자 식품나라 API 키가 모두 소진되었습니다. 크롤링이 중단됩니다.
2026-05-13 18:26:36,145 [ERROR] ApprovalRadar - 🚨 [긴급] 오늘자 식품나라 API 키가 모두 소진되었습니다. 크롤링이 중단됩니다.
2026-05-13 18:26:36,203 [ERROR] ApprovalRadar - 🚨 [긴급] 오늘자 식품나라 API 키가 모두 소진되었습니다. 크롤링이 중단됩니다.
2026-05-13 18:26:36,248 [ERROR] ApprovalRadar - 🚨 [긴급] 오늘자 식품나라 API 키가 모두 소진되었습니다. 크롤링이 중단됩니다.
2026-05-13 18:26:36,314 [ERROR] ApprovalRadar - 🚨 [긴급] 오늘자 식품나라 API 키가 모두 소진되었습니다. 크롤링이 중단됩니다.
2026-05-13 18:26:36,464 [ERROR] ApprovalRadar - 🚨 [긴급] 오늘자 식품나라 API 키가 모두 소진되었습니다. 크롤링이 중단됩니다.
2026-05-13 18:26:36,540 [ERROR] ApprovalRadar - 🚨 [긴급] 오늘자 식품나라 API 키가 모두 소진되었습니다. 크롤링이 중단됩니다.
2026-05-13 18:26:36,612 [ERROR] ApprovalRadar - 🚨 [긴급] 오늘자 식품나라 API 키가 모두 소진되었습니다. 크롤링이 중단됩니다.
2026-05-13 18:26:36,674 [ERROR] ApprovalRadar - 🚨 [긴급] 오늘자 식품나라 API 키가 모두 소진되었습니다. 크롤링이 중단됩니다.
2026-05-13 18:26:36,731 [ERROR] ApprovalRadar - 🚨 [긴급] 오늘자 식품나라 API 키가 모두 소진되었습니다. 크롤링이 중단됩니다.
2026-05-13 18:26:36,796 [ERROR] ApprovalRadar - 🚨 [긴급] 오늘자 식품나라 API 키가 모두 소진되었습니다. 크롤링이 중단됩니다.
2026-05-13 18:26:36,946 [ERROR] ApprovalRadar - 🚨 [긴급] 오늘자 식품나라 API 키가 모두 소진되었습니다. 크롤링이 중단됩니다.
2026-05-13 18:26:36,982 [ERROR] ApprovalRadar - 🚨 [긴급] 오늘자 식품나라 API 키가 모두 소진되었습니다. 크롤링이 중단됩니다.
2026-05-13 18:26:37,017 [ERROR] ApprovalRadar - 🚨 [긴급] 오늘자 식품나라 API 키가 모두 소진되었습니다. 크롤링이 중단됩니다.
2026-05-13 18:26:37,071 [ERROR] ApprovalRadar - 🚨 [긴급] 오늘자 식품나라 API 키가 모두 소진되었습니다. 크롤링이 중단됩니다.
2026-05-13 18:26:37,108 [ERROR] ApprovalRadar - 🚨 [긴급] 오늘자 식품나라 API 키가 모두 소진되었습니다. 크롤링이 중단됩니다.
2026-05-13 18:26:37,164 [ERROR] ApprovalRadar - 🚨 [긴급] 오늘자 식품나라 API 키가 모두 소진되었습니다. 크롤링이 중단됩니다.
2026-05-13 18:26:37,220 [ERROR] ApprovalRadar - 🚨 [긴급] 오늘자 식품나라 API 키가 모두 소진되었습니다. 크롤링이 중단됩니다.
2026-05-13 18:26:37,289 [ERROR] ApprovalRadar - 🚨 [긴급] 오늘자 식품나라 API 키가 모두 소진되었습니다. 크롤링이 중단됩니다.
2026-05-13 18:26:37,328 [ERROR] ApprovalRadar - 🚨 [긴급] 오늘자 식품나라 API 키가 모두 소진되었습니다. 크롤링이 중단됩니다.
2026-05-13 18:26:37,475 [ERROR] ApprovalRadar - 🚨 [긴급] 오늘자 식품나라 API 키가 모두 소진되었습니다. 크롤링이 중단됩니다.
2026-05-13 18:26:37,540 [ERROR] ApprovalRadar - 🚨 [긴급] 오늘자 식품나라 API 키가 모두 소진되었습니다. 크롤링이 중단됩니다.
2026-05-13 18:26:37,599 [ERROR] ApprovalRadar - 🚨 [긴급] 오늘자 식품나라 API 키가 모두 소진되었습니다. 크롤링이 중단됩니다.
2026-05-13 18:26:37,653 [ERROR] ApprovalRadar - 🚨 [긴급] 오늘자 식품나라 API 키가 모두 소진되었습니다. 크롤링이 중단됩니다.
2026-05-13 18:26:37,685 [ERROR] ApprovalRadar - 🚨 [긴급] 오늘자 식품나라 API 키가 모두 소진되었습니다. 크롤링이 중단됩니다.
2026-05-13 18:26:37,721 [ERROR] ApprovalRadar - 🚨 [긴급] 오늘자 식품나라 API 키가 모두 소진되었습니다. 크롤링이 중단됩니다.
2026-05-13 18:26:37,782 [ERROR] ApprovalRadar - 🚨 [긴급] 오늘자 식품나라 API 키가 모두 소진되었습니다. 크롤링이 중단됩니다.
2026-05-13 18:26:37,837 [ERROR] ApprovalRadar - 🚨 [긴급] 오늘자 식품나라 API 키가 모두 소진되었습니다. 크롤링이 중단됩니다.
2026-05-13 18:26:37,870 [ERROR] ApprovalRadar - 🚨 [긴급] 오늘자 식품나라 API 키가 모두 소진되었습니다. 크롤링이 중단됩니다.
2026-05-13 18:26:38,000 [ERROR] ApprovalRadar - 🚨 [긴급] 오늘자 식품나라 API 키가 모두 소진되었습니다. 크롤링이 중단됩니다.
2026-05-13 18:26:38,058 [ERROR] ApprovalRadar - 🚨 [긴급] 오늘자 식품나라 API 키가 모두 소진되었습니다. 크롤링이 중단됩니다.
2026-05-13 18:26:38,093 [ERROR] ApprovalRadar - 🚨 [긴급] 오늘자 식품나라 API 키가 모두 소진되었습니다. 크롤링이 중단됩니다.
2026-05-13 18:26:38,095 [ERROR] ApprovalRadar - 🚨 [긴급] 오늘자 식품나라 API 키가 모두 소진되었습니다. 크롤링이 중단됩니다.
2026-05-13 18:26:38,147 [ERROR] ApprovalRadar - 🚨 [긴급] 오늘자 식품나라 API 키가 모두 소진되었습니다. 크롤링이 중단됩니다.
2026-05-13 18:26:38,149 [ERROR] ApprovalRadar - 🚨 [긴급] 오늘자 식품나라 API 키가 모두 소진되었습니다. 크롤링이 중단됩니다.
2026-05-13 18:26:38,203 [ERROR] ApprovalRadar - 🚨 [긴급] 오늘자 식품나라 API 키가 모두 소진되었습니다. 크롤링이 중단됩니다.
2026-05-13 18:26:38,208 [ERROR] ApprovalRadar - 🚨 [긴급] 오늘자 식품나라 API 키가 모두 소진되었습니다. 크롤링이 중단됩니다.
2026-05-13 18:26:38,260 [ERROR] ApprovalRadar - 🚨 [긴급] 오늘자 식품나라 API 키가 모두 소진되었습니다. 크롤링이 중단됩니다.
2026-05-13 18:26:38,265 [ERROR] ApprovalRadar - 🚨 [긴급] 오늘자 식품나라 API 키가 모두 소진되었습니다. 크롤링이 중단됩니다.
2026-05-13 18:26:38,295 [ERROR] ApprovalRadar - 🚨 [긴급] 오늘자 식품나라 API 키가 모두 소진되었습니다. 크롤링이 중단됩니다.
2026-05-13 18:26:38,319 [ERROR] ApprovalRadar - 🚨 [긴급] 오늘자 식품나라 API 키가 모두 소진되었습니다. 크롤링이 중단됩니다.
2026-05-13 18:26:38,349 [ERROR] ApprovalRadar - 🚨 [긴급] 오늘자 식품나라 API 키가 모두 소진되었습니다. 크롤링이 중단됩니다.
2026-05-13 18:26:38,380 [ERROR] ApprovalRadar - 🚨 [긴급] 오늘자 식품나라 API 키가 모두 소진되었습니다. 크롤링이 중단됩니다.
2026-05-13 18:26:38,401 [ERROR] ApprovalRadar - 🚨 [긴급] 오늘자 식품나라 API 키가 모두 소진되었습니다. 크롤링이 중단됩니다.
2026-05-13 18:26:38,521 [ERROR] ApprovalRadar - 🚨 [긴급] 오늘자 식품나라 API 키가 모두 소진되었습니다. 크롤링이 중단됩니다.
2026-05-13 18:26:38,528 [ERROR] ApprovalRadar - 🚨 [긴급] 오늘자 식품나라 API 키가 모두 소진되었습니다. 크롤링이 중단됩니다.
2026-05-13 18:26:38,583 [ERROR] ApprovalRadar - 🚨 [긴급] 오늘자 식품나라 API 키가 모두 소진되었습니다. 크롤링이 중단됩니다.
2026-05-13 18:26:38,593 [ERROR] ApprovalRadar - 🚨 [긴급] 오늘자 식품나라 API 키가 모두 소진되었습니다. 크롤링이 중단됩니다.
2026-05-13 18:26:38,635 [ERROR] ApprovalRadar - 🚨 [긴급] 오늘자 식품나라 API 키가 모두 소진되었습니다. 크롤링이 중단됩니다.
2026-05-13 18:26:38,640 [ERROR] ApprovalRadar - 🚨 [긴급] 오늘자 식품나라 API 키가 모두 소진되었습니다. 크롤링이 중단됩니다.
2026-05-13 18:26:38,700 [ERROR] ApprovalRadar - 🚨 [긴급] 오늘자 식품나라 API 키가 모두 소진되었습니다. 크롤링이 중단됩니다.
2026-05-13 18:26:38,703 [ERROR] ApprovalRadar - 🚨 [긴급] 오늘자 식품나라 API 키가 모두 소진되었습니다. 크롤링이 중단됩니다.
2026-05-13 18:26:38,766 [ERROR] ApprovalRadar - 🚨 [긴급] 오늘자 식품나라 API 키가 모두 소진되었습니다. 크롤링이 중단됩니다.
2026-05-13 18:26:38,769 [ERROR] ApprovalRadar - 🚨 [긴급] 오늘자 식품나라 API 키가 모두 소진되었습니다. 크롤링이 중단됩니다.
2026-05-13 18:26:38,824 [ERROR] ApprovalRadar - 🚨 [긴급] 오늘자 식품나라 API 키가 모두 소진되었습니다. 크롤링이 중단됩니다.
2026-05-13 18:26:38,827 [ERROR] ApprovalRadar - 🚨 [긴급] 오늘자 식품나라 API 키가 모두 소진되었습니다. 크롤링이 중단됩니다.
2026-05-13 18:26:38,860 [ERROR] ApprovalRadar - 🚨 [긴급] 오늘자 식품나라 API 키가 모두 소진되었습니다. 크롤링이 중단됩니다.
2026-05-13 18:26:38,878 [ERROR] ApprovalRadar - 🚨 [긴급] 오늘자 식품나라 API 키가 모두 소진되었습니다. 크롤링이 중단됩니다.
2026-05-13 18:26:38,917 [ERROR] ApprovalRadar - 🚨 [긴급] 오늘자 식품나라 API 키가 모두 소진되었습니다. 크롤링이 중단됩니다.
2026-05-13 18:26:38,931 [ERROR] ApprovalRadar - 🚨 [긴급] 오늘자 식품나라 API 키가 모두 소진되었습니다. 크롤링이 중단됩니다.
2026-05-13 18:26:39,043 [ERROR] ApprovalRadar - 🚨 [긴급] 오늘자 식품나라 API 키가 모두 소진되었습니다. 크롤링이 중단됩니다.
2026-05-13 18:26:39,074 [ERROR] ApprovalRadar - 🚨 [긴급] 오늘자 식품나라 API 키가 모두 소진되었습니다. 크롤링이 중단됩니다.
2026-05-13 18:26:39,100 [ERROR] ApprovalRadar - 🚨 [긴급] 오늘자 식품나라 API 키가 모두 소진되었습니다. 크롤링이 중단됩니다.
2026-05-13 18:26:39,116 [ERROR] ApprovalRadar - 🚨 [긴급] 오늘자 식품나라 API 키가 모두 소진되었습니다. 크롤링이 중단됩니다.
2026-05-13 18:26:39,153 [ERROR] ApprovalRadar - 🚨 [긴급] 오늘자 식품나라 API 키가 모두 소진되었습니다. 크롤링이 중단됩니다.
2026-05-13 18:26:39,187 [ERROR] ApprovalRadar - 🚨 [긴급] 오늘자 식품나라 API 키가 모두 소진되었습니다. 크롤링이 중단됩니다.
2026-05-13 18:26:39,207 [ERROR] ApprovalRadar - 🚨 [긴급] 오늘자 식품나라 API 키가 모두 소진되었습니다. 크롤링이 중단됩니다.
2026-05-13 18:26:39,243 [ERROR] ApprovalRadar - 🚨 [긴급] 오늘자 식품나라 API 키가 모두 소진되었습니다. 크롤링이 중단됩니다.
2026-05-13 18:26:39,259 [ERROR] ApprovalRadar - 🚨 [긴급] 오늘자 식품나라 API 키가 모두 소진되었습니다. 크롤링이 중단됩니다.
2026-05-13 18:26:39,301 [ERROR] ApprovalRadar - 🚨 [긴급] 오늘자 식품나라 API 키가 모두 소진되었습니다. 크롤링이 중단됩니다.
2026-05-13 18:26:39,311 [ERROR] ApprovalRadar - 🚨 [긴급] 오늘자 식품나라 API 키가 모두 소진되었습니다. 크롤링이 중단됩니다.
2026-05-13 18:26:39,358 [ERROR] ApprovalRadar - 🚨 [긴급] 오늘자 식품나라 API 키가 모두 소진되었습니다. 크롤링이 중단됩니다.
2026-05-13 18:26:39,363 [ERROR] ApprovalRadar - 🚨 [긴급] 오늘자 식품나라 API 키가 모두 소진되었습니다. 크롤링이 중단됩니다.
2026-05-13 18:26:39,411 [ERROR] ApprovalRadar - 🚨 [긴급] 오늘자 식품나라 API 키가 모두 소진되었습니다. 크롤링이 중단됩니다.
2026-05-13 18:26:39,421 [ERROR] ApprovalRadar - 🚨 [긴급] 오늘자 식품나라 API 키가 모두 소진되었습니다. 크롤링이 중단됩니다.
2026-05-13 18:26:39,446 [ERROR] ApprovalRadar - 🚨 [긴급] 오늘자 식품나라 API 키가 모두 소진되었습니다. 크롤링이 중단됩니다.
2026-05-13 18:26:39,569 [ERROR] ApprovalRadar - 🚨 [긴급] 오늘자 식품나라 API 키가 모두 소진되었습니다. 크롤링이 중단됩니다.
2026-05-13 18:26:39,572 [ERROR] ApprovalRadar - 🚨 [긴급] 오늘자 식품나라 API 키가 모두 소진되었습니다. 크롤링이 중단됩니다.
2026-05-13 18:26:39,626 [ERROR] ApprovalRadar - 🚨 [긴급] 오늘자 식품나라 API 키가 모두 소진되었습니다. 크롤링이 중단됩니다.
2026-05-13 18:26:39,632 [ERROR] ApprovalRadar - 🚨 [긴급] 오늘자 식품나라 API 키가 모두 소진되었습니다. 크롤링이 중단됩니다.
2026-05-13 18:26:39,680 [ERROR] ApprovalRadar - 🚨 [긴급] 오늘자 식품나라 API 키가 모두 소진되었습니다. 크롤링이 중단됩니다.
2026-05-13 18:26:39,684 [ERROR] ApprovalRadar - 🚨 [긴급] 오늘자 식품나라 API 키가 모두 소진되었습니다. 크롤링이 중단됩니다.
2026-05-13 18:26:39,721 [ERROR] ApprovalRadar - 🚨 [긴급] 오늘자 식품나라 API 키가 모두 소진되었습니다. 크롤링이 중단됩니다.
2026-05-13 18:26:39,737 [ERROR] ApprovalRadar - 🚨 [긴급] 오늘자 식품나라 API 키가 모두 소진되었습니다. 크롤링이 중단됩니다.
2026-05-13 18:26:39,756 [ERROR] ApprovalRadar - 🚨 [긴급] 오늘자 식품나라 API 키가 모두 소진되었습니다. 크롤링이 중단됩니다.
2026-05-13 18:26:39,791 [ERROR] ApprovalRadar - 🚨 [긴급] 오늘자 식품나라 API 키가 모두 소진되었습니다. 크롤링이 중단됩니다.
2026-05-13 18:26:39,810 [ERROR] ApprovalRadar - 🚨 [긴급] 오늘자 식품나라 API 키가 모두 소진되었습니다. 크롤링이 중단됩니다.
2026-05-13 18:26:39,847 [ERROR] ApprovalRadar - 🚨 [긴급] 오늘자 식품나라 API 키가 모두 소진되었습니다. 크롤링이 중단됩니다.
2026-05-13 18:26:39,870 [ERROR] ApprovalRadar - 🚨 [긴급] 오늘자 식품나라 API 키가 모두 소진되었습니다. 크롤링이 중단됩니다.
2026-05-13 18:26:39,905 [ERROR] ApprovalRadar - 🚨 [긴급] 오늘자 식품나라 API 키가 모두 소진되었습니다. 크롤링이 중단됩니다.
2026-05-13 18:26:39,924 [ERROR] ApprovalRadar - 🚨 [긴급] 오늘자 식품나라 API 키가 모두 소진되었습니다. 크롤링이 중단됩니다.
2026-05-13 18:26:39,964 [ERROR] ApprovalRadar - 🚨 [긴급] 오늘자 식품나라 API 키가 모두 소진되었습니다. 크롤링이 중단됩니다.
2026-05-13 18:26:39,967 [ERROR] ApprovalRadar - 🚨 [긴급] 오늘자 식품나라 API 키가 모두 소진되었습니다. 크롤링이 중단됩니다.
2026-05-13 18:26:40,098 [ERROR] ApprovalRadar - 🚨 [긴급] 오늘자 식품나라 API 키가 모두 소진되었습니다. 크롤링이 중단됩니다.
2026-05-13 18:26:40,098 [WARNING] ApprovalRadar - [네트워크/응답 오류] Expecting value: line 1 column 1 (char 0). 1초 후 재시도합니다...
2026-05-13 18:26:40,133 [ERROR] ApprovalRadar - 🚨 [긴급] 오늘자 식품나라 API 키가 모두 소진되었습니다. 크롤링이 중단됩니다.
2026-05-13 18:26:40,187 [ERROR] ApprovalRadar - 🚨 [긴급] 오늘자 식품나라 API 키가 모두 소진되었습니다. 크롤링이 중단됩니다.
2026-05-13 18:26:40,225 [ERROR] ApprovalRadar - 🚨 [긴급] 오늘자 식품나라 API 키가 모두 소진되었습니다. 크롤링이 중단됩니다.
2026-05-13 18:26:40,277 [ERROR] ApprovalRadar - 🚨 [긴급] 오늘자 식품나라 API 키가 모두 소진되었습니다. 크롤링이 중단됩니다.
2026-05-13 18:26:40,331 [ERROR] ApprovalRadar - 🚨 [긴급] 오늘자 식품나라 API 키가 모두 소진되었습니다. 크롤링이 중단됩니다.
2026-05-13 18:26:40,398 [ERROR] ApprovalRadar - 🚨 [긴급] 오늘자 식품나라 API 키가 모두 소진되었습니다. 크롤링이 중단됩니다.
2026-05-13 18:26:40,460 [ERROR] ApprovalRadar - 🚨 [긴급] 오늘자 식품나라 API 키가 모두 소진되었습니다. 크롤링이 중단됩니다.
2026-05-13 18:26:40,504 [ERROR] ApprovalRadar - 🚨 [긴급] 오늘자 식품나라 API 키가 모두 소진되었습니다. 크롤링이 중단됩니다.
2026-05-13 18:26:40,617 [ERROR] ApprovalRadar - 🚨 [긴급] 오늘자 식품나라 API 키가 모두 소진되었습니다. 크롤링이 중단됩니다.
2026-05-13 18:26:40,675 [ERROR] ApprovalRadar - 🚨 [긴급] 오늘자 식품나라 API 키가 모두 소진되었습니다. 크롤링이 중단됩니다.
2026-05-13 18:26:40,728 [ERROR] ApprovalRadar - 🚨 [긴급] 오늘자 식품나라 API 키가 모두 소진되었습니다. 크롤링이 중단됩니다.
2026-05-13 18:26:40,788 [ERROR] ApprovalRadar - 🚨 [긴급] 오늘자 식품나라 API 키가 모두 소진되었습니다. 크롤링이 중단됩니다.
2026-05-13 18:26:40,844 [ERROR] ApprovalRadar - 🚨 [긴급] 오늘자 식품나라 API 키가 모두 소진되었습니다. 크롤링이 중단됩니다.
2026-05-13 18:26:40,877 [ERROR] ApprovalRadar - 🚨 [긴급] 오늘자 식품나라 API 키가 모두 소진되었습니다. 크롤링이 중단됩니다.
2026-05-13 18:26:40,913 [ERROR] ApprovalRadar - 🚨 [긴급] 오늘자 식품나라 API 키가 모두 소진되었습니다. 크롤링이 중단됩니다.
2026-05-13 18:26:40,969 [ERROR] ApprovalRadar - 🚨 [긴급] 오늘자 식품나라 API 키가 모두 소진되었습니다. 크롤링이 중단됩니다.
2026-05-13 18:26:41,009 [ERROR] ApprovalRadar - 🚨 [긴급] 오늘자 식품나라 API 키가 모두 소진되었습니다. 크롤링이 중단됩니다.
2026-05-13 18:26:41,141 [ERROR] ApprovalRadar - 🚨 [긴급] 오늘자 식품나라 API 키가 모두 소진되었습니다. 크롤링이 중단됩니다.
2026-05-13 18:26:41,172 [ERROR] ApprovalRadar - 🚨 [긴급] 오늘자 식품나라 API 키가 모두 소진되었습니다. 크롤링이 중단됩니다.
2026-05-13 18:26:41,202 [ERROR] ApprovalRadar - 🚨 [긴급] 오늘자 식품나라 API 키가 모두 소진되었습니다. 크롤링이 중단됩니다.
2026-05-13 18:26:41,226 [ERROR] ApprovalRadar - 🚨 [긴급] 오늘자 식품나라 API 키가 모두 소진되었습니다. 크롤링이 중단됩니다.
2026-05-13 18:26:41,255 [ERROR] ApprovalRadar - 🚨 [긴급] 오늘자 식품나라 API 키가 모두 소진되었습니다. 크롤링이 중단됩니다.
2026-05-13 18:26:41,282 [ERROR] ApprovalRadar - 🚨 [긴급] 오늘자 식품나라 API 키가 모두 소진되었습니다. 크롤링이 중단됩니다.
2026-05-13 18:26:41,286 [ERROR] ApprovalRadar - 🚨 [긴급] 오늘자 식품나라 API 키가 모두 소진되었습니다. 크롤링이 중단됩니다.
2026-05-13 18:26:41,336 [ERROR] ApprovalRadar - 🚨 [긴급] 오늘자 식품나라 API 키가 모두 소진되었습니다. 크롤링이 중단됩니다.
2026-05-13 18:26:41,341 [ERROR] ApprovalRadar - 🚨 [긴급] 오늘자 식품나라 API 키가 모두 소진되었습니다. 크롤링이 중단됩니다.
2026-05-13 18:26:41,396 [ERROR] ApprovalRadar - 🚨 [긴급] 오늘자 식품나라 API 키가 모두 소진되었습니다. 크롤링이 중단됩니다.
2026-05-13 18:26:41,399 [ERROR] ApprovalRadar - 🚨 [긴급] 오늘자 식품나라 API 키가 모두 소진되었습니다. 크롤링이 중단됩니다.
2026-05-13 18:26:41,461 [ERROR] ApprovalRadar - 🚨 [긴급] 오늘자 식품나라 API 키가 모두 소진되었습니다. 크롤링이 중단됩니다.
2026-05-13 18:26:41,465 [ERROR] ApprovalRadar - 🚨 [긴급] 오늘자 식품나라 API 키가 모두 소진되었습니다. 크롤링이 중단됩니다.
2026-05-13 18:26:41,532 [ERROR] ApprovalRadar - 🚨 [긴급] 오늘자 식품나라 API 키가 모두 소진되었습니다. 크롤링이 중단됩니다.
2026-05-13 18:26:41,534 [ERROR] ApprovalRadar - 🚨 [긴급] 오늘자 식품나라 API 키가 모두 소진되었습니다. 크롤링이 중단됩니다.
2026-05-13 18:26:41,662 [ERROR] ApprovalRadar - 🚨 [긴급] 오늘자 식품나라 API 키가 모두 소진되었습니다. 크롤링이 중단됩니다.
2026-05-13 18:26:41,665 [ERROR] ApprovalRadar - 🚨 [긴급] 오늘자 식품나라 API 키가 모두 소진되었습니다. 크롤링이 중단됩니다.
2026-05-13 18:26:41,702 [ERROR] ApprovalRadar - 🚨 [긴급] 오늘자 식품나라 API 키가 모두 소진되었습니다. 크롤링이 중단됩니다.
2026-05-13 18:26:41,723 [ERROR] ApprovalRadar - 🚨 [긴급] 오늘자 식품나라 API 키가 모두 소진되었습니다. 크롤링이 중단됩니다.
2026-05-13 18:26:41,761 [ERROR] ApprovalRadar - 🚨 [긴급] 오늘자 식품나라 API 키가 모두 소진되었습니다. 크롤링이 중단됩니다.
2026-05-13 18:26:41,780 [ERROR] ApprovalRadar - 🚨 [긴급] 오늘자 식품나라 API 키가 모두 소진되었습니다. 크롤링이 중단됩니다.
2026-05-13 18:26:41,798 [ERROR] ApprovalRadar - 🚨 [긴급] 오늘자 식품나라 API 키가 모두 소진되었습니다. 크롤링이 중단됩니다.
2026-05-13 18:26:41,813 [ERROR] ApprovalRadar - 🚨 [긴급] 오늘자 식품나라 API 키가 모두 소진되었습니다. 크롤링이 중단됩니다.
2026-05-13 18:26:41,855 [ERROR] ApprovalRadar - 🚨 [긴급] 오늘자 식품나라 API 키가 모두 소진되었습니다. 크롤링이 중단됩니다.
2026-05-13 18:26:41,867 [ERROR] ApprovalRadar - 🚨 [긴급] 오늘자 식품나라 API 키가 모두 소진되었습니다. 크롤링이 중단됩니다.
2026-05-13 18:26:41,911 [ERROR] ApprovalRadar - 🚨 [긴급] 오늘자 식품나라 API 키가 모두 소진되었습니다. 크롤링이 중단됩니다.
2026-05-13 18:26:41,924 [ERROR] ApprovalRadar - 🚨 [긴급] 오늘자 식품나라 API 키가 모두 소진되었습니다. 크롤링이 중단됩니다.
2026-05-13 18:26:41,945 [ERROR] ApprovalRadar - 🚨 [긴급] 오늘자 식품나라 API 키가 모두 소진되었습니다. 크롤링이 중단됩니다.
2026-05-13 18:26:41,957 [ERROR] ApprovalRadar - 🚨 [긴급] 오늘자 식품나라 API 키가 모두 소진되었습니다. 크롤링이 중단됩니다.
2026-05-13 18:26:41,979 [ERROR] ApprovalRadar - 🚨 [긴급] 오늘자 식품나라 API 키가 모두 소진되었습니다. 크롤링이 중단됩니다.
2026-05-13 18:26:42,012 [ERROR] ApprovalRadar - 🚨 [긴급] 오늘자 식품나라 API 키가 모두 소진되었습니다. 크롤링이 중단됩니다.
2026-05-13 18:26:42,037 [ERROR] ApprovalRadar - 🚨 [긴급] 오늘자 식품나라 API 키가 모두 소진되었습니다. 크롤링이 중단됩니다.
2026-05-13 18:26:42,068 [ERROR] ApprovalRadar - 🚨 [긴급] 오늘자 식품나라 API 키가 모두 소진되었습니다. 크롤링이 중단됩니다.
2026-05-13 18:26:42,172 [ERROR] ApprovalRadar - 🚨 [긴급] 오늘자 식품나라 API 키가 모두 소진되었습니다. 크롤링이 중단됩니다.
2026-05-13 18:26:42,190 [ERROR] ApprovalRadar - 🚨 [긴급] 오늘자 식품나라 API 키가 모두 소진되었습니다. 크롤링이 중단됩니다.
2026-05-13 18:26:42,225 [ERROR] ApprovalRadar - 🚨 [긴급] 오늘자 식품나라 API 키가 모두 소진되었습니다. 크롤링이 중단됩니다.
2026-05-13 18:26:42,244 [ERROR] ApprovalRadar - 🚨 [긴급] 오늘자 식품나라 API 키가 모두 소진되었습니다. 크롤링이 중단됩니다.
2026-05-13 18:26:42,277 [ERROR] ApprovalRadar - 🚨 [긴급] 오늘자 식품나라 API 키가 모두 소진되었습니다. 크롤링이 중단됩니다.
2026-05-13 18:26:42,279 [ERROR] ApprovalRadar - 🚨 [긴급] 오늘자 식품나라 API 키가 모두 소진되었습니다. 크롤링이 중단됩니다.
2026-05-13 18:26:42,335 [ERROR] ApprovalRadar - 🚨 [긴급] 오늘자 식품나라 API 키가 모두 소진되었습니다. 크롤링이 중단됩니다.
2026-05-13 18:26:42,337 [ERROR] ApprovalRadar - 🚨 [긴급] 오늘자 식품나라 API 키가 모두 소진되었습니다. 크롤링이 중단됩니다.
2026-05-13 18:26:42,400 [ERROR] ApprovalRadar - 🚨 [긴급] 오늘자 식품나라 API 키가 모두 소진되었습니다. 크롤링이 중단됩니다.
2026-05-13 18:26:42,403 [ERROR] ApprovalRadar - 🚨 [긴급] 오늘자 식품나라 API 키가 모두 소진되었습니다. 크롤링이 중단됩니다.
2026-05-13 18:26:42,405 [ERROR] ApprovalRadar - ❌ I2500 크롤러 스케줄 작업 중 치명적인 오류 발생: All API keys are exhausted for today.
2026-05-13 18:26:42,778 [INFO] ApprovalRadar - Initializing Database...
2026-05-13 18:26:42,779 [INFO] ApprovalRadar - Starting Industry Type Backfill Job...
2026-05-13 18:26:42,779 [INFO] ApprovalRadar - Configuring APScheduler jobs...
2026-05-13 18:26:42,783 [INFO] ApprovalRadar - 총 2403건의 세부업종 누락 데이터를 발견했습니다. 백필을 시작합니다.
2026-05-13 18:26:42,790 [INFO] ApprovalRadar - Adding initial catch-up scraper job to background...
2026-05-13 18:26:42,791 [INFO] ApprovalRadar - Starting DiffCrawler Delta Sync Job for I2859...
2026-05-13 18:26:42,791 [INFO] ApprovalRadar - APScheduler started successfully.
2026-05-13 18:26:42,827 [INFO] ApprovalRadar - [키 회전] API 한도 초과! 새로운 키로 교체: f1282***
2026-05-13 18:26:42,828 [WARNING] ApprovalRadar - 키 회전 후 3.0초 대기...
2026-05-13 18:26:42,835 [INFO] ApprovalRadar - [키 회전] API 한도 초과! 새로운 키로 교체: f1282***
2026-05-13 18:26:42,836 [WARNING] ApprovalRadar - 키 회전 후 3.0초 대기...
2026-05-13 18:26:45,869 [INFO] ApprovalRadar - [키 회전] API 한도 초과! 새로운 키로 교체: ba698***
2026-05-13 18:26:45,871 [WARNING] ApprovalRadar - 키 회전 후 3.0초 대기...
2026-05-13 18:26:45,907 [INFO] ApprovalRadar - [키 회전] API 한도 초과! 새로운 키로 교체: ba698***
2026-05-13 18:26:45,908 [WARNING] ApprovalRadar - 키 회전 후 3.0초 대기...
2026-05-13 18:26:49,031 [WARNING] ApprovalRadar - [네트워크/응답 오류] Expecting value: line 1 column 1 (char 0). 1초 후 재시도합니다...
2026-05-13 18:26:49,830 [INFO] ApprovalRadar - ✨ [소요시간: 7.04초] 새로운 데이터가 감지되지 않았습니다. (현재 전체 데이터: 22416건)
2026-05-13 18:26:49,832 [INFO] ApprovalRadar - Starting DiffCrawler Delta Sync Job for I2500...
2026-05-13 18:26:49,835 [INFO] ApprovalRadar - 최초 실행: 베이스라인 부트스트랩을 시작합니다...
2026-05-13 18:26:49,837 [INFO] ApprovalRadar - [Bootstrapper] True Tail(실제 마지막 데이터) 찾는 중...
2026-05-13 18:26:49,892 [INFO] ApprovalRadar - [키 회전] API 한도 초과! 새로운 키로 교체: f1282***
2026-05-13 18:26:49,893 [WARNING] ApprovalRadar - 키 회전 후 3.0초 대기...
2026-05-13 18:26:52,954 [INFO] ApprovalRadar - [키 회전] API 한도 초과! 새로운 키로 교체: ba698***
2026-05-13 18:26:52,957 [WARNING] ApprovalRadar - 키 회전 후 3.0초 대기...
2026-05-13 18:26:57,901 [WARNING] ApprovalRadar - [네트워크/응답 오류] Expecting value: line 1 column 1 (char 0). 1초 후 재시도합니다...
2026-05-13 18:26:59,059 [INFO] ApprovalRadar - [키 회전] API 한도 초과! 새로운 키로 교체: 67f07***
2026-05-13 18:26:59,061 [WARNING] ApprovalRadar - 키 회전 후 3.0초 대기...
2026-05-13 18:27:01,697 [INFO] ApprovalRadar - [키 회전] API 한도 초과! 새로운 키로 교체: 67f07***
2026-05-13 18:27:01,699 [WARNING] ApprovalRadar - 키 회전 후 3.0초 대기...
2026-05-13 18:27:08,660 [WARNING] ApprovalRadar - [네트워크/응답 오류] Expecting value: line 1 column 1 (char 0). 1초 후 재시도합니다...
2026-05-13 18:27:10,227 [WARNING] ApprovalRadar - [네트워크/응답 오류] Expecting value: line 1 column 1 (char 0). 1초 후 재시도합니다...
2026-05-13 18:27:17,909 [WARNING] ApprovalRadar - [네트워크/응답 오류] Expecting value: line 1 column 1 (char 0). 1초 후 재시도합니다...
2026-05-13 18:27:18,976 [INFO] ApprovalRadar - [Bootstrapper] 전체 데이터 건수 확인 완료: 1000000건
2026-05-13 18:27:18,978 [INFO] ApprovalRadar - [Bootstrapper] 피벗 캐싱 시작 (간격: 5000)...
2026-05-13 18:27:19,031 [WARNING] ApprovalRadar - [네트워크/응답 오류] Expecting value: line 1 column 1 (char 0). 1초 후 재시도합니다...
2026-05-13 18:27:21,909 [WARNING] ApprovalRadar - [네트워크/응답 오류] Expecting value: line 1 column 1 (char 0). 1초 후 재시도합니다...
2026-05-13 18:27:22,875 [WARNING] ApprovalRadar - [네트워크/응답 오류] Expecting value: line 1 column 1 (char 0). 1초 후 재시도합니다...
2026-05-13 18:27:22,975 [WARNING] ApprovalRadar - [네트워크/응답 오류] Expecting value: line 1 column 1 (char 0). 2초 후 재시도합니다...
2026-05-13 18:27:24,456 [WARNING] ApprovalRadar - [네트워크/응답 오류] Expecting value: line 1 column 1 (char 0). 1초 후 재시도합니다...
2026-05-13 18:27:27,831 [WARNING] ApprovalRadar - [네트워크/응답 오류] Expecting value: line 1 column 1 (char 0). 1초 후 재시도합니다...
2026-05-13 18:27:28,329 [WARNING] ApprovalRadar - [네트워크/응답 오류] Expecting value: line 1 column 1 (char 0). 1초 후 재시도합니다...
2026-05-13 18:27:28,868 [WARNING] ApprovalRadar - [네트워크/응답 오류] Expecting value: line 1 column 1 (char 0). 2초 후 재시도합니다...
2026-05-13 18:27:29,398 [WARNING] ApprovalRadar - [네트워크/응답 오류] Expecting value: line 1 column 1 (char 0). 1초 후 재시도합니다...
2026-05-13 18:27:30,977 [WARNING] ApprovalRadar - [네트워크/응답 오류] Expecting value: line 1 column 1 (char 0). 4초 후 재시도합니다...
2026-05-13 18:27:33,047 [WARNING] ApprovalRadar - [네트워크/응답 오류] Expecting value: line 1 column 1 (char 0). 1초 후 재시도합니다...
2026-05-13 18:27:34,126 [WARNING] ApprovalRadar - [네트워크/응답 오류] Expecting value: line 1 column 1 (char 0). 2초 후 재시도합니다...
2026-05-13 18:27:34,982 [WARNING] ApprovalRadar - 연속적인 응답 오류 발생! 해당 키가 WAF에 의해 임시 차단된 것으로 의심되어 키를 회전합니다.
2026-05-13 18:27:34,984 [INFO] ApprovalRadar - [키 회전] API 한도 초과! 새로운 키로 교체: e7b3f***
2026-05-13 18:27:36,716 [WARNING] ApprovalRadar - [네트워크/응답 오류] Expecting value: line 1 column 1 (char 0). 1초 후 재시도합니다...
2026-05-13 18:27:37,907 [WARNING] ApprovalRadar - [네트워크/응답 오류] Expecting value: line 1 column 1 (char 0). 1초 후 재시도합니다...
2026-05-13 18:27:38,044 [ERROR] ApprovalRadar - 🚨 [긴급] 오늘자 식품나라 API 키가 모두 소진되었습니다. 크롤링이 중단됩니다.
2026-05-13 18:27:38,045 [ERROR] ApprovalRadar - Failed to fetch or update 20260926319: All API keys are exhausted for today.
2026-05-13 18:27:40,441 [WARNING] ApprovalRadar - [네트워크/응답 오류] Expecting value: line 1 column 1 (char 0). 1초 후 재시도합니다...
2026-05-13 18:27:41,083 [ERROR] ApprovalRadar - 🚨 [긴급] 오늘자 식품나라 API 키가 모두 소진되었습니다. 크롤링이 중단됩니다.
2026-05-13 18:27:41,084 [ERROR] ApprovalRadar - Failed to fetch or update 20260664563: All API keys are exhausted for today.
2026-05-13 18:27:41,967 [WARNING] ApprovalRadar - [네트워크/응답 오류] Expecting value: line 1 column 1 (char 0). 1초 후 재시도합니다...
2026-05-13 18:27:43,898 [WARNING] ApprovalRadar - [네트워크/응답 오류] Expecting value: line 1 column 1 (char 0). 1초 후 재시도합니다...
2026-05-13 18:27:44,150 [ERROR] ApprovalRadar - 🚨 [긴급] 오늘자 식품나라 API 키가 모두 소진되었습니다. 크롤링이 중단됩니다.
2026-05-13 18:27:44,151 [ERROR] ApprovalRadar - Failed to fetch or update 20260834073: All API keys are exhausted for today.
2026-05-13 18:27:44,973 [WARNING] ApprovalRadar - [네트워크/응답 오류] Expecting value: line 1 column 1 (char 0). 1초 후 재시도합니다...
2026-05-13 18:27:46,802 [WARNING] ApprovalRadar - [네트워크/응답 오류] Expecting value: line 1 column 1 (char 0). 1초 후 재시도합니다...
2026-05-13 18:27:47,212 [ERROR] ApprovalRadar - 🚨 [긴급] 오늘자 식품나라 API 키가 모두 소진되었습니다. 크롤링이 중단됩니다.
2026-05-13 18:27:47,214 [ERROR] ApprovalRadar - Failed to fetch or update 20260517461: All API keys are exhausted for today.
2026-05-13 18:27:48,646 [WARNING] ApprovalRadar - [네트워크/응답 오류] Expecting value: line 1 column 1 (char 0). 1초 후 재시도합니다...
2026-05-13 18:27:49,712 [WARNING] ApprovalRadar - [네트워크/응답 오류] Expecting value: line 1 column 1 (char 0). 2초 후 재시도합니다...
2026-05-13 18:27:50,350 [ERROR] ApprovalRadar - 🚨 [긴급] 오늘자 식품나라 API 키가 모두 소진되었습니다. 크롤링이 중단됩니다.
2026-05-13 18:27:50,353 [ERROR] ApprovalRadar - Failed to fetch or update 20260342644: All API keys are exhausted for today.
2026-05-13 18:27:51,777 [WARNING] ApprovalRadar - [네트워크/응답 오류] Expecting value: line 1 column 1 (char 0). 4초 후 재시도합니다...
2026-05-13 18:27:53,475 [ERROR] ApprovalRadar - 🚨 [긴급] 오늘자 식품나라 API 키가 모두 소진되었습니다. 크롤링이 중단됩니다.
2026-05-13 18:27:53,477 [ERROR] ApprovalRadar - Failed to fetch or update 20260342653: All API keys are exhausted for today.
2026-05-13 18:27:55,782 [WARNING] ApprovalRadar - 연속적인 응답 오류 발생! 해당 키가 WAF에 의해 임시 차단된 것으로 의심되어 키를 회전합니다.
2026-05-13 18:27:55,784 [INFO] ApprovalRadar - [키 회전] API 한도 초과! 새로운 키로 교체: e7b3f***
2026-05-13 18:27:56,622 [ERROR] ApprovalRadar - 🚨 [긴급] 오늘자 식품나라 API 키가 모두 소진되었습니다. 크롤링이 중단됩니다.
2026-05-13 18:27:56,622 [ERROR] ApprovalRadar - 🚨 [긴급] 오늘자 식품나라 API 키가 모두 소진되었습니다. 크롤링이 중단됩니다.
2026-05-13 18:27:56,626 [ERROR] ApprovalRadar - Failed to fetch or update 20260342681: All API keys are exhausted for today.
2026-05-13 18:27:56,685 [ERROR] ApprovalRadar - 🚨 [긴급] 오늘자 식품나라 API 키가 모두 소진되었습니다. 크롤링이 중단됩니다.
2026-05-13 18:27:56,749 [ERROR] ApprovalRadar - 🚨 [긴급] 오늘자 식품나라 API 키가 모두 소진되었습니다. 크롤링이 중단됩니다.
2026-05-13 18:27:56,816 [ERROR] ApprovalRadar - 🚨 [긴급] 오늘자 식품나라 API 키가 모두 소진되었습니다. 크롤링이 중단됩니다.
2026-05-13 18:27:56,882 [ERROR] ApprovalRadar - 🚨 [긴급] 오늘자 식품나라 API 키가 모두 소진되었습니다. 크롤링이 중단됩니다.
2026-05-13 18:27:56,953 [ERROR] ApprovalRadar - 🚨 [긴급] 오늘자 식품나라 API 키가 모두 소진되었습니다. 크롤링이 중단됩니다.
2026-05-13 18:27:57,012 [ERROR] ApprovalRadar - 🚨 [긴급] 오늘자 식품나라 API 키가 모두 소진되었습니다. 크롤링이 중단됩니다.
2026-05-13 18:27:57,141 [ERROR] ApprovalRadar - 🚨 [긴급] 오늘자 식품나라 API 키가 모두 소진되었습니다. 크롤링이 중단됩니다.
2026-05-13 18:27:57,198 [ERROR] ApprovalRadar - 🚨 [긴급] 오늘자 식품나라 API 키가 모두 소진되었습니다. 크롤링이 중단됩니다.
2026-05-13 18:27:57,262 [ERROR] ApprovalRadar - 🚨 [긴급] 오늘자 식품나라 API 키가 모두 소진되었습니다. 크롤링이 중단됩니다.
2026-05-13 18:27:57,304 [ERROR] ApprovalRadar - 🚨 [긴급] 오늘자 식품나라 API 키가 모두 소진되었습니다. 크롤링이 중단됩니다.
2026-05-13 18:27:57,365 [ERROR] ApprovalRadar - 🚨 [긴급] 오늘자 식품나라 API 키가 모두 소진되었습니다. 크롤링이 중단됩니다.
2026-05-13 18:27:57,430 [ERROR] ApprovalRadar - 🚨 [긴급] 오늘자 식품나라 API 키가 모두 소진되었습니다. 크롤링이 중단됩니다.
2026-05-13 18:27:57,497 [ERROR] ApprovalRadar - 🚨 [긴급] 오늘자 식품나라 API 키가 모두 소진되었습니다. 크롤링이 중단됩니다.
2026-05-13 18:27:57,568 [ERROR] ApprovalRadar - 🚨 [긴급] 오늘자 식품나라 API 키가 모두 소진되었습니다. 크롤링이 중단됩니다.
2026-05-13 18:27:57,691 [ERROR] ApprovalRadar - 🚨 [긴급] 오늘자 식품나라 API 키가 모두 소진되었습니다. 크롤링이 중단됩니다.
2026-05-13 18:27:57,755 [ERROR] ApprovalRadar - 🚨 [긴급] 오늘자 식품나라 API 키가 모두 소진되었습니다. 크롤링이 중단됩니다.
2026-05-13 18:27:57,810 [ERROR] ApprovalRadar - 🚨 [긴급] 오늘자 식품나라 API 키가 모두 소진되었습니다. 크롤링이 중단됩니다.
2026-05-13 18:27:57,874 [ERROR] ApprovalRadar - 🚨 [긴급] 오늘자 식품나라 API 키가 모두 소진되었습니다. 크롤링이 중단됩니다.
2026-05-13 18:27:57,934 [ERROR] ApprovalRadar - 🚨 [긴급] 오늘자 식품나라 API 키가 모두 소진되었습니다. 크롤링이 중단됩니다.
2026-05-13 18:27:57,970 [ERROR] ApprovalRadar - 🚨 [긴급] 오늘자 식품나라 API 키가 모두 소진되었습니다. 크롤링이 중단됩니다.
2026-05-13 18:27:58,006 [ERROR] ApprovalRadar - 🚨 [긴급] 오늘자 식품나라 API 키가 모두 소진되었습니다. 크롤링이 중단됩니다.
2026-05-13 18:27:58,062 [ERROR] ApprovalRadar - 🚨 [긴급] 오늘자 식품나라 API 키가 모두 소진되었습니다. 크롤링이 중단됩니다.
2026-05-13 18:27:58,212 [ERROR] ApprovalRadar - 🚨 [긴급] 오늘자 식품나라 API 키가 모두 소진되었습니다. 크롤링이 중단됩니다.
2026-05-13 18:27:58,274 [ERROR] ApprovalRadar - 🚨 [긴급] 오늘자 식품나라 API 키가 모두 소진되었습니다. 크롤링이 중단됩니다.
2026-05-13 18:27:58,333 [ERROR] ApprovalRadar - 🚨 [긴급] 오늘자 식품나라 API 키가 모두 소진되었습니다. 크롤링이 중단됩니다.
2026-05-13 18:27:58,401 [ERROR] ApprovalRadar - 🚨 [긴급] 오늘자 식품나라 API 키가 모두 소진되었습니다. 크롤링이 중단됩니다.
2026-05-13 18:27:58,447 [ERROR] ApprovalRadar - 🚨 [긴급] 오늘자 식품나라 API 키가 모두 소진되었습니다. 크롤링이 중단됩니다.
2026-05-13 18:27:58,510 [ERROR] ApprovalRadar - 🚨 [긴급] 오늘자 식품나라 API 키가 모두 소진되었습니다. 크롤링이 중단됩니다.
2026-05-13 18:27:58,559 [ERROR] ApprovalRadar - 🚨 [긴급] 오늘자 식품나라 API 키가 모두 소진되었습니다. 크롤링이 중단됩니다.
2026-05-13 18:27:58,628 [ERROR] ApprovalRadar - 🚨 [긴급] 오늘자 식품나라 API 키가 모두 소진되었습니다. 크롤링이 중단됩니다.
2026-05-13 18:27:58,764 [ERROR] ApprovalRadar - 🚨 [긴급] 오늘자 식품나라 API 키가 모두 소진되었습니다. 크롤링이 중단됩니다.
2026-05-13 18:27:58,819 [ERROR] ApprovalRadar - 🚨 [긴급] 오늘자 식품나라 API 키가 모두 소진되었습니다. 크롤링이 중단됩니다.
2026-05-13 18:27:58,842 [ERROR] ApprovalRadar - 🚨 [긴급] 오늘자 식품나라 API 키가 모두 소진되었습니다. 크롤링이 중단됩니다.
2026-05-13 18:27:58,876 [ERROR] ApprovalRadar - 🚨 [긴급] 오늘자 식품나라 API 키가 모두 소진되었습니다. 크롤링이 중단됩니다.
2026-05-13 18:27:58,899 [ERROR] ApprovalRadar - 🚨 [긴급] 오늘자 식품나라 API 키가 모두 소진되었습니다. 크롤링이 중단됩니다.
2026-05-13 18:27:58,936 [ERROR] ApprovalRadar - 🚨 [긴급] 오늘자 식품나라 API 키가 모두 소진되었습니다. 크롤링이 중단됩니다.
2026-05-13 18:27:58,958 [ERROR] ApprovalRadar - 🚨 [긴급] 오늘자 식품나라 API 키가 모두 소진되었습니다. 크롤링이 중단됩니다.
2026-05-13 18:27:59,000 [ERROR] ApprovalRadar - 🚨 [긴급] 오늘자 식품나라 API 키가 모두 소진되었습니다. 크롤링이 중단됩니다.
2026-05-13 18:27:59,018 [ERROR] ApprovalRadar - 🚨 [긴급] 오늘자 식품나라 API 키가 모두 소진되었습니다. 크롤링이 중단됩니다.
2026-05-13 18:27:59,052 [ERROR] ApprovalRadar - 🚨 [긴급] 오늘자 식품나라 API 키가 모두 소진되었습니다. 크롤링이 중단됩니다.
2026-05-13 18:27:59,058 [ERROR] ApprovalRadar - 🚨 [긴급] 오늘자 식품나라 API 키가 모두 소진되었습니다. 크롤링이 중단됩니다.
2026-05-13 18:27:59,088 [ERROR] ApprovalRadar - 🚨 [긴급] 오늘자 식품나라 API 키가 모두 소진되었습니다. 크롤링이 중단됩니다.
2026-05-13 18:27:59,117 [ERROR] ApprovalRadar - 🚨 [긴급] 오늘자 식품나라 API 키가 모두 소진되었습니다. 크롤링이 중단됩니다.
2026-05-13 18:27:59,138 [ERROR] ApprovalRadar - 🚨 [긴급] 오늘자 식품나라 API 키가 모두 소진되었습니다. 크롤링이 중단됩니다.
2026-05-13 18:27:59,256 [ERROR] ApprovalRadar - 🚨 [긴급] 오늘자 식품나라 API 키가 모두 소진되었습니다. 크롤링이 중단됩니다.
2026-05-13 18:27:59,258 [ERROR] ApprovalRadar - 🚨 [긴급] 오늘자 식품나라 API 키가 모두 소진되었습니다. 크롤링이 중단됩니다.
2026-05-13 18:27:59,315 [ERROR] ApprovalRadar - 🚨 [긴급] 오늘자 식품나라 API 키가 모두 소진되었습니다. 크롤링이 중단됩니다.
2026-05-13 18:27:59,324 [ERROR] ApprovalRadar - 🚨 [긴급] 오늘자 식품나라 API 키가 모두 소진되었습니다. 크롤링이 중단됩니다.
2026-05-13 18:27:59,354 [ERROR] ApprovalRadar - 🚨 [긴급] 오늘자 식품나라 API 키가 모두 소진되었습니다. 크롤링이 중단됩니다.
2026-05-13 18:27:59,370 [ERROR] ApprovalRadar - 🚨 [긴급] 오늘자 식품나라 API 키가 모두 소진되었습니다. 크롤링이 중단됩니다.
2026-05-13 18:27:59,410 [ERROR] ApprovalRadar - 🚨 [긴급] 오늘자 식품나라 API 키가 모두 소진되었습니다. 크롤링이 중단됩니다.
2026-05-13 18:27:59,435 [ERROR] ApprovalRadar - 🚨 [긴급] 오늘자 식품나라 API 키가 모두 소진되었습니다. 크롤링이 중단됩니다.
2026-05-13 18:27:59,474 [ERROR] ApprovalRadar - 🚨 [긴급] 오늘자 식품나라 API 키가 모두 소진되었습니다. 크롤링이 중단됩니다.
2026-05-13 18:27:59,492 [ERROR] ApprovalRadar - 🚨 [긴급] 오늘자 식품나라 API 키가 모두 소진되었습니다. 크롤링이 중단됩니다.
2026-05-13 18:27:59,544 [ERROR] ApprovalRadar - 🚨 [긴급] 오늘자 식품나라 API 키가 모두 소진되었습니다. 크롤링이 중단됩니다.
2026-05-13 18:27:59,555 [ERROR] ApprovalRadar - 🚨 [긴급] 오늘자 식품나라 API 키가 모두 소진되었습니다. 크롤링이 중단됩니다.
2026-05-13 18:27:59,602 [ERROR] ApprovalRadar - 🚨 [긴급] 오늘자 식품나라 API 키가 모두 소진되었습니다. 크롤링이 중단됩니다.
2026-05-13 18:27:59,615 [ERROR] ApprovalRadar - 🚨 [긴급] 오늘자 식품나라 API 키가 모두 소진되었습니다. 크롤링이 중단됩니다.
2026-05-13 18:27:59,660 [ERROR] ApprovalRadar - 🚨 [긴급] 오늘자 식품나라 API 키가 모두 소진되었습니다. 크롤링이 중단됩니다.
2026-05-13 18:27:59,674 [ERROR] ApprovalRadar - 🚨 [긴급] 오늘자 식품나라 API 키가 모두 소진되었습니다. 크롤링이 중단됩니다.
2026-05-13 18:27:59,765 [ERROR] ApprovalRadar - 🚨 [긴급] 오늘자 식품나라 API 키가 모두 소진되었습니다. 크롤링이 중단됩니다.
2026-05-13 18:27:59,767 [ERROR] ApprovalRadar - Failed to fetch or update 20260342666: All API keys are exhausted for today.
2026-05-13 18:27:59,781 [ERROR] ApprovalRadar - 🚨 [긴급] 오늘자 식품나라 API 키가 모두 소진되었습니다. 크롤링이 중단됩니다.
2026-05-13 18:27:59,811 [ERROR] ApprovalRadar - 🚨 [긴급] 오늘자 식품나라 API 키가 모두 소진되었습니다. 크롤링이 중단됩니다.
2026-05-13 18:27:59,834 [ERROR] ApprovalRadar - 🚨 [긴급] 오늘자 식품나라 API 키가 모두 소진되었습니다. 크롤링이 중단됩니다.
2026-05-13 18:27:59,844 [ERROR] ApprovalRadar - 🚨 [긴급] 오늘자 식품나라 API 키가 모두 소진되었습니다. 크롤링이 중단됩니다.
2026-05-13 18:27:59,877 [ERROR] ApprovalRadar - 🚨 [긴급] 오늘자 식품나라 API 키가 모두 소진되었습니다. 크롤링이 중단됩니다.
2026-05-13 18:27:59,890 [ERROR] ApprovalRadar - 🚨 [긴급] 오늘자 식품나라 API 키가 모두 소진되었습니다. 크롤링이 중단됩니다.
2026-05-13 18:27:59,933 [ERROR] ApprovalRadar - 🚨 [긴급] 오늘자 식품나라 API 키가 모두 소진되었습니다. 크롤링이 중단됩니다.
2026-05-13 18:27:59,945 [ERROR] ApprovalRadar - 🚨 [긴급] 오늘자 식품나라 API 키가 모두 소진되었습니다. 크롤링이 중단됩니다.
2026-05-13 18:27:59,987 [ERROR] ApprovalRadar - 🚨 [긴급] 오늘자 식품나라 API 키가 모두 소진되었습니다. 크롤링이 중단됩니다.
2026-05-13 18:28:00,002 [ERROR] ApprovalRadar - 🚨 [긴급] 오늘자 식품나라 API 키가 모두 소진되었습니다. 크롤링이 중단됩니다.
2026-05-13 18:28:00,020 [ERROR] ApprovalRadar - 🚨 [긴급] 오늘자 식품나라 API 키가 모두 소진되었습니다. 크롤링이 중단됩니다.
2026-05-13 18:28:00,057 [ERROR] ApprovalRadar - 🚨 [긴급] 오늘자 식품나라 API 키가 모두 소진되었습니다. 크롤링이 중단됩니다.
2026-05-13 18:28:00,075 [ERROR] ApprovalRadar - 🚨 [긴급] 오늘자 식품나라 API 키가 모두 소진되었습니다. 크롤링이 중단됩니다.
2026-05-13 18:28:00,124 [ERROR] ApprovalRadar - 🚨 [긴급] 오늘자 식품나라 API 키가 모두 소진되었습니다. 크롤링이 중단됩니다.
2026-05-13 18:28:00,126 [ERROR] ApprovalRadar - 🚨 [긴급] 오늘자 식품나라 API 키가 모두 소진되었습니다. 크롤링이 중단됩니다.
2026-05-13 18:28:00,196 [ERROR] ApprovalRadar - 🚨 [긴급] 오늘자 식품나라 API 키가 모두 소진되었습니다. 크롤링이 중단됩니다.
2026-05-13 18:28:00,199 [ERROR] ApprovalRadar - 🚨 [긴급] 오늘자 식품나라 API 키가 모두 소진되었습니다. 크롤링이 중단됩니다.
2026-05-13 18:28:00,320 [ERROR] ApprovalRadar - 🚨 [긴급] 오늘자 식품나라 API 키가 모두 소진되었습니다. 크롤링이 중단됩니다.
2026-05-13 18:28:00,341 [ERROR] ApprovalRadar - 🚨 [긴급] 오늘자 식품나라 API 키가 모두 소진되었습니다. 크롤링이 중단됩니다.
2026-05-13 18:28:00,373 [ERROR] ApprovalRadar - 🚨 [긴급] 오늘자 식품나라 API 키가 모두 소진되었습니다. 크롤링이 중단됩니다.
2026-05-13 18:28:00,375 [ERROR] ApprovalRadar - 🚨 [긴급] 오늘자 식품나라 API 키가 모두 소진되었습니다. 크롤링이 중단됩니다.
2026-05-13 18:28:00,434 [ERROR] ApprovalRadar - 🚨 [긴급] 오늘자 식품나라 API 키가 모두 소진되었습니다. 크롤링이 중단됩니다.
2026-05-13 18:28:00,436 [ERROR] ApprovalRadar - 🚨 [긴급] 오늘자 식품나라 API 키가 모두 소진되었습니다. 크롤링이 중단됩니다.
2026-05-13 18:28:00,476 [ERROR] ApprovalRadar - 🚨 [긴급] 오늘자 식품나라 API 키가 모두 소진되었습니다. 크롤링이 중단됩니다.
2026-05-13 18:28:00,502 [ERROR] ApprovalRadar - 🚨 [긴급] 오늘자 식품나라 API 키가 모두 소진되었습니다. 크롤링이 중단됩니다.
2026-05-13 18:28:00,542 [ERROR] ApprovalRadar - 🚨 [긴급] 오늘자 식품나라 API 키가 모두 소진되었습니다. 크롤링이 중단됩니다.
2026-05-13 18:28:00,565 [ERROR] ApprovalRadar - 🚨 [긴급] 오늘자 식품나라 API 키가 모두 소진되었습니다. 크롤링이 중단됩니다.
2026-05-13 18:28:00,604 [ERROR] ApprovalRadar - 🚨 [긴급] 오늘자 식품나라 API 키가 모두 소진되었습니다. 크롤링이 중단됩니다.
2026-05-13 18:28:00,631 [ERROR] ApprovalRadar - 🚨 [긴급] 오늘자 식품나라 API 키가 모두 소진되었습니다. 크롤링이 중단됩니다.
2026-05-13 18:28:00,639 [ERROR] ApprovalRadar - 🚨 [긴급] 오늘자 식품나라 API 키가 모두 소진되었습니다. 크롤링이 중단됩니다.
2026-05-13 18:28:00,685 [ERROR] ApprovalRadar - 🚨 [긴급] 오늘자 식품나라 API 키가 모두 소진되었습니다. 크롤링이 중단됩니다.
2026-05-13 18:28:00,689 [ERROR] ApprovalRadar - 🚨 [긴급] 오늘자 식품나라 API 키가 모두 소진되었습니다. 크롤링이 중단됩니다.
2026-05-13 18:28:00,815 [ERROR] ApprovalRadar - 🚨 [긴급] 오늘자 식품나라 API 키가 모두 소진되었습니다. 크롤링이 중단됩니다.
2026-05-13 18:28:00,831 [ERROR] ApprovalRadar - 🚨 [긴급] 오늘자 식품나라 API 키가 모두 소진되었습니다. 크롤링이 중단됩니다.
2026-05-13 18:28:00,873 [ERROR] ApprovalRadar - 🚨 [긴급] 오늘자 식품나라 API 키가 모두 소진되었습니다. 크롤링이 중단됩니다.
2026-05-13 18:28:00,883 [ERROR] ApprovalRadar - 🚨 [긴급] 오늘자 식품나라 API 키가 모두 소진되었습니다. 크롤링이 중단됩니다.
2026-05-13 18:28:00,907 [ERROR] ApprovalRadar - 🚨 [긴급] 오늘자 식품나라 API 키가 모두 소진되었습니다. 크롤링이 중단됩니다.
2026-05-13 18:28:00,936 [ERROR] ApprovalRadar - 🚨 [긴급] 오늘자 식품나라 API 키가 모두 소진되었습니다. 크롤링이 중단됩니다.
2026-05-13 18:28:00,957 [ERROR] ApprovalRadar - 🚨 [긴급] 오늘자 식품나라 API 키가 모두 소진되었습니다. 크롤링이 중단됩니다.
2026-05-13 18:28:00,989 [ERROR] ApprovalRadar - 🚨 [긴급] 오늘자 식품나라 API 키가 모두 소진되었습니다. 크롤링이 중단됩니다.
2026-05-13 18:28:01,012 [ERROR] ApprovalRadar - 🚨 [긴급] 오늘자 식품나라 API 키가 모두 소진되었습니다. 크롤링이 중단됩니다.
2026-05-13 18:28:01,043 [ERROR] ApprovalRadar - 🚨 [긴급] 오늘자 식품나라 API 키가 모두 소진되었습니다. 크롤링이 중단됩니다.
2026-05-13 18:28:01,065 [ERROR] ApprovalRadar - 🚨 [긴급] 오늘자 식품나라 API 키가 모두 소진되었습니다. 크롤링이 중단됩니다.
2026-05-13 18:28:01,098 [ERROR] ApprovalRadar - 🚨 [긴급] 오늘자 식품나라 API 키가 모두 소진되었습니다. 크롤링이 중단됩니다.
2026-05-13 18:28:01,117 [ERROR] ApprovalRadar - 🚨 [긴급] 오늘자 식품나라 API 키가 모두 소진되었습니다. 크롤링이 중단됩니다.
2026-05-13 18:28:01,150 [ERROR] ApprovalRadar - 🚨 [긴급] 오늘자 식품나라 API 키가 모두 소진되었습니다. 크롤링이 중단됩니다.
2026-05-13 18:28:01,170 [ERROR] ApprovalRadar - 🚨 [긴급] 오늘자 식품나라 API 키가 모두 소진되었습니다. 크롤링이 중단됩니다.
2026-05-13 18:28:01,214 [ERROR] ApprovalRadar - 🚨 [긴급] 오늘자 식품나라 API 키가 모두 소진되었습니다. 크롤링이 중단됩니다.
2026-05-13 18:28:01,224 [ERROR] ApprovalRadar - 🚨 [긴급] 오늘자 식품나라 API 키가 모두 소진되었습니다. 크롤링이 중단됩니다.
2026-05-13 18:28:01,352 [ERROR] ApprovalRadar - 🚨 [긴급] 오늘자 식품나라 API 키가 모두 소진되었습니다. 크롤링이 중단됩니다.
2026-05-13 18:28:01,354 [ERROR] ApprovalRadar - 🚨 [긴급] 오늘자 식품나라 API 키가 모두 소진되었습니다. 크롤링이 중단됩니다.
2026-05-13 18:28:01,396 [ERROR] ApprovalRadar - 🚨 [긴급] 오늘자 식품나라 API 키가 모두 소진되었습니다. 크롤링이 중단됩니다.
2026-05-13 18:28:01,426 [ERROR] ApprovalRadar - 🚨 [긴급] 오늘자 식품나라 API 키가 모두 소진되었습니다. 크롤링이 중단됩니다.
2026-05-13 18:28:01,455 [ERROR] ApprovalRadar - 🚨 [긴급] 오늘자 식품나라 API 키가 모두 소진되었습니다. 크롤링이 중단됩니다.
2026-05-13 18:28:01,472 [ERROR] ApprovalRadar - 🚨 [긴급] 오늘자 식품나라 API 키가 모두 소진되었습니다. 크롤링이 중단됩니다.
2026-05-13 18:28:01,510 [ERROR] ApprovalRadar - 🚨 [긴급] 오늘자 식품나라 API 키가 모두 소진되었습니다. 크롤링이 중단됩니다.
2026-05-13 18:28:01,513 [ERROR] ApprovalRadar - 🚨 [긴급] 오늘자 식품나라 API 키가 모두 소진되었습니다. 크롤링이 중단됩니다.
2026-05-13 18:28:01,554 [ERROR] ApprovalRadar - 🚨 [긴급] 오늘자 식품나라 API 키가 모두 소진되었습니다. 크롤링이 중단됩니다.
2026-05-13 18:28:01,574 [ERROR] ApprovalRadar - 🚨 [긴급] 오늘자 식품나라 API 키가 모두 소진되었습니다. 크롤링이 중단됩니다.
2026-05-13 18:28:01,613 [ERROR] ApprovalRadar - 🚨 [긴급] 오늘자 식품나라 API 키가 모두 소진되었습니다. 크롤링이 중단됩니다.
2026-05-13 18:28:01,629 [ERROR] ApprovalRadar - 🚨 [긴급] 오늘자 식품나라 API 키가 모두 소진되었습니다. 크롤링이 중단됩니다.
2026-05-13 18:28:01,653 [ERROR] ApprovalRadar - 🚨 [긴급] 오늘자 식품나라 API 키가 모두 소진되었습니다. 크롤링이 중단됩니다.
2026-05-13 18:28:01,685 [ERROR] ApprovalRadar - 🚨 [긴급] 오늘자 식품나라 API 키가 모두 소진되었습니다. 크롤링이 중단됩니다.
2026-05-13 18:28:01,688 [ERROR] ApprovalRadar - 🚨 [긴급] 오늘자 식품나라 API 키가 모두 소진되었습니다. 크롤링이 중단됩니다.
2026-05-13 18:28:01,722 [ERROR] ApprovalRadar - 🚨 [긴급] 오늘자 식품나라 API 키가 모두 소진되었습니다. 크롤링이 중단됩니다.
2026-05-13 18:28:01,741 [ERROR] ApprovalRadar - 🚨 [긴급] 오늘자 식품나라 API 키가 모두 소진되었습니다. 크롤링이 중단됩니다.
2026-05-13 18:28:01,754 [ERROR] ApprovalRadar - 🚨 [긴급] 오늘자 식품나라 API 키가 모두 소진되었습니다. 크롤링이 중단됩니다.
2026-05-13 18:28:01,879 [ERROR] ApprovalRadar - 🚨 [긴급] 오늘자 식품나라 API 키가 모두 소진되었습니다. 크롤링이 중단됩니다.
2026-05-13 18:28:01,882 [ERROR] ApprovalRadar - 🚨 [긴급] 오늘자 식품나라 API 키가 모두 소진되었습니다. 크롤링이 중단됩니다.
2026-05-13 18:28:01,939 [ERROR] ApprovalRadar - 🚨 [긴급] 오늘자 식품나라 API 키가 모두 소진되었습니다. 크롤링이 중단됩니다.
2026-05-13 18:28:01,941 [ERROR] ApprovalRadar - 🚨 [긴급] 오늘자 식품나라 API 키가 모두 소진되었습니다. 크롤링이 중단됩니다.
2026-05-13 18:28:01,998 [ERROR] ApprovalRadar - 🚨 [긴급] 오늘자 식품나라 API 키가 모두 소진되었습니다. 크롤링이 중단됩니다.
2026-05-13 18:28:02,005 [ERROR] ApprovalRadar - 🚨 [긴급] 오늘자 식품나라 API 키가 모두 소진되었습니다. 크롤링이 중단됩니다.
2026-05-13 18:28:02,054 [ERROR] ApprovalRadar - 🚨 [긴급] 오늘자 식품나라 API 키가 모두 소진되었습니다. 크롤링이 중단됩니다.
2026-05-13 18:28:02,062 [ERROR] ApprovalRadar - 🚨 [긴급] 오늘자 식품나라 API 키가 모두 소진되었습니다. 크롤링이 중단됩니다.
2026-05-13 18:28:02,097 [ERROR] ApprovalRadar - 🚨 [긴급] 오늘자 식품나라 API 키가 모두 소진되었습니다. 크롤링이 중단됩니다.
2026-05-13 18:28:02,110 [ERROR] ApprovalRadar - 🚨 [긴급] 오늘자 식품나라 API 키가 모두 소진되었습니다. 크롤링이 중단됩니다.
2026-05-13 18:28:02,151 [ERROR] ApprovalRadar - 🚨 [긴급] 오늘자 식품나라 API 키가 모두 소진되었습니다. 크롤링이 중단됩니다.
2026-05-13 18:28:02,162 [ERROR] ApprovalRadar - 🚨 [긴급] 오늘자 식품나라 API 키가 모두 소진되었습니다. 크롤링이 중단됩니다.
2026-05-13 18:28:02,204 [ERROR] ApprovalRadar - 🚨 [긴급] 오늘자 식품나라 API 키가 모두 소진되었습니다. 크롤링이 중단됩니다.
2026-05-13 18:28:02,213 [ERROR] ApprovalRadar - 🚨 [긴급] 오늘자 식품나라 API 키가 모두 소진되었습니다. 크롤링이 중단됩니다.
2026-05-13 18:28:02,242 [ERROR] ApprovalRadar - 🚨 [긴급] 오늘자 식품나라 API 키가 모두 소진되었습니다. 크롤링이 중단됩니다.
2026-05-13 18:28:02,259 [ERROR] ApprovalRadar - 🚨 [긴급] 오늘자 식품나라 API 키가 모두 소진되었습니다. 크롤링이 중단됩니다.
2026-05-13 18:28:02,260 [ERROR] ApprovalRadar - ❌ I2500 크롤러 스케줄 작업 중 치명적인 오류 발생: All API keys are exhausted for today.
2026-05-13 18:28:02,912 [ERROR] ApprovalRadar - 🚨 [긴급] 오늘자 식품나라 API 키가 모두 소진되었습니다. 크롤링이 중단됩니다.
2026-05-13 18:28:02,916 [ERROR] ApprovalRadar - Failed to fetch or update 20260917187: All API keys are exhausted for today.
2026-05-13 18:28:06,059 [ERROR] ApprovalRadar - 🚨 [긴급] 오늘자 식품나라 API 키가 모두 소진되었습니다. 크롤링이 중단됩니다.
2026-05-13 18:28:06,060 [ERROR] ApprovalRadar - Failed to fetch or update 20260913211: All API keys are exhausted for today.
2026-05-13 18:28:09,206 [ERROR] ApprovalRadar - 🚨 [긴급] 오늘자 식품나라 API 키가 모두 소진되었습니다. 크롤링이 중단됩니다.
2026-05-13 18:28:09,207 [ERROR] ApprovalRadar - Failed to fetch or update 20260268449: All API keys are exhausted for today.
2026-05-13 18:28:12,242 [ERROR] ApprovalRadar - 🚨 [긴급] 오늘자 식품나라 API 키가 모두 소진되었습니다. 크롤링이 중단됩니다.
2026-05-13 18:28:12,243 [ERROR] ApprovalRadar - Failed to fetch or update 20260268473: All API keys are exhausted for today.
2026-05-13 18:28:15,316 [ERROR] ApprovalRadar - 🚨 [긴급] 오늘자 식품나라 API 키가 모두 소진되었습니다. 크롤링이 중단됩니다.
2026-05-13 18:28:15,317 [ERROR] ApprovalRadar - Failed to fetch or update 20260337507: All API keys are exhausted for today.
2026-05-13 18:28:18,376 [ERROR] ApprovalRadar - 🚨 [긴급] 오늘자 식품나라 API 키가 모두 소진되었습니다. 크롤링이 중단됩니다.
2026-05-13 18:28:18,377 [ERROR] ApprovalRadar - Failed to fetch or update 20260337518: All API keys are exhausted for today.
2026-05-13 18:28:21,444 [ERROR] ApprovalRadar - 🚨 [긴급] 오늘자 식품나라 API 키가 모두 소진되었습니다. 크롤링이 중단됩니다.
2026-05-13 18:28:21,446 [ERROR] ApprovalRadar - Failed to fetch or update 20260222430: All API keys are exhausted for today.
2026-05-13 18:28:24,535 [ERROR] ApprovalRadar - 🚨 [긴급] 오늘자 식품나라 API 키가 모두 소진되었습니다. 크롤링이 중단됩니다.
2026-05-13 18:28:24,537 [ERROR] ApprovalRadar - Failed to fetch or update 20260222434: All API keys are exhausted for today.
2026-05-13 18:28:27,588 [ERROR] ApprovalRadar - 🚨 [긴급] 오늘자 식품나라 API 키가 모두 소진되었습니다. 크롤링이 중단됩니다.
2026-05-13 18:28:27,591 [ERROR] ApprovalRadar - Failed to fetch or update 20260222401: All API keys are exhausted for today.
2026-05-13 18:28:30,721 [ERROR] ApprovalRadar - 🚨 [긴급] 오늘자 식품나라 API 키가 모두 소진되었습니다. 크롤링이 중단됩니다.
2026-05-13 18:28:30,723 [ERROR] ApprovalRadar - Failed to fetch or update 20260222421: All API keys are exhausted for today.
2026-05-13 18:28:33,845 [ERROR] ApprovalRadar - 🚨 [긴급] 오늘자 식품나라 API 키가 모두 소진되었습니다. 크롤링이 중단됩니다.
2026-05-13 18:28:33,849 [ERROR] ApprovalRadar - Failed to fetch or update 20260222423: All API keys are exhausted for today.
2026-05-13 18:28:36,990 [ERROR] ApprovalRadar - 🚨 [긴급] 오늘자 식품나라 API 키가 모두 소진되었습니다. 크롤링이 중단됩니다.
2026-05-13 18:28:36,992 [ERROR] ApprovalRadar - Failed to fetch or update 20260222440: All API keys are exhausted for today.
2026-05-13 18:28:40,050 [ERROR] ApprovalRadar - 🚨 [긴급] 오늘자 식품나라 API 키가 모두 소진되었습니다. 크롤링이 중단됩니다.
2026-05-13 18:28:40,051 [ERROR] ApprovalRadar - Failed to fetch or update 20260219383: All API keys are exhausted for today.
2026-05-13 18:28:43,107 [ERROR] ApprovalRadar - 🚨 [긴급] 오늘자 식품나라 API 키가 모두 소진되었습니다. 크롤링이 중단됩니다.
2026-05-13 18:28:43,109 [ERROR] ApprovalRadar - Failed to fetch or update 20260219417: All API keys are exhausted for today.
2026-05-13 18:28:46,171 [ERROR] ApprovalRadar - 🚨 [긴급] 오늘자 식품나라 API 키가 모두 소진되었습니다. 크롤링이 중단됩니다.
2026-05-13 18:28:46,173 [ERROR] ApprovalRadar - Failed to fetch or update 20260219418: All API keys are exhausted for today.
2026-05-13 18:28:49,219 [ERROR] ApprovalRadar - 🚨 [긴급] 오늘자 식품나라 API 키가 모두 소진되었습니다. 크롤링이 중단됩니다.
2026-05-13 18:28:49,221 [ERROR] ApprovalRadar - Failed to fetch or update 20260219409: All API keys are exhausted for today.
2026-05-13 18:28:52,279 [ERROR] ApprovalRadar - 🚨 [긴급] 오늘자 식품나라 API 키가 모두 소진되었습니다. 크롤링이 중단됩니다.
2026-05-13 18:28:52,281 [ERROR] ApprovalRadar - Failed to fetch or update 20260704201: All API keys are exhausted for today.
2026-05-13 18:28:55,376 [ERROR] ApprovalRadar - 🚨 [긴급] 오늘자 식품나라 API 키가 모두 소진되었습니다. 크롤링이 중단됩니다.
2026-05-13 18:28:55,379 [ERROR] ApprovalRadar - Failed to fetch or update 20260704206: All API keys are exhausted for today.
2026-05-13 18:28:58,516 [ERROR] ApprovalRadar - 🚨 [긴급] 오늘자 식품나라 API 키가 모두 소진되었습니다. 크롤링이 중단됩니다.
2026-05-13 18:28:58,519 [ERROR] ApprovalRadar - Failed to fetch or update 20260704187: All API keys are exhausted for today.
2026-05-13 18:29:01,656 [ERROR] ApprovalRadar - 🚨 [긴급] 오늘자 식품나라 API 키가 모두 소진되었습니다. 크롤링이 중단됩니다.
2026-05-13 18:29:01,658 [ERROR] ApprovalRadar - Failed to fetch or update 20260704213: All API keys are exhausted for today.
2026-05-13 18:29:04,782 [ERROR] ApprovalRadar - 🚨 [긴급] 오늘자 식품나라 API 키가 모두 소진되었습니다. 크롤링이 중단됩니다.
2026-05-13 18:29:04,784 [ERROR] ApprovalRadar - Failed to fetch or update 20260832044: All API keys are exhausted for today.
2026-05-13 18:29:07,930 [ERROR] ApprovalRadar - 🚨 [긴급] 오늘자 식품나라 API 키가 모두 소진되었습니다. 크롤링이 중단됩니다.
2026-05-13 18:29:07,933 [ERROR] ApprovalRadar - Failed to fetch or update 20260832030: All API keys are exhausted for today.
2026-05-13 18:29:11,073 [ERROR] ApprovalRadar - 🚨 [긴급] 오늘자 식품나라 API 키가 모두 소진되었습니다. 크롤링이 중단됩니다.
2026-05-13 18:29:11,075 [ERROR] ApprovalRadar - Failed to fetch or update 20260832047: All API keys are exhausted for today.
2026-05-13 18:29:14,222 [ERROR] ApprovalRadar - 🚨 [긴급] 오늘자 식품나라 API 키가 모두 소진되었습니다. 크롤링이 중단됩니다.
2026-05-13 18:29:14,224 [ERROR] ApprovalRadar - Failed to fetch or update 20260832036: All API keys are exhausted for today.
2026-05-13 18:29:17,376 [ERROR] ApprovalRadar - 🚨 [긴급] 오늘자 식품나라 API 키가 모두 소진되었습니다. 크롤링이 중단됩니다.
2026-05-13 18:29:17,380 [ERROR] ApprovalRadar - Failed to fetch or update 20260832033: All API keys are exhausted for today.
2026-05-13 18:29:20,538 [ERROR] ApprovalRadar - 🚨 [긴급] 오늘자 식품나라 API 키가 모두 소진되었습니다. 크롤링이 중단됩니다.
2026-05-13 18:29:20,540 [ERROR] ApprovalRadar - Failed to fetch or update 20260832042: All API keys are exhausted for today.
2026-05-13 18:29:23,677 [ERROR] ApprovalRadar - 🚨 [긴급] 오늘자 식품나라 API 키가 모두 소진되었습니다. 크롤링이 중단됩니다.
2026-05-13 18:29:23,679 [ERROR] ApprovalRadar - Failed to fetch or update 20260832043: All API keys are exhausted for today.
2026-05-13 18:29:26,820 [ERROR] ApprovalRadar - 🚨 [긴급] 오늘자 식품나라 API 키가 모두 소진되었습니다. 크롤링이 중단됩니다.
2026-05-13 18:29:26,822 [ERROR] ApprovalRadar - Failed to fetch or update 20260832039: All API keys are exhausted for today.
2026-05-13 18:29:29,968 [ERROR] ApprovalRadar - 🚨 [긴급] 오늘자 식품나라 API 키가 모두 소진되었습니다. 크롤링이 중단됩니다.
2026-05-13 18:29:29,970 [ERROR] ApprovalRadar - Failed to fetch or update 20260832040: All API keys are exhausted for today.
2026-05-13 18:29:33,110 [ERROR] ApprovalRadar - 🚨 [긴급] 오늘자 식품나라 API 키가 모두 소진되었습니다. 크롤링이 중단됩니다.
2026-05-13 18:29:33,112 [ERROR] ApprovalRadar - Failed to fetch or update 20260832031: All API keys are exhausted for today.
2026-05-13 18:29:36,254 [ERROR] ApprovalRadar - 🚨 [긴급] 오늘자 식품나라 API 키가 모두 소진되었습니다. 크롤링이 중단됩니다.
2026-05-13 18:29:36,259 [ERROR] ApprovalRadar - Failed to fetch or update 20260832045: All API keys are exhausted for today.
2026-05-13 18:29:39,420 [ERROR] ApprovalRadar - 🚨 [긴급] 오늘자 식품나라 API 키가 모두 소진되었습니다. 크롤링이 중단됩니다.
2026-05-13 18:29:39,422 [ERROR] ApprovalRadar - Failed to fetch or update 20260832041: All API keys are exhausted for today.
2026-05-13 18:29:42,554 [ERROR] ApprovalRadar - 🚨 [긴급] 오늘자 식품나라 API 키가 모두 소진되었습니다. 크롤링이 중단됩니다.
2026-05-13 18:29:42,555 [ERROR] ApprovalRadar - Failed to fetch or update 20260832035: All API keys are exhausted for today.
2026-05-13 18:29:45,697 [ERROR] ApprovalRadar - 🚨 [긴급] 오늘자 식품나라 API 키가 모두 소진되었습니다. 크롤링이 중단됩니다.
2026-05-13 18:29:45,699 [ERROR] ApprovalRadar - Failed to fetch or update 20260832038: All API keys are exhausted for today.
2026-05-13 18:29:48,842 [ERROR] ApprovalRadar - 🚨 [긴급] 오늘자 식품나라 API 키가 모두 소진되었습니다. 크롤링이 중단됩니다.
2026-05-13 18:29:48,843 [ERROR] ApprovalRadar - Failed to fetch or update 20260832028: All API keys are exhausted for today.
2026-05-13 18:29:51,987 [ERROR] ApprovalRadar - 🚨 [긴급] 오늘자 식품나라 API 키가 모두 소진되었습니다. 크롤링이 중단됩니다.
2026-05-13 18:29:51,988 [ERROR] ApprovalRadar - Failed to fetch or update 20260310285: All API keys are exhausted for today.
2026-05-13 18:29:55,131 [ERROR] ApprovalRadar - 🚨 [긴급] 오늘자 식품나라 API 키가 모두 소진되었습니다. 크롤링이 중단됩니다.
2026-05-13 18:29:55,133 [ERROR] ApprovalRadar - Failed to fetch or update 20260310338: All API keys are exhausted for today.
2026-05-13 18:29:56,610 [INFO] ApprovalRadar - Shutting down APScheduler...
2026-05-13 18:29:56,969 [INFO] ApprovalRadar - Initializing Database...
2026-05-13 18:29:56,971 [INFO] ApprovalRadar - Starting Industry Type Backfill Job...
2026-05-13 18:29:56,971 [INFO] ApprovalRadar - Configuring APScheduler jobs...
2026-05-13 18:29:56,974 [INFO] ApprovalRadar - Adding initial catch-up scraper job to background...
2026-05-13 18:29:56,975 [INFO] ApprovalRadar - APScheduler started successfully.
2026-05-13 18:29:56,975 [INFO] ApprovalRadar - Starting DiffCrawler Delta Sync Job for I2859...
2026-05-13 18:29:56,977 [INFO] ApprovalRadar - 총 2403건의 세부업종 누락 데이터를 발견했습니다. 백필을 시작합니다.
2026-05-13 18:29:57,022 [INFO] ApprovalRadar - [키 회전] API 한도 초과! 새로운 키로 교체: f1282***
2026-05-13 18:29:57,023 [INFO] ApprovalRadar - [키 회전] API 한도 초과! 새로운 키로 교체: f1282***
2026-05-13 18:29:57,023 [WARNING] ApprovalRadar - 키 회전 후 3.0초 대기...
2026-05-13 18:29:57,024 [WARNING] ApprovalRadar - 키 회전 후 3.0초 대기...
2026-05-13 18:30:00,062 [INFO] ApprovalRadar - [키 회전] API 한도 초과! 새로운 키로 교체: ba698***
2026-05-13 18:30:00,065 [WARNING] ApprovalRadar - 키 회전 후 3.0초 대기...
2026-05-13 18:30:00,084 [INFO] ApprovalRadar - [키 회전] API 한도 초과! 새로운 키로 교체: ba698***
2026-05-13 18:30:00,086 [WARNING] ApprovalRadar - 키 회전 후 3.0초 대기...
2026-05-13 18:30:03,100 [INFO] ApprovalRadar - [키 회전] API 한도 초과! 새로운 키로 교체: 67f07***
2026-05-13 18:30:03,101 [WARNING] ApprovalRadar - 키 회전 후 3.0초 대기...
2026-05-13 18:30:03,141 [INFO] ApprovalRadar - [키 회전] API 한도 초과! 새로운 키로 교체: 67f07***
2026-05-13 18:30:03,142 [WARNING] ApprovalRadar - 키 회전 후 3.0초 대기...
2026-05-13 18:30:07,003 [INFO] ApprovalRadar - ✨ [소요시간: 10.03초] 새로운 데이터가 감지되지 않았습니다. (현재 전체 데이터: 22416건)
2026-05-13 18:30:07,005 [INFO] ApprovalRadar - Starting DiffCrawler Delta Sync Job for I2500...
2026-05-13 18:30:07,007 [INFO] ApprovalRadar - 최초 실행: 베이스라인 부트스트랩을 시작합니다...
2026-05-13 18:30:07,008 [INFO] ApprovalRadar - [Bootstrapper] True Tail(실제 마지막 데이터) 찾는 중...
2026-05-13 18:30:07,064 [INFO] ApprovalRadar - [키 회전] API 한도 초과! 새로운 키로 교체: f1282***
2026-05-13 18:30:07,065 [WARNING] ApprovalRadar - 키 회전 후 3.0초 대기...
2026-05-13 18:30:10,120 [INFO] ApprovalRadar - [키 회전] API 한도 초과! 새로운 키로 교체: ba698***
2026-05-13 18:30:10,122 [WARNING] ApprovalRadar - 키 회전 후 3.0초 대기...
2026-05-13 18:30:13,244 [INFO] ApprovalRadar - [키 회전] API 한도 초과! 새로운 키로 교체: 67f07***
2026-05-13 18:30:13,247 [WARNING] ApprovalRadar - 키 회전 후 3.0초 대기...
2026-05-13 18:30:18,453 [WARNING] ApprovalRadar - [네트워크/응답 오류] Expecting value: line 1 column 1 (char 0). 1초 후 재시도합니다...
2026-05-13 18:30:19,794 [WARNING] ApprovalRadar - [네트워크/응답 오류] Expecting value: line 1 column 1 (char 0). 1초 후 재시도합니다...
2026-05-13 18:30:23,427 [WARNING] ApprovalRadar - [네트워크/응답 오류] Expecting value: line 1 column 1 (char 0). 1초 후 재시도합니다...
2026-05-13 18:30:25,252 [WARNING] ApprovalRadar - [네트워크/응답 오류] Expecting value: line 1 column 1 (char 0). 1초 후 재시도합니다...
2026-05-13 18:30:28,875 [WARNING] ApprovalRadar - [네트워크/응답 오류] Expecting value: line 1 column 1 (char 0). 1초 후 재시도합니다...
2026-05-13 18:30:32,419 [WARNING] ApprovalRadar - [네트워크/응답 오류] Expecting value: line 1 column 1 (char 0). 1초 후 재시도합니다...
2026-05-13 18:30:33,574 [WARNING] ApprovalRadar - [네트워크/응답 오류] Expecting value: line 1 column 1 (char 0). 1초 후 재시도합니다...
2026-05-13 18:30:37,953 [INFO] ApprovalRadar - [Bootstrapper] 전체 데이터 건수 확인 완료: 1000000건
2026-05-13 18:30:37,957 [INFO] ApprovalRadar - [Bootstrapper] 피벗 캐싱 시작 (간격: 5000)...
2026-05-13 18:30:38,000 [WARNING] ApprovalRadar - [네트워크/응답 오류] Expecting value: line 1 column 1 (char 0). 1초 후 재시도합니다...
2026-05-13 18:30:39,060 [WARNING] ApprovalRadar - [네트워크/응답 오류] Expecting value: line 1 column 1 (char 0). 2초 후 재시도합니다...
2026-05-13 18:30:41,128 [WARNING] ApprovalRadar - [네트워크/응답 오류] Expecting value: line 1 column 1 (char 0). 4초 후 재시도합니다...
2026-05-13 18:30:45,021 [WARNING] ApprovalRadar - [네트워크/응답 오류] Expecting value: line 1 column 1 (char 0). 1초 후 재시도합니다...
2026-05-13 18:30:45,134 [WARNING] ApprovalRadar - 연속적인 응답 오류 발생! 해당 키가 WAF에 의해 임시 차단된 것으로 의심되어 키를 회전합니다.
2026-05-13 18:30:45,136 [INFO] ApprovalRadar - [키 회전] API 한도 초과! 새로운 키로 교체: e7b3f***
2026-05-13 18:30:46,026 [ERROR] ApprovalRadar - 🚨 [긴급] 오늘자 식품나라 API 키가 모두 소진되었습니다. 크롤링이 중단됩니다.
2026-05-13 18:30:46,077 [ERROR] ApprovalRadar - 🚨 [긴급] 오늘자 식품나라 API 키가 모두 소진되었습니다. 크롤링이 중단됩니다.
2026-05-13 18:30:46,109 [ERROR] ApprovalRadar - 🚨 [긴급] 오늘자 식품나라 API 키가 모두 소진되었습니다. 크롤링이 중단됩니다.
2026-05-13 18:30:46,160 [ERROR] ApprovalRadar - 🚨 [긴급] 오늘자 식품나라 API 키가 모두 소진되었습니다. 크롤링이 중단됩니다.
2026-05-13 18:30:46,192 [ERROR] ApprovalRadar - 🚨 [긴급] 오늘자 식품나라 API 키가 모두 소진되었습니다. 크롤링이 중단됩니다.
2026-05-13 18:30:46,246 [ERROR] ApprovalRadar - 🚨 [긴급] 오늘자 식품나라 API 키가 모두 소진되었습니다. 크롤링이 중단됩니다.
2026-05-13 18:30:46,298 [ERROR] ApprovalRadar - 🚨 [긴급] 오늘자 식품나라 API 키가 모두 소진되었습니다. 크롤링이 중단됩니다.
2026-05-13 18:30:46,352 [ERROR] ApprovalRadar - 🚨 [긴급] 오늘자 식품나라 API 키가 모두 소진되었습니다. 크롤링이 중단됩니다.
2026-05-13 18:30:46,388 [ERROR] ApprovalRadar - 🚨 [긴급] 오늘자 식품나라 API 키가 모두 소진되었습니다. 크롤링이 중단됩니다.
2026-05-13 18:30:46,519 [ERROR] ApprovalRadar - 🚨 [긴급] 오늘자 식품나라 API 키가 모두 소진되었습니다. 크롤링이 중단됩니다.
2026-05-13 18:30:46,585 [ERROR] ApprovalRadar - 🚨 [긴급] 오늘자 식품나라 API 키가 모두 소진되었습니다. 크롤링이 중단됩니다.
2026-05-13 18:30:46,639 [ERROR] ApprovalRadar - 🚨 [긴급] 오늘자 식품나라 API 키가 모두 소진되었습니다. 크롤링이 중단됩니다.
2026-05-13 18:30:46,693 [ERROR] ApprovalRadar - 🚨 [긴급] 오늘자 식품나라 API 키가 모두 소진되었습니다. 크롤링이 중단됩니다.
2026-05-13 18:30:46,727 [ERROR] ApprovalRadar - 🚨 [긴급] 오늘자 식품나라 API 키가 모두 소진되었습니다. 크롤링이 중단됩니다.
2026-05-13 18:30:46,787 [ERROR] ApprovalRadar - 🚨 [긴급] 오늘자 식품나라 API 키가 모두 소진되었습니다. 크롤링이 중단됩니다.
2026-05-13 18:30:46,853 [ERROR] ApprovalRadar - 🚨 [긴급] 오늘자 식품나라 API 키가 모두 소진되었습니다. 크롤링이 중단됩니다.
2026-05-13 18:30:46,908 [ERROR] ApprovalRadar - 🚨 [긴급] 오늘자 식품나라 API 키가 모두 소진되었습니다. 크롤링이 중단됩니다.
2026-05-13 18:30:47,037 [ERROR] ApprovalRadar - 🚨 [긴급] 오늘자 식품나라 API 키가 모두 소진되었습니다. 크롤링이 중단됩니다.
2026-05-13 18:30:47,097 [ERROR] ApprovalRadar - 🚨 [긴급] 오늘자 식품나라 API 키가 모두 소진되었습니다. 크롤링이 중단됩니다.
2026-05-13 18:30:47,136 [ERROR] ApprovalRadar - 🚨 [긴급] 오늘자 식품나라 API 키가 모두 소진되었습니다. 크롤링이 중단됩니다.
2026-05-13 18:30:47,192 [ERROR] ApprovalRadar - 🚨 [긴급] 오늘자 식품나라 API 키가 모두 소진되었습니다. 크롤링이 중단됩니다.
2026-05-13 18:30:47,260 [ERROR] ApprovalRadar - 🚨 [긴급] 오늘자 식품나라 API 키가 모두 소진되었습니다. 크롤링이 중단됩니다.
2026-05-13 18:30:47,317 [ERROR] ApprovalRadar - 🚨 [긴급] 오늘자 식품나라 API 키가 모두 소진되었습니다. 크롤링이 중단됩니다.
2026-05-13 18:30:47,372 [ERROR] ApprovalRadar - 🚨 [긴급] 오늘자 식품나라 API 키가 모두 소진되었습니다. 크롤링이 중단됩니다.
2026-05-13 18:30:47,415 [ERROR] ApprovalRadar - 🚨 [긴급] 오늘자 식품나라 API 키가 모두 소진되었습니다. 크롤링이 중단됩니다.
2026-05-13 18:30:47,560 [ERROR] ApprovalRadar - 🚨 [긴급] 오늘자 식품나라 API 키가 모두 소진되었습니다. 크롤링이 중단됩니다.
2026-05-13 18:30:47,614 [ERROR] ApprovalRadar - 🚨 [긴급] 오늘자 식품나라 API 키가 모두 소진되었습니다. 크롤링이 중단됩니다.
2026-05-13 18:30:47,647 [ERROR] ApprovalRadar - 🚨 [긴급] 오늘자 식품나라 API 키가 모두 소진되었습니다. 크롤링이 중단됩니다.
2026-05-13 18:30:47,680 [ERROR] ApprovalRadar - 🚨 [긴급] 오늘자 식품나라 API 키가 모두 소진되었습니다. 크롤링이 중단됩니다.
2026-05-13 18:30:47,733 [ERROR] ApprovalRadar - 🚨 [긴급] 오늘자 식품나라 API 키가 모두 소진되었습니다. 크롤링이 중단됩니다.
2026-05-13 18:30:47,785 [ERROR] ApprovalRadar - 🚨 [긴급] 오늘자 식품나라 API 키가 모두 소진되었습니다. 크롤링이 중단됩니다.
2026-05-13 18:30:47,837 [ERROR] ApprovalRadar - 🚨 [긴급] 오늘자 식품나라 API 키가 모두 소진되었습니다. 크롤링이 중단됩니다.
2026-05-13 18:30:47,891 [ERROR] ApprovalRadar - 🚨 [긴급] 오늘자 식품나라 API 키가 모두 소진되었습니다. 크롤링이 중단됩니다.
2026-05-13 18:30:47,954 [ERROR] ApprovalRadar - 🚨 [긴급] 오늘자 식품나라 API 키가 모두 소진되었습니다. 크롤링이 중단됩니다.
2026-05-13 18:30:48,096 [ERROR] ApprovalRadar - 🚨 [긴급] 오늘자 식품나라 API 키가 모두 소진되었습니다. 크롤링이 중단됩니다.
2026-05-13 18:30:48,164 [ERROR] ApprovalRadar - 🚨 [긴급] 오늘자 식품나라 API 키가 모두 소진되었습니다. 크롤링이 중단됩니다.
2026-05-13 18:30:48,195 [ERROR] ApprovalRadar - 🚨 [긴급] 오늘자 식품나라 API 키가 모두 소진되었습니다. 크롤링이 중단됩니다.
2026-05-13 18:30:48,216 [ERROR] ApprovalRadar - 🚨 [긴급] 오늘자 식품나라 API 키가 모두 소진되었습니다. 크롤링이 중단됩니다.
2026-05-13 18:30:48,233 [ERROR] ApprovalRadar - 🚨 [긴급] 오늘자 식품나라 API 키가 모두 소진되었습니다. 크롤링이 중단됩니다.
2026-05-13 18:30:48,267 [ERROR] ApprovalRadar - 🚨 [긴급] 오늘자 식품나라 API 키가 모두 소진되었습니다. 크롤링이 중단됩니다.
2026-05-13 18:30:48,270 [ERROR] ApprovalRadar - 🚨 [긴급] 오늘자 식품나라 API 키가 모두 소진되었습니다. 크롤링이 중단됩니다.
2026-05-13 18:30:48,330 [ERROR] ApprovalRadar - 🚨 [긴급] 오늘자 식품나라 API 키가 모두 소진되었습니다. 크롤링이 중단됩니다.
2026-05-13 18:30:48,332 [ERROR] ApprovalRadar - 🚨 [긴급] 오늘자 식품나라 API 키가 모두 소진되었습니다. 크롤링이 중단됩니다.
2026-05-13 18:30:48,386 [ERROR] ApprovalRadar - 🚨 [긴급] 오늘자 식품나라 API 키가 모두 소진되었습니다. 크롤링이 중단됩니다.
2026-05-13 18:30:48,387 [ERROR] ApprovalRadar - 🚨 [긴급] 오늘자 식품나라 API 키가 모두 소진되었습니다. 크롤링이 중단됩니다.
2026-05-13 18:30:48,462 [ERROR] ApprovalRadar - 🚨 [긴급] 오늘자 식품나라 API 키가 모두 소진되었습니다. 크롤링이 중단됩니다.
2026-05-13 18:30:48,464 [ERROR] ApprovalRadar - 🚨 [긴급] 오늘자 식품나라 API 키가 모두 소진되었습니다. 크롤링이 중단됩니다.
2026-05-13 18:30:48,609 [ERROR] ApprovalRadar - 🚨 [긴급] 오늘자 식품나라 API 키가 모두 소진되었습니다. 크롤링이 중단됩니다.
2026-05-13 18:30:48,613 [ERROR] ApprovalRadar - 🚨 [긴급] 오늘자 식품나라 API 키가 모두 소진되었습니다. 크롤링이 중단됩니다.
2026-05-13 18:30:48,679 [ERROR] ApprovalRadar - 🚨 [긴급] 오늘자 식품나라 API 키가 모두 소진되었습니다. 크롤링이 중단됩니다.
2026-05-13 18:30:48,680 [ERROR] ApprovalRadar - 🚨 [긴급] 오늘자 식품나라 API 키가 모두 소진되었습니다. 크롤링이 중단됩니다.
2026-05-13 18:30:48,732 [ERROR] ApprovalRadar - 🚨 [긴급] 오늘자 식품나라 API 키가 모두 소진되었습니다. 크롤링이 중단됩니다.
2026-05-13 18:30:48,734 [ERROR] ApprovalRadar - 🚨 [긴급] 오늘자 식품나라 API 키가 모두 소진되었습니다. 크롤링이 중단됩니다.
2026-05-13 18:30:48,787 [ERROR] ApprovalRadar - 🚨 [긴급] 오늘자 식품나라 API 키가 모두 소진되었습니다. 크롤링이 중단됩니다.
2026-05-13 18:30:48,790 [ERROR] ApprovalRadar - 🚨 [긴급] 오늘자 식품나라 API 키가 모두 소진되었습니다. 크롤링이 중단됩니다.
2026-05-13 18:30:48,844 [ERROR] ApprovalRadar - 🚨 [긴급] 오늘자 식품나라 API 키가 모두 소진되었습니다. 크롤링이 중단됩니다.
2026-05-13 18:30:48,848 [ERROR] ApprovalRadar - 🚨 [긴급] 오늘자 식품나라 API 키가 모두 소진되었습니다. 크롤링이 중단됩니다.
2026-05-13 18:30:48,876 [ERROR] ApprovalRadar - 🚨 [긴급] 오늘자 식품나라 API 키가 모두 소진되었습니다. 크롤링이 중단됩니다.
2026-05-13 18:30:48,909 [ERROR] ApprovalRadar - 🚨 [긴급] 오늘자 식품나라 API 키가 모두 소진되었습니다. 크롤링이 중단됩니다.
2026-05-13 18:30:48,926 [ERROR] ApprovalRadar - 🚨 [긴급] 오늘자 식품나라 API 키가 모두 소진되었습니다. 크롤링이 중단됩니다.
2026-05-13 18:30:48,964 [ERROR] ApprovalRadar - 🚨 [긴급] 오늘자 식품나라 API 키가 모두 소진되었습니다. 크롤링이 중단됩니다.
2026-05-13 18:30:48,977 [ERROR] ApprovalRadar - 🚨 [긴급] 오늘자 식품나라 API 키가 모두 소진되었습니다. 크롤링이 중단됩니다.
2026-05-13 18:30:49,015 [ERROR] ApprovalRadar - 🚨 [긴급] 오늘자 식품나라 API 키가 모두 소진되었습니다. 크롤링이 중단됩니다.
2026-05-13 18:30:49,116 [ERROR] ApprovalRadar - 🚨 [긴급] 오늘자 식품나라 API 키가 모두 소진되었습니다. 크롤링이 중단됩니다.
2026-05-13 18:30:49,133 [ERROR] ApprovalRadar - 🚨 [긴급] 오늘자 식품나라 API 키가 모두 소진되었습니다. 크롤링이 중단됩니다.
2026-05-13 18:30:49,152 [ERROR] ApprovalRadar - 🚨 [긴급] 오늘자 식품나라 API 키가 모두 소진되었습니다. 크롤링이 중단됩니다.
2026-05-13 18:30:49,185 [ERROR] ApprovalRadar - 🚨 [긴급] 오늘자 식품나라 API 키가 모두 소진되었습니다. 크롤링이 중단됩니다.
2026-05-13 18:30:49,214 [ERROR] ApprovalRadar - 🚨 [긴급] 오늘자 식품나라 API 키가 모두 소진되었습니다. 크롤링이 중단됩니다.
2026-05-13 18:30:49,243 [ERROR] ApprovalRadar - 🚨 [긴급] 오늘자 식품나라 API 키가 모두 소진되었습니다. 크롤링이 중단됩니다.
2026-05-13 18:30:49,284 [ERROR] ApprovalRadar - 🚨 [긴급] 오늘자 식품나라 API 키가 모두 소진되었습니다. 크롤링이 중단됩니다.
2026-05-13 18:30:49,294 [ERROR] ApprovalRadar - 🚨 [긴급] 오늘자 식품나라 API 키가 모두 소진되었습니다. 크롤링이 중단됩니다.
2026-05-13 18:30:49,326 [ERROR] ApprovalRadar - 🚨 [긴급] 오늘자 식품나라 API 키가 모두 소진되었습니다. 크롤링이 중단됩니다.
2026-05-13 18:30:49,341 [ERROR] ApprovalRadar - 🚨 [긴급] 오늘자 식품나라 API 키가 모두 소진되었습니다. 크롤링이 중단됩니다.
2026-05-13 18:30:49,388 [ERROR] ApprovalRadar - 🚨 [긴급] 오늘자 식품나라 API 키가 모두 소진되었습니다. 크롤링이 중단됩니다.
2026-05-13 18:30:49,390 [ERROR] ApprovalRadar - 🚨 [긴급] 오늘자 식품나라 API 키가 모두 소진되었습니다. 크롤링이 중단됩니다.
2026-05-13 18:30:49,454 [ERROR] ApprovalRadar - 🚨 [긴급] 오늘자 식품나라 API 키가 모두 소진되었습니다. 크롤링이 중단됩니다.
2026-05-13 18:30:49,456 [ERROR] ApprovalRadar - 🚨 [긴급] 오늘자 식품나라 API 키가 모두 소진되었습니다. 크롤링이 중단됩니다.
2026-05-13 18:30:49,528 [ERROR] ApprovalRadar - 🚨 [긴급] 오늘자 식품나라 API 키가 모두 소진되었습니다. 크롤링이 중단됩니다.
2026-05-13 18:30:49,529 [ERROR] ApprovalRadar - 🚨 [긴급] 오늘자 식품나라 API 키가 모두 소진되었습니다. 크롤링이 중단됩니다.
2026-05-13 18:30:49,657 [WARNING] ApprovalRadar - [네트워크/응답 오류] Expecting value: line 1 column 1 (char 0). 1초 후 재시도합니다...
2026-05-13 18:30:49,660 [ERROR] ApprovalRadar - 🚨 [긴급] 오늘자 식품나라 API 키가 모두 소진되었습니다. 크롤링이 중단됩니다.
2026-05-13 18:30:49,721 [ERROR] ApprovalRadar - 🚨 [긴급] 오늘자 식품나라 API 키가 모두 소진되었습니다. 크롤링이 중단됩니다.
2026-05-13 18:30:49,777 [ERROR] ApprovalRadar - 🚨 [긴급] 오늘자 식품나라 API 키가 모두 소진되었습니다. 크롤링이 중단됩니다.
2026-05-13 18:30:49,834 [ERROR] ApprovalRadar - 🚨 [긴급] 오늘자 식품나라 API 키가 모두 소진되었습니다. 크롤링이 중단됩니다.
2026-05-13 18:30:49,889 [ERROR] ApprovalRadar - 🚨 [긴급] 오늘자 식품나라 API 키가 모두 소진되었습니다. 크롤링이 중단됩니다.
2026-05-13 18:30:49,942 [ERROR] ApprovalRadar - 🚨 [긴급] 오늘자 식품나라 API 키가 모두 소진되었습니다. 크롤링이 중단됩니다.
2026-05-13 18:30:49,999 [ERROR] ApprovalRadar - 🚨 [긴급] 오늘자 식품나라 API 키가 모두 소진되었습니다. 크롤링이 중단됩니다.
2026-05-13 18:30:50,059 [ERROR] ApprovalRadar - 🚨 [긴급] 오늘자 식품나라 API 키가 모두 소진되었습니다. 크롤링이 중단됩니다.
2026-05-13 18:30:50,180 [ERROR] ApprovalRadar - 🚨 [긴급] 오늘자 식품나라 API 키가 모두 소진되었습니다. 크롤링이 중단됩니다.
2026-05-13 18:30:50,238 [ERROR] ApprovalRadar - 🚨 [긴급] 오늘자 식품나라 API 키가 모두 소진되었습니다. 크롤링이 중단됩니다.
2026-05-13 18:30:50,297 [ERROR] ApprovalRadar - 🚨 [긴급] 오늘자 식품나라 API 키가 모두 소진되었습니다. 크롤링이 중단됩니다.
2026-05-13 18:30:50,369 [ERROR] ApprovalRadar - 🚨 [긴급] 오늘자 식품나라 API 키가 모두 소진되었습니다. 크롤링이 중단됩니다.
2026-05-13 18:30:50,436 [ERROR] ApprovalRadar - 🚨 [긴급] 오늘자 식품나라 API 키가 모두 소진되었습니다. 크롤링이 중단됩니다.
2026-05-13 18:30:50,501 [ERROR] ApprovalRadar - 🚨 [긴급] 오늘자 식품나라 API 키가 모두 소진되었습니다. 크롤링이 중단됩니다.
2026-05-13 18:30:50,556 [ERROR] ApprovalRadar - 🚨 [긴급] 오늘자 식품나라 API 키가 모두 소진되었습니다. 크롤링이 중단됩니다.
2026-05-13 18:30:50,708 [ERROR] ApprovalRadar - 🚨 [긴급] 오늘자 식품나라 API 키가 모두 소진되었습니다. 크롤링이 중단됩니다.
2026-05-13 18:30:50,737 [ERROR] ApprovalRadar - 🚨 [긴급] 오늘자 식품나라 API 키가 모두 소진되었습니다. 크롤링이 중단됩니다.
2026-05-13 18:30:50,778 [ERROR] ApprovalRadar - 🚨 [긴급] 오늘자 식품나라 API 키가 모두 소진되었습니다. 크롤링이 중단됩니다.
2026-05-13 18:30:50,808 [ERROR] ApprovalRadar - 🚨 [긴급] 오늘자 식품나라 API 키가 모두 소진되었습니다. 크롤링이 중단됩니다.
2026-05-13 18:30:50,833 [ERROR] ApprovalRadar - 🚨 [긴급] 오늘자 식품나라 API 키가 모두 소진되었습니다. 크롤링이 중단됩니다.
2026-05-13 18:30:50,863 [ERROR] ApprovalRadar - 🚨 [긴급] 오늘자 식품나라 API 키가 모두 소진되었습니다. 크롤링이 중단됩니다.
2026-05-13 18:30:50,909 [ERROR] ApprovalRadar - 🚨 [긴급] 오늘자 식품나라 API 키가 모두 소진되었습니다. 크롤링이 중단됩니다.
2026-05-13 18:30:50,926 [ERROR] ApprovalRadar - 🚨 [긴급] 오늘자 식품나라 API 키가 모두 소진되었습니다. 크롤링이 중단됩니다.
2026-05-13 18:30:50,955 [ERROR] ApprovalRadar - 🚨 [긴급] 오늘자 식품나라 API 키가 모두 소진되었습니다. 크롤링이 중단됩니다.
2026-05-13 18:30:50,983 [ERROR] ApprovalRadar - 🚨 [긴급] 오늘자 식품나라 API 키가 모두 소진되었습니다. 크롤링이 중단됩니다.
2026-05-13 18:30:51,013 [ERROR] ApprovalRadar - 🚨 [긴급] 오늘자 식품나라 API 키가 모두 소진되었습니다. 크롤링이 중단됩니다.
2026-05-13 18:30:51,036 [ERROR] ApprovalRadar - 🚨 [긴급] 오늘자 식품나라 API 키가 모두 소진되었습니다. 크롤링이 중단됩니다.
2026-05-13 18:30:51,044 [ERROR] ApprovalRadar - 🚨 [긴급] 오늘자 식품나라 API 키가 모두 소진되었습니다. 크롤링이 중단됩니다.
2026-05-13 18:30:51,076 [ERROR] ApprovalRadar - 🚨 [긴급] 오늘자 식품나라 API 키가 모두 소진되었습니다. 크롤링이 중단됩니다.
2026-05-13 18:30:51,088 [ERROR] ApprovalRadar - 🚨 [긴급] 오늘자 식품나라 API 키가 모두 소진되었습니다. 크롤링이 중단됩니다.
2026-05-13 18:30:51,112 [ERROR] ApprovalRadar - 🚨 [긴급] 오늘자 식품나라 API 키가 모두 소진되었습니다. 크롤링이 중단됩니다.
2026-05-13 18:30:51,214 [ERROR] ApprovalRadar - 🚨 [긴급] 오늘자 식품나라 API 키가 모두 소진되었습니다. 크롤링이 중단됩니다.
2026-05-13 18:30:51,232 [ERROR] ApprovalRadar - 🚨 [긴급] 오늘자 식품나라 API 키가 모두 소진되었습니다. 크롤링이 중단됩니다.
2026-05-13 18:30:51,249 [ERROR] ApprovalRadar - 🚨 [긴급] 오늘자 식품나라 API 키가 모두 소진되었습니다. 크롤링이 중단됩니다.
2026-05-13 18:30:51,282 [ERROR] ApprovalRadar - 🚨 [긴급] 오늘자 식품나라 API 키가 모두 소진되었습니다. 크롤링이 중단됩니다.
2026-05-13 18:30:51,307 [ERROR] ApprovalRadar - 🚨 [긴급] 오늘자 식품나라 API 키가 모두 소진되었습니다. 크롤링이 중단됩니다.
2026-05-13 18:30:51,333 [ERROR] ApprovalRadar - 🚨 [긴급] 오늘자 식품나라 API 키가 모두 소진되었습니다. 크롤링이 중단됩니다.
2026-05-13 18:30:51,340 [ERROR] ApprovalRadar - 🚨 [긴급] 오늘자 식품나라 API 키가 모두 소진되었습니다. 크롤링이 중단됩니다.
2026-05-13 18:30:51,362 [ERROR] ApprovalRadar - 🚨 [긴급] 오늘자 식품나라 API 키가 모두 소진되었습니다. 크롤링이 중단됩니다.
2026-05-13 18:30:51,373 [ERROR] ApprovalRadar - 🚨 [긴급] 오늘자 식품나라 API 키가 모두 소진되었습니다. 크롤링이 중단됩니다.
2026-05-13 18:30:51,413 [ERROR] ApprovalRadar - 🚨 [긴급] 오늘자 식품나라 API 키가 모두 소진되었습니다. 크롤링이 중단됩니다.
2026-05-13 18:30:51,429 [ERROR] ApprovalRadar - 🚨 [긴급] 오늘자 식품나라 API 키가 모두 소진되었습니다. 크롤링이 중단됩니다.
2026-05-13 18:30:51,461 [ERROR] ApprovalRadar - 🚨 [긴급] 오늘자 식품나라 API 키가 모두 소진되었습니다. 크롤링이 중단됩니다.
2026-05-13 18:30:51,477 [ERROR] ApprovalRadar - 🚨 [긴급] 오늘자 식품나라 API 키가 모두 소진되었습니다. 크롤링이 중단됩니다.
2026-05-13 18:30:51,531 [ERROR] ApprovalRadar - 🚨 [긴급] 오늘자 식품나라 API 키가 모두 소진되었습니다. 크롤링이 중단됩니다.
2026-05-13 18:30:51,557 [ERROR] ApprovalRadar - 🚨 [긴급] 오늘자 식품나라 API 키가 모두 소진되었습니다. 크롤링이 중단됩니다.
2026-05-13 18:30:51,593 [ERROR] ApprovalRadar - 🚨 [긴급] 오늘자 식품나라 API 키가 모두 소진되었습니다. 크롤링이 중단됩니다.
2026-05-13 18:30:51,595 [ERROR] ApprovalRadar - 🚨 [긴급] 오늘자 식품나라 API 키가 모두 소진되었습니다. 크롤링이 중단됩니다.
2026-05-13 18:30:51,647 [ERROR] ApprovalRadar - 🚨 [긴급] 오늘자 식품나라 API 키가 모두 소진되었습니다. 크롤링이 중단됩니다.
2026-05-13 18:30:51,738 [ERROR] ApprovalRadar - 🚨 [긴급] 오늘자 식품나라 API 키가 모두 소진되었습니다. 크롤링이 중단됩니다.
2026-05-13 18:30:51,791 [ERROR] ApprovalRadar - 🚨 [긴급] 오늘자 식품나라 API 키가 모두 소진되었습니다. 크롤링이 중단됩니다.
2026-05-13 18:30:51,813 [ERROR] ApprovalRadar - 🚨 [긴급] 오늘자 식품나라 API 키가 모두 소진되었습니다. 크롤링이 중단됩니다.
2026-05-13 18:30:51,848 [ERROR] ApprovalRadar - 🚨 [긴급] 오늘자 식품나라 API 키가 모두 소진되었습니다. 크롤링이 중단됩니다.
2026-05-13 18:30:51,850 [ERROR] ApprovalRadar - 🚨 [긴급] 오늘자 식품나라 API 키가 모두 소진되었습니다. 크롤링이 중단됩니다.
2026-05-13 18:30:51,909 [ERROR] ApprovalRadar - 🚨 [긴급] 오늘자 식품나라 API 키가 모두 소진되었습니다. 크롤링이 중단됩니다.
2026-05-13 18:30:51,912 [ERROR] ApprovalRadar - 🚨 [긴급] 오늘자 식품나라 API 키가 모두 소진되었습니다. 크롤링이 중단됩니다.
2026-05-13 18:30:51,948 [ERROR] ApprovalRadar - 🚨 [긴급] 오늘자 식품나라 API 키가 모두 소진되었습니다. 크롤링이 중단됩니다.
2026-05-13 18:30:51,953 [ERROR] ApprovalRadar - 🚨 [긴급] 오늘자 식품나라 API 키가 모두 소진되었습니다. 크롤링이 중단됩니다.
2026-05-13 18:30:51,984 [ERROR] ApprovalRadar - 🚨 [긴급] 오늘자 식품나라 API 키가 모두 소진되었습니다. 크롤링이 중단됩니다.
2026-05-13 18:30:52,005 [ERROR] ApprovalRadar - 🚨 [긴급] 오늘자 식품나라 API 키가 모두 소진되었습니다. 크롤링이 중단됩니다.
2026-05-13 18:30:52,020 [ERROR] ApprovalRadar - 🚨 [긴급] 오늘자 식품나라 API 키가 모두 소진되었습니다. 크롤링이 중단됩니다.
2026-05-13 18:30:52,035 [ERROR] ApprovalRadar - 🚨 [긴급] 오늘자 식품나라 API 키가 모두 소진되었습니다. 크롤링이 중단됩니다.
2026-05-13 18:30:52,072 [ERROR] ApprovalRadar - 🚨 [긴급] 오늘자 식품나라 API 키가 모두 소진되었습니다. 크롤링이 중단됩니다.
2026-05-13 18:30:52,086 [ERROR] ApprovalRadar - 🚨 [긴급] 오늘자 식품나라 API 키가 모두 소진되었습니다. 크롤링이 중단됩니다.
2026-05-13 18:30:52,127 [ERROR] ApprovalRadar - 🚨 [긴급] 오늘자 식품나라 API 키가 모두 소진되었습니다. 크롤링이 중단됩니다.
2026-05-13 18:30:52,138 [ERROR] ApprovalRadar - 🚨 [긴급] 오늘자 식품나라 API 키가 모두 소진되었습니다. 크롤링이 중단됩니다.
2026-05-13 18:30:52,264 [ERROR] ApprovalRadar - 🚨 [긴급] 오늘자 식품나라 API 키가 모두 소진되었습니다. 크롤링이 중단됩니다.
2026-05-13 18:30:52,265 [ERROR] ApprovalRadar - 🚨 [긴급] 오늘자 식품나라 API 키가 모두 소진되었습니다. 크롤링이 중단됩니다.
2026-05-13 18:30:52,303 [ERROR] ApprovalRadar - 🚨 [긴급] 오늘자 식품나라 API 키가 모두 소진되었습니다. 크롤링이 중단됩니다.
2026-05-13 18:30:52,319 [ERROR] ApprovalRadar - 🚨 [긴급] 오늘자 식품나라 API 키가 모두 소진되었습니다. 크롤링이 중단됩니다.
2026-05-13 18:30:52,336 [ERROR] ApprovalRadar - 🚨 [긴급] 오늘자 식품나라 API 키가 모두 소진되었습니다. 크롤링이 중단됩니다.
2026-05-13 18:30:52,352 [ERROR] ApprovalRadar - 🚨 [긴급] 오늘자 식품나라 API 키가 모두 소진되었습니다. 크롤링이 중단됩니다.
2026-05-13 18:30:52,368 [ERROR] ApprovalRadar - 🚨 [긴급] 오늘자 식품나라 API 키가 모두 소진되었습니다. 크롤링이 중단됩니다.
2026-05-13 18:30:52,407 [ERROR] ApprovalRadar - 🚨 [긴급] 오늘자 식품나라 API 키가 모두 소진되었습니다. 크롤링이 중단됩니다.
2026-05-13 18:30:52,426 [ERROR] ApprovalRadar - 🚨 [긴급] 오늘자 식품나라 API 키가 모두 소진되었습니다. 크롤링이 중단됩니다.
2026-05-13 18:30:52,476 [ERROR] ApprovalRadar - 🚨 [긴급] 오늘자 식품나라 API 키가 모두 소진되었습니다. 크롤링이 중단됩니다.
2026-05-13 18:30:52,489 [ERROR] ApprovalRadar - 🚨 [긴급] 오늘자 식품나라 API 키가 모두 소진되었습니다. 크롤링이 중단됩니다.
2026-05-13 18:30:52,516 [ERROR] ApprovalRadar - 🚨 [긴급] 오늘자 식품나라 API 키가 모두 소진되었습니다. 크롤링이 중단됩니다.
2026-05-13 18:30:52,538 [ERROR] ApprovalRadar - 🚨 [긴급] 오늘자 식품나라 API 키가 모두 소진되었습니다. 크롤링이 중단됩니다.
2026-05-13 18:30:52,571 [ERROR] ApprovalRadar - 🚨 [긴급] 오늘자 식품나라 API 키가 모두 소진되었습니다. 크롤링이 중단됩니다.
2026-05-13 18:30:52,606 [ERROR] ApprovalRadar - 🚨 [긴급] 오늘자 식품나라 API 키가 모두 소진되었습니다. 크롤링이 중단됩니다.
2026-05-13 18:30:52,608 [ERROR] ApprovalRadar - 🚨 [긴급] 오늘자 식품나라 API 키가 모두 소진되었습니다. 크롤링이 중단됩니다.
2026-05-13 18:30:52,638 [ERROR] ApprovalRadar - 🚨 [긴급] 오늘자 식품나라 API 키가 모두 소진되었습니다. 크롤링이 중단됩니다.
2026-05-13 18:30:52,659 [ERROR] ApprovalRadar - 🚨 [긴급] 오늘자 식품나라 API 키가 모두 소진되었습니다. 크롤링이 중단됩니다.
2026-05-13 18:30:52,694 [ERROR] ApprovalRadar - 🚨 [긴급] 오늘자 식품나라 API 키가 모두 소진되었습니다. 크롤링이 중단됩니다.
2026-05-13 18:30:52,802 [ERROR] ApprovalRadar - 🚨 [긴급] 오늘자 식품나라 API 키가 모두 소진되었습니다. 크롤링이 중단됩니다.
2026-05-13 18:30:52,835 [ERROR] ApprovalRadar - 🚨 [긴급] 오늘자 식품나라 API 키가 모두 소진되었습니다. 크롤링이 중단됩니다.
2026-05-13 18:30:52,859 [ERROR] ApprovalRadar - 🚨 [긴급] 오늘자 식품나라 API 키가 모두 소진되었습니다. 크롤링이 중단됩니다.
2026-05-13 18:30:52,893 [ERROR] ApprovalRadar - 🚨 [긴급] 오늘자 식품나라 API 키가 모두 소진되었습니다. 크롤링이 중단됩니다.
2026-05-13 18:30:52,895 [ERROR] ApprovalRadar - 🚨 [긴급] 오늘자 식품나라 API 키가 모두 소진되었습니다. 크롤링이 중단됩니다.
2026-05-13 18:30:52,931 [ERROR] ApprovalRadar - 🚨 [긴급] 오늘자 식품나라 API 키가 모두 소진되었습니다. 크롤링이 중단됩니다.
2026-05-13 18:30:52,955 [ERROR] ApprovalRadar - 🚨 [긴급] 오늘자 식품나라 API 키가 모두 소진되었습니다. 크롤링이 중단됩니다.
2026-05-13 18:30:52,983 [ERROR] ApprovalRadar - 🚨 [긴급] 오늘자 식품나라 API 키가 모두 소진되었습니다. 크롤링이 중단됩니다.
2026-05-13 18:30:52,989 [ERROR] ApprovalRadar - 🚨 [긴급] 오늘자 식품나라 API 키가 모두 소진되었습니다. 크롤링이 중단됩니다.
2026-05-13 18:30:53,046 [ERROR] ApprovalRadar - 🚨 [긴급] 오늘자 식품나라 API 키가 모두 소진되었습니다. 크롤링이 중단됩니다.
2026-05-13 18:30:53,048 [ERROR] ApprovalRadar - 🚨 [긴급] 오늘자 식품나라 API 키가 모두 소진되었습니다. 크롤링이 중단됩니다.
2026-05-13 18:30:53,104 [ERROR] ApprovalRadar - 🚨 [긴급] 오늘자 식품나라 API 키가 모두 소진되었습니다. 크롤링이 중단됩니다.
2026-05-13 18:30:53,107 [ERROR] ApprovalRadar - 🚨 [긴급] 오늘자 식품나라 API 키가 모두 소진되었습니다. 크롤링이 중단됩니다.
2026-05-13 18:30:53,159 [ERROR] ApprovalRadar - 🚨 [긴급] 오늘자 식품나라 API 키가 모두 소진되었습니다. 크롤링이 중단됩니다.
2026-05-13 18:30:53,160 [ERROR] ApprovalRadar - 🚨 [긴급] 오늘자 식품나라 API 키가 모두 소진되었습니다. 크롤링이 중단됩니다.
2026-05-13 18:30:53,216 [ERROR] ApprovalRadar - 🚨 [긴급] 오늘자 식품나라 API 키가 모두 소진되었습니다. 크롤링이 중단됩니다.
2026-05-13 18:30:53,218 [ERROR] ApprovalRadar - 🚨 [긴급] 오늘자 식품나라 API 키가 모두 소진되었습니다. 크롤링이 중단됩니다.
2026-05-13 18:30:53,337 [ERROR] ApprovalRadar - 🚨 [긴급] 오늘자 식품나라 API 키가 모두 소진되었습니다. 크롤링이 중단됩니다.
2026-05-13 18:30:53,358 [ERROR] ApprovalRadar - 🚨 [긴급] 오늘자 식품나라 API 키가 모두 소진되었습니다. 크롤링이 중단됩니다.
2026-05-13 18:30:53,391 [ERROR] ApprovalRadar - 🚨 [긴급] 오늘자 식품나라 API 키가 모두 소진되었습니다. 크롤링이 중단됩니다.
2026-05-13 18:30:53,412 [ERROR] ApprovalRadar - 🚨 [긴급] 오늘자 식품나라 API 키가 모두 소진되었습니다. 크롤링이 중단됩니다.
2026-05-13 18:30:53,447 [ERROR] ApprovalRadar - 🚨 [긴급] 오늘자 식품나라 API 키가 모두 소진되었습니다. 크롤링이 중단됩니다.
2026-05-13 18:30:53,474 [ERROR] ApprovalRadar - 🚨 [긴급] 오늘자 식품나라 API 키가 모두 소진되었습니다. 크롤링이 중단됩니다.
2026-05-13 18:30:53,508 [ERROR] ApprovalRadar - 🚨 [긴급] 오늘자 식품나라 API 키가 모두 소진되었습니다. 크롤링이 중단됩니다.
2026-05-13 18:30:53,540 [ERROR] ApprovalRadar - 🚨 [긴급] 오늘자 식품나라 API 키가 모두 소진되었습니다. 크롤링이 중단됩니다.
2026-05-13 18:30:53,567 [ERROR] ApprovalRadar - 🚨 [긴급] 오늘자 식품나라 API 키가 모두 소진되었습니다. 크롤링이 중단됩니다.
2026-05-13 18:30:53,569 [ERROR] ApprovalRadar - ❌ I2500 크롤러 스케줄 작업 중 치명적인 오류 발생: All API keys are exhausted for today.
2026-05-13 18:34:41,090 [INFO] ApprovalRadar - Shutting down APScheduler...
2026-05-13 18:34:41,456 [INFO] ApprovalRadar - Initializing Database...
2026-05-13 18:34:41,457 [INFO] ApprovalRadar - Starting Industry Type Backfill Job...
2026-05-13 18:34:41,457 [INFO] ApprovalRadar - Configuring APScheduler jobs...
2026-05-13 18:34:41,461 [INFO] ApprovalRadar - Adding initial catch-up scraper job to background...
2026-05-13 18:34:41,462 [INFO] ApprovalRadar - Starting DiffCrawler Delta Sync Job for I2859...
2026-05-13 18:34:41,462 [INFO] ApprovalRadar - APScheduler started successfully.
2026-05-13 18:34:41,467 [INFO] ApprovalRadar - 총 2403건의 세부업종 누락 데이터를 발견했습니다. 백필을 시작합니다.
2026-05-13 18:34:41,539 [INFO] ApprovalRadar - [키 회전] API 한도 초과! 새로운 키로 교체: f1282***
2026-05-13 18:34:41,540 [WARNING] ApprovalRadar - 키 회전 후 3.0초 대기...
2026-05-13 18:34:41,599 [INFO] ApprovalRadar - [키 회전] API 한도 초과! 새로운 키로 교체: f1282***
2026-05-13 18:34:41,600 [WARNING] ApprovalRadar - 키 회전 후 3.0초 대기...
2026-05-13 18:34:44,608 [INFO] ApprovalRadar - [키 회전] API 한도 초과! 새로운 키로 교체: ba698***
2026-05-13 18:34:44,610 [WARNING] ApprovalRadar - 키 회전 후 3.0초 대기...
2026-05-13 18:34:44,664 [INFO] ApprovalRadar - [키 회전] API 한도 초과! 새로운 키로 교체: ba698***
2026-05-13 18:34:44,667 [WARNING] ApprovalRadar - 키 회전 후 3.0초 대기...
2026-05-13 18:34:47,714 [INFO] ApprovalRadar - [키 회전] API 한도 초과! 새로운 키로 교체: 67f07***
2026-05-13 18:34:47,719 [WARNING] ApprovalRadar - 키 회전 후 3.0초 대기...
2026-05-13 18:34:47,732 [INFO] ApprovalRadar - [키 회전] API 한도 초과! 새로운 키로 교체: 67f07***
2026-05-13 18:34:47,734 [WARNING] ApprovalRadar - 키 회전 후 3.0초 대기...
2026-05-13 18:34:50,924 [WARNING] ApprovalRadar - [네트워크/응답 오류] Expecting value: line 1 column 1 (char 0). 1초 후 재시도합니다...
2026-05-13 18:34:52,769 [INFO] ApprovalRadar - ✨ [소요시간: 11.31초] 새로운 데이터가 감지되지 않았습니다. (현재 전체 데이터: 22416건)
2026-05-13 18:34:52,770 [INFO] ApprovalRadar - Starting DiffCrawler Delta Sync Job for I2500...
2026-05-13 18:34:52,773 [INFO] ApprovalRadar - 최초 실행: 베이스라인 부트스트랩을 시작합니다...
2026-05-13 18:34:52,774 [INFO] ApprovalRadar - [Bootstrapper] True Tail(실제 마지막 데이터) 찾는 중...
2026-05-13 18:34:52,911 [INFO] ApprovalRadar - [키 회전] API 한도 초과! 새로운 키로 교체: f1282***
2026-05-13 18:34:52,913 [WARNING] ApprovalRadar - 키 회전 후 3.0초 대기...
2026-05-13 18:34:56,056 [INFO] ApprovalRadar - [키 회전] API 한도 초과! 새로운 키로 교체: ba698***
2026-05-13 18:34:56,058 [WARNING] ApprovalRadar - 키 회전 후 3.0초 대기...
2026-05-13 18:34:59,202 [INFO] ApprovalRadar - [키 회전] API 한도 초과! 새로운 키로 교체: 67f07***
2026-05-13 18:34:59,204 [WARNING] ApprovalRadar - 키 회전 후 3.0초 대기...
2026-05-13 18:35:02,417 [WARNING] ApprovalRadar - [네트워크/응답 오류] Expecting value: line 1 column 1 (char 0). 1초 후 재시도합니다...
2026-05-13 18:35:03,479 [WARNING] ApprovalRadar - [네트워크/응답 오류] Expecting value: line 1 column 1 (char 0). 2초 후 재시도합니다...
2026-05-13 18:35:05,557 [WARNING] ApprovalRadar - [네트워크/응답 오류] Expecting value: line 1 column 1 (char 0). 4초 후 재시도합니다...
2026-05-13 18:35:09,562 [WARNING] ApprovalRadar - 연속적인 응답 오류 발생! 해당 키가 WAF에 의해 임시 차단된 것으로 의심되어 키를 회전합니다.
2026-05-13 18:35:09,564 [INFO] ApprovalRadar - [키 회전] API 한도 초과! 새로운 키로 교체: e7b3f***
2026-05-13 18:35:12,610 [ERROR] ApprovalRadar - 🚨 [긴급] 오늘자 식품나라 API 키가 모두 소진되었습니다. 크롤링이 중단됩니다.
2026-05-13 18:35:12,612 [ERROR] ApprovalRadar - Failed to fetch or update 20260529413: All API keys are exhausted for today.
2026-05-13 18:35:15,669 [ERROR] ApprovalRadar - 🚨 [긴급] 오늘자 식품나라 API 키가 모두 소진되었습니다. 크롤링이 중단됩니다.
2026-05-13 18:35:15,671 [ERROR] ApprovalRadar - Failed to fetch or update 20260926321: All API keys are exhausted for today.
2026-05-13 18:35:18,705 [ERROR] ApprovalRadar - 🚨 [긴급] 오늘자 식품나라 API 키가 모두 소진되었습니다. 크롤링이 중단됩니다.
2026-05-13 18:35:18,707 [ERROR] ApprovalRadar - Failed to fetch or update 20260555070: All API keys are exhausted for today.
2026-05-13 18:35:19,951 [INFO] ApprovalRadar - [Bootstrapper] 전체 데이터 건수 확인 완료: 1000000건
2026-05-13 18:35:19,953 [INFO] ApprovalRadar - [Bootstrapper] 피벗 캐싱 시작 (간격: 5000)...
2026-05-13 18:35:20,817 [WARNING] ApprovalRadar - [네트워크/응답 오류] Expecting value: line 1 column 1 (char 0). 1초 후 재시도합니다...
2026-05-13 18:35:21,774 [ERROR] ApprovalRadar - 🚨 [긴급] 오늘자 식품나라 API 키가 모두 소진되었습니다. 크롤링이 중단됩니다.
2026-05-13 18:35:21,776 [ERROR] ApprovalRadar - Failed to fetch or update 20260787251: All API keys are exhausted for today.
2026-05-13 18:35:21,855 [WARNING] ApprovalRadar - [네트워크/응답 오류] Expecting value: line 1 column 1 (char 0). 2초 후 재시도합니다...
2026-05-13 18:35:23,912 [WARNING] ApprovalRadar - [네트워크/응답 오류] Expecting value: line 1 column 1 (char 0). 4초 후 재시도합니다...
2026-05-13 18:35:24,909 [ERROR] ApprovalRadar - 🚨 [긴급] 오늘자 식품나라 API 키가 모두 소진되었습니다. 크롤링이 중단됩니다.
2026-05-13 18:35:24,910 [ERROR] ApprovalRadar - Failed to fetch or update 20260121210: All API keys are exhausted for today.
2026-05-13 18:35:27,927 [WARNING] ApprovalRadar - 연속적인 응답 오류 발생! 해당 키가 WAF에 의해 임시 차단된 것으로 의심되어 키를 회전합니다.
2026-05-13 18:35:27,929 [INFO] ApprovalRadar - [키 회전] API 한도 초과! 새로운 키로 교체: e7b3f***
2026-05-13 18:35:28,056 [ERROR] ApprovalRadar - 🚨 [긴급] 오늘자 식품나라 API 키가 모두 소진되었습니다. 크롤링이 중단됩니다.
2026-05-13 18:35:28,058 [ERROR] ApprovalRadar - Failed to fetch or update 20260926319: All API keys are exhausted for today.
2026-05-13 18:35:28,826 [ERROR] ApprovalRadar - 🚨 [긴급] 오늘자 식품나라 API 키가 모두 소진되었습니다. 크롤링이 중단됩니다.
2026-05-13 18:35:28,879 [ERROR] ApprovalRadar - 🚨 [긴급] 오늘자 식품나라 API 키가 모두 소진되었습니다. 크롤링이 중단됩니다.
2026-05-13 18:35:28,932 [ERROR] ApprovalRadar - 🚨 [긴급] 오늘자 식품나라 API 키가 모두 소진되었습니다. 크롤링이 중단됩니다.
2026-05-13 18:35:28,989 [ERROR] ApprovalRadar - 🚨 [긴급] 오늘자 식품나라 API 키가 모두 소진되었습니다. 크롤링이 중단됩니다.
2026-05-13 18:35:29,098 [ERROR] ApprovalRadar - 🚨 [긴급] 오늘자 식품나라 API 키가 모두 소진되었습니다. 크롤링이 중단됩니다.
2026-05-13 18:35:29,185 [ERROR] ApprovalRadar - 🚨 [긴급] 오늘자 식품나라 API 키가 모두 소진되었습니다. 크롤링이 중단됩니다.
2026-05-13 18:35:29,245 [ERROR] ApprovalRadar - 🚨 [긴급] 오늘자 식품나라 API 키가 모두 소진되었습니다. 크롤링이 중단됩니다.
2026-05-13 18:35:29,295 [ERROR] ApprovalRadar - 🚨 [긴급] 오늘자 식품나라 API 키가 모두 소진되었습니다. 크롤링이 중단됩니다.
2026-05-13 18:35:29,326 [ERROR] ApprovalRadar - 🚨 [긴급] 오늘자 식품나라 API 키가 모두 소진되었습니다. 크롤링이 중단됩니다.
2026-05-13 18:35:29,379 [ERROR] ApprovalRadar - 🚨 [긴급] 오늘자 식품나라 API 키가 모두 소진되었습니다. 크롤링이 중단됩니다.
2026-05-13 18:35:29,411 [ERROR] ApprovalRadar - 🚨 [긴급] 오늘자 식품나라 API 키가 모두 소진되었습니다. 크롤링이 중단됩니다.
2026-05-13 18:35:29,440 [ERROR] ApprovalRadar - 🚨 [긴급] 오늘자 식품나라 API 키가 모두 소진되었습니다. 크롤링이 중단됩니다.
2026-05-13 18:35:29,472 [ERROR] ApprovalRadar - 🚨 [긴급] 오늘자 식품나라 API 키가 모두 소진되었습니다. 크롤링이 중단됩니다.
2026-05-13 18:35:29,609 [ERROR] ApprovalRadar - 🚨 [긴급] 오늘자 식품나라 API 키가 모두 소진되었습니다. 크롤링이 중단됩니다.
2026-05-13 18:35:29,668 [ERROR] ApprovalRadar - 🚨 [긴급] 오늘자 식품나라 API 키가 모두 소진되었습니다. 크롤링이 중단됩니다.
2026-05-13 18:35:29,703 [ERROR] ApprovalRadar - 🚨 [긴급] 오늘자 식품나라 API 키가 모두 소진되었습니다. 크롤링이 중단됩니다.
2026-05-13 18:35:29,756 [ERROR] ApprovalRadar - 🚨 [긴급] 오늘자 식품나라 API 키가 모두 소진되었습니다. 크롤링이 중단됩니다.
2026-05-13 18:35:29,808 [ERROR] ApprovalRadar - 🚨 [긴급] 오늘자 식품나라 API 키가 모두 소진되었습니다. 크롤링이 중단됩니다.
2026-05-13 18:35:29,863 [ERROR] ApprovalRadar - 🚨 [긴급] 오늘자 식품나라 API 키가 모두 소진되었습니다. 크롤링이 중단됩니다.
2026-05-13 18:35:29,923 [ERROR] ApprovalRadar - 🚨 [긴급] 오늘자 식품나라 API 키가 모두 소진되었습니다. 크롤링이 중단됩니다.
2026-05-13 18:35:29,976 [ERROR] ApprovalRadar - 🚨 [긴급] 오늘자 식품나라 API 키가 모두 소진되었습니다. 크롤링이 중단됩니다.
2026-05-13 18:35:30,034 [ERROR] ApprovalRadar - 🚨 [긴급] 오늘자 식품나라 API 키가 모두 소진되었습니다. 크롤링이 중단됩니다.
2026-05-13 18:35:30,148 [ERROR] ApprovalRadar - 🚨 [긴급] 오늘자 식품나라 API 키가 모두 소진되었습니다. 크롤링이 중단됩니다.
2026-05-13 18:35:30,205 [ERROR] ApprovalRadar - 🚨 [긴급] 오늘자 식품나라 API 키가 모두 소진되었습니다. 크롤링이 중단됩니다.
2026-05-13 18:35:30,261 [ERROR] ApprovalRadar - 🚨 [긴급] 오늘자 식품나라 API 키가 모두 소진되었습니다. 크롤링이 중단됩니다.
2026-05-13 18:35:30,295 [ERROR] ApprovalRadar - 🚨 [긴급] 오늘자 식품나라 API 키가 모두 소진되었습니다. 크롤링이 중단됩니다.
2026-05-13 18:35:30,348 [ERROR] ApprovalRadar - 🚨 [긴급] 오늘자 식품나라 API 키가 모두 소진되었습니다. 크롤링이 중단됩니다.
2026-05-13 18:35:30,410 [ERROR] ApprovalRadar - 🚨 [긴급] 오늘자 식품나라 API 키가 모두 소진되었습니다. 크롤링이 중단됩니다.
2026-05-13 18:35:30,461 [ERROR] ApprovalRadar - 🚨 [긴급] 오늘자 식품나라 API 키가 모두 소진되었습니다. 크롤링이 중단됩니다.
2026-05-13 18:35:30,498 [ERROR] ApprovalRadar - 🚨 [긴급] 오늘자 식품나라 API 키가 모두 소진되었습니다. 크롤링이 중단됩니다.
2026-05-13 18:35:30,559 [ERROR] ApprovalRadar - 🚨 [긴급] 오늘자 식품나라 API 키가 모두 소진되었습니다. 크롤링이 중단됩니다.
2026-05-13 18:35:30,676 [ERROR] ApprovalRadar - 🚨 [긴급] 오늘자 식품나라 API 키가 모두 소진되었습니다. 크롤링이 중단됩니다.
2026-05-13 18:35:30,732 [ERROR] ApprovalRadar - 🚨 [긴급] 오늘자 식품나라 API 키가 모두 소진되었습니다. 크롤링이 중단됩니다.
2026-05-13 18:35:30,786 [ERROR] ApprovalRadar - 🚨 [긴급] 오늘자 식품나라 API 키가 모두 소진되었습니다. 크롤링이 중단됩니다.
2026-05-13 18:35:30,823 [ERROR] ApprovalRadar - 🚨 [긴급] 오늘자 식품나라 API 키가 모두 소진되었습니다. 크롤링이 중단됩니다.
2026-05-13 18:35:30,882 [ERROR] ApprovalRadar - 🚨 [긴급] 오늘자 식품나라 API 키가 모두 소진되었습니다. 크롤링이 중단됩니다.
2026-05-13 18:35:30,914 [ERROR] ApprovalRadar - 🚨 [긴급] 오늘자 식품나라 API 키가 모두 소진되었습니다. 크롤링이 중단됩니다.
2026-05-13 18:35:30,973 [ERROR] ApprovalRadar - 🚨 [긴급] 오늘자 식품나라 API 키가 모두 소진되었습니다. 크롤링이 중단됩니다.
2026-05-13 18:35:30,975 [ERROR] ApprovalRadar - 🚨 [긴급] 오늘자 식품나라 API 키가 모두 소진되었습니다. 크롤링이 중단됩니다.
2026-05-13 18:35:31,032 [ERROR] ApprovalRadar - 🚨 [긴급] 오늘자 식품나라 API 키가 모두 소진되었습니다. 크롤링이 중단됩니다.
2026-05-13 18:35:31,034 [ERROR] ApprovalRadar - 🚨 [긴급] 오늘자 식품나라 API 키가 모두 소진되었습니다. 크롤링이 중단됩니다.
2026-05-13 18:35:31,088 [ERROR] ApprovalRadar - 🚨 [긴급] 오늘자 식품나라 API 키가 모두 소진되었습니다. 크롤링이 중단됩니다.
2026-05-13 18:35:31,090 [ERROR] ApprovalRadar - 🚨 [긴급] 오늘자 식품나라 API 키가 모두 소진되었습니다. 크롤링이 중단됩니다.
2026-05-13 18:35:31,198 [ERROR] ApprovalRadar - 🚨 [긴급] 오늘자 식품나라 API 키가 모두 소진되었습니다. 크롤링이 중단됩니다.
2026-05-13 18:35:31,199 [ERROR] ApprovalRadar - Failed to fetch or update 20260664563: All API keys are exhausted for today.
2026-05-13 18:35:31,207 [ERROR] ApprovalRadar - 🚨 [긴급] 오늘자 식품나라 API 키가 모두 소진되었습니다. 크롤링이 중단됩니다.
2026-05-13 18:35:31,230 [ERROR] ApprovalRadar - 🚨 [긴급] 오늘자 식품나라 API 키가 모두 소진되었습니다. 크롤링이 중단됩니다.
2026-05-13 18:35:31,261 [ERROR] ApprovalRadar - 🚨 [긴급] 오늘자 식품나라 API 키가 모두 소진되었습니다. 크롤링이 중단됩니다.
2026-05-13 18:35:31,279 [ERROR] ApprovalRadar - 🚨 [긴급] 오늘자 식품나라 API 키가 모두 소진되었습니다. 크롤링이 중단됩니다.
2026-05-13 18:35:31,313 [ERROR] ApprovalRadar - 🚨 [긴급] 오늘자 식품나라 API 키가 모두 소진되었습니다. 크롤링이 중단됩니다.
2026-05-13 18:35:31,333 [ERROR] ApprovalRadar - 🚨 [긴급] 오늘자 식품나라 API 키가 모두 소진되었습니다. 크롤링이 중단됩니다.
2026-05-13 18:35:31,365 [ERROR] ApprovalRadar - 🚨 [긴급] 오늘자 식품나라 API 키가 모두 소진되었습니다. 크롤링이 중단됩니다.
2026-05-13 18:35:31,386 [ERROR] ApprovalRadar - 🚨 [긴급] 오늘자 식품나라 API 키가 모두 소진되었습니다. 크롤링이 중단됩니다.
2026-05-13 18:35:31,397 [ERROR] ApprovalRadar - 🚨 [긴급] 오늘자 식품나라 API 키가 모두 소진되었습니다. 크롤링이 중단됩니다.
2026-05-13 18:35:31,418 [ERROR] ApprovalRadar - 🚨 [긴급] 오늘자 식품나라 API 키가 모두 소진되었습니다. 크롤링이 중단됩니다.
2026-05-13 18:35:31,451 [ERROR] ApprovalRadar - 🚨 [긴급] 오늘자 식품나라 API 키가 모두 소진되었습니다. 크롤링이 중단됩니다.
2026-05-13 18:35:31,472 [ERROR] ApprovalRadar - 🚨 [긴급] 오늘자 식품나라 API 키가 모두 소진되었습니다. 크롤링이 중단됩니다.
2026-05-13 18:35:31,511 [ERROR] ApprovalRadar - 🚨 [긴급] 오늘자 식품나라 API 키가 모두 소진되었습니다. 크롤링이 중단됩니다.
2026-05-13 18:35:31,531 [ERROR] ApprovalRadar - 🚨 [긴급] 오늘자 식품나라 API 키가 모두 소진되었습니다. 크롤링이 중단됩니다.
2026-05-13 18:35:31,569 [ERROR] ApprovalRadar - 🚨 [긴급] 오늘자 식품나라 API 키가 모두 소진되었습니다. 크롤링이 중단됩니다.
2026-05-13 18:35:31,589 [ERROR] ApprovalRadar - 🚨 [긴급] 오늘자 식품나라 API 키가 모두 소진되었습니다. 크롤링이 중단됩니다.
2026-05-13 18:35:31,706 [ERROR] ApprovalRadar - 🚨 [긴급] 오늘자 식품나라 API 키가 모두 소진되었습니다. 크롤링이 중단됩니다.
2026-05-13 18:35:31,722 [ERROR] ApprovalRadar - 🚨 [긴급] 오늘자 식품나라 API 키가 모두 소진되었습니다. 크롤링이 중단됩니다.
2026-05-13 18:35:31,739 [ERROR] ApprovalRadar - 🚨 [긴급] 오늘자 식품나라 API 키가 모두 소진되었습니다. 크롤링이 중단됩니다.
2026-05-13 18:35:31,774 [ERROR] ApprovalRadar - 🚨 [긴급] 오늘자 식품나라 API 키가 모두 소진되었습니다. 크롤링이 중단됩니다.
2026-05-13 18:35:31,794 [ERROR] ApprovalRadar - 🚨 [긴급] 오늘자 식품나라 API 키가 모두 소진되었습니다. 크롤링이 중단됩니다.
2026-05-13 18:35:31,825 [ERROR] ApprovalRadar - 🚨 [긴급] 오늘자 식품나라 API 키가 모두 소진되었습니다. 크롤링이 중단됩니다.
2026-05-13 18:35:31,844 [ERROR] ApprovalRadar - 🚨 [긴급] 오늘자 식품나라 API 키가 모두 소진되었습니다. 크롤링이 중단됩니다.
2026-05-13 18:35:31,877 [ERROR] ApprovalRadar - 🚨 [긴급] 오늘자 식품나라 API 키가 모두 소진되었습니다. 크롤링이 중단됩니다.
2026-05-13 18:35:31,898 [ERROR] ApprovalRadar - 🚨 [긴급] 오늘자 식품나라 API 키가 모두 소진되었습니다. 크롤링이 중단됩니다.
2026-05-13 18:35:31,930 [ERROR] ApprovalRadar - 🚨 [긴급] 오늘자 식품나라 API 키가 모두 소진되었습니다. 크롤링이 중단됩니다.
2026-05-13 18:35:31,950 [ERROR] ApprovalRadar - 🚨 [긴급] 오늘자 식품나라 API 키가 모두 소진되었습니다. 크롤링이 중단됩니다.
2026-05-13 18:35:31,984 [ERROR] ApprovalRadar - 🚨 [긴급] 오늘자 식품나라 API 키가 모두 소진되었습니다. 크롤링이 중단됩니다.
2026-05-13 18:35:32,001 [ERROR] ApprovalRadar - 🚨 [긴급] 오늘자 식품나라 API 키가 모두 소진되었습니다. 크롤링이 중단됩니다.
2026-05-13 18:35:32,016 [ERROR] ApprovalRadar - 🚨 [긴급] 오늘자 식품나라 API 키가 모두 소진되었습니다. 크롤링이 중단됩니다.
2026-05-13 18:35:32,036 [ERROR] ApprovalRadar - 🚨 [긴급] 오늘자 식품나라 API 키가 모두 소진되었습니다. 크롤링이 중단됩니다.
2026-05-13 18:35:32,048 [ERROR] ApprovalRadar - 🚨 [긴급] 오늘자 식품나라 API 키가 모두 소진되었습니다. 크롤링이 중단됩니다.
2026-05-13 18:35:32,087 [ERROR] ApprovalRadar - 🚨 [긴급] 오늘자 식품나라 API 키가 모두 소진되었습니다. 크롤링이 중단됩니다.
2026-05-13 18:35:32,101 [ERROR] ApprovalRadar - 🚨 [긴급] 오늘자 식품나라 API 키가 모두 소진되었습니다. 크롤링이 중단됩니다.
2026-05-13 18:35:32,140 [ERROR] ApprovalRadar - 🚨 [긴급] 오늘자 식품나라 API 키가 모두 소진되었습니다. 크롤링이 중단됩니다.
2026-05-13 18:35:32,232 [ERROR] ApprovalRadar - 🚨 [긴급] 오늘자 식품나라 API 키가 모두 소진되었습니다. 크롤링이 중단됩니다.
2026-05-13 18:35:32,277 [ERROR] ApprovalRadar - 🚨 [긴급] 오늘자 식품나라 API 키가 모두 소진되었습니다. 크롤링이 중단됩니다.
2026-05-13 18:35:32,285 [ERROR] ApprovalRadar - 🚨 [긴급] 오늘자 식품나라 API 키가 모두 소진되었습니다. 크롤링이 중단됩니다.
2026-05-13 18:35:32,329 [ERROR] ApprovalRadar - 🚨 [긴급] 오늘자 식품나라 API 키가 모두 소진되었습니다. 크롤링이 중단됩니다.
2026-05-13 18:35:32,339 [ERROR] ApprovalRadar - 🚨 [긴급] 오늘자 식품나라 API 키가 모두 소진되었습니다. 크롤링이 중단됩니다.
2026-05-13 18:35:32,383 [ERROR] ApprovalRadar - 🚨 [긴급] 오늘자 식품나라 API 키가 모두 소진되었습니다. 크롤링이 중단됩니다.
2026-05-13 18:35:32,393 [ERROR] ApprovalRadar - 🚨 [긴급] 오늘자 식품나라 API 키가 모두 소진되었습니다. 크롤링이 중단됩니다.
2026-05-13 18:35:32,424 [ERROR] ApprovalRadar - 🚨 [긴급] 오늘자 식품나라 API 키가 모두 소진되었습니다. 크롤링이 중단됩니다.
2026-05-13 18:35:32,435 [ERROR] ApprovalRadar - 🚨 [긴급] 오늘자 식품나라 API 키가 모두 소진되었습니다. 크롤링이 중단됩니다.
2026-05-13 18:35:32,468 [ERROR] ApprovalRadar - 🚨 [긴급] 오늘자 식품나라 API 키가 모두 소진되었습니다. 크롤링이 중단됩니다.
2026-05-13 18:35:32,478 [ERROR] ApprovalRadar - 🚨 [긴급] 오늘자 식품나라 API 키가 모두 소진되었습니다. 크롤링이 중단됩니다.
2026-05-13 18:35:32,502 [ERROR] ApprovalRadar - 🚨 [긴급] 오늘자 식품나라 API 키가 모두 소진되었습니다. 크롤링이 중단됩니다.
2026-05-13 18:35:32,542 [ERROR] ApprovalRadar - 🚨 [긴급] 오늘자 식품나라 API 키가 모두 소진되었습니다. 크롤링이 중단됩니다.
2026-05-13 18:35:32,552 [ERROR] ApprovalRadar - 🚨 [긴급] 오늘자 식품나라 API 키가 모두 소진되었습니다. 크롤링이 중단됩니다.
2026-05-13 18:35:32,600 [ERROR] ApprovalRadar - 🚨 [긴급] 오늘자 식품나라 API 키가 모두 소진되었습니다. 크롤링이 중단됩니다.
2026-05-13 18:35:32,612 [ERROR] ApprovalRadar - 🚨 [긴급] 오늘자 식품나라 API 키가 모두 소진되었습니다. 크롤링이 중단됩니다.
2026-05-13 18:35:32,660 [ERROR] ApprovalRadar - 🚨 [긴급] 오늘자 식품나라 API 키가 모두 소진되었습니다. 크롤링이 중단됩니다.
2026-05-13 18:35:32,756 [ERROR] ApprovalRadar - 🚨 [긴급] 오늘자 식품나라 API 키가 모두 소진되었습니다. 크롤링이 중단됩니다.
2026-05-13 18:35:32,799 [ERROR] ApprovalRadar - 🚨 [긴급] 오늘자 식품나라 API 키가 모두 소진되었습니다. 크롤링이 중단됩니다.
2026-05-13 18:35:32,806 [ERROR] ApprovalRadar - 🚨 [긴급] 오늘자 식품나라 API 키가 모두 소진되었습니다. 크롤링이 중단됩니다.
2026-05-13 18:35:32,837 [ERROR] ApprovalRadar - 🚨 [긴급] 오늘자 식품나라 API 키가 모두 소진되었습니다. 크롤링이 중단됩니다.
2026-05-13 18:35:32,853 [ERROR] ApprovalRadar - 🚨 [긴급] 오늘자 식품나라 API 키가 모두 소진되었습니다. 크롤링이 중단됩니다.
2026-05-13 18:35:32,889 [ERROR] ApprovalRadar - 🚨 [긴급] 오늘자 식품나라 API 키가 모두 소진되었습니다. 크롤링이 중단됩니다.
2026-05-13 18:35:32,905 [ERROR] ApprovalRadar - 🚨 [긴급] 오늘자 식품나라 API 키가 모두 소진되었습니다. 크롤링이 중단됩니다.
2026-05-13 18:35:32,938 [ERROR] ApprovalRadar - 🚨 [긴급] 오늘자 식품나라 API 키가 모두 소진되었습니다. 크롤링이 중단됩니다.
2026-05-13 18:35:32,948 [ERROR] ApprovalRadar - 🚨 [긴급] 오늘자 식품나라 API 키가 모두 소진되었습니다. 크롤링이 중단됩니다.
2026-05-13 18:35:32,993 [ERROR] ApprovalRadar - 🚨 [긴급] 오늘자 식품나라 API 키가 모두 소진되었습니다. 크롤링이 중단됩니다.
2026-05-13 18:35:33,001 [ERROR] ApprovalRadar - 🚨 [긴급] 오늘자 식품나라 API 키가 모두 소진되었습니다. 크롤링이 중단됩니다.
2026-05-13 18:35:33,049 [ERROR] ApprovalRadar - 🚨 [긴급] 오늘자 식품나라 API 키가 모두 소진되었습니다. 크롤링이 중단됩니다.
2026-05-13 18:35:33,052 [ERROR] ApprovalRadar - 🚨 [긴급] 오늘자 식품나라 API 키가 모두 소진되었습니다. 크롤링이 중단됩니다.
2026-05-13 18:35:33,082 [ERROR] ApprovalRadar - 🚨 [긴급] 오늘자 식품나라 API 키가 모두 소진되었습니다. 크롤링이 중단됩니다.
2026-05-13 18:35:33,103 [ERROR] ApprovalRadar - 🚨 [긴급] 오늘자 식품나라 API 키가 모두 소진되었습니다. 크롤링이 중단됩니다.
2026-05-13 18:35:33,134 [ERROR] ApprovalRadar - 🚨 [긴급] 오늘자 식품나라 API 키가 모두 소진되었습니다. 크롤링이 중단됩니다.
2026-05-13 18:35:33,136 [ERROR] ApprovalRadar - 🚨 [긴급] 오늘자 식품나라 API 키가 모두 소진되었습니다. 크롤링이 중단됩니다.
2026-05-13 18:35:33,187 [ERROR] ApprovalRadar - 🚨 [긴급] 오늘자 식품나라 API 키가 모두 소진되었습니다. 크롤링이 중단됩니다.
2026-05-13 18:35:33,193 [ERROR] ApprovalRadar - 🚨 [긴급] 오늘자 식품나라 API 키가 모두 소진되었습니다. 크롤링이 중단됩니다.
2026-05-13 18:35:33,327 [ERROR] ApprovalRadar - 🚨 [긴급] 오늘자 식품나라 API 키가 모두 소진되었습니다. 크롤링이 중단됩니다.
2026-05-13 18:35:33,328 [ERROR] ApprovalRadar - 🚨 [긴급] 오늘자 식품나라 API 키가 모두 소진되었습니다. 크롤링이 중단됩니다.
2026-05-13 18:35:33,382 [ERROR] ApprovalRadar - 🚨 [긴급] 오늘자 식품나라 API 키가 모두 소진되었습니다. 크롤링이 중단됩니다.
2026-05-13 18:35:33,384 [ERROR] ApprovalRadar - 🚨 [긴급] 오늘자 식품나라 API 키가 모두 소진되었습니다. 크롤링이 중단됩니다.
2026-05-13 18:35:33,418 [ERROR] ApprovalRadar - 🚨 [긴급] 오늘자 식품나라 API 키가 모두 소진되었습니다. 크롤링이 중단됩니다.
2026-05-13 18:35:33,442 [ERROR] ApprovalRadar - 🚨 [긴급] 오늘자 식품나라 API 키가 모두 소진되었습니다. 크롤링이 중단됩니다.
2026-05-13 18:35:33,469 [ERROR] ApprovalRadar - 🚨 [긴급] 오늘자 식품나라 API 키가 모두 소진되었습니다. 크롤링이 중단됩니다.
2026-05-13 18:35:33,496 [ERROR] ApprovalRadar - 🚨 [긴급] 오늘자 식품나라 API 키가 모두 소진되었습니다. 크롤링이 중단됩니다.
2026-05-13 18:35:33,525 [ERROR] ApprovalRadar - 🚨 [긴급] 오늘자 식품나라 API 키가 모두 소진되었습니다. 크롤링이 중단됩니다.
2026-05-13 18:35:33,559 [ERROR] ApprovalRadar - 🚨 [긴급] 오늘자 식품나라 API 키가 모두 소진되었습니다. 크롤링이 중단됩니다.
2026-05-13 18:35:33,590 [ERROR] ApprovalRadar - 🚨 [긴급] 오늘자 식품나라 API 키가 모두 소진되었습니다. 크롤링이 중단됩니다.
2026-05-13 18:35:33,616 [ERROR] ApprovalRadar - 🚨 [긴급] 오늘자 식품나라 API 키가 모두 소진되었습니다. 크롤링이 중단됩니다.
2026-05-13 18:35:33,641 [ERROR] ApprovalRadar - 🚨 [긴급] 오늘자 식품나라 API 키가 모두 소진되었습니다. 크롤링이 중단됩니다.
2026-05-13 18:35:33,650 [ERROR] ApprovalRadar - 🚨 [긴급] 오늘자 식품나라 API 키가 모두 소진되었습니다. 크롤링이 중단됩니다.
2026-05-13 18:35:33,698 [ERROR] ApprovalRadar - 🚨 [긴급] 오늘자 식품나라 API 키가 모두 소진되었습니다. 크롤링이 중단됩니다.
2026-05-13 18:35:33,707 [ERROR] ApprovalRadar - 🚨 [긴급] 오늘자 식품나라 API 키가 모두 소진되었습니다. 크롤링이 중단됩니다.
2026-05-13 18:35:33,821 [ERROR] ApprovalRadar - 🚨 [긴급] 오늘자 식품나라 API 키가 모두 소진되었습니다. 크롤링이 중단됩니다.
2026-05-13 18:35:33,823 [ERROR] ApprovalRadar - 🚨 [긴급] 오늘자 식품나라 API 키가 모두 소진되었습니다. 크롤링이 중단됩니다.
2026-05-13 18:35:33,863 [ERROR] ApprovalRadar - 🚨 [긴급] 오늘자 식품나라 API 키가 모두 소진되었습니다. 크롤링이 중단됩니다.
2026-05-13 18:35:33,878 [ERROR] ApprovalRadar - 🚨 [긴급] 오늘자 식품나라 API 키가 모두 소진되었습니다. 크롤링이 중단됩니다.
2026-05-13 18:35:33,917 [ERROR] ApprovalRadar - 🚨 [긴급] 오늘자 식품나라 API 키가 모두 소진되었습니다. 크롤링이 중단됩니다.
2026-05-13 18:35:33,937 [ERROR] ApprovalRadar - 🚨 [긴급] 오늘자 식품나라 API 키가 모두 소진되었습니다. 크롤링이 중단됩니다.
2026-05-13 18:35:33,972 [ERROR] ApprovalRadar - 🚨 [긴급] 오늘자 식품나라 API 키가 모두 소진되었습니다. 크롤링이 중단됩니다.
2026-05-13 18:35:33,989 [ERROR] ApprovalRadar - 🚨 [긴급] 오늘자 식품나라 API 키가 모두 소진되었습니다. 크롤링이 중단됩니다.
2026-05-13 18:35:34,024 [ERROR] ApprovalRadar - 🚨 [긴급] 오늘자 식품나라 API 키가 모두 소진되었습니다. 크롤링이 중단됩니다.
2026-05-13 18:35:34,049 [ERROR] ApprovalRadar - 🚨 [긴급] 오늘자 식품나라 API 키가 모두 소진되었습니다. 크롤링이 중단됩니다.
2026-05-13 18:35:34,056 [ERROR] ApprovalRadar - 🚨 [긴급] 오늘자 식품나라 API 키가 모두 소진되었습니다. 크롤링이 중단됩니다.
2026-05-13 18:35:34,103 [ERROR] ApprovalRadar - 🚨 [긴급] 오늘자 식품나라 API 키가 모두 소진되었습니다. 크롤링이 중단됩니다.
2026-05-13 18:35:34,109 [ERROR] ApprovalRadar - 🚨 [긴급] 오늘자 식품나라 API 키가 모두 소진되었습니다. 크롤링이 중단됩니다.
2026-05-13 18:35:34,156 [ERROR] ApprovalRadar - 🚨 [긴급] 오늘자 식품나라 API 키가 모두 소진되었습니다. 크롤링이 중단됩니다.
2026-05-13 18:35:34,164 [ERROR] ApprovalRadar - 🚨 [긴급] 오늘자 식품나라 API 키가 모두 소진되었습니다. 크롤링이 중단됩니다.
2026-05-13 18:35:34,194 [ERROR] ApprovalRadar - 🚨 [긴급] 오늘자 식품나라 API 키가 모두 소진되었습니다. 크롤링이 중단됩니다.
2026-05-13 18:35:34,219 [ERROR] ApprovalRadar - 🚨 [긴급] 오늘자 식품나라 API 키가 모두 소진되었습니다. 크롤링이 중단됩니다.
2026-05-13 18:35:34,235 [ERROR] ApprovalRadar - 🚨 [긴급] 오늘자 식품나라 API 키가 모두 소진되었습니다. 크롤링이 중단됩니다.
2026-05-13 18:35:34,236 [ERROR] ApprovalRadar - Failed to fetch or update 20260834073: All API keys are exhausted for today.
2026-05-13 18:35:34,328 [ERROR] ApprovalRadar - 🚨 [긴급] 오늘자 식품나라 API 키가 모두 소진되었습니다. 크롤링이 중단됩니다.
2026-05-13 18:35:34,345 [ERROR] ApprovalRadar - 🚨 [긴급] 오늘자 식품나라 API 키가 모두 소진되었습니다. 크롤링이 중단됩니다.
2026-05-13 18:35:34,385 [ERROR] ApprovalRadar - 🚨 [긴급] 오늘자 식품나라 API 키가 모두 소진되었습니다. 크롤링이 중단됩니다.
2026-05-13 18:35:34,402 [ERROR] ApprovalRadar - 🚨 [긴급] 오늘자 식품나라 API 키가 모두 소진되었습니다. 크롤링이 중단됩니다.
2026-05-13 18:35:34,420 [ERROR] ApprovalRadar - 🚨 [긴급] 오늘자 식품나라 API 키가 모두 소진되었습니다. 크롤링이 중단됩니다.
2026-05-13 18:35:34,440 [ERROR] ApprovalRadar - 🚨 [긴급] 오늘자 식품나라 API 키가 모두 소진되었습니다. 크롤링이 중단됩니다.
2026-05-13 18:35:34,455 [ERROR] ApprovalRadar - 🚨 [긴급] 오늘자 식품나라 API 키가 모두 소진되었습니다. 크롤링이 중단됩니다.
2026-05-13 18:35:34,505 [ERROR] ApprovalRadar - 🚨 [긴급] 오늘자 식품나라 API 키가 모두 소진되었습니다. 크롤링이 중단됩니다.
2026-05-13 18:35:34,510 [ERROR] ApprovalRadar - 🚨 [긴급] 오늘자 식품나라 API 키가 모두 소진되었습니다. 크롤링이 중단됩니다.
2026-05-13 18:35:34,564 [ERROR] ApprovalRadar - 🚨 [긴급] 오늘자 식품나라 API 키가 모두 소진되었습니다. 크롤링이 중단됩니다.
2026-05-13 18:35:34,566 [ERROR] ApprovalRadar - 🚨 [긴급] 오늘자 식품나라 API 키가 모두 소진되었습니다. 크롤링이 중단됩니다.
2026-05-13 18:35:34,628 [ERROR] ApprovalRadar - 🚨 [긴급] 오늘자 식품나라 API 키가 모두 소진되었습니다. 크롤링이 중단됩니다.
2026-05-13 18:35:34,629 [ERROR] ApprovalRadar - 🚨 [긴급] 오늘자 식품나라 API 키가 모두 소진되었습니다. 크롤링이 중단됩니다.
2026-05-13 18:35:34,668 [ERROR] ApprovalRadar - 🚨 [긴급] 오늘자 식품나라 API 키가 모두 소진되었습니다. 크롤링이 중단됩니다.
2026-05-13 18:35:34,686 [ERROR] ApprovalRadar - 🚨 [긴급] 오늘자 식품나라 API 키가 모두 소진되었습니다. 크롤링이 중단됩니다.
2026-05-13 18:35:34,705 [ERROR] ApprovalRadar - 🚨 [긴급] 오늘자 식품나라 API 키가 모두 소진되었습니다. 크롤링이 중단됩니다.
2026-05-13 18:35:34,737 [ERROR] ApprovalRadar - 🚨 [긴급] 오늘자 식품나라 API 키가 모두 소진되었습니다. 크롤링이 중단됩니다.
2026-05-13 18:35:34,742 [ERROR] ApprovalRadar - 🚨 [긴급] 오늘자 식품나라 API 키가 모두 소진되었습니다. 크롤링이 중단됩니다.
2026-05-13 18:35:34,874 [ERROR] ApprovalRadar - 🚨 [긴급] 오늘자 식품나라 API 키가 모두 소진되었습니다. 크롤링이 중단됩니다.
2026-05-13 18:35:34,876 [ERROR] ApprovalRadar - 🚨 [긴급] 오늘자 식품나라 API 키가 모두 소진되었습니다. 크롤링이 중단됩니다.
2026-05-13 18:35:34,928 [ERROR] ApprovalRadar - 🚨 [긴급] 오늘자 식품나라 API 키가 모두 소진되었습니다. 크롤링이 중단됩니다.
2026-05-13 18:35:34,930 [ERROR] ApprovalRadar - 🚨 [긴급] 오늘자 식품나라 API 키가 모두 소진되었습니다. 크롤링이 중단됩니다.
2026-05-13 18:35:34,982 [ERROR] ApprovalRadar - 🚨 [긴급] 오늘자 식품나라 API 키가 모두 소진되었습니다. 크롤링이 중단됩니다.
2026-05-13 18:35:34,983 [ERROR] ApprovalRadar - 🚨 [긴급] 오늘자 식품나라 API 키가 모두 소진되었습니다. 크롤링이 중단됩니다.
2026-05-13 18:35:35,016 [ERROR] ApprovalRadar - 🚨 [긴급] 오늘자 식품나라 API 키가 모두 소진되었습니다. 크롤링이 중단됩니다.
2026-05-13 18:35:35,037 [ERROR] ApprovalRadar - 🚨 [긴급] 오늘자 식품나라 API 키가 모두 소진되었습니다. 크롤링이 중단됩니다.
2026-05-13 18:35:35,051 [ERROR] ApprovalRadar - 🚨 [긴급] 오늘자 식품나라 API 키가 모두 소진되었습니다. 크롤링이 중단됩니다.
2026-05-13 18:35:35,084 [ERROR] ApprovalRadar - 🚨 [긴급] 오늘자 식품나라 API 키가 모두 소진되었습니다. 크롤링이 중단됩니다.
2026-05-13 18:35:35,091 [ERROR] ApprovalRadar - 🚨 [긴급] 오늘자 식품나라 API 키가 모두 소진되었습니다. 크롤링이 중단됩니다.
2026-05-13 18:35:35,139 [ERROR] ApprovalRadar - 🚨 [긴급] 오늘자 식품나라 API 키가 모두 소진되었습니다. 크롤링이 중단됩니다.
2026-05-13 18:35:35,142 [ERROR] ApprovalRadar - 🚨 [긴급] 오늘자 식품나라 API 키가 모두 소진되었습니다. 크롤링이 중단됩니다.
2026-05-13 18:35:35,190 [ERROR] ApprovalRadar - 🚨 [긴급] 오늘자 식품나라 API 키가 모두 소진되었습니다. 크롤링이 중단됩니다.
2026-05-13 18:35:35,193 [ERROR] ApprovalRadar - 🚨 [긴급] 오늘자 식품나라 API 키가 모두 소진되었습니다. 크롤링이 중단됩니다.
2026-05-13 18:35:35,221 [ERROR] ApprovalRadar - 🚨 [긴급] 오늘자 식품나라 API 키가 모두 소진되었습니다. 크롤링이 중단됩니다.
2026-05-13 18:35:35,247 [ERROR] ApprovalRadar - 🚨 [긴급] 오늘자 식품나라 API 키가 모두 소진되었습니다. 크롤링이 중단됩니다.
2026-05-13 18:35:35,273 [ERROR] ApprovalRadar - 🚨 [긴급] 오늘자 식품나라 API 키가 모두 소진되었습니다. 크롤링이 중단됩니다.
2026-05-13 18:35:35,282 [ERROR] ApprovalRadar - 🚨 [긴급] 오늘자 식품나라 API 키가 모두 소진되었습니다. 크롤링이 중단됩니다.
2026-05-13 18:35:35,397 [ERROR] ApprovalRadar - 🚨 [긴급] 오늘자 식품나라 API 키가 모두 소진되었습니다. 크롤링이 중단됩니다.
2026-05-13 18:35:35,400 [ERROR] ApprovalRadar - 🚨 [긴급] 오늘자 식품나라 API 키가 모두 소진되었습니다. 크롤링이 중단됩니다.
2026-05-13 18:35:35,439 [ERROR] ApprovalRadar - 🚨 [긴급] 오늘자 식품나라 API 키가 모두 소진되었습니다. 크롤링이 중단됩니다.
2026-05-13 18:35:35,453 [ERROR] ApprovalRadar - 🚨 [긴급] 오늘자 식품나라 API 키가 모두 소진되었습니다. 크롤링이 중단됩니다.
2026-05-13 18:35:35,454 [ERROR] ApprovalRadar - ❌ I2500 크롤러 스케줄 작업 중 치명적인 오류 발생: All API keys are exhausted for today.
2026-05-13 18:35:37,270 [ERROR] ApprovalRadar - 🚨 [긴급] 오늘자 식품나라 API 키가 모두 소진되었습니다. 크롤링이 중단됩니다.
2026-05-13 18:35:37,272 [ERROR] ApprovalRadar - Failed to fetch or update 20260517461: All API keys are exhausted for today.
2026-05-13 18:35:40,330 [ERROR] ApprovalRadar - 🚨 [긴급] 오늘자 식품나라 API 키가 모두 소진되었습니다. 크롤링이 중단됩니다.
2026-05-13 18:35:40,332 [ERROR] ApprovalRadar - Failed to fetch or update 20260342644: All API keys are exhausted for today.
2026-05-13 18:35:43,381 [ERROR] ApprovalRadar - 🚨 [긴급] 오늘자 식품나라 API 키가 모두 소진되었습니다. 크롤링이 중단됩니다.
2026-05-13 18:35:43,383 [ERROR] ApprovalRadar - Failed to fetch or update 20260342653: All API keys are exhausted for today.
2026-05-13 18:35:46,445 [ERROR] ApprovalRadar - 🚨 [긴급] 오늘자 식품나라 API 키가 모두 소진되었습니다. 크롤링이 중단됩니다.
2026-05-13 18:35:46,447 [ERROR] ApprovalRadar - Failed to fetch or update 20260342681: All API keys are exhausted for today.
2026-05-13 18:35:49,588 [ERROR] ApprovalRadar - 🚨 [긴급] 오늘자 식품나라 API 키가 모두 소진되었습니다. 크롤링이 중단됩니다.
2026-05-13 18:35:49,589 [ERROR] ApprovalRadar - Failed to fetch or update 20260342666: All API keys are exhausted for today.
2026-05-13 18:35:52,701 [ERROR] ApprovalRadar - 🚨 [긴급] 오늘자 식품나라 API 키가 모두 소진되었습니다. 크롤링이 중단됩니다.
2026-05-13 18:35:52,703 [ERROR] ApprovalRadar - Failed to fetch or update 20260917187: All API keys are exhausted for today.
2026-05-13 18:35:55,842 [ERROR] ApprovalRadar - 🚨 [긴급] 오늘자 식품나라 API 키가 모두 소진되었습니다. 크롤링이 중단됩니다.
2026-05-13 18:35:55,845 [ERROR] ApprovalRadar - Failed to fetch or update 20260913211: All API keys are exhausted for today.
2026-05-13 18:35:58,986 [ERROR] ApprovalRadar - 🚨 [긴급] 오늘자 식품나라 API 키가 모두 소진되었습니다. 크롤링이 중단됩니다.
2026-05-13 18:35:58,989 [ERROR] ApprovalRadar - Failed to fetch or update 20260268449: All API keys are exhausted for today.
2026-05-13 18:36:02,132 [ERROR] ApprovalRadar - 🚨 [긴급] 오늘자 식품나라 API 키가 모두 소진되었습니다. 크롤링이 중단됩니다.
2026-05-13 18:36:02,134 [ERROR] ApprovalRadar - Failed to fetch or update 20260268473: All API keys are exhausted for today.
2026-05-13 18:36:05,282 [ERROR] ApprovalRadar - 🚨 [긴급] 오늘자 식품나라 API 키가 모두 소진되었습니다. 크롤링이 중단됩니다.
2026-05-13 18:36:05,284 [ERROR] ApprovalRadar - Failed to fetch or update 20260337507: All API keys are exhausted for today.
2026-05-13 18:36:08,426 [ERROR] ApprovalRadar - 🚨 [긴급] 오늘자 식품나라 API 키가 모두 소진되었습니다. 크롤링이 중단됩니다.
2026-05-13 18:36:08,428 [ERROR] ApprovalRadar - Failed to fetch or update 20260337518: All API keys are exhausted for today.
2026-05-13 18:36:11,572 [ERROR] ApprovalRadar - 🚨 [긴급] 오늘자 식품나라 API 키가 모두 소진되었습니다. 크롤링이 중단됩니다.
2026-05-13 18:36:11,575 [ERROR] ApprovalRadar - Failed to fetch or update 20260222430: All API keys are exhausted for today.
2026-05-13 18:36:14,698 [ERROR] ApprovalRadar - 🚨 [긴급] 오늘자 식품나라 API 키가 모두 소진되었습니다. 크롤링이 중단됩니다.
2026-05-13 18:36:14,699 [ERROR] ApprovalRadar - Failed to fetch or update 20260222434: All API keys are exhausted for today.
2026-05-13 18:36:17,843 [ERROR] ApprovalRadar - 🚨 [긴급] 오늘자 식품나라 API 키가 모두 소진되었습니다. 크롤링이 중단됩니다.
2026-05-13 18:36:17,844 [ERROR] ApprovalRadar - Failed to fetch or update 20260222401: All API keys are exhausted for today.
2026-05-13 18:36:20,988 [ERROR] ApprovalRadar - 🚨 [긴급] 오늘자 식품나라 API 키가 모두 소진되었습니다. 크롤링이 중단됩니다.
2026-05-13 18:36:20,990 [ERROR] ApprovalRadar - Failed to fetch or update 20260222421: All API keys are exhausted for today.
2026-05-13 18:36:24,135 [ERROR] ApprovalRadar - 🚨 [긴급] 오늘자 식품나라 API 키가 모두 소진되었습니다. 크롤링이 중단됩니다.
2026-05-13 18:36:24,138 [ERROR] ApprovalRadar - Failed to fetch or update 20260222423: All API keys are exhausted for today.
2026-05-13 18:36:27,281 [ERROR] ApprovalRadar - 🚨 [긴급] 오늘자 식품나라 API 키가 모두 소진되었습니다. 크롤링이 중단됩니다.
2026-05-13 18:36:27,282 [ERROR] ApprovalRadar - Failed to fetch or update 20260222440: All API keys are exhausted for today.
2026-05-13 18:36:30,322 [ERROR] ApprovalRadar - 🚨 [긴급] 오늘자 식품나라 API 키가 모두 소진되었습니다. 크롤링이 중단됩니다.
2026-05-13 18:36:30,325 [ERROR] ApprovalRadar - Failed to fetch or update 20260219383: All API keys are exhausted for today.
2026-05-13 18:36:33,397 [ERROR] ApprovalRadar - 🚨 [긴급] 오늘자 식품나라 API 키가 모두 소진되었습니다. 크롤링이 중단됩니다.
2026-05-13 18:36:33,399 [ERROR] ApprovalRadar - Failed to fetch or update 20260219417: All API keys are exhausted for today.
2026-05-13 18:36:36,477 [ERROR] ApprovalRadar - 🚨 [긴급] 오늘자 식품나라 API 키가 모두 소진되었습니다. 크롤링이 중단됩니다.
2026-05-13 18:36:36,479 [ERROR] ApprovalRadar - Failed to fetch or update 20260219418: All API keys are exhausted for today.
2026-05-13 18:36:39,542 [ERROR] ApprovalRadar - 🚨 [긴급] 오늘자 식품나라 API 키가 모두 소진되었습니다. 크롤링이 중단됩니다.
2026-05-13 18:36:39,543 [ERROR] ApprovalRadar - Failed to fetch or update 20260219409: All API keys are exhausted for today.
2026-05-13 18:36:42,598 [ERROR] ApprovalRadar - 🚨 [긴급] 오늘자 식품나라 API 키가 모두 소진되었습니다. 크롤링이 중단됩니다.
2026-05-13 18:36:42,603 [ERROR] ApprovalRadar - Failed to fetch or update 20260704201: All API keys are exhausted for today.
2026-05-13 18:36:45,682 [ERROR] ApprovalRadar - 🚨 [긴급] 오늘자 식품나라 API 키가 모두 소진되었습니다. 크롤링이 중단됩니다.
2026-05-13 18:36:45,685 [ERROR] ApprovalRadar - Failed to fetch or update 20260704206: All API keys are exhausted for today.
2026-05-13 18:36:48,815 [ERROR] ApprovalRadar - 🚨 [긴급] 오늘자 식품나라 API 키가 모두 소진되었습니다. 크롤링이 중단됩니다.
2026-05-13 18:36:48,817 [ERROR] ApprovalRadar - Failed to fetch or update 20260704187: All API keys are exhausted for today.
2026-05-13 18:36:51,942 [ERROR] ApprovalRadar - 🚨 [긴급] 오늘자 식품나라 API 키가 모두 소진되었습니다. 크롤링이 중단됩니다.
2026-05-13 18:36:51,944 [ERROR] ApprovalRadar - Failed to fetch or update 20260704213: All API keys are exhausted for today.
2026-05-13 18:36:55,086 [ERROR] ApprovalRadar - 🚨 [긴급] 오늘자 식품나라 API 키가 모두 소진되었습니다. 크롤링이 중단됩니다.
2026-05-13 18:36:55,089 [ERROR] ApprovalRadar - Failed to fetch or update 20260832044: All API keys are exhausted for today.
2026-05-13 18:36:58,126 [ERROR] ApprovalRadar - 🚨 [긴급] 오늘자 식품나라 API 키가 모두 소진되었습니다. 크롤링이 중단됩니다.
2026-05-13 18:36:58,128 [ERROR] ApprovalRadar - Failed to fetch or update 20260832030: All API keys are exhausted for today.
2026-05-13 18:37:01,186 [ERROR] ApprovalRadar - 🚨 [긴급] 오늘자 식품나라 API 키가 모두 소진되었습니다. 크롤링이 중단됩니다.
2026-05-13 18:37:01,188 [ERROR] ApprovalRadar - Failed to fetch or update 20260832047: All API keys are exhausted for today.
2026-05-13 18:37:04,248 [ERROR] ApprovalRadar - 🚨 [긴급] 오늘자 식품나라 API 키가 모두 소진되었습니다. 크롤링이 중단됩니다.
2026-05-13 18:37:04,249 [ERROR] ApprovalRadar - Failed to fetch or update 20260832036: All API keys are exhausted for today.
2026-05-13 18:37:07,318 [ERROR] ApprovalRadar - 🚨 [긴급] 오늘자 식품나라 API 키가 모두 소진되었습니다. 크롤링이 중단됩니다.
2026-05-13 18:37:07,320 [ERROR] ApprovalRadar - Failed to fetch or update 20260832033: All API keys are exhausted for today.
2026-05-13 18:37:10,358 [ERROR] ApprovalRadar - 🚨 [긴급] 오늘자 식품나라 API 키가 모두 소진되었습니다. 크롤링이 중단됩니다.
2026-05-13 18:37:10,359 [ERROR] ApprovalRadar - Failed to fetch or update 20260832042: All API keys are exhausted for today.
2026-05-13 18:37:13,472 [ERROR] ApprovalRadar - 🚨 [긴급] 오늘자 식품나라 API 키가 모두 소진되었습니다. 크롤링이 중단됩니다.
2026-05-13 18:37:13,474 [ERROR] ApprovalRadar - Failed to fetch or update 20260832043: All API keys are exhausted for today.
2026-05-13 18:37:16,618 [ERROR] ApprovalRadar - 🚨 [긴급] 오늘자 식품나라 API 키가 모두 소진되었습니다. 크롤링이 중단됩니다.
2026-05-13 18:37:16,621 [ERROR] ApprovalRadar - Failed to fetch or update 20260832039: All API keys are exhausted for today.
2026-05-13 18:37:19,760 [ERROR] ApprovalRadar - 🚨 [긴급] 오늘자 식품나라 API 키가 모두 소진되었습니다. 크롤링이 중단됩니다.
2026-05-13 18:37:19,764 [ERROR] ApprovalRadar - Failed to fetch or update 20260832040: All API keys are exhausted for today.
2026-05-13 18:37:22,902 [ERROR] ApprovalRadar - 🚨 [긴급] 오늘자 식품나라 API 키가 모두 소진되었습니다. 크롤링이 중단됩니다.
2026-05-13 18:37:22,903 [ERROR] ApprovalRadar - Failed to fetch or update 20260832031: All API keys are exhausted for today.
2026-05-13 18:37:26,028 [ERROR] ApprovalRadar - 🚨 [긴급] 오늘자 식품나라 API 키가 모두 소진되었습니다. 크롤링이 중단됩니다.
2026-05-13 18:37:26,029 [ERROR] ApprovalRadar - Failed to fetch or update 20260832045: All API keys are exhausted for today.
2026-05-13 18:37:29,163 [ERROR] ApprovalRadar - 🚨 [긴급] 오늘자 식품나라 API 키가 모두 소진되었습니다. 크롤링이 중단됩니다.
2026-05-13 18:37:29,166 [ERROR] ApprovalRadar - Failed to fetch or update 20260832041: All API keys are exhausted for today.
2026-05-13 18:37:32,294 [ERROR] ApprovalRadar - 🚨 [긴급] 오늘자 식품나라 API 키가 모두 소진되었습니다. 크롤링이 중단됩니다.
2026-05-13 18:37:32,298 [ERROR] ApprovalRadar - Failed to fetch or update 20260832035: All API keys are exhausted for today.
2026-05-13 18:37:35,440 [ERROR] ApprovalRadar - 🚨 [긴급] 오늘자 식품나라 API 키가 모두 소진되었습니다. 크롤링이 중단됩니다.
2026-05-13 18:37:35,442 [ERROR] ApprovalRadar - Failed to fetch or update 20260832038: All API keys are exhausted for today.
2026-05-13 18:37:38,585 [ERROR] ApprovalRadar - 🚨 [긴급] 오늘자 식품나라 API 키가 모두 소진되었습니다. 크롤링이 중단됩니다.
2026-05-13 18:37:38,587 [ERROR] ApprovalRadar - Failed to fetch or update 20260832028: All API keys are exhausted for today.
2026-05-13 18:37:41,729 [ERROR] ApprovalRadar - 🚨 [긴급] 오늘자 식품나라 API 키가 모두 소진되었습니다. 크롤링이 중단됩니다.
2026-05-13 18:37:41,731 [ERROR] ApprovalRadar - Failed to fetch or update 20260310285: All API keys are exhausted for today.
2026-05-13 18:37:44,769 [ERROR] ApprovalRadar - 🚨 [긴급] 오늘자 식품나라 API 키가 모두 소진되었습니다. 크롤링이 중단됩니다.
2026-05-13 18:37:44,772 [ERROR] ApprovalRadar - Failed to fetch or update 20260310338: All API keys are exhausted for today.
2026-05-13 18:37:47,832 [ERROR] ApprovalRadar - 🚨 [긴급] 오늘자 식품나라 API 키가 모두 소진되었습니다. 크롤링이 중단됩니다.
2026-05-13 18:37:47,834 [ERROR] ApprovalRadar - Failed to fetch or update 20260310352: All API keys are exhausted for today.
2026-05-13 18:37:50,887 [ERROR] ApprovalRadar - 🚨 [긴급] 오늘자 식품나라 API 키가 모두 소진되었습니다. 크롤링이 중단됩니다.
2026-05-13 18:37:50,889 [ERROR] ApprovalRadar - Failed to fetch or update 20260664452: All API keys are exhausted for today.
2026-05-13 18:37:53,944 [ERROR] ApprovalRadar - 🚨 [긴급] 오늘자 식품나라 API 키가 모두 소진되었습니다. 크롤링이 중단됩니다.
2026-05-13 18:37:53,947 [ERROR] ApprovalRadar - Failed to fetch or update 20260664518: All API keys are exhausted for today.
2026-05-13 18:37:57,008 [ERROR] ApprovalRadar - 🚨 [긴급] 오늘자 식품나라 API 키가 모두 소진되었습니다. 크롤링이 중단됩니다.
2026-05-13 18:37:57,012 [ERROR] ApprovalRadar - Failed to fetch or update 20260664461: All API keys are exhausted for today.
2026-05-13 18:38:00,129 [ERROR] ApprovalRadar - 🚨 [긴급] 오늘자 식품나라 API 키가 모두 소진되었습니다. 크롤링이 중단됩니다.
2026-05-13 18:38:00,130 [ERROR] ApprovalRadar - Failed to fetch or update 20260664476: All API keys are exhausted for today.
2026-05-13 18:38:03,262 [ERROR] ApprovalRadar - 🚨 [긴급] 오늘자 식품나라 API 키가 모두 소진되었습니다. 크롤링이 중단됩니다.
2026-05-13 18:38:03,264 [ERROR] ApprovalRadar - Failed to fetch or update 20260590328: All API keys are exhausted for today.
2026-05-13 18:38:06,454 [ERROR] ApprovalRadar - 🚨 [긴급] 오늘자 식품나라 API 키가 모두 소진되었습니다. 크롤링이 중단됩니다.
2026-05-13 18:38:06,456 [ERROR] ApprovalRadar - Failed to fetch or update 20260408396: All API keys are exhausted for today.
2026-05-13 18:38:09,570 [ERROR] ApprovalRadar - 🚨 [긴급] 오늘자 식품나라 API 키가 모두 소진되었습니다. 크롤링이 중단됩니다.
2026-05-13 18:38:09,572 [ERROR] ApprovalRadar - Failed to fetch or update 20260408482: All API keys are exhausted for today.
2026-05-13 18:38:12,763 [ERROR] ApprovalRadar - 🚨 [긴급] 오늘자 식품나라 API 키가 모두 소진되었습니다. 크롤링이 중단됩니다.
2026-05-13 18:38:12,766 [ERROR] ApprovalRadar - Failed to fetch or update 20260408507: All API keys are exhausted for today.
2026-05-13 18:38:15,861 [ERROR] ApprovalRadar - 🚨 [긴급] 오늘자 식품나라 API 키가 모두 소진되었습니다. 크롤링이 중단됩니다.
2026-05-13 18:38:15,865 [ERROR] ApprovalRadar - Failed to fetch or update 20260408503: All API keys are exhausted for today.
2026-05-13 18:38:19,003 [ERROR] ApprovalRadar - 🚨 [긴급] 오늘자 식품나라 API 키가 모두 소진되었습니다. 크롤링이 중단됩니다.
2026-05-13 18:38:19,005 [ERROR] ApprovalRadar - Failed to fetch or update 20260507763: All API keys are exhausted for today.
2026-05-13 18:38:22,148 [ERROR] ApprovalRadar - 🚨 [긴급] 오늘자 식품나라 API 키가 모두 소진되었습니다. 크롤링이 중단됩니다.
2026-05-13 18:38:22,150 [ERROR] ApprovalRadar - Failed to fetch or update 20260418161: All API keys are exhausted for today.
2026-05-13 18:38:25,293 [ERROR] ApprovalRadar - 🚨 [긴급] 오늘자 식품나라 API 키가 모두 소진되었습니다. 크롤링이 중단됩니다.
2026-05-13 18:38:25,295 [ERROR] ApprovalRadar - Failed to fetch or update 20260418177: All API keys are exhausted for today.
2026-05-13 18:38:28,437 [ERROR] ApprovalRadar - 🚨 [긴급] 오늘자 식품나라 API 키가 모두 소진되었습니다. 크롤링이 중단됩니다.
2026-05-13 18:38:28,439 [ERROR] ApprovalRadar - Failed to fetch or update 20260418147: All API keys are exhausted for today.
2026-05-13 18:38:31,554 [ERROR] ApprovalRadar - 🚨 [긴급] 오늘자 식품나라 API 키가 모두 소진되었습니다. 크롤링이 중단됩니다.
2026-05-13 18:38:31,556 [ERROR] ApprovalRadar - Failed to fetch or update 20260582332: All API keys are exhausted for today.
2026-05-13 18:38:34,701 [ERROR] ApprovalRadar - 🚨 [긴급] 오늘자 식품나라 API 키가 모두 소진되었습니다. 크롤링이 중단됩니다.
2026-05-13 18:38:34,702 [ERROR] ApprovalRadar - Failed to fetch or update 20260582498: All API keys are exhausted for today.
2026-05-13 18:38:37,842 [ERROR] ApprovalRadar - 🚨 [긴급] 오늘자 식품나라 API 키가 모두 소진되었습니다. 크롤링이 중단됩니다.
2026-05-13 18:38:37,844 [ERROR] ApprovalRadar - Failed to fetch or update 20260582502: All API keys are exhausted for today.
2026-05-13 18:38:40,989 [ERROR] ApprovalRadar - 🚨 [긴급] 오늘자 식품나라 API 키가 모두 소진되었습니다. 크롤링이 중단됩니다.
2026-05-13 18:38:40,991 [ERROR] ApprovalRadar - Failed to fetch or update 20260582468: All API keys are exhausted for today.
2026-05-13 18:38:44,142 [ERROR] ApprovalRadar - 🚨 [긴급] 오늘자 식품나라 API 키가 모두 소진되었습니다. 크롤링이 중단됩니다.
2026-05-13 18:38:44,144 [ERROR] ApprovalRadar - Failed to fetch or update 20260403565: All API keys are exhausted for today.
2026-05-13 18:38:47,285 [ERROR] ApprovalRadar - 🚨 [긴급] 오늘자 식품나라 API 키가 모두 소진되었습니다. 크롤링이 중단됩니다.
2026-05-13 18:38:47,287 [ERROR] ApprovalRadar - Failed to fetch or update 20260403483: All API keys are exhausted for today.
2026-05-13 18:38:50,425 [ERROR] ApprovalRadar - 🚨 [긴급] 오늘자 식품나라 API 키가 모두 소진되었습니다. 크롤링이 중단됩니다.
2026-05-13 18:38:50,427 [ERROR] ApprovalRadar - Failed to fetch or update 20260403557: All API keys are exhausted for today.
2026-05-13 18:38:53,578 [ERROR] ApprovalRadar - 🚨 [긴급] 오늘자 식품나라 API 키가 모두 소진되었습니다. 크롤링이 중단됩니다.
2026-05-13 18:38:53,579 [ERROR] ApprovalRadar - Failed to fetch or update 20260543435: All API keys are exhausted for today.
2026-05-13 18:38:56,717 [ERROR] ApprovalRadar - 🚨 [긴급] 오늘자 식품나라 API 키가 모두 소진되었습니다. 크롤링이 중단됩니다.
2026-05-13 18:38:56,719 [ERROR] ApprovalRadar - Failed to fetch or update 20260543444: All API keys are exhausted for today.
2026-05-13 18:38:59,859 [ERROR] ApprovalRadar - 🚨 [긴급] 오늘자 식품나라 API 키가 모두 소진되었습니다. 크롤링이 중단됩니다.
2026-05-13 18:38:59,861 [ERROR] ApprovalRadar - Failed to fetch or update 20260543454: All API keys are exhausted for today.
2026-05-13 18:39:03,010 [ERROR] ApprovalRadar - 🚨 [긴급] 오늘자 식품나라 API 키가 모두 소진되었습니다. 크롤링이 중단됩니다.
2026-05-13 18:39:03,012 [ERROR] ApprovalRadar - Failed to fetch or update 20260391241: All API keys are exhausted for today.
2026-05-13 18:39:06,154 [ERROR] ApprovalRadar - 🚨 [긴급] 오늘자 식품나라 API 키가 모두 소진되었습니다. 크롤링이 중단됩니다.
2026-05-13 18:39:06,157 [ERROR] ApprovalRadar - Failed to fetch or update 20260382228: All API keys are exhausted for today.
2026-05-13 18:39:09,300 [ERROR] ApprovalRadar - 🚨 [긴급] 오늘자 식품나라 API 키가 모두 소진되었습니다. 크롤링이 중단됩니다.
2026-05-13 18:39:09,301 [ERROR] ApprovalRadar - Failed to fetch or update 20260385226: All API keys are exhausted for today.
2026-05-13 18:39:12,442 [ERROR] ApprovalRadar - 🚨 [긴급] 오늘자 식품나라 API 키가 모두 소진되었습니다. 크롤링이 중단됩니다.
2026-05-13 18:39:12,444 [ERROR] ApprovalRadar - Failed to fetch or update 20260385235: All API keys are exhausted for today.
2026-05-13 18:39:15,602 [ERROR] ApprovalRadar - 🚨 [긴급] 오늘자 식품나라 API 키가 모두 소진되었습니다. 크롤링이 중단됩니다.
2026-05-13 18:39:15,605 [ERROR] ApprovalRadar - Failed to fetch or update 20260391243: All API keys are exhausted for today.
2026-05-13 18:39:18,718 [ERROR] ApprovalRadar - 🚨 [긴급] 오늘자 식품나라 API 키가 모두 소진되었습니다. 크롤링이 중단됩니다.
2026-05-13 18:39:18,720 [ERROR] ApprovalRadar - Failed to fetch or update 20260385227: All API keys are exhausted for today.
2026-05-13 18:39:21,778 [ERROR] ApprovalRadar - 🚨 [긴급] 오늘자 식품나라 API 키가 모두 소진되었습니다. 크롤링이 중단됩니다.
2026-05-13 18:39:21,780 [ERROR] ApprovalRadar - Failed to fetch or update 20260050323: All API keys are exhausted for today.
2026-05-13 18:39:24,834 [ERROR] ApprovalRadar - 🚨 [긴급] 오늘자 식품나라 API 키가 모두 소진되었습니다. 크롤링이 중단됩니다.
2026-05-13 18:39:24,835 [ERROR] ApprovalRadar - Failed to fetch or update 20260050310: All API keys are exhausted for today.
2026-05-13 18:39:27,897 [ERROR] ApprovalRadar - 🚨 [긴급] 오늘자 식품나라 API 키가 모두 소진되었습니다. 크롤링이 중단됩니다.
2026-05-13 18:39:27,899 [ERROR] ApprovalRadar - Failed to fetch or update 20260050316: All API keys are exhausted for today.
2026-05-13 18:39:30,952 [ERROR] ApprovalRadar - 🚨 [긴급] 오늘자 식품나라 API 키가 모두 소진되었습니다. 크롤링이 중단됩니다.
2026-05-13 18:39:30,954 [ERROR] ApprovalRadar - Failed to fetch or update 20260050354: All API keys are exhausted for today.
2026-05-13 18:39:34,019 [ERROR] ApprovalRadar - 🚨 [긴급] 오늘자 식품나라 API 키가 모두 소진되었습니다. 크롤링이 중단됩니다.
2026-05-13 18:39:34,019 [ERROR] ApprovalRadar - Failed to fetch or update 20260050336: All API keys are exhausted for today.
2026-05-13 18:39:37,101 [ERROR] ApprovalRadar - 🚨 [긴급] 오늘자 식품나라 API 키가 모두 소진되었습니다. 크롤링이 중단됩니다.
2026-05-13 18:39:37,103 [ERROR] ApprovalRadar - Failed to fetch or update 20260045564: All API keys are exhausted for today.
2026-05-13 18:39:40,242 [ERROR] ApprovalRadar - 🚨 [긴급] 오늘자 식품나라 API 키가 모두 소진되었습니다. 크롤링이 중단됩니다.
2026-05-13 18:39:40,246 [ERROR] ApprovalRadar - Failed to fetch or update 20260045599: All API keys are exhausted for today.
2026-05-13 18:39:43,401 [ERROR] ApprovalRadar - 🚨 [긴급] 오늘자 식품나라 API 키가 모두 소진되었습니다. 크롤링이 중단됩니다.
2026-05-13 18:39:43,403 [ERROR] ApprovalRadar - Failed to fetch or update 20260045586: All API keys are exhausted for today.
2026-05-13 18:39:46,531 [ERROR] ApprovalRadar - 🚨 [긴급] 오늘자 식품나라 API 키가 모두 소진되었습니다. 크롤링이 중단됩니다.
2026-05-13 18:39:46,532 [ERROR] ApprovalRadar - Failed to fetch or update 20260045593: All API keys are exhausted for today.
2026-05-13 18:39:49,693 [ERROR] ApprovalRadar - 🚨 [긴급] 오늘자 식품나라 API 키가 모두 소진되었습니다. 크롤링이 중단됩니다.
2026-05-13 18:39:49,695 [ERROR] ApprovalRadar - Failed to fetch or update 20260093381: All API keys are exhausted for today.
2026-05-13 18:39:52,822 [ERROR] ApprovalRadar - 🚨 [긴급] 오늘자 식품나라 API 키가 모두 소진되었습니다. 크롤링이 중단됩니다.
2026-05-13 18:39:52,823 [ERROR] ApprovalRadar - Failed to fetch or update 20260062387: All API keys are exhausted for today.
2026-05-13 18:39:55,965 [ERROR] ApprovalRadar - 🚨 [긴급] 오늘자 식품나라 API 키가 모두 소진되었습니다. 크롤링이 중단됩니다.
2026-05-13 18:39:55,969 [ERROR] ApprovalRadar - Failed to fetch or update 20260062386: All API keys are exhausted for today.
2026-05-13 18:39:59,120 [ERROR] ApprovalRadar - 🚨 [긴급] 오늘자 식품나라 API 키가 모두 소진되었습니다. 크롤링이 중단됩니다.
2026-05-13 18:39:59,121 [ERROR] ApprovalRadar - Failed to fetch or update 20260076229: All API keys are exhausted for today.
2026-05-13 18:40:02,268 [ERROR] ApprovalRadar - 🚨 [긴급] 오늘자 식품나라 API 키가 모두 소진되었습니다. 크롤링이 중단됩니다.
2026-05-13 18:40:02,270 [ERROR] ApprovalRadar - Failed to fetch or update 20260076251: All API keys are exhausted for today.
2026-05-13 18:40:05,403 [ERROR] ApprovalRadar - 🚨 [긴급] 오늘자 식품나라 API 키가 모두 소진되었습니다. 크롤링이 중단됩니다.
2026-05-13 18:40:05,407 [ERROR] ApprovalRadar - Failed to fetch or update 20260104471: All API keys are exhausted for today.
2026-05-13 18:40:08,530 [ERROR] ApprovalRadar - 🚨 [긴급] 오늘자 식품나라 API 키가 모두 소진되었습니다. 크롤링이 중단됩니다.
2026-05-13 18:40:08,532 [ERROR] ApprovalRadar - Failed to fetch or update 20260104485: All API keys are exhausted for today.
2026-05-13 18:40:11,676 [ERROR] ApprovalRadar - 🚨 [긴급] 오늘자 식품나라 API 키가 모두 소진되었습니다. 크롤링이 중단됩니다.
2026-05-13 18:40:11,677 [ERROR] ApprovalRadar - Failed to fetch or update 20260058373: All API keys are exhausted for today.
2026-05-13 18:40:11,679 [INFO] ApprovalRadar - [진척도] 100/2403 처리 완료 (성공: 0, 실패: 100)
2026-05-13 18:40:14,824 [ERROR] ApprovalRadar - 🚨 [긴급] 오늘자 식품나라 API 키가 모두 소진되었습니다. 크롤링이 중단됩니다.
2026-05-13 18:40:14,828 [ERROR] ApprovalRadar - Failed to fetch or update 20260058329: All API keys are exhausted for today.
2026-05-13 18:40:17,967 [ERROR] ApprovalRadar - 🚨 [긴급] 오늘자 식품나라 API 키가 모두 소진되었습니다. 크롤링이 중단됩니다.
2026-05-13 18:40:17,969 [ERROR] ApprovalRadar - Failed to fetch or update 20260072359: All API keys are exhausted for today.
2026-05-13 18:40:21,012 [ERROR] ApprovalRadar - 🚨 [긴급] 오늘자 식품나라 API 키가 모두 소진되었습니다. 크롤링이 중단됩니다.
2026-05-13 18:40:21,014 [ERROR] ApprovalRadar - Failed to fetch or update 20260072355: All API keys are exhausted for today.
2026-05-13 18:40:24,076 [ERROR] ApprovalRadar - 🚨 [긴급] 오늘자 식품나라 API 키가 모두 소진되었습니다. 크롤링이 중단됩니다.
2026-05-13 18:40:24,078 [ERROR] ApprovalRadar - Failed to fetch or update 20260072360: All API keys are exhausted for today.
2026-05-13 18:40:27,133 [ERROR] ApprovalRadar - 🚨 [긴급] 오늘자 식품나라 API 키가 모두 소진되었습니다. 크롤링이 중단됩니다.
2026-05-13 18:40:27,136 [ERROR] ApprovalRadar - Failed to fetch or update 20260089338: All API keys are exhausted for today.
2026-05-13 18:40:30,185 [ERROR] ApprovalRadar - 🚨 [긴급] 오늘자 식품나라 API 키가 모두 소진되었습니다. 크롤링이 중단됩니다.
2026-05-13 18:40:30,187 [ERROR] ApprovalRadar - Failed to fetch or update 20260161579: All API keys are exhausted for today.
2026-05-13 18:40:33,250 [ERROR] ApprovalRadar - 🚨 [긴급] 오늘자 식품나라 API 키가 모두 소진되었습니다. 크롤링이 중단됩니다.
2026-05-13 18:40:33,252 [ERROR] ApprovalRadar - Failed to fetch or update 20260161588: All API keys are exhausted for today.
2026-05-13 18:40:36,364 [ERROR] ApprovalRadar - 🚨 [긴급] 오늘자 식품나라 API 키가 모두 소진되었습니다. 크롤링이 중단됩니다.
2026-05-13 18:40:36,366 [ERROR] ApprovalRadar - Failed to fetch or update 20260161568: All API keys are exhausted for today.
2026-05-13 18:40:39,486 [ERROR] ApprovalRadar - 🚨 [긴급] 오늘자 식품나라 API 키가 모두 소진되었습니다. 크롤링이 중단됩니다.
2026-05-13 18:40:39,489 [ERROR] ApprovalRadar - Failed to fetch or update 20260136701: All API keys are exhausted for today.
2026-05-13 18:40:42,626 [ERROR] ApprovalRadar - 🚨 [긴급] 오늘자 식품나라 API 키가 모두 소진되었습니다. 크롤링이 중단됩니다.
2026-05-13 18:40:42,630 [ERROR] ApprovalRadar - Failed to fetch or update 20260136867: All API keys are exhausted for today.
2026-05-13 18:40:45,773 [ERROR] ApprovalRadar - 🚨 [긴급] 오늘자 식품나라 API 키가 모두 소진되었습니다. 크롤링이 중단됩니다.
2026-05-13 18:40:45,774 [ERROR] ApprovalRadar - Failed to fetch or update 20260136854: All API keys are exhausted for today.
2026-05-13 18:40:48,917 [ERROR] ApprovalRadar - 🚨 [긴급] 오늘자 식품나라 API 키가 모두 소진되었습니다. 크롤링이 중단됩니다.
2026-05-13 18:40:48,918 [ERROR] ApprovalRadar - Failed to fetch or update 20260121784: All API keys are exhausted for today.
2026-05-13 18:40:51,956 [ERROR] ApprovalRadar - 🚨 [긴급] 오늘자 식품나라 API 키가 모두 소진되었습니다. 크롤링이 중단됩니다.
2026-05-13 18:40:51,957 [ERROR] ApprovalRadar - Failed to fetch or update 20260121768: All API keys are exhausted for today.
2026-05-13 18:40:55,030 [ERROR] ApprovalRadar - 🚨 [긴급] 오늘자 식품나라 API 키가 모두 소진되었습니다. 크롤링이 중단됩니다.
2026-05-13 18:40:55,031 [ERROR] ApprovalRadar - Failed to fetch or update 20260121811: All API keys are exhausted for today.
2026-05-13 18:40:58,099 [ERROR] ApprovalRadar - 🚨 [긴급] 오늘자 식품나라 API 키가 모두 소진되었습니다. 크롤링이 중단됩니다.
2026-05-13 18:40:58,101 [ERROR] ApprovalRadar - Failed to fetch or update 20260121830: All API keys are exhausted for today.
2026-05-13 18:41:01,197 [ERROR] ApprovalRadar - 🚨 [긴급] 오늘자 식품나라 API 키가 모두 소진되었습니다. 크롤링이 중단됩니다.
2026-05-13 18:41:01,198 [ERROR] ApprovalRadar - Failed to fetch or update 20260121688: All API keys are exhausted for today.
2026-05-13 18:41:04,249 [ERROR] ApprovalRadar - 🚨 [긴급] 오늘자 식품나라 API 키가 모두 소진되었습니다. 크롤링이 중단됩니다.
2026-05-13 18:41:04,250 [ERROR] ApprovalRadar - Failed to fetch or update 20260121800: All API keys are exhausted for today.
2026-05-13 18:41:07,288 [ERROR] ApprovalRadar - 🚨 [긴급] 오늘자 식품나라 API 키가 모두 소진되었습니다. 크롤링이 중단됩니다.
2026-05-13 18:41:07,289 [ERROR] ApprovalRadar - Failed to fetch or update 20260121815: All API keys are exhausted for today.
2026-05-13 18:41:10,413 [ERROR] ApprovalRadar - 🚨 [긴급] 오늘자 식품나라 API 키가 모두 소진되었습니다. 크롤링이 중단됩니다.
2026-05-13 18:41:10,414 [ERROR] ApprovalRadar - Failed to fetch or update 20260845272: All API keys are exhausted for today.
2026-05-13 18:41:13,544 [ERROR] ApprovalRadar - 🚨 [긴급] 오늘자 식품나라 API 키가 모두 소진되었습니다. 크롤링이 중단됩니다.
2026-05-13 18:41:13,545 [ERROR] ApprovalRadar - Failed to fetch or update 20260354399: All API keys are exhausted for today.
2026-05-13 18:41:16,687 [ERROR] ApprovalRadar - 🚨 [긴급] 오늘자 식품나라 API 키가 모두 소진되었습니다. 크롤링이 중단됩니다.
2026-05-13 18:41:16,688 [ERROR] ApprovalRadar - Failed to fetch or update 20260354429: All API keys are exhausted for today.
2026-05-13 18:41:19,833 [ERROR] ApprovalRadar - 🚨 [긴급] 오늘자 식품나라 API 키가 모두 소진되었습니다. 크롤링이 중단됩니다.
2026-05-13 18:41:19,834 [ERROR] ApprovalRadar - Failed to fetch or update 20260169141: All API keys are exhausted for today.
2026-05-13 18:41:22,977 [ERROR] ApprovalRadar - 🚨 [긴급] 오늘자 식품나라 API 키가 모두 소진되었습니다. 크롤링이 중단됩니다.
2026-05-13 18:41:22,979 [ERROR] ApprovalRadar - Failed to fetch or update 20260174128: All API keys are exhausted for today.
2026-05-13 18:41:26,036 [ERROR] ApprovalRadar - 🚨 [긴급] 오늘자 식품나라 API 키가 모두 소진되었습니다. 크롤링이 중단됩니다.
2026-05-13 18:41:26,037 [ERROR] ApprovalRadar - Failed to fetch or update 20260192475: All API keys are exhausted for today.
2026-05-13 18:41:29,099 [ERROR] ApprovalRadar - 🚨 [긴급] 오늘자 식품나라 API 키가 모두 소진되었습니다. 크롤링이 중단됩니다.
2026-05-13 18:41:29,100 [ERROR] ApprovalRadar - Failed to fetch or update 20260192533: All API keys are exhausted for today.
2026-05-13 18:41:32,160 [ERROR] ApprovalRadar - 🚨 [긴급] 오늘자 식품나라 API 키가 모두 소진되었습니다. 크롤링이 중단됩니다.
2026-05-13 18:41:32,162 [ERROR] ApprovalRadar - Failed to fetch or update 20260192522: All API keys are exhausted for today.
2026-05-13 18:41:35,200 [ERROR] ApprovalRadar - 🚨 [긴급] 오늘자 식품나라 API 키가 모두 소진되었습니다. 크롤링이 중단됩니다.
2026-05-13 18:41:35,202 [ERROR] ApprovalRadar - Failed to fetch or update 20260192545: All API keys are exhausted for today.
2026-05-13 18:41:38,238 [ERROR] ApprovalRadar - 🚨 [긴급] 오늘자 식품나라 API 키가 모두 소진되었습니다. 크롤링이 중단됩니다.
2026-05-13 18:41:38,238 [ERROR] ApprovalRadar - Failed to fetch or update 20260192546: All API keys are exhausted for today.
2026-05-13 18:41:41,354 [ERROR] ApprovalRadar - 🚨 [긴급] 오늘자 식품나라 API 키가 모두 소진되었습니다. 크롤링이 중단됩니다.
2026-05-13 18:41:41,354 [ERROR] ApprovalRadar - Failed to fetch or update 20260178490: All API keys are exhausted for today.
2026-05-13 18:41:44,489 [ERROR] ApprovalRadar - 🚨 [긴급] 오늘자 식품나라 API 키가 모두 소진되었습니다. 크롤링이 중단됩니다.
2026-05-13 18:41:44,490 [ERROR] ApprovalRadar - Failed to fetch or update 20260178473: All API keys are exhausted for today.
2026-05-13 18:41:47,615 [ERROR] ApprovalRadar - 🚨 [긴급] 오늘자 식품나라 API 키가 모두 소진되었습니다. 크롤링이 중단됩니다.
2026-05-13 18:41:47,617 [ERROR] ApprovalRadar - Failed to fetch or update 20260178370: All API keys are exhausted for today.
2026-05-13 18:41:50,763 [ERROR] ApprovalRadar - 🚨 [긴급] 오늘자 식품나라 API 키가 모두 소진되었습니다. 크롤링이 중단됩니다.
2026-05-13 18:41:50,765 [ERROR] ApprovalRadar - Failed to fetch or update 20260178360: All API keys are exhausted for today.
2026-05-13 18:41:53,810 [ERROR] ApprovalRadar - 🚨 [긴급] 오늘자 식품나라 API 키가 모두 소진되었습니다. 크롤링이 중단됩니다.
2026-05-13 18:41:53,811 [ERROR] ApprovalRadar - Failed to fetch or update 20260178375: All API keys are exhausted for today.
2026-05-13 18:41:56,877 [ERROR] ApprovalRadar - 🚨 [긴급] 오늘자 식품나라 API 키가 모두 소진되었습니다. 크롤링이 중단됩니다.
2026-05-13 18:41:56,878 [ERROR] ApprovalRadar - Failed to fetch or update 20260178449: All API keys are exhausted for today.
2026-05-13 18:41:59,935 [ERROR] ApprovalRadar - 🚨 [긴급] 오늘자 식품나라 API 키가 모두 소진되었습니다. 크롤링이 중단됩니다.
2026-05-13 18:41:59,936 [ERROR] ApprovalRadar - Failed to fetch or update 20260279379: All API keys are exhausted for today.
2026-05-13 18:42:02,995 [ERROR] ApprovalRadar - 🚨 [긴급] 오늘자 식품나라 API 키가 모두 소진되었습니다. 크롤링이 중단됩니다.
2026-05-13 18:42:02,997 [ERROR] ApprovalRadar - Failed to fetch or update 20260279386: All API keys are exhausted for today.
2026-05-13 18:42:06,057 [ERROR] ApprovalRadar - 🚨 [긴급] 오늘자 식품나라 API 키가 모두 소진되었습니다. 크롤링이 중단됩니다.
2026-05-13 18:42:06,059 [ERROR] ApprovalRadar - Failed to fetch or update 20260279361: All API keys are exhausted for today.
2026-05-13 18:42:09,142 [ERROR] ApprovalRadar - 🚨 [긴급] 오늘자 식품나라 API 키가 모두 소진되었습니다. 크롤링이 중단됩니다.
2026-05-13 18:42:09,143 [ERROR] ApprovalRadar - Failed to fetch or update 20260279370: All API keys are exhausted for today.
2026-05-13 18:42:12,285 [ERROR] ApprovalRadar - 🚨 [긴급] 오늘자 식품나라 API 키가 모두 소진되었습니다. 크롤링이 중단됩니다.
2026-05-13 18:42:12,286 [ERROR] ApprovalRadar - Failed to fetch or update 20260279400: All API keys are exhausted for today.
2026-05-13 18:42:15,431 [ERROR] ApprovalRadar - 🚨 [긴급] 오늘자 식품나라 API 키가 모두 소진되었습니다. 크롤링이 중단됩니다.
2026-05-13 18:42:15,432 [ERROR] ApprovalRadar - Failed to fetch or update 20260279388: All API keys are exhausted for today.
2026-05-13 18:42:18,562 [ERROR] ApprovalRadar - 🚨 [긴급] 오늘자 식품나라 API 키가 모두 소진되었습니다. 크롤링이 중단됩니다.
2026-05-13 18:42:18,564 [ERROR] ApprovalRadar - Failed to fetch or update 20260279369: All API keys are exhausted for today.
2026-05-13 18:42:21,702 [ERROR] ApprovalRadar - 🚨 [긴급] 오늘자 식품나라 API 키가 모두 소진되었습니다. 크롤링이 중단됩니다.
2026-05-13 18:42:21,703 [ERROR] ApprovalRadar - Failed to fetch or update 20260121684: All API keys are exhausted for today.
2026-05-13 18:42:24,846 [ERROR] ApprovalRadar - 🚨 [긴급] 오늘자 식품나라 API 키가 모두 소진되었습니다. 크롤링이 중단됩니다.
2026-05-13 18:42:24,847 [ERROR] ApprovalRadar - Failed to fetch or update 20260154696: All API keys are exhausted for today.
2026-05-13 18:42:27,993 [ERROR] ApprovalRadar - 🚨 [긴급] 오늘자 식품나라 API 키가 모두 소진되었습니다. 크롤링이 중단됩니다.
2026-05-13 18:42:27,995 [ERROR] ApprovalRadar - Failed to fetch or update 20260145160: All API keys are exhausted for today.
2026-05-13 18:42:31,038 [ERROR] ApprovalRadar - 🚨 [긴급] 오늘자 식품나라 API 키가 모두 소진되었습니다. 크롤링이 중단됩니다.
2026-05-13 18:42:31,040 [ERROR] ApprovalRadar - Failed to fetch or update 20260145381: All API keys are exhausted for today.
2026-05-13 18:42:34,098 [ERROR] ApprovalRadar - 🚨 [긴급] 오늘자 식품나라 API 키가 모두 소진되었습니다. 크롤링이 중단됩니다.
2026-05-13 18:42:34,100 [ERROR] ApprovalRadar - Failed to fetch or update 20260145358: All API keys are exhausted for today.
2026-05-13 18:42:37,161 [ERROR] ApprovalRadar - 🚨 [긴급] 오늘자 식품나라 API 키가 모두 소진되었습니다. 크롤링이 중단됩니다.
2026-05-13 18:42:37,162 [ERROR] ApprovalRadar - Failed to fetch or update 20260145235: All API keys are exhausted for today.
2026-05-13 18:42:40,218 [ERROR] ApprovalRadar - 🚨 [긴급] 오늘자 식품나라 API 키가 모두 소진되었습니다. 크롤링이 중단됩니다.
2026-05-13 18:42:40,220 [ERROR] ApprovalRadar - Failed to fetch or update 20260145340: All API keys are exhausted for today.
2026-05-13 18:42:43,260 [ERROR] ApprovalRadar - 🚨 [긴급] 오늘자 식품나라 API 키가 모두 소진되었습니다. 크롤링이 중단됩니다.
2026-05-13 18:42:43,261 [ERROR] ApprovalRadar - Failed to fetch or update 20260145291: All API keys are exhausted for today.
2026-05-13 18:42:46,398 [ERROR] ApprovalRadar - 🚨 [긴급] 오늘자 식품나라 API 키가 모두 소진되었습니다. 크롤링이 중단됩니다.
2026-05-13 18:42:46,400 [ERROR] ApprovalRadar - Failed to fetch or update 20260145226: All API keys are exhausted for today.
2026-05-13 18:42:49,516 [ERROR] ApprovalRadar - 🚨 [긴급] 오늘자 식품나라 API 키가 모두 소진되었습니다. 크롤링이 중단됩니다.
2026-05-13 18:42:49,517 [ERROR] ApprovalRadar - Failed to fetch or update 20260145331: All API keys are exhausted for today.
2026-05-13 18:42:52,648 [ERROR] ApprovalRadar - 🚨 [긴급] 오늘자 식품나라 API 키가 모두 소진되었습니다. 크롤링이 중단됩니다.
2026-05-13 18:42:52,649 [ERROR] ApprovalRadar - Failed to fetch or update 20260145288: All API keys are exhausted for today.
2026-05-13 18:42:55,793 [ERROR] ApprovalRadar - 🚨 [긴급] 오늘자 식품나라 API 키가 모두 소진되었습니다. 크롤링이 중단됩니다.
2026-05-13 18:42:55,793 [ERROR] ApprovalRadar - Failed to fetch or update 20260145418: All API keys are exhausted for today.
2026-05-13 18:42:58,937 [ERROR] ApprovalRadar - 🚨 [긴급] 오늘자 식품나라 API 키가 모두 소진되었습니다. 크롤링이 중단됩니다.
2026-05-13 18:42:58,939 [ERROR] ApprovalRadar - Failed to fetch or update 20260145341: All API keys are exhausted for today.
2026-05-13 18:43:02,109 [ERROR] ApprovalRadar - 🚨 [긴급] 오늘자 식품나라 API 키가 모두 소진되었습니다. 크롤링이 중단됩니다.
2026-05-13 18:43:02,110 [ERROR] ApprovalRadar - Failed to fetch or update 20260310387: All API keys are exhausted for today.
2026-05-13 18:43:05,229 [ERROR] ApprovalRadar - 🚨 [긴급] 오늘자 식품나라 API 키가 모두 소진되었습니다. 크롤링이 중단됩니다.
2026-05-13 18:43:05,230 [ERROR] ApprovalRadar - Failed to fetch or update 20260431240: All API keys are exhausted for today.
2026-05-13 18:43:08,357 [ERROR] ApprovalRadar - 🚨 [긴급] 오늘자 식품나라 API 키가 모두 소진되었습니다. 크롤링이 중단됩니다.
2026-05-13 18:43:08,359 [ERROR] ApprovalRadar - Failed to fetch or update 20260431270: All API keys are exhausted for today.
2026-05-13 18:43:11,394 [ERROR] ApprovalRadar - 🚨 [긴급] 오늘자 식품나라 API 키가 모두 소진되었습니다. 크롤링이 중단됩니다.
2026-05-13 18:43:11,396 [ERROR] ApprovalRadar - Failed to fetch or update 20260431262: All API keys are exhausted for today.
2026-05-13 18:43:14,454 [ERROR] ApprovalRadar - 🚨 [긴급] 오늘자 식품나라 API 키가 모두 소진되었습니다. 크롤링이 중단됩니다.
2026-05-13 18:43:14,456 [ERROR] ApprovalRadar - Failed to fetch or update 20260499246: All API keys are exhausted for today.
2026-05-13 18:43:17,518 [ERROR] ApprovalRadar - 🚨 [긴급] 오늘자 식품나라 API 키가 모두 소진되었습니다. 크롤링이 중단됩니다.
2026-05-13 18:43:17,519 [ERROR] ApprovalRadar - Failed to fetch or update 20260499301: All API keys are exhausted for today.
2026-05-13 18:43:20,576 [ERROR] ApprovalRadar - 🚨 [긴급] 오늘자 식품나라 API 키가 모두 소진되었습니다. 크롤링이 중단됩니다.
2026-05-13 18:43:20,577 [ERROR] ApprovalRadar - Failed to fetch or update 20260499303: All API keys are exhausted for today.
2026-05-13 18:43:23,644 [ERROR] ApprovalRadar - 🚨 [긴급] 오늘자 식품나라 API 키가 모두 소진되었습니다. 크롤링이 중단됩니다.
2026-05-13 18:43:23,645 [ERROR] ApprovalRadar - Failed to fetch or update 20260517090: All API keys are exhausted for today.
2026-05-13 18:43:26,746 [ERROR] ApprovalRadar - 🚨 [긴급] 오늘자 식품나라 API 키가 모두 소진되었습니다. 크롤링이 중단됩니다.
2026-05-13 18:43:26,748 [ERROR] ApprovalRadar - Failed to fetch or update 20160137095: All API keys are exhausted for today.
2026-05-13 18:43:29,873 [ERROR] ApprovalRadar - 🚨 [긴급] 오늘자 식품나라 API 키가 모두 소진되었습니다. 크롤링이 중단됩니다.
2026-05-13 18:43:29,874 [ERROR] ApprovalRadar - Failed to fetch or update 20010555233: All API keys are exhausted for today.
2026-05-13 18:43:33,020 [ERROR] ApprovalRadar - 🚨 [긴급] 오늘자 식품나라 API 키가 모두 소진되었습니다. 크롤링이 중단됩니다.
2026-05-13 18:43:33,021 [ERROR] ApprovalRadar - Failed to fetch or update 20250113369: All API keys are exhausted for today.
2026-05-13 18:43:36,060 [ERROR] ApprovalRadar - 🚨 [긴급] 오늘자 식품나라 API 키가 모두 소진되었습니다. 크롤링이 중단됩니다.
2026-05-13 18:43:36,061 [ERROR] ApprovalRadar - Failed to fetch or update 20260354492: All API keys are exhausted for today.
2026-05-13 18:43:39,119 [ERROR] ApprovalRadar - 🚨 [긴급] 오늘자 식품나라 API 키가 모두 소진되었습니다. 크롤링이 중단됩니다.
2026-05-13 18:43:39,120 [ERROR] ApprovalRadar - Failed to fetch or update 20260718053: All API keys are exhausted for today.
2026-05-13 18:43:42,182 [ERROR] ApprovalRadar - 🚨 [긴급] 오늘자 식품나라 API 키가 모두 소진되었습니다. 크롤링이 중단됩니다.
2026-05-13 18:43:42,182 [ERROR] ApprovalRadar - Failed to fetch or update 20260715135: All API keys are exhausted for today.
2026-05-13 18:43:45,244 [ERROR] ApprovalRadar - 🚨 [긴급] 오늘자 식품나라 API 키가 모두 소진되었습니다. 크롤링이 중단됩니다.
2026-05-13 18:43:45,245 [ERROR] ApprovalRadar - Failed to fetch or update 20260971803: All API keys are exhausted for today.
2026-05-13 18:43:48,303 [ERROR] ApprovalRadar - 🚨 [긴급] 오늘자 식품나라 API 키가 모두 소진되었습니다. 크롤링이 중단됩니다.
2026-05-13 18:43:48,304 [ERROR] ApprovalRadar - Failed to fetch or update 20210401325: All API keys are exhausted for today.
2026-05-13 18:43:51,375 [ERROR] ApprovalRadar - 🚨 [긴급] 오늘자 식품나라 API 키가 모두 소진되었습니다. 크롤링이 중단됩니다.
2026-05-13 18:43:51,376 [ERROR] ApprovalRadar - Failed to fetch or update 20040386288: All API keys are exhausted for today.
2026-05-13 18:43:54,496 [ERROR] ApprovalRadar - 🚨 [긴급] 오늘자 식품나라 API 키가 모두 소진되었습니다. 크롤링이 중단됩니다.
2026-05-13 18:43:54,497 [ERROR] ApprovalRadar - Failed to fetch or update 20260226104: All API keys are exhausted for today.
2026-05-13 18:43:57,555 [ERROR] ApprovalRadar - 🚨 [긴급] 오늘자 식품나라 API 키가 모두 소진되었습니다. 크롤링이 중단됩니다.
2026-05-13 18:43:57,556 [ERROR] ApprovalRadar - Failed to fetch or update 20260707285: All API keys are exhausted for today.
2026-05-13 18:44:00,621 [ERROR] ApprovalRadar - 🚨 [긴급] 오늘자 식품나라 API 키가 모두 소진되었습니다. 크롤링이 중단됩니다.
2026-05-13 18:44:00,623 [ERROR] ApprovalRadar - Failed to fetch or update 20260273621: All API keys are exhausted for today.
2026-05-13 18:44:03,672 [ERROR] ApprovalRadar - 🚨 [긴급] 오늘자 식품나라 API 키가 모두 소진되었습니다. 크롤링이 중단됩니다.
2026-05-13 18:44:03,673 [ERROR] ApprovalRadar - Failed to fetch or update 20260211136: All API keys are exhausted for today.
2026-05-13 18:44:06,723 [ERROR] ApprovalRadar - 🚨 [긴급] 오늘자 식품나라 API 키가 모두 소진되었습니다. 크롤링이 중단됩니다.
2026-05-13 18:44:06,724 [ERROR] ApprovalRadar - Failed to fetch or update 20020025430: All API keys are exhausted for today.
2026-05-13 18:44:09,766 [ERROR] ApprovalRadar - 🚨 [긴급] 오늘자 식품나라 API 키가 모두 소진되었습니다. 크롤링이 중단됩니다.
2026-05-13 18:44:09,769 [ERROR] ApprovalRadar - Failed to fetch or update 20260097709: All API keys are exhausted for today.
2026-05-13 18:44:12,899 [ERROR] ApprovalRadar - 🚨 [긴급] 오늘자 식품나라 API 키가 모두 소진되었습니다. 크롤링이 중단됩니다.
2026-05-13 18:44:12,901 [ERROR] ApprovalRadar - Failed to fetch or update 20240147597: All API keys are exhausted for today.
2026-05-13 18:44:16,043 [ERROR] ApprovalRadar - 🚨 [긴급] 오늘자 식품나라 API 키가 모두 소진되었습니다. 크롤링이 중단됩니다.
2026-05-13 18:44:16,045 [ERROR] ApprovalRadar - Failed to fetch or update 20260108686: All API keys are exhausted for today.
2026-05-13 18:44:19,190 [ERROR] ApprovalRadar - 🚨 [긴급] 오늘자 식품나라 API 키가 모두 소진되었습니다. 크롤링이 중단됩니다.
2026-05-13 18:44:19,191 [ERROR] ApprovalRadar - Failed to fetch or update 20260704232: All API keys are exhausted for today.
2026-05-13 18:44:19,705 [INFO] ApprovalRadar - Shutting down APScheduler...
2026-05-13 18:44:20,087 [INFO] ApprovalRadar - Initializing Database...
2026-05-13 18:44:20,089 [INFO] ApprovalRadar - Starting Industry Type Backfill Job...
2026-05-13 18:44:20,089 [INFO] ApprovalRadar - Configuring APScheduler jobs...
2026-05-13 18:44:20,091 [INFO] ApprovalRadar - Adding initial catch-up scraper job to background...
2026-05-13 18:44:20,092 [INFO] ApprovalRadar - Starting DiffCrawler Delta Sync Job for I2859...
2026-05-13 18:44:20,093 [INFO] ApprovalRadar - APScheduler started successfully.
2026-05-13 18:44:20,093 [INFO] ApprovalRadar - 총 2403건의 세부업종 누락 데이터를 발견했습니다. 백필을 시작합니다.
2026-05-13 18:44:20,293 [INFO] ApprovalRadar - [키 회전] API 한도 초과! 새로운 키로 교체: f1282***
2026-05-13 18:44:20,294 [WARNING] ApprovalRadar - 키 회전 후 3.0초 대기...
2026-05-13 18:44:20,297 [INFO] ApprovalRadar - [키 회전] API 한도 초과! 새로운 키로 교체: f1282***
2026-05-13 18:44:20,297 [WARNING] ApprovalRadar - 키 회전 후 3.0초 대기...
2026-05-13 18:44:23,362 [INFO] ApprovalRadar - [키 회전] API 한도 초과! 새로운 키로 교체: ba698***
2026-05-13 18:44:23,363 [WARNING] ApprovalRadar - 키 회전 후 3.0초 대기...
2026-05-13 18:44:23,381 [INFO] ApprovalRadar - [키 회전] API 한도 초과! 새로운 키로 교체: ba698***
2026-05-13 18:44:23,381 [WARNING] ApprovalRadar - 키 회전 후 3.0초 대기...
2026-05-13 18:44:26,480 [INFO] ApprovalRadar - [키 회전] API 한도 초과! 새로운 키로 교체: 67f07***
2026-05-13 18:44:26,481 [WARNING] ApprovalRadar - 키 회전 후 3.0초 대기...
2026-05-13 18:44:26,558 [INFO] ApprovalRadar - [키 회전] API 한도 초과! 새로운 키로 교체: 67f07***
2026-05-13 18:44:26,559 [WARNING] ApprovalRadar - 키 회전 후 3.0초 대기...
2026-05-13 18:44:29,729 [WARNING] ApprovalRadar - [네트워크/응답 오류] Expecting value: line 1 column 1 (char 0). 1초 후 재시도합니다...
2026-05-13 18:44:30,372 [INFO] ApprovalRadar - ✨ [소요시간: 10.28초] 새로운 데이터가 감지되지 않았습니다. (현재 전체 데이터: 22416건)
2026-05-13 18:44:30,373 [INFO] ApprovalRadar - Starting DiffCrawler Delta Sync Job for I2500...
2026-05-13 18:44:30,374 [INFO] ApprovalRadar - 최초 실행: 베이스라인 부트스트랩을 시작합니다...
2026-05-13 18:44:30,374 [INFO] ApprovalRadar - [Bootstrapper] True Tail(실제 마지막 데이터) 찾는 중...
2026-05-13 18:44:30,405 [INFO] ApprovalRadar - [키 회전] API 한도 초과! 새로운 키로 교체: f1282***
2026-05-13 18:44:30,405 [WARNING] ApprovalRadar - 키 회전 후 3.0초 대기...
2026-05-13 18:44:33,520 [INFO] ApprovalRadar - [키 회전] API 한도 초과! 새로운 키로 교체: ba698***
2026-05-13 18:44:33,522 [WARNING] ApprovalRadar - 키 회전 후 3.0초 대기...
2026-05-13 18:44:36,578 [INFO] ApprovalRadar - [키 회전] API 한도 초과! 새로운 키로 교체: 67f07***
2026-05-13 18:44:36,580 [WARNING] ApprovalRadar - 키 회전 후 3.0초 대기...
2026-05-13 18:44:42,440 [WARNING] ApprovalRadar - [네트워크/응답 오류] Expecting value: line 1 column 1 (char 0). 1초 후 재시도합니다...
2026-05-13 18:44:43,502 [WARNING] ApprovalRadar - [네트워크/응답 오류] Expecting value: line 1 column 1 (char 0). 2초 후 재시도합니다...
2026-05-13 18:44:45,563 [WARNING] ApprovalRadar - [네트워크/응답 오류] Expecting value: line 1 column 1 (char 0). 4초 후 재시도합니다...
2026-05-13 18:44:49,567 [WARNING] ApprovalRadar - 연속적인 응답 오류 발생! 해당 키가 WAF에 의해 임시 차단된 것으로 의심되어 키를 회전합니다.
2026-05-13 18:44:49,568 [INFO] ApprovalRadar - [키 회전] API 한도 초과! 새로운 키로 교체: e7b3f***
2026-05-13 18:44:52,713 [ERROR] ApprovalRadar - 🚨 [긴급] 오늘자 식품나라 API 키가 모두 소진되었습니다. 크롤링이 중단됩니다.
2026-05-13 18:44:52,714 [ERROR] ApprovalRadar - Failed to fetch or update 20260529413: All API keys are exhausted for today.
2026-05-13 18:44:55,840 [ERROR] ApprovalRadar - 🚨 [긴급] 오늘자 식품나라 API 키가 모두 소진되었습니다. 크롤링이 중단됩니다.
2026-05-13 18:44:55,841 [ERROR] ApprovalRadar - Failed to fetch or update 20260926321: All API keys are exhausted for today.
2026-05-13 18:44:56,498 [INFO] ApprovalRadar - [Bootstrapper] 전체 데이터 건수 확인 완료: 1000000건
2026-05-13 18:44:56,499 [INFO] ApprovalRadar - [Bootstrapper] 피벗 캐싱 시작 (간격: 5000)...
2026-05-13 18:44:58,331 [WARNING] ApprovalRadar - [네트워크/응답 오류] Expecting value: line 1 column 1 (char 0). 1초 후 재시도합니다...
2026-05-13 18:44:58,881 [ERROR] ApprovalRadar - 🚨 [긴급] 오늘자 식품나라 API 키가 모두 소진되었습니다. 크롤링이 중단됩니다.
2026-05-13 18:44:58,882 [ERROR] ApprovalRadar - Failed to fetch or update 20260555070: All API keys are exhausted for today.
2026-05-13 18:44:59,390 [WARNING] ApprovalRadar - [네트워크/응답 오류] Expecting value: line 1 column 1 (char 0). 2초 후 재시도합니다...
2026-05-13 18:45:01,948 [ERROR] ApprovalRadar - 🚨 [긴급] 오늘자 식품나라 API 키가 모두 소진되었습니다. 크롤링이 중단됩니다.
2026-05-13 18:45:01,949 [ERROR] ApprovalRadar - Failed to fetch or update 20260787251: All API keys are exhausted for today.
2026-05-13 18:45:03,220 [WARNING] ApprovalRadar - [네트워크/응답 오류] Expecting value: line 1 column 1 (char 0). 1초 후 재시도합니다...
2026-05-13 18:45:05,005 [ERROR] ApprovalRadar - 🚨 [긴급] 오늘자 식품나라 API 키가 모두 소진되었습니다. 크롤링이 중단됩니다.
2026-05-13 18:45:05,006 [ERROR] ApprovalRadar - Failed to fetch or update 20260121210: All API keys are exhausted for today.
2026-05-13 18:45:05,151 [WARNING] ApprovalRadar - [네트워크/응답 오류] Expecting value: line 1 column 1 (char 0). 1초 후 재시도합니다...
2026-05-13 18:45:06,748 [WARNING] ApprovalRadar - [네트워크/응답 오류] Expecting value: line 1 column 1 (char 0). 1초 후 재시도합니다...
2026-05-13 18:45:07,812 [WARNING] ApprovalRadar - [네트워크/응답 오류] Expecting value: line 1 column 1 (char 0). 2초 후 재시도합니다...
2026-05-13 18:45:08,061 [ERROR] ApprovalRadar - 🚨 [긴급] 오늘자 식품나라 API 키가 모두 소진되었습니다. 크롤링이 중단됩니다.
2026-05-13 18:45:08,061 [ERROR] ApprovalRadar - Failed to fetch or update 20260926319: All API keys are exhausted for today.
2026-05-13 18:45:09,845 [WARNING] ApprovalRadar - [네트워크/응답 오류] Expecting value: line 1 column 1 (char 0). 4초 후 재시도합니다...
2026-05-13 18:45:11,116 [ERROR] ApprovalRadar - 🚨 [긴급] 오늘자 식품나라 API 키가 모두 소진되었습니다. 크롤링이 중단됩니다.
2026-05-13 18:45:11,117 [ERROR] ApprovalRadar - Failed to fetch or update 20260664563: All API keys are exhausted for today.
2026-05-13 18:45:13,848 [WARNING] ApprovalRadar - 연속적인 응답 오류 발생! 해당 키가 WAF에 의해 임시 차단된 것으로 의심되어 키를 회전합니다.
2026-05-13 18:45:13,850 [INFO] ApprovalRadar - [키 회전] API 한도 초과! 새로운 키로 교체: e7b3f***
2026-05-13 18:45:14,248 [ERROR] ApprovalRadar - 🚨 [긴급] 오늘자 식품나라 API 키가 모두 소진되었습니다. 크롤링이 중단됩니다.
2026-05-13 18:45:14,250 [ERROR] ApprovalRadar - Failed to fetch or update 20260834073: All API keys are exhausted for today.
2026-05-13 18:45:14,317 [ERROR] ApprovalRadar - 🚨 [긴급] 오늘자 식품나라 API 키가 모두 소진되었습니다. 크롤링이 중단됩니다.
2026-05-13 18:45:14,369 [ERROR] ApprovalRadar - 🚨 [긴급] 오늘자 식품나라 API 키가 모두 소진되었습니다. 크롤링이 중단됩니다.
2026-05-13 18:45:14,420 [ERROR] ApprovalRadar - 🚨 [긴급] 오늘자 식품나라 API 키가 모두 소진되었습니다. 크롤링이 중단됩니다.
2026-05-13 18:45:14,451 [ERROR] ApprovalRadar - 🚨 [긴급] 오늘자 식품나라 API 키가 모두 소진되었습니다. 크롤링이 중단됩니다.
2026-05-13 18:45:14,505 [ERROR] ApprovalRadar - 🚨 [긴급] 오늘자 식품나라 API 키가 모두 소진되었습니다. 크롤링이 중단됩니다.
2026-05-13 18:45:14,561 [ERROR] ApprovalRadar - 🚨 [긴급] 오늘자 식품나라 API 키가 모두 소진되었습니다. 크롤링이 중단됩니다.
2026-05-13 18:45:14,613 [ERROR] ApprovalRadar - 🚨 [긴급] 오늘자 식품나라 API 키가 모두 소진되었습니다. 크롤링이 중단됩니다.
2026-05-13 18:45:14,735 [ERROR] ApprovalRadar - 🚨 [긴급] 오늘자 식품나라 API 키가 모두 소진되었습니다. 크롤링이 중단됩니다.
2026-05-13 18:45:14,799 [ERROR] ApprovalRadar - 🚨 [긴급] 오늘자 식품나라 API 키가 모두 소진되었습니다. 크롤링이 중단됩니다.
2026-05-13 18:45:14,839 [ERROR] ApprovalRadar - 🚨 [긴급] 오늘자 식품나라 API 키가 모두 소진되었습니다. 크롤링이 중단됩니다.
2026-05-13 18:45:14,872 [ERROR] ApprovalRadar - 🚨 [긴급] 오늘자 식품나라 API 키가 모두 소진되었습니다. 크롤링이 중단됩니다.
2026-05-13 18:45:14,927 [ERROR] ApprovalRadar - 🚨 [긴급] 오늘자 식품나라 API 키가 모두 소진되었습니다. 크롤링이 중단됩니다.
2026-05-13 18:45:14,979 [ERROR] ApprovalRadar - 🚨 [긴급] 오늘자 식품나라 API 키가 모두 소진되었습니다. 크롤링이 중단됩니다.
2026-05-13 18:45:15,033 [ERROR] ApprovalRadar - 🚨 [긴급] 오늘자 식품나라 API 키가 모두 소진되었습니다. 크롤링이 중단됩니다.
2026-05-13 18:45:15,085 [ERROR] ApprovalRadar - 🚨 [긴급] 오늘자 식품나라 API 키가 모두 소진되었습니다. 크롤링이 중단됩니다.
2026-05-13 18:45:15,117 [ERROR] ApprovalRadar - 🚨 [긴급] 오늘자 식품나라 API 키가 모두 소진되었습니다. 크롤링이 중단됩니다.
2026-05-13 18:45:15,252 [ERROR] ApprovalRadar - 🚨 [긴급] 오늘자 식품나라 API 키가 모두 소진되었습니다. 크롤링이 중단됩니다.
2026-05-13 18:45:15,305 [ERROR] ApprovalRadar - 🚨 [긴급] 오늘자 식품나라 API 키가 모두 소진되었습니다. 크롤링이 중단됩니다.
2026-05-13 18:45:15,356 [ERROR] ApprovalRadar - 🚨 [긴급] 오늘자 식품나라 API 키가 모두 소진되었습니다. 크롤링이 중단됩니다.
2026-05-13 18:45:15,411 [ERROR] ApprovalRadar - 🚨 [긴급] 오늘자 식품나라 API 키가 모두 소진되었습니다. 크롤링이 중단됩니다.
2026-05-13 18:45:15,451 [ERROR] ApprovalRadar - 🚨 [긴급] 오늘자 식품나라 API 키가 모두 소진되었습니다. 크롤링이 중단됩니다.
2026-05-13 18:45:15,503 [ERROR] ApprovalRadar - 🚨 [긴급] 오늘자 식품나라 API 키가 모두 소진되었습니다. 크롤링이 중단됩니다.
2026-05-13 18:45:15,541 [ERROR] ApprovalRadar - 🚨 [긴급] 오늘자 식품나라 API 키가 모두 소진되었습니다. 크롤링이 중단됩니다.
2026-05-13 18:45:15,574 [ERROR] ApprovalRadar - 🚨 [긴급] 오늘자 식품나라 API 키가 모두 소진되었습니다. 크롤링이 중단됩니다.
2026-05-13 18:45:15,609 [ERROR] ApprovalRadar - 🚨 [긴급] 오늘자 식품나라 API 키가 모두 소진되었습니다. 크롤링이 중단됩니다.
2026-05-13 18:45:15,669 [ERROR] ApprovalRadar - 🚨 [긴급] 오늘자 식품나라 API 키가 모두 소진되었습니다. 크롤링이 중단됩니다.
2026-05-13 18:45:15,782 [ERROR] ApprovalRadar - 🚨 [긴급] 오늘자 식품나라 API 키가 모두 소진되었습니다. 크롤링이 중단됩니다.
2026-05-13 18:45:15,835 [ERROR] ApprovalRadar - 🚨 [긴급] 오늘자 식품나라 API 키가 모두 소진되었습니다. 크롤링이 중단됩니다.
2026-05-13 18:45:15,887 [ERROR] ApprovalRadar - 🚨 [긴급] 오늘자 식품나라 API 키가 모두 소진되었습니다. 크롤링이 중단됩니다.
2026-05-13 18:45:15,940 [ERROR] ApprovalRadar - 🚨 [긴급] 오늘자 식품나라 API 키가 모두 소진되었습니다. 크롤링이 중단됩니다.
2026-05-13 18:45:15,999 [ERROR] ApprovalRadar - 🚨 [긴급] 오늘자 식품나라 API 키가 모두 소진되었습니다. 크롤링이 중단됩니다.
2026-05-13 18:45:16,031 [ERROR] ApprovalRadar - 🚨 [긴급] 오늘자 식품나라 API 키가 모두 소진되었습니다. 크롤링이 중단됩니다.
2026-05-13 18:45:16,082 [ERROR] ApprovalRadar - 🚨 [긴급] 오늘자 식품나라 API 키가 모두 소진되었습니다. 크롤링이 중단됩니다.
2026-05-13 18:45:16,133 [ERROR] ApprovalRadar - 🚨 [긴급] 오늘자 식품나라 API 키가 모두 소진되었습니다. 크롤링이 중단됩니다.
2026-05-13 18:45:16,185 [ERROR] ApprovalRadar - 🚨 [긴급] 오늘자 식품나라 API 키가 모두 소진되었습니다. 크롤링이 중단됩니다.
2026-05-13 18:45:16,307 [ERROR] ApprovalRadar - 🚨 [긴급] 오늘자 식품나라 API 키가 모두 소진되었습니다. 크롤링이 중단됩니다.
2026-05-13 18:45:16,363 [ERROR] ApprovalRadar - 🚨 [긴급] 오늘자 식품나라 API 키가 모두 소진되었습니다. 크롤링이 중단됩니다.
2026-05-13 18:45:16,424 [ERROR] ApprovalRadar - 🚨 [긴급] 오늘자 식품나라 API 키가 모두 소진되었습니다. 크롤링이 중단됩니다.
2026-05-13 18:45:16,481 [ERROR] ApprovalRadar - 🚨 [긴급] 오늘자 식품나라 API 키가 모두 소진되었습니다. 크롤링이 중단됩니다.
2026-05-13 18:45:16,537 [ERROR] ApprovalRadar - 🚨 [긴급] 오늘자 식품나라 API 키가 모두 소진되었습니다. 크롤링이 중단됩니다.
2026-05-13 18:45:16,588 [ERROR] ApprovalRadar - 🚨 [긴급] 오늘자 식품나라 API 키가 모두 소진되었습니다. 크롤링이 중단됩니다.
2026-05-13 18:45:16,649 [ERROR] ApprovalRadar - 🚨 [긴급] 오늘자 식품나라 API 키가 모두 소진되었습니다. 크롤링이 중단됩니다.
2026-05-13 18:45:16,691 [ERROR] ApprovalRadar - 🚨 [긴급] 오늘자 식품나라 API 키가 모두 소진되었습니다. 크롤링이 중단됩니다.
2026-05-13 18:45:16,811 [ERROR] ApprovalRadar - 🚨 [긴급] 오늘자 식품나라 API 키가 모두 소진되었습니다. 크롤링이 중단됩니다.
2026-05-13 18:45:16,865 [ERROR] ApprovalRadar - 🚨 [긴급] 오늘자 식품나라 API 키가 모두 소진되었습니다. 크롤링이 중단됩니다.
2026-05-13 18:45:16,886 [ERROR] ApprovalRadar - 🚨 [긴급] 오늘자 식품나라 API 키가 모두 소진되었습니다. 크롤링이 중단됩니다.
2026-05-13 18:45:16,916 [ERROR] ApprovalRadar - 🚨 [긴급] 오늘자 식품나라 API 키가 모두 소진되었습니다. 크롤링이 중단됩니다.
2026-05-13 18:45:16,939 [ERROR] ApprovalRadar - 🚨 [긴급] 오늘자 식품나라 API 키가 모두 소진되었습니다. 크롤링이 중단됩니다.
2026-05-13 18:45:16,952 [ERROR] ApprovalRadar - 🚨 [긴급] 오늘자 식품나라 API 키가 모두 소진되었습니다. 크롤링이 중단됩니다.
2026-05-13 18:45:16,989 [ERROR] ApprovalRadar - 🚨 [긴급] 오늘자 식품나라 API 키가 모두 소진되었습니다. 크롤링이 중단됩니다.
2026-05-13 18:45:17,004 [ERROR] ApprovalRadar - 🚨 [긴급] 오늘자 식품나라 API 키가 모두 소진되었습니다. 크롤링이 중단됩니다.
2026-05-13 18:45:17,050 [ERROR] ApprovalRadar - 🚨 [긴급] 오늘자 식품나라 API 키가 모두 소진되었습니다. 크롤링이 중단됩니다.
2026-05-13 18:45:17,055 [ERROR] ApprovalRadar - 🚨 [긴급] 오늘자 식품나라 API 키가 모두 소진되었습니다. 크롤링이 중단됩니다.
2026-05-13 18:45:17,105 [ERROR] ApprovalRadar - 🚨 [긴급] 오늘자 식품나라 API 키가 모두 소진되었습니다. 크롤링이 중단됩니다.
2026-05-13 18:45:17,106 [ERROR] ApprovalRadar - 🚨 [긴급] 오늘자 식품나라 API 키가 모두 소진되었습니다. 크롤링이 중단됩니다.
2026-05-13 18:45:17,156 [ERROR] ApprovalRadar - 🚨 [긴급] 오늘자 식품나라 API 키가 모두 소진되었습니다. 크롤링이 중단됩니다.
2026-05-13 18:45:17,163 [ERROR] ApprovalRadar - 🚨 [긴급] 오늘자 식품나라 API 키가 모두 소진되었습니다. 크롤링이 중단됩니다.
2026-05-13 18:45:17,208 [ERROR] ApprovalRadar - 🚨 [긴급] 오늘자 식품나라 API 키가 모두 소진되었습니다. 크롤링이 중단됩니다.
2026-05-13 18:45:17,214 [ERROR] ApprovalRadar - 🚨 [긴급] 오늘자 식품나라 API 키가 모두 소진되었습니다. 크롤링이 중단됩니다.
2026-05-13 18:45:17,244 [ERROR] ApprovalRadar - 🚨 [긴급] 오늘자 식품나라 API 키가 모두 소진되었습니다. 크롤링이 중단됩니다.
2026-05-13 18:45:17,352 [ERROR] ApprovalRadar - 🚨 [긴급] 오늘자 식품나라 API 키가 모두 소진되었습니다. 크롤링이 중단됩니다.
2026-05-13 18:45:17,382 [ERROR] ApprovalRadar - 🚨 [긴급] 오늘자 식품나라 API 키가 모두 소진되었습니다. 크롤링이 중단됩니다.
2026-05-13 18:45:17,383 [ERROR] ApprovalRadar - 🚨 [긴급] 오늘자 식품나라 API 키가 모두 소진되었습니다. 크롤링이 중단됩니다.
2026-05-13 18:45:17,384 [ERROR] ApprovalRadar - 🚨 [긴급] 오늘자 식품나라 API 키가 모두 소진되었습니다. 크롤링이 중단됩니다.
2026-05-13 18:45:17,385 [ERROR] ApprovalRadar - Failed to fetch or update 20260517461: All API keys are exhausted for today.
2026-05-13 18:45:17,435 [ERROR] ApprovalRadar - 🚨 [긴급] 오늘자 식품나라 API 키가 모두 소진되었습니다. 크롤링이 중단됩니다.
2026-05-13 18:45:17,436 [ERROR] ApprovalRadar - 🚨 [긴급] 오늘자 식품나라 API 키가 모두 소진되었습니다. 크롤링이 중단됩니다.
2026-05-13 18:45:17,494 [ERROR] ApprovalRadar - 🚨 [긴급] 오늘자 식품나라 API 키가 모두 소진되었습니다. 크롤링이 중단됩니다.
2026-05-13 18:45:17,495 [ERROR] ApprovalRadar - 🚨 [긴급] 오늘자 식품나라 API 키가 모두 소진되었습니다. 크롤링이 중단됩니다.
2026-05-13 18:45:17,526 [ERROR] ApprovalRadar - 🚨 [긴급] 오늘자 식품나라 API 키가 모두 소진되었습니다. 크롤링이 중단됩니다.
2026-05-13 18:45:17,547 [ERROR] ApprovalRadar - 🚨 [긴급] 오늘자 식품나라 API 키가 모두 소진되었습니다. 크롤링이 중단됩니다.
2026-05-13 18:45:17,580 [ERROR] ApprovalRadar - 🚨 [긴급] 오늘자 식품나라 API 키가 모두 소진되었습니다. 크롤링이 중단됩니다.
2026-05-13 18:45:17,581 [ERROR] ApprovalRadar - 🚨 [긴급] 오늘자 식품나라 API 키가 모두 소진되었습니다. 크롤링이 중단됩니다.
2026-05-13 18:45:17,612 [ERROR] ApprovalRadar - 🚨 [긴급] 오늘자 식품나라 API 키가 모두 소진되었습니다. 크롤링이 중단됩니다.
2026-05-13 18:45:17,612 [ERROR] ApprovalRadar - 🚨 [긴급] 오늘자 식품나라 API 키가 모두 소진되었습니다. 크롤링이 중단됩니다.
2026-05-13 18:45:17,670 [ERROR] ApprovalRadar - 🚨 [긴급] 오늘자 식품나라 API 키가 모두 소진되었습니다. 크롤링이 중단됩니다.
2026-05-13 18:45:17,671 [ERROR] ApprovalRadar - 🚨 [긴급] 오늘자 식품나라 API 키가 모두 소진되었습니다. 크롤링이 중단됩니다.
2026-05-13 18:45:17,706 [ERROR] ApprovalRadar - 🚨 [긴급] 오늘자 식품나라 API 키가 모두 소진되었습니다. 크롤링이 중단됩니다.
2026-05-13 18:45:17,711 [ERROR] ApprovalRadar - 🚨 [긴급] 오늘자 식품나라 API 키가 모두 소진되었습니다. 크롤링이 중단됩니다.
2026-05-13 18:45:17,752 [ERROR] ApprovalRadar - 🚨 [긴급] 오늘자 식품나라 API 키가 모두 소진되었습니다. 크롤링이 중단됩니다.
2026-05-13 18:45:17,761 [ERROR] ApprovalRadar - 🚨 [긴급] 오늘자 식품나라 API 키가 모두 소진되었습니다. 크롤링이 중단됩니다.
2026-05-13 18:45:17,861 [ERROR] ApprovalRadar - 🚨 [긴급] 오늘자 식품나라 API 키가 모두 소진되었습니다. 크롤링이 중단됩니다.
2026-05-13 18:45:17,877 [ERROR] ApprovalRadar - 🚨 [긴급] 오늘자 식품나라 API 키가 모두 소진되었습니다. 크롤링이 중단됩니다.
2026-05-13 18:45:17,915 [ERROR] ApprovalRadar - 🚨 [긴급] 오늘자 식품나라 API 키가 모두 소진되었습니다. 크롤링이 중단됩니다.
2026-05-13 18:45:17,928 [ERROR] ApprovalRadar - 🚨 [긴급] 오늘자 식품나라 API 키가 모두 소진되었습니다. 크롤링이 중단됩니다.
2026-05-13 18:45:17,959 [ERROR] ApprovalRadar - 🚨 [긴급] 오늘자 식품나라 API 키가 모두 소진되었습니다. 크롤링이 중단됩니다.
2026-05-13 18:45:17,967 [ERROR] ApprovalRadar - 🚨 [긴급] 오늘자 식품나라 API 키가 모두 소진되었습니다. 크롤링이 중단됩니다.
2026-05-13 18:45:18,011 [ERROR] ApprovalRadar - 🚨 [긴급] 오늘자 식품나라 API 키가 모두 소진되었습니다. 크롤링이 중단됩니다.
2026-05-13 18:45:18,017 [ERROR] ApprovalRadar - 🚨 [긴급] 오늘자 식품나라 API 키가 모두 소진되었습니다. 크롤링이 중단됩니다.
2026-05-13 18:45:18,051 [ERROR] ApprovalRadar - 🚨 [긴급] 오늘자 식품나라 API 키가 모두 소진되었습니다. 크롤링이 중단됩니다.
2026-05-13 18:45:18,061 [ERROR] ApprovalRadar - 🚨 [긴급] 오늘자 식품나라 API 키가 모두 소진되었습니다. 크롤링이 중단됩니다.
2026-05-13 18:45:18,107 [ERROR] ApprovalRadar - 🚨 [긴급] 오늘자 식품나라 API 키가 모두 소진되었습니다. 크롤링이 중단됩니다.
2026-05-13 18:45:18,112 [ERROR] ApprovalRadar - 🚨 [긴급] 오늘자 식품나라 API 키가 모두 소진되었습니다. 크롤링이 중단됩니다.
2026-05-13 18:45:18,137 [ERROR] ApprovalRadar - 🚨 [긴급] 오늘자 식품나라 API 키가 모두 소진되었습니다. 크롤링이 중단됩니다.
2026-05-13 18:45:18,161 [ERROR] ApprovalRadar - 🚨 [긴급] 오늘자 식품나라 API 키가 모두 소진되었습니다. 크롤링이 중단됩니다.
2026-05-13 18:45:18,169 [ERROR] ApprovalRadar - 🚨 [긴급] 오늘자 식품나라 API 키가 모두 소진되었습니다. 크롤링이 중단됩니다.
2026-05-13 18:45:18,193 [ERROR] ApprovalRadar - 🚨 [긴급] 오늘자 식품나라 API 키가 모두 소진되었습니다. 크롤링이 중단됩니다.
2026-05-13 18:45:18,219 [ERROR] ApprovalRadar - 🚨 [긴급] 오늘자 식품나라 API 키가 모두 소진되었습니다. 크롤링이 중단됩니다.
2026-05-13 18:45:18,240 [ERROR] ApprovalRadar - 🚨 [긴급] 오늘자 식품나라 API 키가 모두 소진되었습니다. 크롤링이 중단됩니다.
2026-05-13 18:45:18,268 [ERROR] ApprovalRadar - 🚨 [긴급] 오늘자 식품나라 API 키가 모두 소진되었습니다. 크롤링이 중단됩니다.
2026-05-13 18:45:18,292 [ERROR] ApprovalRadar - 🚨 [긴급] 오늘자 식품나라 API 키가 모두 소진되었습니다. 크롤링이 중단됩니다.
2026-05-13 18:45:18,406 [ERROR] ApprovalRadar - 🚨 [긴급] 오늘자 식품나라 API 키가 모두 소진되었습니다. 크롤링이 중단됩니다.
2026-05-13 18:45:18,408 [ERROR] ApprovalRadar - 🚨 [긴급] 오늘자 식품나라 API 키가 모두 소진되었습니다. 크롤링이 중단됩니다.
2026-05-13 18:45:18,461 [ERROR] ApprovalRadar - 🚨 [긴급] 오늘자 식품나라 API 키가 모두 소진되었습니다. 크롤링이 중단됩니다.
2026-05-13 18:45:18,463 [ERROR] ApprovalRadar - 🚨 [긴급] 오늘자 식품나라 API 키가 모두 소진되었습니다. 크롤링이 중단됩니다.
2026-05-13 18:45:18,521 [ERROR] ApprovalRadar - 🚨 [긴급] 오늘자 식품나라 API 키가 모두 소진되었습니다. 크롤링이 중단됩니다.
2026-05-13 18:45:18,523 [ERROR] ApprovalRadar - 🚨 [긴급] 오늘자 식품나라 API 키가 모두 소진되었습니다. 크롤링이 중단됩니다.
2026-05-13 18:45:18,574 [ERROR] ApprovalRadar - 🚨 [긴급] 오늘자 식품나라 API 키가 모두 소진되었습니다. 크롤링이 중단됩니다.
2026-05-13 18:45:18,575 [ERROR] ApprovalRadar - 🚨 [긴급] 오늘자 식품나라 API 키가 모두 소진되었습니다. 크롤링이 중단됩니다.
2026-05-13 18:45:18,628 [ERROR] ApprovalRadar - 🚨 [긴급] 오늘자 식품나라 API 키가 모두 소진되었습니다. 크롤링이 중단됩니다.
2026-05-13 18:45:18,630 [ERROR] ApprovalRadar - 🚨 [긴급] 오늘자 식품나라 API 키가 모두 소진되었습니다. 크롤링이 중단됩니다.
2026-05-13 18:45:18,685 [ERROR] ApprovalRadar - 🚨 [긴급] 오늘자 식품나라 API 키가 모두 소진되었습니다. 크롤링이 중단됩니다.
2026-05-13 18:45:18,687 [ERROR] ApprovalRadar - 🚨 [긴급] 오늘자 식품나라 API 키가 모두 소진되었습니다. 크롤링이 중단됩니다.
2026-05-13 18:45:18,733 [ERROR] ApprovalRadar - 🚨 [긴급] 오늘자 식품나라 API 키가 모두 소진되었습니다. 크롤링이 중단됩니다.
2026-05-13 18:45:18,752 [ERROR] ApprovalRadar - 🚨 [긴급] 오늘자 식품나라 API 키가 모두 소진되었습니다. 크롤링이 중단됩니다.
2026-05-13 18:45:18,790 [ERROR] ApprovalRadar - 🚨 [긴급] 오늘자 식품나라 API 키가 모두 소진되었습니다. 크롤링이 중단됩니다.
2026-05-13 18:45:18,807 [ERROR] ApprovalRadar - 🚨 [긴급] 오늘자 식품나라 API 키가 모두 소진되었습니다. 크롤링이 중단됩니다.
2026-05-13 18:45:18,927 [ERROR] ApprovalRadar - 🚨 [긴급] 오늘자 식품나라 API 키가 모두 소진되었습니다. 크롤링이 중단됩니다.
2026-05-13 18:45:18,929 [ERROR] ApprovalRadar - 🚨 [긴급] 오늘자 식품나라 API 키가 모두 소진되었습니다. 크롤링이 중단됩니다.
2026-05-13 18:45:18,980 [ERROR] ApprovalRadar - 🚨 [긴급] 오늘자 식품나라 API 키가 모두 소진되었습니다. 크롤링이 중단됩니다.
2026-05-13 18:45:18,981 [ERROR] ApprovalRadar - 🚨 [긴급] 오늘자 식품나라 API 키가 모두 소진되었습니다. 크롤링이 중단됩니다.
2026-05-13 18:45:19,012 [ERROR] ApprovalRadar - 🚨 [긴급] 오늘자 식품나라 API 키가 모두 소진되었습니다. 크롤링이 중단됩니다.
2026-05-13 18:45:19,032 [ERROR] ApprovalRadar - 🚨 [긴급] 오늘자 식품나라 API 키가 모두 소진되었습니다. 크롤링이 중단됩니다.
2026-05-13 18:45:19,066 [ERROR] ApprovalRadar - 🚨 [긴급] 오늘자 식품나라 API 키가 모두 소진되었습니다. 크롤링이 중단됩니다.
2026-05-13 18:45:19,088 [ERROR] ApprovalRadar - 🚨 [긴급] 오늘자 식품나라 API 키가 모두 소진되었습니다. 크롤링이 중단됩니다.
2026-05-13 18:45:19,119 [ERROR] ApprovalRadar - 🚨 [긴급] 오늘자 식품나라 API 키가 모두 소진되었습니다. 크롤링이 중단됩니다.
2026-05-13 18:45:19,144 [ERROR] ApprovalRadar - 🚨 [긴급] 오늘자 식품나라 API 키가 모두 소진되었습니다. 크롤링이 중단됩니다.
2026-05-13 18:45:19,170 [ERROR] ApprovalRadar - 🚨 [긴급] 오늘자 식품나라 API 키가 모두 소진되었습니다. 크롤링이 중단됩니다.
2026-05-13 18:45:19,176 [ERROR] ApprovalRadar - 🚨 [긴급] 오늘자 식품나라 API 키가 모두 소진되었습니다. 크롤링이 중단됩니다.
2026-05-13 18:45:19,222 [ERROR] ApprovalRadar - 🚨 [긴급] 오늘자 식품나라 API 키가 모두 소진되었습니다. 크롤링이 중단됩니다.
2026-05-13 18:45:19,227 [ERROR] ApprovalRadar - 🚨 [긴급] 오늘자 식품나라 API 키가 모두 소진되었습니다. 크롤링이 중단됩니다.
2026-05-13 18:45:19,271 [ERROR] ApprovalRadar - 🚨 [긴급] 오늘자 식품나라 API 키가 모두 소진되었습니다. 크롤링이 중단됩니다.
2026-05-13 18:45:19,276 [ERROR] ApprovalRadar - 🚨 [긴급] 오늘자 식품나라 API 키가 모두 소진되었습니다. 크롤링이 중단됩니다.
2026-05-13 18:45:19,305 [ERROR] ApprovalRadar - 🚨 [긴급] 오늘자 식품나라 API 키가 모두 소진되었습니다. 크롤링이 중단됩니다.
2026-05-13 18:45:19,325 [ERROR] ApprovalRadar - 🚨 [긴급] 오늘자 식품나라 API 키가 모두 소진되었습니다. 크롤링이 중단됩니다.
2026-05-13 18:45:19,435 [ERROR] ApprovalRadar - 🚨 [긴급] 오늘자 식품나라 API 키가 모두 소진되었습니다. 크롤링이 중단됩니다.
2026-05-13 18:45:19,456 [ERROR] ApprovalRadar - 🚨 [긴급] 오늘자 식품나라 API 키가 모두 소진되었습니다. 크롤링이 중단됩니다.
2026-05-13 18:45:19,484 [ERROR] ApprovalRadar - 🚨 [긴급] 오늘자 식품나라 API 키가 모두 소진되었습니다. 크롤링이 중단됩니다.
2026-05-13 18:45:19,511 [ERROR] ApprovalRadar - 🚨 [긴급] 오늘자 식품나라 API 키가 모두 소진되었습니다. 크롤링이 중단됩니다.
2026-05-13 18:45:19,539 [ERROR] ApprovalRadar - 🚨 [긴급] 오늘자 식품나라 API 키가 모두 소진되었습니다. 크롤링이 중단됩니다.
2026-05-13 18:45:19,567 [ERROR] ApprovalRadar - 🚨 [긴급] 오늘자 식품나라 API 키가 모두 소진되었습니다. 크롤링이 중단됩니다.
2026-05-13 18:45:19,594 [ERROR] ApprovalRadar - 🚨 [긴급] 오늘자 식품나라 API 키가 모두 소진되었습니다. 크롤링이 중단됩니다.
2026-05-13 18:45:19,618 [ERROR] ApprovalRadar - 🚨 [긴급] 오늘자 식품나라 API 키가 모두 소진되었습니다. 크롤링이 중단됩니다.
2026-05-13 18:45:19,630 [ERROR] ApprovalRadar - 🚨 [긴급] 오늘자 식품나라 API 키가 모두 소진되었습니다. 크롤링이 중단됩니다.
2026-05-13 18:45:19,675 [ERROR] ApprovalRadar - 🚨 [긴급] 오늘자 식품나라 API 키가 모두 소진되었습니다. 크롤링이 중단됩니다.
2026-05-13 18:45:19,689 [ERROR] ApprovalRadar - 🚨 [긴급] 오늘자 식품나라 API 키가 모두 소진되었습니다. 크롤링이 중단됩니다.
2026-05-13 18:45:19,724 [ERROR] ApprovalRadar - 🚨 [긴급] 오늘자 식품나라 API 키가 모두 소진되었습니다. 크롤링이 중단됩니다.
2026-05-13 18:45:19,733 [ERROR] ApprovalRadar - 🚨 [긴급] 오늘자 식품나라 API 키가 모두 소진되었습니다. 크롤링이 중단됩니다.
2026-05-13 18:45:19,778 [ERROR] ApprovalRadar - 🚨 [긴급] 오늘자 식품나라 API 키가 모두 소진되었습니다. 크롤링이 중단됩니다.
2026-05-13 18:45:19,792 [ERROR] ApprovalRadar - 🚨 [긴급] 오늘자 식품나라 API 키가 모두 소진되었습니다. 크롤링이 중단됩니다.
2026-05-13 18:45:19,836 [ERROR] ApprovalRadar - 🚨 [긴급] 오늘자 식품나라 API 키가 모두 소진되었습니다. 크롤링이 중단됩니다.
2026-05-13 18:45:19,845 [ERROR] ApprovalRadar - 🚨 [긴급] 오늘자 식품나라 API 키가 모두 소진되었습니다. 크롤링이 중단됩니다.
2026-05-13 18:45:19,975 [ERROR] ApprovalRadar - 🚨 [긴급] 오늘자 식품나라 API 키가 모두 소진되었습니다. 크롤링이 중단됩니다.
2026-05-13 18:45:19,977 [ERROR] ApprovalRadar - 🚨 [긴급] 오늘자 식품나라 API 키가 모두 소진되었습니다. 크롤링이 중단됩니다.
2026-05-13 18:45:20,008 [ERROR] ApprovalRadar - 🚨 [긴급] 오늘자 식품나라 API 키가 모두 소진되었습니다. 크롤링이 중단됩니다.
2026-05-13 18:45:20,026 [ERROR] ApprovalRadar - 🚨 [긴급] 오늘자 식품나라 API 키가 모두 소진되었습니다. 크롤링이 중단됩니다.
2026-05-13 18:45:20,067 [ERROR] ApprovalRadar - 🚨 [긴급] 오늘자 식품나라 API 키가 모두 소진되었습니다. 크롤링이 중단됩니다.
2026-05-13 18:45:20,083 [ERROR] ApprovalRadar - 🚨 [긴급] 오늘자 식품나라 API 키가 모두 소진되었습니다. 크롤링이 중단됩니다.
2026-05-13 18:45:20,116 [ERROR] ApprovalRadar - 🚨 [긴급] 오늘자 식품나라 API 키가 모두 소진되었습니다. 크롤링이 중단됩니다.
2026-05-13 18:45:20,147 [ERROR] ApprovalRadar - 🚨 [긴급] 오늘자 식품나라 API 키가 모두 소진되었습니다. 크롤링이 중단됩니다.
2026-05-13 18:45:20,171 [ERROR] ApprovalRadar - 🚨 [긴급] 오늘자 식품나라 API 키가 모두 소진되었습니다. 크롤링이 중단됩니다.
2026-05-13 18:45:20,202 [ERROR] ApprovalRadar - 🚨 [긴급] 오늘자 식품나라 API 키가 모두 소진되었습니다. 크롤링이 중단됩니다.
2026-05-13 18:45:20,244 [ERROR] ApprovalRadar - 🚨 [긴급] 오늘자 식품나라 API 키가 모두 소진되었습니다. 크롤링이 중단됩니다.
2026-05-13 18:45:20,256 [ERROR] ApprovalRadar - 🚨 [긴급] 오늘자 식품나라 API 키가 모두 소진되었습니다. 크롤링이 중단됩니다.
2026-05-13 18:45:20,288 [ERROR] ApprovalRadar - 🚨 [긴급] 오늘자 식품나라 API 키가 모두 소진되었습니다. 크롤링이 중단됩니다.
2026-05-13 18:45:20,298 [ERROR] ApprovalRadar - 🚨 [긴급] 오늘자 식품나라 API 키가 모두 소진되었습니다. 크롤링이 중단됩니다.
2026-05-13 18:45:20,319 [ERROR] ApprovalRadar - 🚨 [긴급] 오늘자 식품나라 API 키가 모두 소진되었습니다. 크롤링이 중단됩니다.
2026-05-13 18:45:20,350 [ERROR] ApprovalRadar - 🚨 [긴급] 오늘자 식품나라 API 키가 모두 소진되었습니다. 크롤링이 중단됩니다.
2026-05-13 18:45:20,483 [ERROR] ApprovalRadar - 🚨 [긴급] 오늘자 식품나라 API 키가 모두 소진되었습니다. 크롤링이 중단됩니다.
2026-05-13 18:45:20,484 [ERROR] ApprovalRadar - 🚨 [긴급] 오늘자 식품나라 API 키가 모두 소진되었습니다. 크롤링이 중단됩니다.
2026-05-13 18:45:20,500 [ERROR] ApprovalRadar - 🚨 [긴급] 오늘자 식품나라 API 키가 모두 소진되었습니다. 크롤링이 중단됩니다.
2026-05-13 18:45:20,500 [ERROR] ApprovalRadar - Failed to fetch or update 20260342644: All API keys are exhausted for today.
2026-05-13 18:45:20,522 [ERROR] ApprovalRadar - 🚨 [긴급] 오늘자 식품나라 API 키가 모두 소진되었습니다. 크롤링이 중단됩니다.
2026-05-13 18:45:20,545 [ERROR] ApprovalRadar - 🚨 [긴급] 오늘자 식품나라 API 키가 모두 소진되었습니다. 크롤링이 중단됩니다.
2026-05-13 18:45:20,576 [ERROR] ApprovalRadar - 🚨 [긴급] 오늘자 식품나라 API 키가 모두 소진되었습니다. 크롤링이 중단됩니다.
2026-05-13 18:45:20,598 [ERROR] ApprovalRadar - 🚨 [긴급] 오늘자 식품나라 API 키가 모두 소진되었습니다. 크롤링이 중단됩니다.
2026-05-13 18:45:20,629 [ERROR] ApprovalRadar - 🚨 [긴급] 오늘자 식품나라 API 키가 모두 소진되었습니다. 크롤링이 중단됩니다.
2026-05-13 18:45:20,629 [ERROR] ApprovalRadar - ❌ I2500 크롤러 스케줄 작업 중 치명적인 오류 발생: All API keys are exhausted for today.
2026-05-13 18:45:23,650 [ERROR] ApprovalRadar - 🚨 [긴급] 오늘자 식품나라 API 키가 모두 소진되었습니다. 크롤링이 중단됩니다.
2026-05-13 18:45:23,651 [ERROR] ApprovalRadar - Failed to fetch or update 20260342653: All API keys are exhausted for today.
2026-05-13 18:45:26,795 [ERROR] ApprovalRadar - 🚨 [긴급] 오늘자 식품나라 API 키가 모두 소진되었습니다. 크롤링이 중단됩니다.
2026-05-13 18:45:26,797 [ERROR] ApprovalRadar - Failed to fetch or update 20260342681: All API keys are exhausted for today.
2026-05-13 18:45:29,914 [ERROR] ApprovalRadar - 🚨 [긴급] 오늘자 식품나라 API 키가 모두 소진되었습니다. 크롤링이 중단됩니다.
2026-05-13 18:45:29,916 [ERROR] ApprovalRadar - Failed to fetch or update 20260342666: All API keys are exhausted for today.
2026-05-13 18:45:32,959 [ERROR] ApprovalRadar - 🚨 [긴급] 오늘자 식품나라 API 키가 모두 소진되었습니다. 크롤링이 중단됩니다.
2026-05-13 18:45:32,961 [ERROR] ApprovalRadar - Failed to fetch or update 20260917187: All API keys are exhausted for today.
2026-05-13 18:45:36,019 [ERROR] ApprovalRadar - 🚨 [긴급] 오늘자 식품나라 API 키가 모두 소진되었습니다. 크롤링이 중단됩니다.
2026-05-13 18:45:36,021 [ERROR] ApprovalRadar - Failed to fetch or update 20260913211: All API keys are exhausted for today.
2026-05-13 18:45:39,076 [ERROR] ApprovalRadar - 🚨 [긴급] 오늘자 식품나라 API 키가 모두 소진되었습니다. 크롤링이 중단됩니다.
2026-05-13 18:45:39,077 [ERROR] ApprovalRadar - Failed to fetch or update 20260268449: All API keys are exhausted for today.
2026-05-13 18:45:42,132 [ERROR] ApprovalRadar - 🚨 [긴급] 오늘자 식품나라 API 키가 모두 소진되었습니다. 크롤링이 중단됩니다.
2026-05-13 18:45:42,133 [ERROR] ApprovalRadar - Failed to fetch or update 20260268473: All API keys are exhausted for today.
2026-05-13 18:45:45,195 [ERROR] ApprovalRadar - 🚨 [긴급] 오늘자 식품나라 API 키가 모두 소진되었습니다. 크롤링이 중단됩니다.
2026-05-13 18:45:45,197 [ERROR] ApprovalRadar - Failed to fetch or update 20260337507: All API keys are exhausted for today.
2026-05-13 18:45:48,318 [ERROR] ApprovalRadar - 🚨 [긴급] 오늘자 식품나라 API 키가 모두 소진되었습니다. 크롤링이 중단됩니다.
2026-05-13 18:45:48,319 [ERROR] ApprovalRadar - Failed to fetch or update 20260337518: All API keys are exhausted for today.
2026-05-13 18:45:51,449 [ERROR] ApprovalRadar - 🚨 [긴급] 오늘자 식품나라 API 키가 모두 소진되었습니다. 크롤링이 중단됩니다.
2026-05-13 18:45:51,449 [ERROR] ApprovalRadar - Failed to fetch or update 20260222430: All API keys are exhausted for today.
2026-05-13 18:45:54,579 [ERROR] ApprovalRadar - 🚨 [긴급] 오늘자 식품나라 API 키가 모두 소진되었습니다. 크롤링이 중단됩니다.
2026-05-13 18:45:54,580 [ERROR] ApprovalRadar - Failed to fetch or update 20260222434: All API keys are exhausted for today.
2026-05-13 18:45:57,730 [ERROR] ApprovalRadar - 🚨 [긴급] 오늘자 식품나라 API 키가 모두 소진되었습니다. 크롤링이 중단됩니다.
2026-05-13 18:45:57,731 [ERROR] ApprovalRadar - Failed to fetch or update 20260222401: All API keys are exhausted for today.
2026-05-13 18:46:00,854 [ERROR] ApprovalRadar - 🚨 [긴급] 오늘자 식품나라 API 키가 모두 소진되었습니다. 크롤링이 중단됩니다.
2026-05-13 18:46:00,856 [ERROR] ApprovalRadar - Failed to fetch or update 20260222421: All API keys are exhausted for today.
2026-05-13 18:46:03,999 [ERROR] ApprovalRadar - 🚨 [긴급] 오늘자 식품나라 API 키가 모두 소진되었습니다. 크롤링이 중단됩니다.
2026-05-13 18:46:04,000 [ERROR] ApprovalRadar - Failed to fetch or update 20260222423: All API keys are exhausted for today.
2026-05-13 18:46:07,038 [ERROR] ApprovalRadar - 🚨 [긴급] 오늘자 식품나라 API 키가 모두 소진되었습니다. 크롤링이 중단됩니다.
2026-05-13 18:46:07,039 [ERROR] ApprovalRadar - Failed to fetch or update 20260222440: All API keys are exhausted for today.
2026-05-13 18:46:10,076 [ERROR] ApprovalRadar - 🚨 [긴급] 오늘자 식품나라 API 키가 모두 소진되었습니다. 크롤링이 중단됩니다.
2026-05-13 18:46:10,077 [ERROR] ApprovalRadar - Failed to fetch or update 20260219383: All API keys are exhausted for today.
2026-05-13 18:46:13,138 [ERROR] ApprovalRadar - 🚨 [긴급] 오늘자 식품나라 API 키가 모두 소진되었습니다. 크롤링이 중단됩니다.
2026-05-13 18:46:13,139 [ERROR] ApprovalRadar - Failed to fetch or update 20260219417: All API keys are exhausted for today.
2026-05-13 18:46:16,175 [ERROR] ApprovalRadar - 🚨 [긴급] 오늘자 식품나라 API 키가 모두 소진되었습니다. 크롤링이 중단됩니다.
2026-05-13 18:46:16,176 [ERROR] ApprovalRadar - Failed to fetch or update 20260219418: All API keys are exhausted for today.
2026-05-13 18:46:19,249 [ERROR] ApprovalRadar - 🚨 [긴급] 오늘자 식품나라 API 키가 모두 소진되었습니다. 크롤링이 중단됩니다.
2026-05-13 18:46:19,250 [ERROR] ApprovalRadar - Failed to fetch or update 20260219409: All API keys are exhausted for today.
2026-05-13 18:46:22,398 [ERROR] ApprovalRadar - 🚨 [긴급] 오늘자 식품나라 API 키가 모두 소진되었습니다. 크롤링이 중단됩니다.
2026-05-13 18:46:22,399 [ERROR] ApprovalRadar - Failed to fetch or update 20260704201: All API keys are exhausted for today.
2026-05-13 18:46:25,534 [ERROR] ApprovalRadar - 🚨 [긴급] 오늘자 식품나라 API 키가 모두 소진되었습니다. 크롤링이 중단됩니다.
2026-05-13 18:46:25,537 [ERROR] ApprovalRadar - Failed to fetch or update 20260704206: All API keys are exhausted for today.
2026-05-13 18:46:28,656 [ERROR] ApprovalRadar - 🚨 [긴급] 오늘자 식품나라 API 키가 모두 소진되었습니다. 크롤링이 중단됩니다.
2026-05-13 18:46:28,657 [ERROR] ApprovalRadar - Failed to fetch or update 20260704187: All API keys are exhausted for today.
2026-05-13 18:46:31,780 [ERROR] ApprovalRadar - 🚨 [긴급] 오늘자 식품나라 API 키가 모두 소진되었습니다. 크롤링이 중단됩니다.
2026-05-13 18:46:31,781 [ERROR] ApprovalRadar - Failed to fetch or update 20260704213: All API keys are exhausted for today.
2026-05-13 18:46:34,934 [ERROR] ApprovalRadar - 🚨 [긴급] 오늘자 식품나라 API 키가 모두 소진되었습니다. 크롤링이 중단됩니다.
2026-05-13 18:46:34,936 [ERROR] ApprovalRadar - Failed to fetch or update 20260832044: All API keys are exhausted for today.
2026-05-13 18:46:38,072 [ERROR] ApprovalRadar - 🚨 [긴급] 오늘자 식품나라 API 키가 모두 소진되었습니다. 크롤링이 중단됩니다.
2026-05-13 18:46:38,074 [ERROR] ApprovalRadar - Failed to fetch or update 20260832030: All API keys are exhausted for today.
2026-05-13 18:46:41,109 [ERROR] ApprovalRadar - 🚨 [긴급] 오늘자 식품나라 API 키가 모두 소진되었습니다. 크롤링이 중단됩니다.
2026-05-13 18:46:41,111 [ERROR] ApprovalRadar - Failed to fetch or update 20260832047: All API keys are exhausted for today.
2026-05-13 18:46:44,171 [ERROR] ApprovalRadar - 🚨 [긴급] 오늘자 식품나라 API 키가 모두 소진되었습니다. 크롤링이 중단됩니다.
2026-05-13 18:46:44,173 [ERROR] ApprovalRadar - Failed to fetch or update 20260832036: All API keys are exhausted for today.
2026-05-13 18:46:47,231 [ERROR] ApprovalRadar - 🚨 [긴급] 오늘자 식품나라 API 키가 모두 소진되었습니다. 크롤링이 중단됩니다.
2026-05-13 18:46:47,233 [ERROR] ApprovalRadar - Failed to fetch or update 20260832033: All API keys are exhausted for today.
2026-05-13 18:46:50,276 [ERROR] ApprovalRadar - 🚨 [긴급] 오늘자 식품나라 API 키가 모두 소진되었습니다. 크롤링이 중단됩니다.
2026-05-13 18:46:50,278 [ERROR] ApprovalRadar - Failed to fetch or update 20260832042: All API keys are exhausted for today.
2026-05-13 18:46:53,324 [ERROR] ApprovalRadar - 🚨 [긴급] 오늘자 식품나라 API 키가 모두 소진되었습니다. 크롤링이 중단됩니다.
2026-05-13 18:46:53,326 [ERROR] ApprovalRadar - Failed to fetch or update 20260832043: All API keys are exhausted for today.
2026-05-13 18:46:56,447 [ERROR] ApprovalRadar - 🚨 [긴급] 오늘자 식품나라 API 키가 모두 소진되었습니다. 크롤링이 중단됩니다.
2026-05-13 18:46:56,448 [ERROR] ApprovalRadar - Failed to fetch or update 20260832039: All API keys are exhausted for today.
2026-05-13 18:46:59,592 [ERROR] ApprovalRadar - 🚨 [긴급] 오늘자 식품나라 API 키가 모두 소진되었습니다. 크롤링이 중단됩니다.
2026-05-13 18:46:59,593 [ERROR] ApprovalRadar - Failed to fetch or update 20260832040: All API keys are exhausted for today.
2026-05-13 18:47:02,743 [ERROR] ApprovalRadar - 🚨 [긴급] 오늘자 식품나라 API 키가 모두 소진되었습니다. 크롤링이 중단됩니다.
2026-05-13 18:47:02,744 [ERROR] ApprovalRadar - Failed to fetch or update 20260832031: All API keys are exhausted for today.
2026-05-13 18:47:05,884 [ERROR] ApprovalRadar - 🚨 [긴급] 오늘자 식품나라 API 키가 모두 소진되었습니다. 크롤링이 중단됩니다.
2026-05-13 18:47:05,889 [ERROR] ApprovalRadar - Failed to fetch or update 20260832045: All API keys are exhausted for today.
2026-05-13 18:47:09,030 [ERROR] ApprovalRadar - 🚨 [긴급] 오늘자 식품나라 API 키가 모두 소진되었습니다. 크롤링이 중단됩니다.
2026-05-13 18:47:09,031 [ERROR] ApprovalRadar - Failed to fetch or update 20260832041: All API keys are exhausted for today.
2026-05-13 18:47:12,156 [ERROR] ApprovalRadar - 🚨 [긴급] 오늘자 식품나라 API 키가 모두 소진되었습니다. 크롤링이 중단됩니다.
2026-05-13 18:47:12,156 [ERROR] ApprovalRadar - Failed to fetch or update 20260832035: All API keys are exhausted for today.
2026-05-13 18:47:15,213 [ERROR] ApprovalRadar - 🚨 [긴급] 오늘자 식품나라 API 키가 모두 소진되었습니다. 크롤링이 중단됩니다.
2026-05-13 18:47:15,214 [ERROR] ApprovalRadar - Failed to fetch or update 20260832038: All API keys are exhausted for today.
2026-05-13 18:47:18,275 [ERROR] ApprovalRadar - 🚨 [긴급] 오늘자 식품나라 API 키가 모두 소진되었습니다. 크롤링이 중단됩니다.
2026-05-13 18:47:18,276 [ERROR] ApprovalRadar - Failed to fetch or update 20260832028: All API keys are exhausted for today.
2026-05-13 18:47:21,333 [ERROR] ApprovalRadar - 🚨 [긴급] 오늘자 식품나라 API 키가 모두 소진되었습니다. 크롤링이 중단됩니다.
2026-05-13 18:47:21,334 [ERROR] ApprovalRadar - Failed to fetch or update 20260310285: All API keys are exhausted for today.
2026-05-13 18:47:24,373 [ERROR] ApprovalRadar - 🚨 [긴급] 오늘자 식품나라 API 키가 모두 소진되었습니다. 크롤링이 중단됩니다.
2026-05-13 18:47:24,374 [ERROR] ApprovalRadar - Failed to fetch or update 20260310338: All API keys are exhausted for today.
2026-05-13 18:47:27,408 [ERROR] ApprovalRadar - 🚨 [긴급] 오늘자 식품나라 API 키가 모두 소진되었습니다. 크롤링이 중단됩니다.
2026-05-13 18:47:27,409 [ERROR] ApprovalRadar - Failed to fetch or update 20260310352: All API keys are exhausted for today.
2026-05-13 18:47:30,552 [ERROR] ApprovalRadar - 🚨 [긴급] 오늘자 식품나라 API 키가 모두 소진되었습니다. 크롤링이 중단됩니다.
2026-05-13 18:47:30,553 [ERROR] ApprovalRadar - Failed to fetch or update 20260664452: All API keys are exhausted for today.
2026-05-13 18:47:33,681 [ERROR] ApprovalRadar - 🚨 [긴급] 오늘자 식품나라 API 키가 모두 소진되었습니다. 크롤링이 중단됩니다.
2026-05-13 18:47:33,683 [ERROR] ApprovalRadar - Failed to fetch or update 20260664518: All API keys are exhausted for today.
2026-05-13 18:47:36,814 [ERROR] ApprovalRadar - 🚨 [긴급] 오늘자 식품나라 API 키가 모두 소진되었습니다. 크롤링이 중단됩니다.
2026-05-13 18:47:36,816 [ERROR] ApprovalRadar - Failed to fetch or update 20260664461: All API keys are exhausted for today.
2026-05-13 18:47:39,956 [ERROR] ApprovalRadar - 🚨 [긴급] 오늘자 식품나라 API 키가 모두 소진되었습니다. 크롤링이 중단됩니다.
2026-05-13 18:47:39,958 [ERROR] ApprovalRadar - Failed to fetch or update 20260664476: All API keys are exhausted for today.
2026-05-13 18:47:43,098 [ERROR] ApprovalRadar - 🚨 [긴급] 오늘자 식품나라 API 키가 모두 소진되었습니다. 크롤링이 중단됩니다.
2026-05-13 18:47:43,099 [ERROR] ApprovalRadar - Failed to fetch or update 20260590328: All API keys are exhausted for today.
2026-05-13 18:47:46,139 [ERROR] ApprovalRadar - 🚨 [긴급] 오늘자 식품나라 API 키가 모두 소진되었습니다. 크롤링이 중단됩니다.
2026-05-13 18:47:46,140 [ERROR] ApprovalRadar - Failed to fetch or update 20260408396: All API keys are exhausted for today.
2026-05-13 18:47:49,179 [ERROR] ApprovalRadar - 🚨 [긴급] 오늘자 식품나라 API 키가 모두 소진되었습니다. 크롤링이 중단됩니다.
2026-05-13 18:47:49,179 [ERROR] ApprovalRadar - Failed to fetch or update 20260408482: All API keys are exhausted for today.
2026-05-13 18:47:52,238 [ERROR] ApprovalRadar - 🚨 [긴급] 오늘자 식품나라 API 키가 모두 소진되었습니다. 크롤링이 중단됩니다.
2026-05-13 18:47:52,239 [ERROR] ApprovalRadar - Failed to fetch or update 20260408507: All API keys are exhausted for today.
2026-05-13 18:47:55,276 [ERROR] ApprovalRadar - 🚨 [긴급] 오늘자 식품나라 API 키가 모두 소진되었습니다. 크롤링이 중단됩니다.
2026-05-13 18:47:55,278 [ERROR] ApprovalRadar - Failed to fetch or update 20260408503: All API keys are exhausted for today.
2026-05-13 18:47:58,339 [ERROR] ApprovalRadar - 🚨 [긴급] 오늘자 식품나라 API 키가 모두 소진되었습니다. 크롤링이 중단됩니다.
2026-05-13 18:47:58,340 [ERROR] ApprovalRadar - Failed to fetch or update 20260507763: All API keys are exhausted for today.
2026-05-13 18:48:01,485 [ERROR] ApprovalRadar - 🚨 [긴급] 오늘자 식품나라 API 키가 모두 소진되었습니다. 크롤링이 중단됩니다.
2026-05-13 18:48:01,486 [ERROR] ApprovalRadar - Failed to fetch or update 20260418161: All API keys are exhausted for today.
2026-05-13 18:48:04,649 [ERROR] ApprovalRadar - 🚨 [긴급] 오늘자 식품나라 API 키가 모두 소진되었습니다. 크롤링이 중단됩니다.
2026-05-13 18:48:04,652 [ERROR] ApprovalRadar - Failed to fetch or update 20260418177: All API keys are exhausted for today.
2026-05-13 18:48:07,765 [ERROR] ApprovalRadar - 🚨 [긴급] 오늘자 식품나라 API 키가 모두 소진되었습니다. 크롤링이 중단됩니다.
2026-05-13 18:48:07,767 [ERROR] ApprovalRadar - Failed to fetch or update 20260418147: All API keys are exhausted for today.
2026-05-13 18:48:10,891 [ERROR] ApprovalRadar - 🚨 [긴급] 오늘자 식품나라 API 키가 모두 소진되었습니다. 크롤링이 중단됩니다.
2026-05-13 18:48:10,892 [ERROR] ApprovalRadar - Failed to fetch or update 20260582332: All API keys are exhausted for today.
2026-05-13 18:48:14,041 [ERROR] ApprovalRadar - 🚨 [긴급] 오늘자 식품나라 API 키가 모두 소진되었습니다. 크롤링이 중단됩니다.
2026-05-13 18:48:14,042 [ERROR] ApprovalRadar - Failed to fetch or update 20260582498: All API keys are exhausted for today.
2026-05-13 18:48:17,185 [ERROR] ApprovalRadar - 🚨 [긴급] 오늘자 식품나라 API 키가 모두 소진되었습니다. 크롤링이 중단됩니다.
2026-05-13 18:48:17,187 [ERROR] ApprovalRadar - Failed to fetch or update 20260582502: All API keys are exhausted for today.
2026-05-13 18:48:20,332 [ERROR] ApprovalRadar - 🚨 [긴급] 오늘자 식품나라 API 키가 모두 소진되었습니다. 크롤링이 중단됩니다.
2026-05-13 18:48:20,334 [ERROR] ApprovalRadar - Failed to fetch or update 20260582468: All API keys are exhausted for today.
2026-05-13 18:48:23,461 [ERROR] ApprovalRadar - 🚨 [긴급] 오늘자 식품나라 API 키가 모두 소진되었습니다. 크롤링이 중단됩니다.
2026-05-13 18:48:23,462 [ERROR] ApprovalRadar - Failed to fetch or update 20260403565: All API keys are exhausted for today.
2026-05-13 18:48:26,498 [ERROR] ApprovalRadar - 🚨 [긴급] 오늘자 식품나라 API 키가 모두 소진되었습니다. 크롤링이 중단됩니다.
2026-05-13 18:48:26,499 [ERROR] ApprovalRadar - Failed to fetch or update 20260403483: All API keys are exhausted for today.
2026-05-13 18:48:29,540 [ERROR] ApprovalRadar - 🚨 [긴급] 오늘자 식품나라 API 키가 모두 소진되었습니다. 크롤링이 중단됩니다.
2026-05-13 18:48:29,541 [ERROR] ApprovalRadar - Failed to fetch or update 20260403557: All API keys are exhausted for today.
2026-05-13 18:48:32,602 [ERROR] ApprovalRadar - 🚨 [긴급] 오늘자 식품나라 API 키가 모두 소진되었습니다. 크롤링이 중단됩니다.
2026-05-13 18:48:32,603 [ERROR] ApprovalRadar - Failed to fetch or update 20260543435: All API keys are exhausted for today.
2026-05-13 18:48:35,644 [ERROR] ApprovalRadar - 🚨 [긴급] 오늘자 식품나라 API 키가 모두 소진되었습니다. 크롤링이 중단됩니다.
2026-05-13 18:48:35,646 [ERROR] ApprovalRadar - Failed to fetch or update 20260543444: All API keys are exhausted for today.
2026-05-13 18:48:38,730 [ERROR] ApprovalRadar - 🚨 [긴급] 오늘자 식품나라 API 키가 모두 소진되었습니다. 크롤링이 중단됩니다.
2026-05-13 18:48:38,731 [ERROR] ApprovalRadar - Failed to fetch or update 20260543454: All API keys are exhausted for today.
2026-05-13 18:48:41,854 [ERROR] ApprovalRadar - 🚨 [긴급] 오늘자 식품나라 API 키가 모두 소진되었습니다. 크롤링이 중단됩니다.
2026-05-13 18:48:41,854 [ERROR] ApprovalRadar - Failed to fetch or update 20260391241: All API keys are exhausted for today.
2026-05-13 18:48:44,965 [ERROR] ApprovalRadar - 🚨 [긴급] 오늘자 식품나라 API 키가 모두 소진되었습니다. 크롤링이 중단됩니다.
2026-05-13 18:48:44,967 [ERROR] ApprovalRadar - Failed to fetch or update 20260382228: All API keys are exhausted for today.
2026-05-13 18:48:48,005 [ERROR] ApprovalRadar - 🚨 [긴급] 오늘자 식품나라 API 키가 모두 소진되었습니다. 크롤링이 중단됩니다.
2026-05-13 18:48:48,006 [ERROR] ApprovalRadar - Failed to fetch or update 20260385226: All API keys are exhausted for today.
2026-05-13 18:48:51,063 [ERROR] ApprovalRadar - 🚨 [긴급] 오늘자 식품나라 API 키가 모두 소진되었습니다. 크롤링이 중단됩니다.
2026-05-13 18:48:51,064 [ERROR] ApprovalRadar - Failed to fetch or update 20260385235: All API keys are exhausted for today.
2026-05-13 18:48:54,130 [ERROR] ApprovalRadar - 🚨 [긴급] 오늘자 식품나라 API 키가 모두 소진되었습니다. 크롤링이 중단됩니다.
2026-05-13 18:48:54,131 [ERROR] ApprovalRadar - Failed to fetch or update 20260391243: All API keys are exhausted for today.
2026-05-13 18:48:57,190 [ERROR] ApprovalRadar - 🚨 [긴급] 오늘자 식품나라 API 키가 모두 소진되었습니다. 크롤링이 중단됩니다.
2026-05-13 18:48:57,191 [ERROR] ApprovalRadar - Failed to fetch or update 20260385227: All API keys are exhausted for today.
2026-05-13 18:49:00,254 [ERROR] ApprovalRadar - 🚨 [긴급] 오늘자 식품나라 API 키가 모두 소진되었습니다. 크롤링이 중단됩니다.
2026-05-13 18:49:00,255 [ERROR] ApprovalRadar - Failed to fetch or update 20260050323: All API keys are exhausted for today.
2026-05-13 18:49:03,351 [ERROR] ApprovalRadar - 🚨 [긴급] 오늘자 식품나라 API 키가 모두 소진되었습니다. 크롤링이 중단됩니다.
2026-05-13 18:49:03,352 [ERROR] ApprovalRadar - Failed to fetch or update 20260050310: All API keys are exhausted for today.
2026-05-13 18:49:06,498 [ERROR] ApprovalRadar - 🚨 [긴급] 오늘자 식품나라 API 키가 모두 소진되었습니다. 크롤링이 중단됩니다.
2026-05-13 18:49:06,501 [ERROR] ApprovalRadar - Failed to fetch or update 20260050316: All API keys are exhausted for today.
2026-05-13 18:49:09,642 [ERROR] ApprovalRadar - 🚨 [긴급] 오늘자 식품나라 API 키가 모두 소진되었습니다. 크롤링이 중단됩니다.
2026-05-13 18:49:09,643 [ERROR] ApprovalRadar - Failed to fetch or update 20260050354: All API keys are exhausted for today.
2026-05-13 18:49:12,799 [ERROR] ApprovalRadar - 🚨 [긴급] 오늘자 식품나라 API 키가 모두 소진되었습니다. 크롤링이 중단됩니다.
2026-05-13 18:49:12,800 [ERROR] ApprovalRadar - Failed to fetch or update 20260050336: All API keys are exhausted for today.
2026-05-13 18:49:15,913 [ERROR] ApprovalRadar - 🚨 [긴급] 오늘자 식품나라 API 키가 모두 소진되었습니다. 크롤링이 중단됩니다.
2026-05-13 18:49:15,914 [ERROR] ApprovalRadar - Failed to fetch or update 20260045564: All API keys are exhausted for today.
2026-05-13 18:49:19,051 [ERROR] ApprovalRadar - 🚨 [긴급] 오늘자 식품나라 API 키가 모두 소진되었습니다. 크롤링이 중단됩니다.
2026-05-13 18:49:19,053 [ERROR] ApprovalRadar - Failed to fetch or update 20260045599: All API keys are exhausted for today.
2026-05-13 18:49:22,194 [ERROR] ApprovalRadar - 🚨 [긴급] 오늘자 식품나라 API 키가 모두 소진되었습니다. 크롤링이 중단됩니다.
2026-05-13 18:49:22,195 [ERROR] ApprovalRadar - Failed to fetch or update 20260045586: All API keys are exhausted for today.
2026-05-13 18:49:25,340 [ERROR] ApprovalRadar - 🚨 [긴급] 오늘자 식품나라 API 키가 모두 소진되었습니다. 크롤링이 중단됩니다.
2026-05-13 18:49:25,341 [ERROR] ApprovalRadar - Failed to fetch or update 20260045593: All API keys are exhausted for today.
2026-05-13 18:49:28,470 [ERROR] ApprovalRadar - 🚨 [긴급] 오늘자 식품나라 API 키가 모두 소진되었습니다. 크롤링이 중단됩니다.
2026-05-13 18:49:28,471 [ERROR] ApprovalRadar - Failed to fetch or update 20260093381: All API keys are exhausted for today.
2026-05-13 18:49:31,614 [ERROR] ApprovalRadar - 🚨 [긴급] 오늘자 식품나라 API 키가 모두 소진되었습니다. 크롤링이 중단됩니다.
2026-05-13 18:49:31,615 [ERROR] ApprovalRadar - Failed to fetch or update 20260062387: All API keys are exhausted for today.
2026-05-13 18:49:34,761 [ERROR] ApprovalRadar - 🚨 [긴급] 오늘자 식품나라 API 키가 모두 소진되었습니다. 크롤링이 중단됩니다.
2026-05-13 18:49:34,764 [ERROR] ApprovalRadar - Failed to fetch or update 20260062386: All API keys are exhausted for today.
2026-05-13 18:49:37,812 [ERROR] ApprovalRadar - 🚨 [긴급] 오늘자 식품나라 API 키가 모두 소진되었습니다. 크롤링이 중단됩니다.
2026-05-13 18:49:37,813 [ERROR] ApprovalRadar - Failed to fetch or update 20260076229: All API keys are exhausted for today.
2026-05-13 18:49:40,877 [ERROR] ApprovalRadar - 🚨 [긴급] 오늘자 식품나라 API 키가 모두 소진되었습니다. 크롤링이 중단됩니다.
2026-05-13 18:49:40,880 [ERROR] ApprovalRadar - Failed to fetch or update 20260076251: All API keys are exhausted for today.
2026-05-13 18:49:43,945 [ERROR] ApprovalRadar - 🚨 [긴급] 오늘자 식품나라 API 키가 모두 소진되었습니다. 크롤링이 중단됩니다.
2026-05-13 18:49:43,947 [ERROR] ApprovalRadar - Failed to fetch or update 20260104471: All API keys are exhausted for today.
2026-05-13 18:49:47,015 [ERROR] ApprovalRadar - 🚨 [긴급] 오늘자 식품나라 API 키가 모두 소진되었습니다. 크롤링이 중단됩니다.
2026-05-13 18:49:47,018 [ERROR] ApprovalRadar - Failed to fetch or update 20260104485: All API keys are exhausted for today.
2026-05-13 18:49:50,076 [ERROR] ApprovalRadar - 🚨 [긴급] 오늘자 식품나라 API 키가 모두 소진되었습니다. 크롤링이 중단됩니다.
2026-05-13 18:49:50,077 [ERROR] ApprovalRadar - Failed to fetch or update 20260058373: All API keys are exhausted for today.
2026-05-13 18:49:50,078 [INFO] ApprovalRadar - [진척도] 100/2403 처리 완료 (성공: 0, 실패: 100)
2026-05-13 18:49:53,156 [ERROR] ApprovalRadar - 🚨 [긴급] 오늘자 식품나라 API 키가 모두 소진되었습니다. 크롤링이 중단됩니다.
2026-05-13 18:49:53,157 [ERROR] ApprovalRadar - Failed to fetch or update 20260058329: All API keys are exhausted for today.
2026-05-13 18:49:56,316 [ERROR] ApprovalRadar - 🚨 [긴급] 오늘자 식품나라 API 키가 모두 소진되었습니다. 크롤링이 중단됩니다.
2026-05-13 18:49:56,317 [ERROR] ApprovalRadar - Failed to fetch or update 20260072359: All API keys are exhausted for today.
2026-05-13 18:49:59,433 [ERROR] ApprovalRadar - 🚨 [긴급] 오늘자 식품나라 API 키가 모두 소진되었습니다. 크롤링이 중단됩니다.
2026-05-13 18:49:59,435 [ERROR] ApprovalRadar - Failed to fetch or update 20260072355: All API keys are exhausted for today.
2026-05-13 18:50:02,562 [ERROR] ApprovalRadar - 🚨 [긴급] 오늘자 식품나라 API 키가 모두 소진되었습니다. 크롤링이 중단됩니다.
2026-05-13 18:50:02,564 [ERROR] ApprovalRadar - Failed to fetch or update 20260072360: All API keys are exhausted for today.
2026-05-13 18:50:05,719 [ERROR] ApprovalRadar - 🚨 [긴급] 오늘자 식품나라 API 키가 모두 소진되었습니다. 크롤링이 중단됩니다.
2026-05-13 18:50:05,721 [ERROR] ApprovalRadar - Failed to fetch or update 20260089338: All API keys are exhausted for today.
2026-05-13 18:50:08,855 [ERROR] ApprovalRadar - 🚨 [긴급] 오늘자 식품나라 API 키가 모두 소진되었습니다. 크롤링이 중단됩니다.
2026-05-13 18:50:08,856 [ERROR] ApprovalRadar - Failed to fetch or update 20260161579: All API keys are exhausted for today.
2026-05-13 18:50:12,002 [ERROR] ApprovalRadar - 🚨 [긴급] 오늘자 식품나라 API 키가 모두 소진되었습니다. 크롤링이 중단됩니다.
2026-05-13 18:50:12,003 [ERROR] ApprovalRadar - Failed to fetch or update 20260161588: All API keys are exhausted for today.
2026-05-13 18:50:15,146 [ERROR] ApprovalRadar - 🚨 [긴급] 오늘자 식품나라 API 키가 모두 소진되었습니다. 크롤링이 중단됩니다.
2026-05-13 18:50:15,148 [ERROR] ApprovalRadar - Failed to fetch or update 20260161568: All API keys are exhausted for today.
2026-05-13 18:50:18,272 [ERROR] ApprovalRadar - 🚨 [긴급] 오늘자 식품나라 API 키가 모두 소진되었습니다. 크롤링이 중단됩니다.
2026-05-13 18:50:18,274 [ERROR] ApprovalRadar - Failed to fetch or update 20260136701: All API keys are exhausted for today.
2026-05-13 18:50:21,417 [ERROR] ApprovalRadar - 🚨 [긴급] 오늘자 식품나라 API 키가 모두 소진되었습니다. 크롤링이 중단됩니다.
2026-05-13 18:50:21,418 [ERROR] ApprovalRadar - Failed to fetch or update 20260136867: All API keys are exhausted for today.
2026-05-13 18:50:24,570 [ERROR] ApprovalRadar - 🚨 [긴급] 오늘자 식품나라 API 키가 모두 소진되었습니다. 크롤링이 중단됩니다.
2026-05-13 18:50:24,571 [ERROR] ApprovalRadar - Failed to fetch or update 20260136854: All API keys are exhausted for today.
2026-05-13 18:50:27,612 [ERROR] ApprovalRadar - 🚨 [긴급] 오늘자 식품나라 API 키가 모두 소진되었습니다. 크롤링이 중단됩니다.
2026-05-13 18:50:27,612 [ERROR] ApprovalRadar - Failed to fetch or update 20260121784: All API keys are exhausted for today.
2026-05-13 18:50:30,670 [ERROR] ApprovalRadar - 🚨 [긴급] 오늘자 식품나라 API 키가 모두 소진되었습니다. 크롤링이 중단됩니다.
2026-05-13 18:50:30,672 [ERROR] ApprovalRadar - Failed to fetch or update 20260121768: All API keys are exhausted for today.
2026-05-13 18:50:33,737 [ERROR] ApprovalRadar - 🚨 [긴급] 오늘자 식품나라 API 키가 모두 소진되었습니다. 크롤링이 중단됩니다.
2026-05-13 18:50:33,738 [ERROR] ApprovalRadar - Failed to fetch or update 20260121811: All API keys are exhausted for today.
2026-05-13 18:50:36,806 [ERROR] ApprovalRadar - 🚨 [긴급] 오늘자 식품나라 API 키가 모두 소진되었습니다. 크롤링이 중단됩니다.
2026-05-13 18:50:36,807 [ERROR] ApprovalRadar - Failed to fetch or update 20260121830: All API keys are exhausted for today.
2026-05-13 18:50:39,840 [ERROR] ApprovalRadar - 🚨 [긴급] 오늘자 식품나라 API 키가 모두 소진되었습니다. 크롤링이 중단됩니다.
2026-05-13 18:50:39,841 [ERROR] ApprovalRadar - Failed to fetch or update 20260121688: All API keys are exhausted for today.
2026-05-13 18:50:42,962 [ERROR] ApprovalRadar - 🚨 [긴급] 오늘자 식품나라 API 키가 모두 소진되었습니다. 크롤링이 중단됩니다.
2026-05-13 18:50:42,963 [ERROR] ApprovalRadar - Failed to fetch or update 20260121800: All API keys are exhausted for today.
2026-05-13 18:50:46,081 [ERROR] ApprovalRadar - 🚨 [긴급] 오늘자 식품나라 API 키가 모두 소진되었습니다. 크롤링이 중단됩니다.
2026-05-13 18:50:46,083 [ERROR] ApprovalRadar - Failed to fetch or update 20260121815: All API keys are exhausted for today.
2026-05-13 18:50:49,234 [ERROR] ApprovalRadar - 🚨 [긴급] 오늘자 식품나라 API 키가 모두 소진되었습니다. 크롤링이 중단됩니다.
2026-05-13 18:50:49,236 [ERROR] ApprovalRadar - Failed to fetch or update 20260845272: All API keys are exhausted for today.
2026-05-13 18:50:52,388 [ERROR] ApprovalRadar - 🚨 [긴급] 오늘자 식품나라 API 키가 모두 소진되었습니다. 크롤링이 중단됩니다.
2026-05-13 18:50:52,389 [ERROR] ApprovalRadar - Failed to fetch or update 20260354399: All API keys are exhausted for today.
2026-05-13 18:50:55,524 [ERROR] ApprovalRadar - 🚨 [긴급] 오늘자 식품나라 API 키가 모두 소진되었습니다. 크롤링이 중단됩니다.
2026-05-13 18:50:55,525 [ERROR] ApprovalRadar - Failed to fetch or update 20260354429: All API keys are exhausted for today.
2026-05-13 18:50:58,670 [ERROR] ApprovalRadar - 🚨 [긴급] 오늘자 식품나라 API 키가 모두 소진되었습니다. 크롤링이 중단됩니다.
2026-05-13 18:50:58,672 [ERROR] ApprovalRadar - Failed to fetch or update 20260169141: All API keys are exhausted for today.
2026-05-13 18:51:01,815 [ERROR] ApprovalRadar - 🚨 [긴급] 오늘자 식품나라 API 키가 모두 소진되었습니다. 크롤링이 중단됩니다.
2026-05-13 18:51:01,818 [ERROR] ApprovalRadar - Failed to fetch or update 20260174128: All API keys are exhausted for today.
2026-05-13 18:51:04,958 [ERROR] ApprovalRadar - 🚨 [긴급] 오늘자 식품나라 API 키가 모두 소진되었습니다. 크롤링이 중단됩니다.
2026-05-13 18:51:04,959 [ERROR] ApprovalRadar - Failed to fetch or update 20260192475: All API keys are exhausted for today.
2026-05-13 18:51:08,106 [ERROR] ApprovalRadar - 🚨 [긴급] 오늘자 식품나라 API 키가 모두 소진되었습니다. 크롤링이 중단됩니다.
2026-05-13 18:51:08,107 [ERROR] ApprovalRadar - Failed to fetch or update 20260192533: All API keys are exhausted for today.
2026-05-13 18:51:11,254 [ERROR] ApprovalRadar - 🚨 [긴급] 오늘자 식품나라 API 키가 모두 소진되었습니다. 크롤링이 중단됩니다.
2026-05-13 18:51:11,256 [ERROR] ApprovalRadar - Failed to fetch or update 20260192522: All API keys are exhausted for today.
2026-05-13 18:51:14,392 [ERROR] ApprovalRadar - 🚨 [긴급] 오늘자 식품나라 API 키가 모두 소진되었습니다. 크롤링이 중단됩니다.
2026-05-13 18:51:14,393 [ERROR] ApprovalRadar - Failed to fetch or update 20260192545: All API keys are exhausted for today.
2026-05-13 18:51:17,534 [ERROR] ApprovalRadar - 🚨 [긴급] 오늘자 식품나라 API 키가 모두 소진되었습니다. 크롤링이 중단됩니다.
2026-05-13 18:51:17,535 [ERROR] ApprovalRadar - Failed to fetch or update 20260192546: All API keys are exhausted for today.
2026-05-13 18:51:20,682 [ERROR] ApprovalRadar - 🚨 [긴급] 오늘자 식품나라 API 키가 모두 소진되었습니다. 크롤링이 중단됩니다.
2026-05-13 18:51:20,683 [ERROR] ApprovalRadar - Failed to fetch or update 20260178490: All API keys are exhausted for today.
2026-05-13 18:51:23,841 [ERROR] ApprovalRadar - 🚨 [긴급] 오늘자 식품나라 API 키가 모두 소진되었습니다. 크롤링이 중단됩니다.
2026-05-13 18:51:23,843 [ERROR] ApprovalRadar - Failed to fetch or update 20260178473: All API keys are exhausted for today.
2026-05-13 18:51:26,975 [ERROR] ApprovalRadar - 🚨 [긴급] 오늘자 식품나라 API 키가 모두 소진되었습니다. 크롤링이 중단됩니다.
2026-05-13 18:51:26,975 [ERROR] ApprovalRadar - Failed to fetch or update 20260178370: All API keys are exhausted for today.
2026-05-13 18:51:30,129 [ERROR] ApprovalRadar - 🚨 [긴급] 오늘자 식품나라 API 키가 모두 소진되었습니다. 크롤링이 중단됩니다.
2026-05-13 18:51:30,130 [ERROR] ApprovalRadar - Failed to fetch or update 20260178360: All API keys are exhausted for today.
2026-05-13 18:51:33,278 [ERROR] ApprovalRadar - 🚨 [긴급] 오늘자 식품나라 API 키가 모두 소진되었습니다. 크롤링이 중단됩니다.
2026-05-13 18:51:33,279 [ERROR] ApprovalRadar - Failed to fetch or update 20260178375: All API keys are exhausted for today.
2026-05-13 18:51:36,434 [ERROR] ApprovalRadar - 🚨 [긴급] 오늘자 식품나라 API 키가 모두 소진되었습니다. 크롤링이 중단됩니다.
2026-05-13 18:51:36,436 [ERROR] ApprovalRadar - Failed to fetch or update 20260178449: All API keys are exhausted for today.
2026-05-13 18:51:39,581 [ERROR] ApprovalRadar - 🚨 [긴급] 오늘자 식품나라 API 키가 모두 소진되었습니다. 크롤링이 중단됩니다.
2026-05-13 18:51:39,582 [ERROR] ApprovalRadar - Failed to fetch or update 20260279379: All API keys are exhausted for today.
2026-05-13 18:51:42,727 [ERROR] ApprovalRadar - 🚨 [긴급] 오늘자 식품나라 API 키가 모두 소진되었습니다. 크롤링이 중단됩니다.
2026-05-13 18:51:42,728 [ERROR] ApprovalRadar - Failed to fetch or update 20260279386: All API keys are exhausted for today.
2026-05-13 18:51:45,880 [ERROR] ApprovalRadar - 🚨 [긴급] 오늘자 식품나라 API 키가 모두 소진되었습니다. 크롤링이 중단됩니다.
2026-05-13 18:51:45,882 [ERROR] ApprovalRadar - Failed to fetch or update 20260279361: All API keys are exhausted for today.
2026-05-13 18:51:49,040 [ERROR] ApprovalRadar - 🚨 [긴급] 오늘자 식품나라 API 키가 모두 소진되었습니다. 크롤링이 중단됩니다.
2026-05-13 18:51:49,041 [ERROR] ApprovalRadar - Failed to fetch or update 20260279370: All API keys are exhausted for today.
2026-05-13 18:51:52,174 [ERROR] ApprovalRadar - 🚨 [긴급] 오늘자 식품나라 API 키가 모두 소진되었습니다. 크롤링이 중단됩니다.
2026-05-13 18:51:52,175 [ERROR] ApprovalRadar - Failed to fetch or update 20260279400: All API keys are exhausted for today.
2026-05-13 18:51:55,322 [ERROR] ApprovalRadar - 🚨 [긴급] 오늘자 식품나라 API 키가 모두 소진되었습니다. 크롤링이 중단됩니다.
2026-05-13 18:51:55,323 [ERROR] ApprovalRadar - Failed to fetch or update 20260279388: All API keys are exhausted for today.
2026-05-13 18:51:58,364 [ERROR] ApprovalRadar - 🚨 [긴급] 오늘자 식품나라 API 키가 모두 소진되었습니다. 크롤링이 중단됩니다.
2026-05-13 18:51:58,365 [ERROR] ApprovalRadar - Failed to fetch or update 20260279369: All API keys are exhausted for today.
2026-05-13 18:52:01,428 [ERROR] ApprovalRadar - 🚨 [긴급] 오늘자 식품나라 API 키가 모두 소진되었습니다. 크롤링이 중단됩니다.
2026-05-13 18:52:01,429 [ERROR] ApprovalRadar - Failed to fetch or update 20260121684: All API keys are exhausted for today.
2026-05-13 18:52:04,492 [ERROR] ApprovalRadar - 🚨 [긴급] 오늘자 식품나라 API 키가 모두 소진되었습니다. 크롤링이 중단됩니다.
2026-05-13 18:52:04,494 [ERROR] ApprovalRadar - Failed to fetch or update 20260154696: All API keys are exhausted for today.
2026-05-13 18:52:07,531 [ERROR] ApprovalRadar - 🚨 [긴급] 오늘자 식품나라 API 키가 모두 소진되었습니다. 크롤링이 중단됩니다.
2026-05-13 18:52:07,531 [ERROR] ApprovalRadar - Failed to fetch or update 20260145160: All API keys are exhausted for today.
2026-05-13 18:52:10,570 [ERROR] ApprovalRadar - 🚨 [긴급] 오늘자 식품나라 API 키가 모두 소진되었습니다. 크롤링이 중단됩니다.
2026-05-13 18:52:10,570 [ERROR] ApprovalRadar - Failed to fetch or update 20260145381: All API keys are exhausted for today.
2026-05-13 18:52:13,709 [ERROR] ApprovalRadar - 🚨 [긴급] 오늘자 식품나라 API 키가 모두 소진되었습니다. 크롤링이 중단됩니다.
2026-05-13 18:52:13,710 [ERROR] ApprovalRadar - Failed to fetch or update 20260145358: All API keys are exhausted for today.
2026-05-13 18:52:16,865 [ERROR] ApprovalRadar - 🚨 [긴급] 오늘자 식품나라 API 키가 모두 소진되었습니다. 크롤링이 중단됩니다.
2026-05-13 18:52:16,867 [ERROR] ApprovalRadar - Failed to fetch or update 20260145235: All API keys are exhausted for today.
2026-05-13 18:52:19,993 [ERROR] ApprovalRadar - 🚨 [긴급] 오늘자 식품나라 API 키가 모두 소진되었습니다. 크롤링이 중단됩니다.
2026-05-13 18:52:19,995 [ERROR] ApprovalRadar - Failed to fetch or update 20260145340: All API keys are exhausted for today.
2026-05-13 18:52:23,116 [ERROR] ApprovalRadar - 🚨 [긴급] 오늘자 식품나라 API 키가 모두 소진되었습니다. 크롤링이 중단됩니다.
2026-05-13 18:52:23,117 [ERROR] ApprovalRadar - Failed to fetch or update 20260145291: All API keys are exhausted for today.
2026-05-13 18:52:26,262 [ERROR] ApprovalRadar - 🚨 [긴급] 오늘자 식품나라 API 키가 모두 소진되었습니다. 크롤링이 중단됩니다.
2026-05-13 18:52:26,263 [ERROR] ApprovalRadar - Failed to fetch or update 20260145226: All API keys are exhausted for today.
2026-05-13 18:52:29,402 [ERROR] ApprovalRadar - 🚨 [긴급] 오늘자 식품나라 API 키가 모두 소진되었습니다. 크롤링이 중단됩니다.
2026-05-13 18:52:29,404 [ERROR] ApprovalRadar - Failed to fetch or update 20260145331: All API keys are exhausted for today.
2026-05-13 18:52:32,546 [ERROR] ApprovalRadar - 🚨 [긴급] 오늘자 식품나라 API 키가 모두 소진되었습니다. 크롤링이 중단됩니다.
2026-05-13 18:52:32,548 [ERROR] ApprovalRadar - Failed to fetch or update 20260145288: All API keys are exhausted for today.
2026-05-13 18:52:35,592 [ERROR] ApprovalRadar - 🚨 [긴급] 오늘자 식품나라 API 키가 모두 소진되었습니다. 크롤링이 중단됩니다.
2026-05-13 18:52:35,594 [ERROR] ApprovalRadar - Failed to fetch or update 20260145418: All API keys are exhausted for today.
2026-05-13 18:52:38,657 [ERROR] ApprovalRadar - 🚨 [긴급] 오늘자 식품나라 API 키가 모두 소진되었습니다. 크롤링이 중단됩니다.
2026-05-13 18:52:38,660 [ERROR] ApprovalRadar - Failed to fetch or update 20260145341: All API keys are exhausted for today.
2026-05-13 18:52:41,701 [ERROR] ApprovalRadar - 🚨 [긴급] 오늘자 식품나라 API 키가 모두 소진되었습니다. 크롤링이 중단됩니다.
2026-05-13 18:52:41,703 [ERROR] ApprovalRadar - Failed to fetch or update 20260310387: All API keys are exhausted for today.
2026-05-13 18:52:44,765 [ERROR] ApprovalRadar - 🚨 [긴급] 오늘자 식품나라 API 키가 모두 소진되었습니다. 크롤링이 중단됩니다.
2026-05-13 18:52:44,766 [ERROR] ApprovalRadar - Failed to fetch or update 20260431240: All API keys are exhausted for today.
2026-05-13 18:52:47,836 [ERROR] ApprovalRadar - 🚨 [긴급] 오늘자 식품나라 API 키가 모두 소진되었습니다. 크롤링이 중단됩니다.
2026-05-13 18:52:47,840 [ERROR] ApprovalRadar - Failed to fetch or update 20260431270: All API keys are exhausted for today.
2026-05-13 18:52:50,933 [ERROR] ApprovalRadar - 🚨 [긴급] 오늘자 식품나라 API 키가 모두 소진되었습니다. 크롤링이 중단됩니다.
2026-05-13 18:52:50,934 [ERROR] ApprovalRadar - Failed to fetch or update 20260431262: All API keys are exhausted for today.
2026-05-13 18:52:54,055 [ERROR] ApprovalRadar - 🚨 [긴급] 오늘자 식품나라 API 키가 모두 소진되었습니다. 크롤링이 중단됩니다.
2026-05-13 18:52:54,055 [ERROR] ApprovalRadar - Failed to fetch or update 20260499246: All API keys are exhausted for today.
2026-05-13 18:52:57,196 [ERROR] ApprovalRadar - 🚨 [긴급] 오늘자 식품나라 API 키가 모두 소진되었습니다. 크롤링이 중단됩니다.
2026-05-13 18:52:57,198 [ERROR] ApprovalRadar - Failed to fetch or update 20260499301: All API keys are exhausted for today.
2026-05-13 18:53:00,345 [ERROR] ApprovalRadar - 🚨 [긴급] 오늘자 식품나라 API 키가 모두 소진되었습니다. 크롤링이 중단됩니다.
2026-05-13 18:53:00,348 [ERROR] ApprovalRadar - Failed to fetch or update 20260499303: All API keys are exhausted for today.
2026-05-13 18:53:03,493 [ERROR] ApprovalRadar - 🚨 [긴급] 오늘자 식품나라 API 키가 모두 소진되었습니다. 크롤링이 중단됩니다.
2026-05-13 18:53:03,494 [ERROR] ApprovalRadar - Failed to fetch or update 20260517090: All API keys are exhausted for today.
2026-05-13 18:53:06,637 [ERROR] ApprovalRadar - 🚨 [긴급] 오늘자 식품나라 API 키가 모두 소진되었습니다. 크롤링이 중단됩니다.
2026-05-13 18:53:06,638 [ERROR] ApprovalRadar - Failed to fetch or update 20160137095: All API keys are exhausted for today.
2026-05-13 18:53:09,764 [ERROR] ApprovalRadar - 🚨 [긴급] 오늘자 식품나라 API 키가 모두 소진되었습니다. 크롤링이 중단됩니다.
2026-05-13 18:53:09,765 [ERROR] ApprovalRadar - Failed to fetch or update 20010555233: All API keys are exhausted for today.
2026-05-13 18:53:12,914 [ERROR] ApprovalRadar - 🚨 [긴급] 오늘자 식품나라 API 키가 모두 소진되었습니다. 크롤링이 중단됩니다.
2026-05-13 18:53:12,915 [ERROR] ApprovalRadar - Failed to fetch or update 20250113369: All API keys are exhausted for today.
2026-05-13 18:53:15,959 [ERROR] ApprovalRadar - 🚨 [긴급] 오늘자 식품나라 API 키가 모두 소진되었습니다. 크롤링이 중단됩니다.
2026-05-13 18:53:15,961 [ERROR] ApprovalRadar - Failed to fetch or update 20260354492: All API keys are exhausted for today.
2026-05-13 18:53:19,023 [ERROR] ApprovalRadar - 🚨 [긴급] 오늘자 식품나라 API 키가 모두 소진되었습니다. 크롤링이 중단됩니다.
2026-05-13 18:53:19,025 [ERROR] ApprovalRadar - Failed to fetch or update 20260718053: All API keys are exhausted for today.
2026-05-13 18:53:22,079 [ERROR] ApprovalRadar - 🚨 [긴급] 오늘자 식품나라 API 키가 모두 소진되었습니다. 크롤링이 중단됩니다.
2026-05-13 18:53:22,081 [ERROR] ApprovalRadar - Failed to fetch or update 20260715135: All API keys are exhausted for today.
2026-05-13 18:53:25,126 [ERROR] ApprovalRadar - 🚨 [긴급] 오늘자 식품나라 API 키가 모두 소진되었습니다. 크롤링이 중단됩니다.
2026-05-13 18:53:25,128 [ERROR] ApprovalRadar - Failed to fetch or update 20260971803: All API keys are exhausted for today.
2026-05-13 18:53:28,189 [ERROR] ApprovalRadar - 🚨 [긴급] 오늘자 식품나라 API 키가 모두 소진되었습니다. 크롤링이 중단됩니다.
2026-05-13 18:53:28,190 [ERROR] ApprovalRadar - Failed to fetch or update 20210401325: All API keys are exhausted for today.
2026-05-13 18:53:31,306 [ERROR] ApprovalRadar - 🚨 [긴급] 오늘자 식품나라 API 키가 모두 소진되었습니다. 크롤링이 중단됩니다.
2026-05-13 18:53:31,308 [ERROR] ApprovalRadar - Failed to fetch or update 20040386288: All API keys are exhausted for today.
2026-05-13 18:53:34,448 [ERROR] ApprovalRadar - 🚨 [긴급] 오늘자 식품나라 API 키가 모두 소진되었습니다. 크롤링이 중단됩니다.
2026-05-13 18:53:34,451 [ERROR] ApprovalRadar - Failed to fetch or update 20260226104: All API keys are exhausted for today.
2026-05-13 18:53:37,563 [ERROR] ApprovalRadar - 🚨 [긴급] 오늘자 식품나라 API 키가 모두 소진되었습니다. 크롤링이 중단됩니다.
2026-05-13 18:53:37,564 [ERROR] ApprovalRadar - Failed to fetch or update 20260707285: All API keys are exhausted for today.
2026-05-13 18:53:40,691 [ERROR] ApprovalRadar - 🚨 [긴급] 오늘자 식품나라 API 키가 모두 소진되었습니다. 크롤링이 중단됩니다.
2026-05-13 18:53:40,692 [ERROR] ApprovalRadar - Failed to fetch or update 20260273621: All API keys are exhausted for today.
2026-05-13 18:53:43,749 [ERROR] ApprovalRadar - 🚨 [긴급] 오늘자 식품나라 API 키가 모두 소진되었습니다. 크롤링이 중단됩니다.
2026-05-13 18:53:43,750 [ERROR] ApprovalRadar - Failed to fetch or update 20260211136: All API keys are exhausted for today.
2026-05-13 18:53:46,795 [ERROR] ApprovalRadar - 🚨 [긴급] 오늘자 식품나라 API 키가 모두 소진되었습니다. 크롤링이 중단됩니다.
2026-05-13 18:53:46,796 [ERROR] ApprovalRadar - Failed to fetch or update 20020025430: All API keys are exhausted for today.
2026-05-13 18:53:49,863 [ERROR] ApprovalRadar - 🚨 [긴급] 오늘자 식품나라 API 키가 모두 소진되었습니다. 크롤링이 중단됩니다.
2026-05-13 18:53:49,864 [ERROR] ApprovalRadar - Failed to fetch or update 20260097709: All API keys are exhausted for today.
2026-05-13 18:53:52,923 [ERROR] ApprovalRadar - 🚨 [긴급] 오늘자 식품나라 API 키가 모두 소진되었습니다. 크롤링이 중단됩니다.
2026-05-13 18:53:52,924 [ERROR] ApprovalRadar - Failed to fetch or update 20240147597: All API keys are exhausted for today.
2026-05-13 18:53:55,972 [ERROR] ApprovalRadar - 🚨 [긴급] 오늘자 식품나라 API 키가 모두 소진되었습니다. 크롤링이 중단됩니다.
2026-05-13 18:53:55,973 [ERROR] ApprovalRadar - Failed to fetch or update 20260108686: All API keys are exhausted for today.
2026-05-13 18:53:59,092 [ERROR] ApprovalRadar - 🚨 [긴급] 오늘자 식품나라 API 키가 모두 소진되었습니다. 크롤링이 중단됩니다.
2026-05-13 18:53:59,093 [ERROR] ApprovalRadar - Failed to fetch or update 20260704232: All API keys are exhausted for today.
2026-05-13 18:54:02,212 [ERROR] ApprovalRadar - 🚨 [긴급] 오늘자 식품나라 API 키가 모두 소진되었습니다. 크롤링이 중단됩니다.
2026-05-13 18:54:02,213 [ERROR] ApprovalRadar - Failed to fetch or update 20260942236: All API keys are exhausted for today.
2026-05-13 18:54:05,338 [ERROR] ApprovalRadar - 🚨 [긴급] 오늘자 식품나라 API 키가 모두 소진되었습니다. 크롤링이 중단됩니다.
2026-05-13 18:54:05,339 [ERROR] ApprovalRadar - Failed to fetch or update 20260233416: All API keys are exhausted for today.
2026-05-13 18:54:08,488 [ERROR] ApprovalRadar - 🚨 [긴급] 오늘자 식품나라 API 키가 모두 소진되었습니다. 크롤링이 중단됩니다.
2026-05-13 18:54:08,490 [ERROR] ApprovalRadar - Failed to fetch or update 20260310388: All API keys are exhausted for today.
2026-05-13 18:54:11,629 [ERROR] ApprovalRadar - 🚨 [긴급] 오늘자 식품나라 API 키가 모두 소진되었습니다. 크롤링이 중단됩니다.
2026-05-13 18:54:11,629 [ERROR] ApprovalRadar - Failed to fetch or update 20260623111: All API keys are exhausted for today.
2026-05-13 18:54:14,773 [ERROR] ApprovalRadar - 🚨 [긴급] 오늘자 식품나라 API 키가 모두 소진되었습니다. 크롤링이 중단됩니다.
2026-05-13 18:54:14,774 [ERROR] ApprovalRadar - Failed to fetch or update 20260623087: All API keys are exhausted for today.
2026-05-13 18:54:17,920 [ERROR] ApprovalRadar - 🚨 [긴급] 오늘자 식품나라 API 키가 모두 소진되었습니다. 크롤링이 중단됩니다.
2026-05-13 18:54:17,921 [ERROR] ApprovalRadar - Failed to fetch or update 20260263358: All API keys are exhausted for today.
2026-05-13 18:54:20,137 [INFO] ApprovalRadar - Starting DiffCrawler Delta Sync Job for I2859...
2026-05-13 18:54:20,196 [INFO] ApprovalRadar - [키 회전] API 한도 초과! 새로운 키로 교체: f1282***
2026-05-13 18:54:20,197 [WARNING] ApprovalRadar - 키 회전 후 3.0초 대기...
2026-05-13 18:54:20,959 [ERROR] ApprovalRadar - 🚨 [긴급] 오늘자 식품나라 API 키가 모두 소진되었습니다. 크롤링이 중단됩니다.
2026-05-13 18:54:20,960 [ERROR] ApprovalRadar - Failed to fetch or update 20260291751: All API keys are exhausted for today.
2026-05-13 18:54:23,311 [INFO] ApprovalRadar - [키 회전] API 한도 초과! 새로운 키로 교체: ba698***
2026-05-13 18:54:23,312 [WARNING] ApprovalRadar - 키 회전 후 3.0초 대기...
2026-05-13 18:54:23,998 [ERROR] ApprovalRadar - 🚨 [긴급] 오늘자 식품나라 API 키가 모두 소진되었습니다. 크롤링이 중단됩니다.
2026-05-13 18:54:23,999 [ERROR] ApprovalRadar - Failed to fetch or update 20260746328: All API keys are exhausted for today.
2026-05-13 18:54:26,436 [INFO] ApprovalRadar - [키 회전] API 한도 초과! 새로운 키로 교체: 67f07***
2026-05-13 18:54:26,437 [WARNING] ApprovalRadar - 키 회전 후 3.0초 대기...
2026-05-13 18:54:27,057 [ERROR] ApprovalRadar - 🚨 [긴급] 오늘자 식품나라 API 키가 모두 소진되었습니다. 크롤링이 중단됩니다.
2026-05-13 18:54:27,058 [ERROR] ApprovalRadar - Failed to fetch or update 20260795265: All API keys are exhausted for today.
2026-05-13 18:54:30,097 [ERROR] ApprovalRadar - 🚨 [긴급] 오늘자 식품나라 API 키가 모두 소진되었습니다. 크롤링이 중단됩니다.
2026-05-13 18:54:30,097 [ERROR] ApprovalRadar - Failed to fetch or update 20260909197: All API keys are exhausted for today.
2026-05-13 18:54:30,579 [INFO] ApprovalRadar - ✨ [소요시간: 10.44초] 새로운 데이터가 감지되지 않았습니다. (현재 전체 데이터: 22416건)
2026-05-13 18:54:30,581 [INFO] ApprovalRadar - Starting DiffCrawler Delta Sync Job for I2500...
2026-05-13 18:54:30,582 [INFO] ApprovalRadar - 최초 실행: 베이스라인 부트스트랩을 시작합니다...
2026-05-13 18:54:30,583 [INFO] ApprovalRadar - [Bootstrapper] True Tail(실제 마지막 데이터) 찾는 중...
2026-05-13 18:54:30,684 [INFO] ApprovalRadar - [키 회전] API 한도 초과! 새로운 키로 교체: f1282***
2026-05-13 18:54:30,685 [WARNING] ApprovalRadar - 키 회전 후 3.0초 대기...
2026-05-13 18:54:33,169 [ERROR] ApprovalRadar - 🚨 [긴급] 오늘자 식품나라 API 키가 모두 소진되었습니다. 크롤링이 중단됩니다.
2026-05-13 18:54:33,170 [ERROR] ApprovalRadar - Failed to fetch or update 20260230133: All API keys are exhausted for today.
2026-05-13 18:54:33,793 [INFO] ApprovalRadar - [키 회전] API 한도 초과! 새로운 키로 교체: ba698***
2026-05-13 18:54:33,794 [WARNING] ApprovalRadar - 키 회전 후 3.0초 대기...
2026-05-13 18:54:36,283 [ERROR] ApprovalRadar - 🚨 [긴급] 오늘자 식품나라 API 키가 모두 소진되었습니다. 크롤링이 중단됩니다.
2026-05-13 18:54:36,284 [ERROR] ApprovalRadar - Failed to fetch or update 20210176230: All API keys are exhausted for today.
2026-05-13 18:54:36,917 [INFO] ApprovalRadar - [키 회전] API 한도 초과! 새로운 키로 교체: 67f07***
2026-05-13 18:54:36,919 [WARNING] ApprovalRadar - 키 회전 후 3.0초 대기...
2026-05-13 18:54:39,424 [ERROR] ApprovalRadar - 🚨 [긴급] 오늘자 식품나라 API 키가 모두 소진되었습니다. 크롤링이 중단됩니다.
2026-05-13 18:54:39,426 [ERROR] ApprovalRadar - Failed to fetch or update 20260192630: All API keys are exhausted for today.
2026-05-13 18:54:42,575 [ERROR] ApprovalRadar - 🚨 [긴급] 오늘자 식품나라 API 키가 모두 소진되었습니다. 크롤링이 중단됩니다.
2026-05-13 18:54:42,577 [ERROR] ApprovalRadar - Failed to fetch or update 20260664570: All API keys are exhausted for today.
2026-05-13 18:54:45,722 [ERROR] ApprovalRadar - 🚨 [긴급] 오늘자 식품나라 API 키가 모두 소진되었습니다. 크롤링이 중단됩니다.
2026-05-13 18:54:45,722 [ERROR] ApprovalRadar - Failed to fetch or update 20260889040: All API keys are exhausted for today.
2026-05-13 18:54:48,849 [ERROR] ApprovalRadar - 🚨 [긴급] 오늘자 식품나라 API 키가 모두 소진되었습니다. 크롤링이 중단됩니다.
2026-05-13 18:54:48,851 [ERROR] ApprovalRadar - Failed to fetch or update 20260263274: All API keys are exhausted for today.
2026-05-13 18:54:51,911 [ERROR] ApprovalRadar - 🚨 [긴급] 오늘자 식품나라 API 키가 모두 소진되었습니다. 크롤링이 중단됩니다.
2026-05-13 18:54:51,912 [ERROR] ApprovalRadar - Failed to fetch or update 20260707286: All API keys are exhausted for today.
2026-05-13 18:54:54,982 [ERROR] ApprovalRadar - 🚨 [긴급] 오늘자 식품나라 API 키가 모두 소진되었습니다. 크롤링이 중단됩니다.
2026-05-13 18:54:54,983 [ERROR] ApprovalRadar - Failed to fetch or update 20260089240: All API keys are exhausted for today.
2026-05-13 18:54:57,543 [INFO] ApprovalRadar - [Bootstrapper] 전체 데이터 건수 확인 완료: 1000000건
2026-05-13 18:54:57,545 [INFO] ApprovalRadar - [Bootstrapper] 피벗 캐싱 시작 (간격: 5000)...
2026-05-13 18:54:58,040 [ERROR] ApprovalRadar - 🚨 [긴급] 오늘자 식품나라 API 키가 모두 소진되었습니다. 크롤링이 중단됩니다.
2026-05-13 18:54:58,040 [ERROR] ApprovalRadar - Failed to fetch or update 20260154964: All API keys are exhausted for today.
2026-05-13 18:54:58,507 [WARNING] ApprovalRadar - [네트워크/응답 오류] Expecting value: line 1 column 1 (char 0). 1초 후 재시도합니다...
2026-05-13 18:55:00,445 [WARNING] ApprovalRadar - [네트워크/응답 오류] Expecting value: line 1 column 1 (char 0). 1초 후 재시도합니다...
2026-05-13 18:55:01,104 [ERROR] ApprovalRadar - 🚨 [긴급] 오늘자 식품나라 API 키가 모두 소진되었습니다. 크롤링이 중단됩니다.
2026-05-13 18:55:01,105 [ERROR] ApprovalRadar - Failed to fetch or update 20260108678: All API keys are exhausted for today.
2026-05-13 18:55:01,106 [INFO] ApprovalRadar - [진척도] 200/2403 처리 완료 (성공: 0, 실패: 200)
2026-05-13 18:55:01,522 [WARNING] ApprovalRadar - [네트워크/응답 오류] Expecting value: line 1 column 1 (char 0). 2초 후 재시도합니다...
2026-05-13 18:55:03,937 [WARNING] ApprovalRadar - [네트워크/응답 오류] Expecting value: line 1 column 1 (char 0). 1초 후 재시도합니다...
2026-05-13 18:55:04,165 [ERROR] ApprovalRadar - 🚨 [긴급] 오늘자 식품나라 API 키가 모두 소진되었습니다. 크롤링이 중단됩니다.
2026-05-13 18:55:04,166 [ERROR] ApprovalRadar - Failed to fetch or update 20260104547: All API keys are exhausted for today.
2026-05-13 18:55:05,004 [WARNING] ApprovalRadar - [네트워크/응답 오류] Expecting value: line 1 column 1 (char 0). 2초 후 재시도합니다...
2026-05-13 18:55:07,255 [ERROR] ApprovalRadar - 🚨 [긴급] 오늘자 식품나라 API 키가 모두 소진되었습니다. 크롤링이 중단됩니다.
2026-05-13 18:55:07,256 [ERROR] ApprovalRadar - Failed to fetch or update 20260121879: All API keys are exhausted for today.
2026-05-13 18:55:07,403 [WARNING] ApprovalRadar - [네트워크/응답 오류] Expecting value: line 1 column 1 (char 0). 1초 후 재시도합니다...
2026-05-13 18:55:08,473 [WARNING] ApprovalRadar - [네트워크/응답 오류] Expecting value: line 1 column 1 (char 0). 2초 후 재시도합니다...
2026-05-13 18:55:10,399 [ERROR] ApprovalRadar - 🚨 [긴급] 오늘자 식품나라 API 키가 모두 소진되었습니다. 크롤링이 중단됩니다.
2026-05-13 18:55:10,401 [ERROR] ApprovalRadar - Failed to fetch or update 20260062439: All API keys are exhausted for today.
2026-05-13 18:55:10,593 [WARNING] ApprovalRadar - [네트워크/응답 오류] Expecting value: line 1 column 1 (char 0). 1초 후 재시도합니다...
2026-05-13 18:55:11,637 [WARNING] ApprovalRadar - [네트워크/응답 오류] Expecting value: line 1 column 1 (char 0). 2초 후 재시도합니다...
2026-05-13 18:55:13,543 [ERROR] ApprovalRadar - 🚨 [긴급] 오늘자 식품나라 API 키가 모두 소진되었습니다. 크롤링이 중단됩니다.
2026-05-13 18:55:13,545 [ERROR] ApprovalRadar - Failed to fetch or update 20260045654: All API keys are exhausted for today.
2026-05-13 18:55:13,707 [WARNING] ApprovalRadar - [네트워크/응답 오류] Expecting value: line 1 column 1 (char 0). 4초 후 재시도합니다...
2026-05-13 18:55:16,690 [ERROR] ApprovalRadar - 🚨 [긴급] 오늘자 식품나라 API 키가 모두 소진되었습니다. 크롤링이 중단됩니다.
2026-05-13 18:55:16,690 [ERROR] ApprovalRadar - Failed to fetch or update 20260161656: All API keys are exhausted for today.
2026-05-13 18:55:17,714 [WARNING] ApprovalRadar - 연속적인 응답 오류 발생! 해당 키가 WAF에 의해 임시 차단된 것으로 의심되어 키를 회전합니다.
2026-05-13 18:55:17,715 [INFO] ApprovalRadar - [키 회전] API 한도 초과! 새로운 키로 교체: e7b3f***
2026-05-13 18:55:17,825 [ERROR] ApprovalRadar - 🚨 [긴급] 오늘자 식품나라 API 키가 모두 소진되었습니다. 크롤링이 중단됩니다.
2026-05-13 18:55:17,862 [ERROR] ApprovalRadar - 🚨 [긴급] 오늘자 식품나라 API 키가 모두 소진되었습니다. 크롤링이 중단됩니다.
2026-05-13 18:55:17,922 [ERROR] ApprovalRadar - 🚨 [긴급] 오늘자 식품나라 API 키가 모두 소진되었습니다. 크롤링이 중단됩니다.
2026-05-13 18:55:17,978 [ERROR] ApprovalRadar - 🚨 [긴급] 오늘자 식품나라 API 키가 모두 소진되었습니다. 크롤링이 중단됩니다.
2026-05-13 18:55:18,042 [ERROR] ApprovalRadar - 🚨 [긴급] 오늘자 식품나라 API 키가 모두 소진되었습니다. 크롤링이 중단됩니다.
2026-05-13 18:55:18,095 [ERROR] ApprovalRadar - 🚨 [긴급] 오늘자 식품나라 API 키가 모두 소진되었습니다. 크롤링이 중단됩니다.
2026-05-13 18:55:18,230 [ERROR] ApprovalRadar - 🚨 [긴급] 오늘자 식품나라 API 키가 모두 소진되었습니다. 크롤링이 중단됩니다.
2026-05-13 18:55:18,288 [ERROR] ApprovalRadar - 🚨 [긴급] 오늘자 식품나라 API 키가 모두 소진되었습니다. 크롤링이 중단됩니다.
2026-05-13 18:55:18,328 [ERROR] ApprovalRadar - 🚨 [긴급] 오늘자 식품나라 API 키가 모두 소진되었습니다. 크롤링이 중단됩니다.
2026-05-13 18:55:18,369 [ERROR] ApprovalRadar - 🚨 [긴급] 오늘자 식품나라 API 키가 모두 소진되었습니다. 크롤링이 중단됩니다.
2026-05-13 18:55:18,406 [ERROR] ApprovalRadar - 🚨 [긴급] 오늘자 식품나라 API 키가 모두 소진되었습니다. 크롤링이 중단됩니다.
2026-05-13 18:55:18,467 [ERROR] ApprovalRadar - 🚨 [긴급] 오늘자 식품나라 API 키가 모두 소진되었습니다. 크롤링이 중단됩니다.
2026-05-13 18:55:18,526 [ERROR] ApprovalRadar - 🚨 [긴급] 오늘자 식품나라 API 키가 모두 소진되었습니다. 크롤링이 중단됩니다.
2026-05-13 18:55:18,582 [ERROR] ApprovalRadar - 🚨 [긴급] 오늘자 식품나라 API 키가 모두 소진되었습니다. 크롤링이 중단됩니다.
2026-05-13 18:55:18,642 [ERROR] ApprovalRadar - 🚨 [긴급] 오늘자 식품나라 API 키가 모두 소진되었습니다. 크롤링이 중단됩니다.
2026-05-13 18:55:18,786 [ERROR] ApprovalRadar - 🚨 [긴급] 오늘자 식품나라 API 키가 모두 소진되었습니다. 크롤링이 중단됩니다.
2026-05-13 18:55:18,845 [ERROR] ApprovalRadar - 🚨 [긴급] 오늘자 식품나라 API 키가 모두 소진되었습니다. 크롤링이 중단됩니다.
2026-05-13 18:55:18,912 [ERROR] ApprovalRadar - 🚨 [긴급] 오늘자 식품나라 API 키가 모두 소진되었습니다. 크롤링이 중단됩니다.
2026-05-13 18:55:18,973 [ERROR] ApprovalRadar - 🚨 [긴급] 오늘자 식품나라 API 키가 모두 소진되었습니다. 크롤링이 중단됩니다.
2026-05-13 18:55:19,032 [ERROR] ApprovalRadar - 🚨 [긴급] 오늘자 식품나라 API 키가 모두 소진되었습니다. 크롤링이 중단됩니다.
2026-05-13 18:55:19,089 [ERROR] ApprovalRadar - 🚨 [긴급] 오늘자 식품나라 API 키가 모두 소진되었습니다. 크롤링이 중단됩니다.
2026-05-13 18:55:19,143 [ERROR] ApprovalRadar - 🚨 [긴급] 오늘자 식품나라 API 키가 모두 소진되었습니다. 크롤링이 중단됩니다.
2026-05-13 18:55:19,261 [ERROR] ApprovalRadar - 🚨 [긴급] 오늘자 식품나라 API 키가 모두 소진되었습니다. 크롤링이 중단됩니다.
2026-05-13 18:55:19,317 [ERROR] ApprovalRadar - 🚨 [긴급] 오늘자 식품나라 API 키가 모두 소진되었습니다. 크롤링이 중단됩니다.
2026-05-13 18:55:19,362 [ERROR] ApprovalRadar - 🚨 [긴급] 오늘자 식품나라 API 키가 모두 소진되었습니다. 크롤링이 중단됩니다.
2026-05-13 18:55:19,419 [ERROR] ApprovalRadar - 🚨 [긴급] 오늘자 식품나라 API 키가 모두 소진되었습니다. 크롤링이 중단됩니다.
2026-05-13 18:55:19,481 [ERROR] ApprovalRadar - 🚨 [긴급] 오늘자 식품나라 API 키가 모두 소진되었습니다. 크롤링이 중단됩니다.
2026-05-13 18:55:19,542 [ERROR] ApprovalRadar - 🚨 [긴급] 오늘자 식품나라 API 키가 모두 소진되었습니다. 크롤링이 중단됩니다.
2026-05-13 18:55:19,599 [ERROR] ApprovalRadar - 🚨 [긴급] 오늘자 식품나라 API 키가 모두 소진되었습니다. 크롤링이 중단됩니다.
2026-05-13 18:55:19,661 [ERROR] ApprovalRadar - 🚨 [긴급] 오늘자 식품나라 API 키가 모두 소진되었습니다. 크롤링이 중단됩니다.
2026-05-13 18:55:19,811 [ERROR] ApprovalRadar - 🚨 [긴급] 오늘자 식품나라 API 키가 모두 소진되었습니다. 크롤링이 중단됩니다.
2026-05-13 18:55:19,818 [ERROR] ApprovalRadar - 🚨 [긴급] 오늘자 식품나라 API 키가 모두 소진되었습니다. 크롤링이 중단됩니다.
2026-05-13 18:55:19,819 [ERROR] ApprovalRadar - Failed to fetch or update 20260354494: All API keys are exhausted for today.
2026-05-13 18:55:19,879 [ERROR] ApprovalRadar - 🚨 [긴급] 오늘자 식품나라 API 키가 모두 소진되었습니다. 크롤링이 중단됩니다.
2026-05-13 18:55:19,940 [ERROR] ApprovalRadar - 🚨 [긴급] 오늘자 식품나라 API 키가 모두 소진되었습니다. 크롤링이 중단됩니다.
2026-05-13 18:55:19,999 [ERROR] ApprovalRadar - 🚨 [긴급] 오늘자 식품나라 API 키가 모두 소진되었습니다. 크롤링이 중단됩니다.
2026-05-13 18:55:20,041 [ERROR] ApprovalRadar - 🚨 [긴급] 오늘자 식품나라 API 키가 모두 소진되었습니다. 크롤링이 중단됩니다.
2026-05-13 18:55:20,098 [ERROR] ApprovalRadar - 🚨 [긴급] 오늘자 식품나라 API 키가 모두 소진되었습니다. 크롤링이 중단됩니다.
2026-05-13 18:55:20,153 [ERROR] ApprovalRadar - 🚨 [긴급] 오늘자 식품나라 API 키가 모두 소진되었습니다. 크롤링이 중단됩니다.
2026-05-13 18:55:20,207 [ERROR] ApprovalRadar - 🚨 [긴급] 오늘자 식품나라 API 키가 모두 소진되었습니다. 크롤링이 중단됩니다.
2026-05-13 18:55:20,327 [ERROR] ApprovalRadar - 🚨 [긴급] 오늘자 식품나라 API 키가 모두 소진되었습니다. 크롤링이 중단됩니다.
2026-05-13 18:55:20,387 [ERROR] ApprovalRadar - 🚨 [긴급] 오늘자 식품나라 API 키가 모두 소진되었습니다. 크롤링이 중단됩니다.
2026-05-13 18:55:20,439 [ERROR] ApprovalRadar - 🚨 [긴급] 오늘자 식품나라 API 키가 모두 소진되었습니다. 크롤링이 중단됩니다.
2026-05-13 18:55:20,503 [ERROR] ApprovalRadar - 🚨 [긴급] 오늘자 식품나라 API 키가 모두 소진되었습니다. 크롤링이 중단됩니다.
2026-05-13 18:55:20,561 [ERROR] ApprovalRadar - 🚨 [긴급] 오늘자 식품나라 API 키가 모두 소진되었습니다. 크롤링이 중단됩니다.
2026-05-13 18:55:20,626 [ERROR] ApprovalRadar - 🚨 [긴급] 오늘자 식품나라 API 키가 모두 소진되었습니다. 크롤링이 중단됩니다.
2026-05-13 18:55:20,684 [ERROR] ApprovalRadar - 🚨 [긴급] 오늘자 식품나라 API 키가 모두 소진되었습니다. 크롤링이 중단됩니다.
2026-05-13 18:55:20,737 [ERROR] ApprovalRadar - 🚨 [긴급] 오늘자 식품나라 API 키가 모두 소진되었습니다. 크롤링이 중단됩니다.
2026-05-13 18:55:20,862 [ERROR] ApprovalRadar - 🚨 [긴급] 오늘자 식품나라 API 키가 모두 소진되었습니다. 크롤링이 중단됩니다.
2026-05-13 18:55:20,864 [ERROR] ApprovalRadar - 🚨 [긴급] 오늘자 식품나라 API 키가 모두 소진되었습니다. 크롤링이 중단됩니다.
2026-05-13 18:55:20,928 [ERROR] ApprovalRadar - 🚨 [긴급] 오늘자 식품나라 API 키가 모두 소진되었습니다. 크롤링이 중단됩니다.
2026-05-13 18:55:20,931 [ERROR] ApprovalRadar - 🚨 [긴급] 오늘자 식품나라 API 키가 모두 소진되었습니다. 크롤링이 중단됩니다.
2026-05-13 18:55:20,986 [ERROR] ApprovalRadar - 🚨 [긴급] 오늘자 식품나라 API 키가 모두 소진되었습니다. 크롤링이 중단됩니다.
2026-05-13 18:55:20,988 [ERROR] ApprovalRadar - 🚨 [긴급] 오늘자 식품나라 API 키가 모두 소진되었습니다. 크롤링이 중단됩니다.
2026-05-13 18:55:21,044 [ERROR] ApprovalRadar - 🚨 [긴급] 오늘자 식품나라 API 키가 모두 소진되었습니다. 크롤링이 중단됩니다.
2026-05-13 18:55:21,045 [ERROR] ApprovalRadar - 🚨 [긴급] 오늘자 식품나라 API 키가 모두 소진되었습니다. 크롤링이 중단됩니다.
2026-05-13 18:55:21,117 [ERROR] ApprovalRadar - 🚨 [긴급] 오늘자 식품나라 API 키가 모두 소진되었습니다. 크롤링이 중단됩니다.
2026-05-13 18:55:21,119 [ERROR] ApprovalRadar - 🚨 [긴급] 오늘자 식품나라 API 키가 모두 소진되었습니다. 크롤링이 중단됩니다.
2026-05-13 18:55:21,177 [ERROR] ApprovalRadar - 🚨 [긴급] 오늘자 식품나라 API 키가 모두 소진되었습니다. 크롤링이 중단됩니다.
2026-05-13 18:55:21,179 [ERROR] ApprovalRadar - 🚨 [긴급] 오늘자 식품나라 API 키가 모두 소진되었습니다. 크롤링이 중단됩니다.
2026-05-13 18:55:21,236 [ERROR] ApprovalRadar - 🚨 [긴급] 오늘자 식품나라 API 키가 모두 소진되었습니다. 크롤링이 중단됩니다.
2026-05-13 18:55:21,237 [ERROR] ApprovalRadar - 🚨 [긴급] 오늘자 식품나라 API 키가 모두 소진되었습니다. 크롤링이 중단됩니다.
2026-05-13 18:55:21,359 [ERROR] ApprovalRadar - 🚨 [긴급] 오늘자 식품나라 API 키가 모두 소진되었습니다. 크롤링이 중단됩니다.
2026-05-13 18:55:21,377 [ERROR] ApprovalRadar - 🚨 [긴급] 오늘자 식품나라 API 키가 모두 소진되었습니다. 크롤링이 중단됩니다.
2026-05-13 18:55:21,393 [ERROR] ApprovalRadar - 🚨 [긴급] 오늘자 식품나라 API 키가 모두 소진되었습니다. 크롤링이 중단됩니다.
2026-05-13 18:55:21,448 [ERROR] ApprovalRadar - 🚨 [긴급] 오늘자 식품나라 API 키가 모두 소진되었습니다. 크롤링이 중단됩니다.
2026-05-13 18:55:21,454 [ERROR] ApprovalRadar - 🚨 [긴급] 오늘자 식품나라 API 키가 모두 소진되었습니다. 크롤링이 중단됩니다.
2026-05-13 18:55:21,486 [ERROR] ApprovalRadar - 🚨 [긴급] 오늘자 식품나라 API 키가 모두 소진되었습니다. 크롤링이 중단됩니다.
2026-05-13 18:55:21,508 [ERROR] ApprovalRadar - 🚨 [긴급] 오늘자 식품나라 API 키가 모두 소진되었습니다. 크롤링이 중단됩니다.
2026-05-13 18:55:21,545 [ERROR] ApprovalRadar - 🚨 [긴급] 오늘자 식품나라 API 키가 모두 소진되었습니다. 크롤링이 중단됩니다.
2026-05-13 18:55:21,561 [ERROR] ApprovalRadar - 🚨 [긴급] 오늘자 식품나라 API 키가 모두 소진되었습니다. 크롤링이 중단됩니다.
2026-05-13 18:55:21,601 [ERROR] ApprovalRadar - 🚨 [긴급] 오늘자 식품나라 API 키가 모두 소진되었습니다. 크롤링이 중단됩니다.
2026-05-13 18:55:21,614 [ERROR] ApprovalRadar - 🚨 [긴급] 오늘자 식품나라 API 키가 모두 소진되었습니다. 크롤링이 중단됩니다.
2026-05-13 18:55:21,655 [ERROR] ApprovalRadar - 🚨 [긴급] 오늘자 식품나라 API 키가 모두 소진되었습니다. 크롤링이 중단됩니다.
2026-05-13 18:55:21,676 [ERROR] ApprovalRadar - 🚨 [긴급] 오늘자 식품나라 API 키가 모두 소진되었습니다. 크롤링이 중단됩니다.
2026-05-13 18:55:21,714 [ERROR] ApprovalRadar - 🚨 [긴급] 오늘자 식품나라 API 키가 모두 소진되었습니다. 크롤링이 중단됩니다.
2026-05-13 18:55:21,730 [ERROR] ApprovalRadar - 🚨 [긴급] 오늘자 식품나라 API 키가 모두 소진되었습니다. 크롤링이 중단됩니다.
2026-05-13 18:55:21,771 [ERROR] ApprovalRadar - 🚨 [긴급] 오늘자 식품나라 API 키가 모두 소진되었습니다. 크롤링이 중단됩니다.
2026-05-13 18:55:21,787 [ERROR] ApprovalRadar - 🚨 [긴급] 오늘자 식품나라 API 키가 모두 소진되었습니다. 크롤링이 중단됩니다.
2026-05-13 18:55:21,902 [ERROR] ApprovalRadar - 🚨 [긴급] 오늘자 식품나라 API 키가 모두 소진되었습니다. 크롤링이 중단됩니다.
2026-05-13 18:55:21,910 [ERROR] ApprovalRadar - 🚨 [긴급] 오늘자 식품나라 API 키가 모두 소진되었습니다. 크롤링이 중단됩니다.
2026-05-13 18:55:21,970 [ERROR] ApprovalRadar - 🚨 [긴급] 오늘자 식품나라 API 키가 모두 소진되었습니다. 크롤링이 중단됩니다.
2026-05-13 18:55:21,984 [ERROR] ApprovalRadar - 🚨 [긴급] 오늘자 식품나라 API 키가 모두 소진되었습니다. 크롤링이 중단됩니다.
2026-05-13 18:55:22,025 [ERROR] ApprovalRadar - 🚨 [긴급] 오늘자 식품나라 API 키가 모두 소진되었습니다. 크롤링이 중단됩니다.
2026-05-13 18:55:22,040 [ERROR] ApprovalRadar - 🚨 [긴급] 오늘자 식품나라 API 키가 모두 소진되었습니다. 크롤링이 중단됩니다.
2026-05-13 18:55:22,077 [ERROR] ApprovalRadar - 🚨 [긴급] 오늘자 식품나라 API 키가 모두 소진되었습니다. 크롤링이 중단됩니다.
2026-05-13 18:55:22,079 [ERROR] ApprovalRadar - 🚨 [긴급] 오늘자 식품나라 API 키가 모두 소진되었습니다. 크롤링이 중단됩니다.
2026-05-13 18:55:22,133 [ERROR] ApprovalRadar - 🚨 [긴급] 오늘자 식품나라 API 키가 모두 소진되었습니다. 크롤링이 중단됩니다.
2026-05-13 18:55:22,138 [ERROR] ApprovalRadar - 🚨 [긴급] 오늘자 식품나라 API 키가 모두 소진되었습니다. 크롤링이 중단됩니다.
2026-05-13 18:55:22,185 [ERROR] ApprovalRadar - 🚨 [긴급] 오늘자 식품나라 API 키가 모두 소진되었습니다. 크롤링이 중단됩니다.
2026-05-13 18:55:22,194 [ERROR] ApprovalRadar - 🚨 [긴급] 오늘자 식품나라 API 키가 모두 소진되었습니다. 크롤링이 중단됩니다.
2026-05-13 18:55:22,239 [ERROR] ApprovalRadar - 🚨 [긴급] 오늘자 식품나라 API 키가 모두 소진되었습니다. 크롤링이 중단됩니다.
2026-05-13 18:55:22,255 [ERROR] ApprovalRadar - 🚨 [긴급] 오늘자 식품나라 API 키가 모두 소진되었습니다. 크롤링이 중단됩니다.
2026-05-13 18:55:22,310 [ERROR] ApprovalRadar - 🚨 [긴급] 오늘자 식품나라 API 키가 모두 소진되었습니다. 크롤링이 중단됩니다.
2026-05-13 18:55:22,320 [ERROR] ApprovalRadar - 🚨 [긴급] 오늘자 식품나라 API 키가 모두 소진되었습니다. 크롤링이 중단됩니다.
2026-05-13 18:55:22,436 [ERROR] ApprovalRadar - 🚨 [긴급] 오늘자 식품나라 API 키가 모두 소진되었습니다. 크롤링이 중단됩니다.
2026-05-13 18:55:22,445 [ERROR] ApprovalRadar - 🚨 [긴급] 오늘자 식품나라 API 키가 모두 소진되었습니다. 크롤링이 중단됩니다.
2026-05-13 18:55:22,490 [ERROR] ApprovalRadar - 🚨 [긴급] 오늘자 식품나라 API 키가 모두 소진되었습니다. 크롤링이 중단됩니다.
2026-05-13 18:55:22,512 [ERROR] ApprovalRadar - 🚨 [긴급] 오늘자 식품나라 API 키가 모두 소진되었습니다. 크롤링이 중단됩니다.
2026-05-13 18:55:22,552 [ERROR] ApprovalRadar - 🚨 [긴급] 오늘자 식품나라 API 키가 모두 소진되었습니다. 크롤링이 중단됩니다.
2026-05-13 18:55:22,573 [ERROR] ApprovalRadar - 🚨 [긴급] 오늘자 식품나라 API 키가 모두 소진되었습니다. 크롤링이 중단됩니다.
2026-05-13 18:55:22,611 [ERROR] ApprovalRadar - 🚨 [긴급] 오늘자 식품나라 API 키가 모두 소진되었습니다. 크롤링이 중단됩니다.
2026-05-13 18:55:22,627 [ERROR] ApprovalRadar - 🚨 [긴급] 오늘자 식품나라 API 키가 모두 소진되었습니다. 크롤링이 중단됩니다.
2026-05-13 18:55:22,693 [ERROR] ApprovalRadar - 🚨 [긴급] 오늘자 식품나라 API 키가 모두 소진되었습니다. 크롤링이 중단됩니다.
2026-05-13 18:55:22,702 [ERROR] ApprovalRadar - 🚨 [긴급] 오늘자 식품나라 API 키가 모두 소진되었습니다. 크롤링이 중단됩니다.
2026-05-13 18:55:22,751 [ERROR] ApprovalRadar - 🚨 [긴급] 오늘자 식품나라 API 키가 모두 소진되었습니다. 크롤링이 중단됩니다.
2026-05-13 18:55:22,756 [ERROR] ApprovalRadar - 🚨 [긴급] 오늘자 식품나라 API 키가 모두 소진되었습니다. 크롤링이 중단됩니다.
2026-05-13 18:55:22,809 [ERROR] ApprovalRadar - 🚨 [긴급] 오늘자 식품나라 API 키가 모두 소진되었습니다. 크롤링이 중단됩니다.
2026-05-13 18:55:22,810 [ERROR] ApprovalRadar - 🚨 [긴급] 오늘자 식품나라 API 키가 모두 소진되었습니다. 크롤링이 중단됩니다.
2026-05-13 18:55:22,952 [ERROR] ApprovalRadar - 🚨 [긴급] 오늘자 식품나라 API 키가 모두 소진되었습니다. 크롤링이 중단됩니다.
2026-05-13 18:55:22,953 [ERROR] ApprovalRadar - 🚨 [긴급] 오늘자 식품나라 API 키가 모두 소진되었습니다. 크롤링이 중단됩니다.
2026-05-13 18:55:22,954 [ERROR] ApprovalRadar - 🚨 [긴급] 오늘자 식품나라 API 키가 모두 소진되었습니다. 크롤링이 중단됩니다.
2026-05-13 18:55:22,954 [ERROR] ApprovalRadar - Failed to fetch or update 20260529452: All API keys are exhausted for today.
2026-05-13 18:55:23,001 [ERROR] ApprovalRadar - 🚨 [긴급] 오늘자 식품나라 API 키가 모두 소진되었습니다. 크롤링이 중단됩니다.
2026-05-13 18:55:23,015 [ERROR] ApprovalRadar - 🚨 [긴급] 오늘자 식품나라 API 키가 모두 소진되었습니다. 크롤링이 중단됩니다.
2026-05-13 18:55:23,033 [ERROR] ApprovalRadar - 🚨 [긴급] 오늘자 식품나라 API 키가 모두 소진되었습니다. 크롤링이 중단됩니다.
2026-05-13 18:55:23,069 [ERROR] ApprovalRadar - 🚨 [긴급] 오늘자 식품나라 API 키가 모두 소진되었습니다. 크롤링이 중단됩니다.
2026-05-13 18:55:23,087 [ERROR] ApprovalRadar - 🚨 [긴급] 오늘자 식품나라 API 키가 모두 소진되었습니다. 크롤링이 중단됩니다.
2026-05-13 18:55:23,120 [ERROR] ApprovalRadar - 🚨 [긴급] 오늘자 식품나라 API 키가 모두 소진되었습니다. 크롤링이 중단됩니다.
2026-05-13 18:55:23,123 [ERROR] ApprovalRadar - 🚨 [긴급] 오늘자 식품나라 API 키가 모두 소진되었습니다. 크롤링이 중단됩니다.
2026-05-13 18:55:23,177 [ERROR] ApprovalRadar - 🚨 [긴급] 오늘자 식품나라 API 키가 모두 소진되었습니다. 크롤링이 중단됩니다.
2026-05-13 18:55:23,179 [ERROR] ApprovalRadar - 🚨 [긴급] 오늘자 식품나라 API 키가 모두 소진되었습니다. 크롤링이 중단됩니다.
2026-05-13 18:55:23,216 [ERROR] ApprovalRadar - 🚨 [긴급] 오늘자 식품나라 API 키가 모두 소진되었습니다. 크롤링이 중단됩니다.
2026-05-13 18:55:23,236 [ERROR] ApprovalRadar - 🚨 [긴급] 오늘자 식품나라 API 키가 모두 소진되었습니다. 크롤링이 중단됩니다.
2026-05-13 18:55:23,260 [ERROR] ApprovalRadar - 🚨 [긴급] 오늘자 식품나라 API 키가 모두 소진되었습니다. 크롤링이 중단됩니다.
2026-05-13 18:55:23,269 [ERROR] ApprovalRadar - 🚨 [긴급] 오늘자 식품나라 API 키가 모두 소진되었습니다. 크롤링이 중단됩니다.
2026-05-13 18:55:23,305 [ERROR] ApprovalRadar - 🚨 [긴급] 오늘자 식품나라 API 키가 모두 소진되었습니다. 크롤링이 중단됩니다.
2026-05-13 18:55:23,322 [ERROR] ApprovalRadar - 🚨 [긴급] 오늘자 식품나라 API 키가 모두 소진되었습니다. 크롤링이 중단됩니다.
2026-05-13 18:55:23,360 [ERROR] ApprovalRadar - 🚨 [긴급] 오늘자 식품나라 API 키가 모두 소진되었습니다. 크롤링이 중단됩니다.
2026-05-13 18:55:23,458 [ERROR] ApprovalRadar - 🚨 [긴급] 오늘자 식품나라 API 키가 모두 소진되었습니다. 크롤링이 중단됩니다.
2026-05-13 18:55:23,479 [ERROR] ApprovalRadar - 🚨 [긴급] 오늘자 식품나라 API 키가 모두 소진되었습니다. 크롤링이 중단됩니다.
2026-05-13 18:55:23,512 [ERROR] ApprovalRadar - 🚨 [긴급] 오늘자 식품나라 API 키가 모두 소진되었습니다. 크롤링이 중단됩니다.
2026-05-13 18:55:23,534 [ERROR] ApprovalRadar - 🚨 [긴급] 오늘자 식품나라 API 키가 모두 소진되었습니다. 크롤링이 중단됩니다.
2026-05-13 18:55:23,568 [ERROR] ApprovalRadar - 🚨 [긴급] 오늘자 식품나라 API 키가 모두 소진되었습니다. 크롤링이 중단됩니다.
2026-05-13 18:55:23,588 [ERROR] ApprovalRadar - 🚨 [긴급] 오늘자 식품나라 API 키가 모두 소진되었습니다. 크롤링이 중단됩니다.
2026-05-13 18:55:23,626 [ERROR] ApprovalRadar - 🚨 [긴급] 오늘자 식품나라 API 키가 모두 소진되었습니다. 크롤링이 중단됩니다.
2026-05-13 18:55:23,642 [ERROR] ApprovalRadar - 🚨 [긴급] 오늘자 식품나라 API 키가 모두 소진되었습니다. 크롤링이 중단됩니다.
2026-05-13 18:55:23,680 [ERROR] ApprovalRadar - 🚨 [긴급] 오늘자 식품나라 API 키가 모두 소진되었습니다. 크롤링이 중단됩니다.
2026-05-13 18:55:23,704 [ERROR] ApprovalRadar - 🚨 [긴급] 오늘자 식품나라 API 키가 모두 소진되었습니다. 크롤링이 중단됩니다.
2026-05-13 18:55:23,732 [ERROR] ApprovalRadar - 🚨 [긴급] 오늘자 식품나라 API 키가 모두 소진되었습니다. 크롤링이 중단됩니다.
2026-05-13 18:55:23,758 [ERROR] ApprovalRadar - 🚨 [긴급] 오늘자 식품나라 API 키가 모두 소진되었습니다. 크롤링이 중단됩니다.
2026-05-13 18:55:23,789 [ERROR] ApprovalRadar - 🚨 [긴급] 오늘자 식품나라 API 키가 모두 소진되었습니다. 크롤링이 중단됩니다.
2026-05-13 18:55:23,822 [ERROR] ApprovalRadar - 🚨 [긴급] 오늘자 식품나라 API 키가 모두 소진되었습니다. 크롤링이 중단됩니다.
2026-05-13 18:55:23,857 [ERROR] ApprovalRadar - 🚨 [긴급] 오늘자 식품나라 API 키가 모두 소진되었습니다. 크롤링이 중단됩니다.
2026-05-13 18:55:23,877 [ERROR] ApprovalRadar - 🚨 [긴급] 오늘자 식품나라 API 키가 모두 소진되었습니다. 크롤링이 중단됩니다.
2026-05-13 18:55:23,996 [ERROR] ApprovalRadar - 🚨 [긴급] 오늘자 식품나라 API 키가 모두 소진되었습니다. 크롤링이 중단됩니다.
2026-05-13 18:55:23,998 [ERROR] ApprovalRadar - 🚨 [긴급] 오늘자 식품나라 API 키가 모두 소진되었습니다. 크롤링이 중단됩니다.
2026-05-13 18:55:24,029 [ERROR] ApprovalRadar - 🚨 [긴급] 오늘자 식품나라 API 키가 모두 소진되었습니다. 크롤링이 중단됩니다.
2026-05-13 18:55:24,062 [ERROR] ApprovalRadar - 🚨 [긴급] 오늘자 식품나라 API 키가 모두 소진되었습니다. 크롤링이 중단됩니다.
2026-05-13 18:55:24,100 [ERROR] ApprovalRadar - 🚨 [긴급] 오늘자 식품나라 API 키가 모두 소진되었습니다. 크롤링이 중단됩니다.
2026-05-13 18:55:24,117 [ERROR] ApprovalRadar - 🚨 [긴급] 오늘자 식품나라 API 키가 모두 소진되었습니다. 크롤링이 중단됩니다.
2026-05-13 18:55:24,158 [ERROR] ApprovalRadar - 🚨 [긴급] 오늘자 식품나라 API 키가 모두 소진되었습니다. 크롤링이 중단됩니다.
2026-05-13 18:55:24,179 [ERROR] ApprovalRadar - 🚨 [긴급] 오늘자 식품나라 API 키가 모두 소진되었습니다. 크롤링이 중단됩니다.
2026-05-13 18:55:24,214 [ERROR] ApprovalRadar - 🚨 [긴급] 오늘자 식품나라 API 키가 모두 소진되었습니다. 크롤링이 중단됩니다.
2026-05-13 18:55:24,217 [ERROR] ApprovalRadar - 🚨 [긴급] 오늘자 식품나라 API 키가 모두 소진되었습니다. 크롤링이 중단됩니다.
2026-05-13 18:55:24,272 [WARNING] ApprovalRadar - [네트워크/응답 오류] Expecting value: line 1 column 1 (char 0). 1초 후 재시도합니다...
2026-05-13 18:55:24,273 [ERROR] ApprovalRadar - 🚨 [긴급] 오늘자 식품나라 API 키가 모두 소진되었습니다. 크롤링이 중단됩니다.
2026-05-13 18:55:24,326 [ERROR] ApprovalRadar - 🚨 [긴급] 오늘자 식품나라 API 키가 모두 소진되었습니다. 크롤링이 중단됩니다.
2026-05-13 18:55:24,364 [ERROR] ApprovalRadar - 🚨 [긴급] 오늘자 식품나라 API 키가 모두 소진되었습니다. 크롤링이 중단됩니다.
2026-05-13 18:55:24,507 [ERROR] ApprovalRadar - 🚨 [긴급] 오늘자 식품나라 API 키가 모두 소진되었습니다. 크롤링이 중단됩니다.
2026-05-13 18:55:24,569 [ERROR] ApprovalRadar - 🚨 [긴급] 오늘자 식품나라 API 키가 모두 소진되었습니다. 크롤링이 중단됩니다.
2026-05-13 18:55:24,631 [ERROR] ApprovalRadar - 🚨 [긴급] 오늘자 식품나라 API 키가 모두 소진되었습니다. 크롤링이 중단됩니다.
2026-05-13 18:55:24,687 [ERROR] ApprovalRadar - 🚨 [긴급] 오늘자 식품나라 API 키가 모두 소진되었습니다. 크롤링이 중단됩니다.
2026-05-13 18:55:24,742 [ERROR] ApprovalRadar - 🚨 [긴급] 오늘자 식품나라 API 키가 모두 소진되었습니다. 크롤링이 중단됩니다.
2026-05-13 18:55:24,810 [ERROR] ApprovalRadar - 🚨 [긴급] 오늘자 식품나라 API 키가 모두 소진되었습니다. 크롤링이 중단됩니다.
2026-05-13 18:55:24,864 [ERROR] ApprovalRadar - 🚨 [긴급] 오늘자 식품나라 API 키가 모두 소진되었습니다. 크롤링이 중단됩니다.
2026-05-13 18:55:24,927 [ERROR] ApprovalRadar - 🚨 [긴급] 오늘자 식품나라 API 키가 모두 소진되었습니다. 크롤링이 중단됩니다.
2026-05-13 18:55:25,050 [ERROR] ApprovalRadar - 🚨 [긴급] 오늘자 식품나라 API 키가 모두 소진되었습니다. 크롤링이 중단됩니다.
2026-05-13 18:55:25,091 [ERROR] ApprovalRadar - 🚨 [긴급] 오늘자 식품나라 API 키가 모두 소진되었습니다. 크롤링이 중단됩니다.
2026-05-13 18:55:25,149 [ERROR] ApprovalRadar - 🚨 [긴급] 오늘자 식품나라 API 키가 모두 소진되었습니다. 크롤링이 중단됩니다.
2026-05-13 18:55:25,193 [ERROR] ApprovalRadar - 🚨 [긴급] 오늘자 식품나라 API 키가 모두 소진되었습니다. 크롤링이 중단됩니다.
2026-05-13 18:55:25,264 [ERROR] ApprovalRadar - 🚨 [긴급] 오늘자 식품나라 API 키가 모두 소진되었습니다. 크롤링이 중단됩니다.
2026-05-13 18:55:25,323 [ERROR] ApprovalRadar - 🚨 [긴급] 오늘자 식품나라 API 키가 모두 소진되었습니다. 크롤링이 중단됩니다.
2026-05-13 18:55:25,331 [ERROR] ApprovalRadar - 🚨 [긴급] 오늘자 식품나라 API 키가 모두 소진되었습니다. 크롤링이 중단됩니다.
2026-05-13 18:55:25,377 [ERROR] ApprovalRadar - 🚨 [긴급] 오늘자 식품나라 API 키가 모두 소진되었습니다. 크롤링이 중단됩니다.
2026-05-13 18:55:25,386 [ERROR] ApprovalRadar - 🚨 [긴급] 오늘자 식품나라 API 키가 모두 소진되었습니다. 크롤링이 중단됩니다.
2026-05-13 18:55:25,416 [ERROR] ApprovalRadar - 🚨 [긴급] 오늘자 식품나라 API 키가 모두 소진되었습니다. 크롤링이 중단됩니다.
2026-05-13 18:55:25,431 [ERROR] ApprovalRadar - 🚨 [긴급] 오늘자 식품나라 API 키가 모두 소진되었습니다. 크롤링이 중단됩니다.
2026-05-13 18:55:25,454 [ERROR] ApprovalRadar - 🚨 [긴급] 오늘자 식품나라 API 키가 모두 소진되었습니다. 크롤링이 중단됩니다.
2026-05-13 18:55:25,454 [ERROR] ApprovalRadar - ❌ I2500 크롤러 스케줄 작업 중 치명적인 오류 발생: All API keys are exhausted for today.
2026-05-13 18:55:26,095 [ERROR] ApprovalRadar - 🚨 [긴급] 오늘자 식품나라 API 키가 모두 소진되었습니다. 크롤링이 중단됩니다.
2026-05-13 18:55:26,095 [ERROR] ApprovalRadar - Failed to fetch or update 20260382025: All API keys are exhausted for today.
2026-05-13 18:55:29,242 [ERROR] ApprovalRadar - 🚨 [긴급] 오늘자 식품나라 API 키가 모두 소진되었습니다. 크롤링이 중단됩니다.
2026-05-13 18:55:29,243 [ERROR] ApprovalRadar - Failed to fetch or update 20260385267: All API keys are exhausted for today.
2026-05-13 18:55:32,369 [ERROR] ApprovalRadar - 🚨 [긴급] 오늘자 식품나라 API 키가 모두 소진되었습니다. 크롤링이 중단됩니다.
2026-05-13 18:55:32,370 [ERROR] ApprovalRadar - Failed to fetch or update 20260441082: All API keys are exhausted for today.
2026-05-13 18:55:35,515 [ERROR] ApprovalRadar - 🚨 [긴급] 오늘자 식품나라 API 키가 모두 소진되었습니다. 크롤링이 중단됩니다.
2026-05-13 18:55:35,517 [ERROR] ApprovalRadar - Failed to fetch or update 20260514276: All API keys are exhausted for today.
2026-05-13 18:55:38,664 [ERROR] ApprovalRadar - 🚨 [긴급] 오늘자 식품나라 API 키가 모두 소진되었습니다. 크롤링이 중단됩니다.
2026-05-13 18:55:38,666 [ERROR] ApprovalRadar - Failed to fetch or update 20260546858: All API keys are exhausted for today.
2026-05-13 18:55:41,806 [ERROR] ApprovalRadar - 🚨 [긴급] 오늘자 식품나라 API 키가 모두 소진되었습니다. 크롤링이 중단됩니다.
2026-05-13 18:55:41,807 [ERROR] ApprovalRadar - Failed to fetch or update 20260431300: All API keys are exhausted for today.
2026-05-13 18:55:44,957 [ERROR] ApprovalRadar - 🚨 [긴급] 오늘자 식품나라 API 키가 모두 소진되었습니다. 크롤링이 중단됩니다.
2026-05-13 18:55:44,958 [ERROR] ApprovalRadar - Failed to fetch or update 20260546859: All API keys are exhausted for today.
2026-05-13 18:55:48,098 [ERROR] ApprovalRadar - 🚨 [긴급] 오늘자 식품나라 API 키가 모두 소진되었습니다. 크롤링이 중단됩니다.
2026-05-13 18:55:48,100 [ERROR] ApprovalRadar - Failed to fetch or update 20220417373: All API keys are exhausted for today.
2026-05-13 18:55:51,244 [ERROR] ApprovalRadar - 🚨 [긴급] 오늘자 식품나라 API 키가 모두 소진되었습니다. 크롤링이 중단됩니다.
2026-05-13 18:55:51,247 [ERROR] ApprovalRadar - Failed to fetch or update 20260602160: All API keys are exhausted for today.
2026-05-13 18:55:54,390 [ERROR] ApprovalRadar - 🚨 [긴급] 오늘자 식품나라 API 키가 모두 소진되었습니다. 크롤링이 중단됩니다.
2026-05-13 18:55:54,391 [ERROR] ApprovalRadar - Failed to fetch or update 20260388162: All API keys are exhausted for today.
2026-05-13 18:55:57,541 [ERROR] ApprovalRadar - 🚨 [긴급] 오늘자 식품나라 API 키가 모두 소진되었습니다. 크롤링이 중단됩니다.
2026-05-13 18:55:57,542 [ERROR] ApprovalRadar - Failed to fetch or update 20260558730: All API keys are exhausted for today.
2026-05-13 18:56:00,681 [ERROR] ApprovalRadar - 🚨 [긴급] 오늘자 식품나라 API 키가 모두 소진되었습니다. 크롤링이 중단됩니다.
2026-05-13 18:56:00,683 [ERROR] ApprovalRadar - Failed to fetch or update 20260408502: All API keys are exhausted for today.
2026-05-13 18:56:03,832 [ERROR] ApprovalRadar - 🚨 [긴급] 오늘자 식품나라 API 키가 모두 소진되었습니다. 크롤링이 중단됩니다.
2026-05-13 18:56:03,833 [ERROR] ApprovalRadar - Failed to fetch or update 20230460210: All API keys are exhausted for today.
2026-05-13 18:56:06,977 [ERROR] ApprovalRadar - 🚨 [긴급] 오늘자 식품나라 API 키가 모두 소진되었습니다. 크롤링이 중단됩니다.
2026-05-13 18:56:06,978 [ERROR] ApprovalRadar - Failed to fetch or update 20260408409: All API keys are exhausted for today.
2026-05-13 18:56:10,135 [ERROR] ApprovalRadar - 🚨 [긴급] 오늘자 식품나라 API 키가 모두 소진되었습니다. 크롤링이 중단됩니다.
2026-05-13 18:56:10,136 [ERROR] ApprovalRadar - Failed to fetch or update 20260546860: All API keys are exhausted for today.
2026-05-13 18:56:13,268 [ERROR] ApprovalRadar - 🚨 [긴급] 오늘자 식품나라 API 키가 모두 소진되었습니다. 크롤링이 중단됩니다.
2026-05-13 18:56:13,269 [ERROR] ApprovalRadar - Failed to fetch or update 20260504240: All API keys are exhausted for today.
2026-05-13 18:56:16,413 [ERROR] ApprovalRadar - 🚨 [긴급] 오늘자 식품나라 API 키가 모두 소진되었습니다. 크롤링이 중단됩니다.
2026-05-13 18:56:16,415 [ERROR] ApprovalRadar - Failed to fetch or update 20260758298: All API keys are exhausted for today.
2026-05-13 18:56:19,558 [ERROR] ApprovalRadar - 🚨 [긴급] 오늘자 식품나라 API 키가 모두 소진되었습니다. 크롤링이 중단됩니다.
2026-05-13 18:56:19,559 [ERROR] ApprovalRadar - Failed to fetch or update 20240594573: All API keys are exhausted for today.
2026-05-13 18:56:22,613 [ERROR] ApprovalRadar - 🚨 [긴급] 오늘자 식품나라 API 키가 모두 소진되었습니다. 크롤링이 중단됩니다.
2026-05-13 18:56:22,614 [ERROR] ApprovalRadar - Failed to fetch or update 20250808122: All API keys are exhausted for today.
2026-05-13 18:56:25,681 [ERROR] ApprovalRadar - 🚨 [긴급] 오늘자 식품나라 API 키가 모두 소진되었습니다. 크롤링이 중단됩니다.
2026-05-13 18:56:25,682 [ERROR] ApprovalRadar - Failed to fetch or update 20260291752: All API keys are exhausted for today.
2026-05-13 18:56:28,737 [ERROR] ApprovalRadar - 🚨 [긴급] 오늘자 식품나라 API 키가 모두 소진되었습니다. 크롤링이 중단됩니다.
2026-05-13 18:56:28,739 [ERROR] ApprovalRadar - Failed to fetch or update 20260279454: All API keys are exhausted for today.
2026-05-13 18:56:31,800 [ERROR] ApprovalRadar - 🚨 [긴급] 오늘자 식품나라 API 키가 모두 소진되었습니다. 크롤링이 중단됩니다.
2026-05-13 18:56:31,802 [ERROR] ApprovalRadar - Failed to fetch or update 20260324402: All API keys are exhausted for today.
2026-05-13 18:56:34,874 [ERROR] ApprovalRadar - 🚨 [긴급] 오늘자 식품나라 API 키가 모두 소진되었습니다. 크롤링이 중단됩니다.
2026-05-13 18:56:34,876 [ERROR] ApprovalRadar - Failed to fetch or update 20240313853: All API keys are exhausted for today.
2026-05-13 18:56:37,960 [ERROR] ApprovalRadar - 🚨 [긴급] 오늘자 식품나라 API 키가 모두 소진되었습니다. 크롤링이 중단됩니다.
2026-05-13 18:56:37,961 [ERROR] ApprovalRadar - Failed to fetch or update 20260971804: All API keys are exhausted for today.
2026-05-13 18:56:41,096 [ERROR] ApprovalRadar - 🚨 [긴급] 오늘자 식품나라 API 키가 모두 소진되었습니다. 크롤링이 중단됩니다.
2026-05-13 18:56:41,097 [ERROR] ApprovalRadar - Failed to fetch or update 20260172090: All API keys are exhausted for today.
2026-05-13 18:56:44,215 [ERROR] ApprovalRadar - 🚨 [긴급] 오늘자 식품나라 API 키가 모두 소진되었습니다. 크롤링이 중단됩니다.
2026-05-13 18:56:44,216 [ERROR] ApprovalRadar - Failed to fetch or update 20260176086: All API keys are exhausted for today.
2026-05-13 18:56:47,351 [ERROR] ApprovalRadar - 🚨 [긴급] 오늘자 식품나라 API 키가 모두 소진되었습니다. 크롤링이 중단됩니다.
2026-05-13 18:56:47,352 [ERROR] ApprovalRadar - Failed to fetch or update 20260226103: All API keys are exhausted for today.
2026-05-13 18:56:50,493 [ERROR] ApprovalRadar - 🚨 [긴급] 오늘자 식품나라 API 키가 모두 소진되었습니다. 크롤링이 중단됩니다.
2026-05-13 18:56:50,494 [ERROR] ApprovalRadar - Failed to fetch or update 20260848317: All API keys are exhausted for today.
2026-05-13 18:56:53,529 [ERROR] ApprovalRadar - 🚨 [긴급] 오늘자 식품나라 API 키가 모두 소진되었습니다. 크롤링이 중단됩니다.
2026-05-13 18:56:53,530 [ERROR] ApprovalRadar - Failed to fetch or update 20260917022: All API keys are exhausted for today.
2026-05-13 18:56:56,591 [ERROR] ApprovalRadar - 🚨 [긴급] 오늘자 식품나라 API 키가 모두 소진되었습니다. 크롤링이 중단됩니다.
2026-05-13 18:56:56,592 [ERROR] ApprovalRadar - Failed to fetch or update 20260330169: All API keys are exhausted for today.
2026-05-13 18:56:59,649 [ERROR] ApprovalRadar - 🚨 [긴급] 오늘자 식품나라 API 키가 모두 소진되었습니다. 크롤링이 중단됩니다.
2026-05-13 18:56:59,650 [ERROR] ApprovalRadar - Failed to fetch or update 20260369404: All API keys are exhausted for today.
2026-05-13 18:57:02,684 [ERROR] ApprovalRadar - 🚨 [긴급] 오늘자 식품나라 API 키가 모두 소진되었습니다. 크롤링이 중단됩니다.
2026-05-13 18:57:02,685 [ERROR] ApprovalRadar - Failed to fetch or update 20260273478: All API keys are exhausted for today.
2026-05-13 18:57:05,754 [ERROR] ApprovalRadar - 🚨 [긴급] 오늘자 식품나라 API 키가 모두 소진되었습니다. 크롤링이 중단됩니다.
2026-05-13 18:57:05,755 [ERROR] ApprovalRadar - Failed to fetch or update 20260263222: All API keys are exhausted for today.
2026-05-13 18:57:08,902 [ERROR] ApprovalRadar - 🚨 [긴급] 오늘자 식품나라 API 키가 모두 소진되었습니다. 크롤링이 중단됩니다.
2026-05-13 18:57:08,904 [ERROR] ApprovalRadar - Failed to fetch or update 20260382255: All API keys are exhausted for today.
2026-05-13 18:57:12,036 [ERROR] ApprovalRadar - 🚨 [긴급] 오늘자 식품나라 API 키가 모두 소진되었습니다. 크롤링이 중단됩니다.
2026-05-13 18:57:12,038 [ERROR] ApprovalRadar - Failed to fetch or update 20260408508: All API keys are exhausted for today.
2026-05-13 18:57:15,179 [ERROR] ApprovalRadar - 🚨 [긴급] 오늘자 식품나라 API 키가 모두 소진되었습니다. 크롤링이 중단됩니다.
2026-05-13 18:57:15,180 [ERROR] ApprovalRadar - Failed to fetch or update 20260517535: All API keys are exhausted for today.
2026-05-13 18:57:18,296 [ERROR] ApprovalRadar - 🚨 [긴급] 오늘자 식품나라 API 키가 모두 소진되었습니다. 크롤링이 중단됩니다.
2026-05-13 18:57:18,297 [ERROR] ApprovalRadar - Failed to fetch or update 20260517536: All API keys are exhausted for today.
2026-05-13 18:57:21,437 [ERROR] ApprovalRadar - 🚨 [긴급] 오늘자 식품나라 API 키가 모두 소진되었습니다. 크롤링이 중단됩니다.
2026-05-13 18:57:21,439 [ERROR] ApprovalRadar - Failed to fetch or update 20260391259: All API keys are exhausted for today.
2026-05-13 18:57:24,570 [ERROR] ApprovalRadar - 🚨 [긴급] 오늘자 식품나라 API 키가 모두 소진되었습니다. 크롤링이 중단됩니다.
2026-05-13 18:57:24,572 [ERROR] ApprovalRadar - Failed to fetch or update 20260585411: All API keys are exhausted for today.
2026-05-13 18:57:27,618 [ERROR] ApprovalRadar - 🚨 [긴급] 오늘자 식품나라 API 키가 모두 소진되었습니다. 크롤링이 중단됩니다.
2026-05-13 18:57:27,619 [ERROR] ApprovalRadar - Failed to fetch or update 20260403594: All API keys are exhausted for today.
2026-05-13 18:57:30,679 [ERROR] ApprovalRadar - 🚨 [긴급] 오늘자 식품나라 API 키가 모두 소진되었습니다. 크롤링이 중단됩니다.
2026-05-13 18:57:30,681 [ERROR] ApprovalRadar - Failed to fetch or update 20260470130: All API keys are exhausted for today.
2026-05-13 18:57:33,746 [ERROR] ApprovalRadar - 🚨 [긴급] 오늘자 식품나라 API 키가 모두 소진되었습니다. 크롤링이 중단됩니다.
2026-05-13 18:57:33,748 [ERROR] ApprovalRadar - Failed to fetch or update 20150353097: All API keys are exhausted for today.
2026-05-13 18:57:36,805 [ERROR] ApprovalRadar - 🚨 [긴급] 오늘자 식품나라 API 키가 모두 소진되었습니다. 크롤링이 중단됩니다.
2026-05-13 18:57:36,806 [ERROR] ApprovalRadar - Failed to fetch or update 20190387072: All API keys are exhausted for today.
2026-05-13 18:57:39,868 [ERROR] ApprovalRadar - 🚨 [긴급] 오늘자 식품나라 API 키가 모두 소진되었습니다. 크롤링이 중단됩니다.
2026-05-13 18:57:39,870 [ERROR] ApprovalRadar - Failed to fetch or update 20150353289: All API keys are exhausted for today.
2026-05-13 18:57:42,957 [ERROR] ApprovalRadar - 🚨 [긴급] 오늘자 식품나라 API 키가 모두 소진되었습니다. 크롤링이 중단됩니다.
2026-05-13 18:57:42,957 [ERROR] ApprovalRadar - Failed to fetch or update 20260558601: All API keys are exhausted for today.
2026-05-13 18:57:46,087 [ERROR] ApprovalRadar - 🚨 [긴급] 오늘자 식품나라 API 키가 모두 소진되었습니다. 크롤링이 중단됩니다.
2026-05-13 18:57:46,089 [ERROR] ApprovalRadar - Failed to fetch or update 20260431218: All API keys are exhausted for today.
2026-05-13 18:57:49,245 [ERROR] ApprovalRadar - 🚨 [긴급] 오늘자 식품나라 API 키가 모두 소진되었습니다. 크롤링이 중단됩니다.
2026-05-13 18:57:49,246 [ERROR] ApprovalRadar - Failed to fetch or update 20260233417: All API keys are exhausted for today.
2026-05-13 18:57:52,369 [ERROR] ApprovalRadar - 🚨 [긴급] 오늘자 식품나라 API 키가 모두 소진되었습니다. 크롤링이 중단됩니다.
2026-05-13 18:57:52,370 [ERROR] ApprovalRadar - Failed to fetch or update 20260222455: All API keys are exhausted for today.
2026-05-13 18:57:55,504 [ERROR] ApprovalRadar - 🚨 [긴급] 오늘자 식품나라 API 키가 모두 소진되었습니다. 크롤링이 중단됩니다.
2026-05-13 18:57:55,506 [ERROR] ApprovalRadar - Failed to fetch or update 20260971805: All API keys are exhausted for today.
2026-05-13 18:57:58,646 [ERROR] ApprovalRadar - 🚨 [긴급] 오늘자 식품나라 API 키가 모두 소진되었습니다. 크롤링이 중단됩니다.
2026-05-13 18:57:58,648 [ERROR] ApprovalRadar - Failed to fetch or update 20260909198: All API keys are exhausted for today.
2026-05-13 18:58:01,791 [ERROR] ApprovalRadar - 🚨 [긴급] 오늘자 식품나라 API 키가 모두 소진되었습니다. 크롤링이 중단됩니다.
2026-05-13 18:58:01,794 [ERROR] ApprovalRadar - Failed to fetch or update 20260942237: All API keys are exhausted for today.
2026-05-13 18:58:04,940 [ERROR] ApprovalRadar - 🚨 [긴급] 오늘자 식품나라 API 키가 모두 소진되었습니다. 크롤링이 중단됩니다.
2026-05-13 18:58:04,941 [ERROR] ApprovalRadar - Failed to fetch or update 20260273623: All API keys are exhausted for today.
2026-05-13 18:58:07,984 [ERROR] ApprovalRadar - 🚨 [긴급] 오늘자 식품나라 API 키가 모두 소진되었습니다. 크롤링이 중단됩니다.
2026-05-13 18:58:07,985 [ERROR] ApprovalRadar - Failed to fetch or update 20260222454: All API keys are exhausted for today.
2026-05-13 18:58:11,112 [ERROR] ApprovalRadar - 🚨 [긴급] 오늘자 식품나라 API 키가 모두 소진되었습니다. 크롤링이 중단됩니다.
2026-05-13 18:58:11,113 [ERROR] ApprovalRadar - Failed to fetch or update 20250832233: All API keys are exhausted for today.
2026-05-13 18:58:14,202 [ERROR] ApprovalRadar - 🚨 [긴급] 오늘자 식품나라 API 키가 모두 소진되었습니다. 크롤링이 중단됩니다.
2026-05-13 18:58:14,203 [ERROR] ApprovalRadar - Failed to fetch or update 20260366236: All API keys are exhausted for today.
2026-05-13 18:58:17,250 [ERROR] ApprovalRadar - 🚨 [긴급] 오늘자 식품나라 API 키가 모두 소진되었습니다. 크롤링이 중단됩니다.
2026-05-13 18:58:17,252 [ERROR] ApprovalRadar - Failed to fetch or update 20260054432: All API keys are exhausted for today.
2026-05-13 18:58:20,302 [ERROR] ApprovalRadar - 🚨 [긴급] 오늘자 식품나라 API 키가 모두 소진되었습니다. 크롤링이 중단됩니다.
2026-05-13 18:58:20,303 [ERROR] ApprovalRadar - Failed to fetch or update 20260121039: All API keys are exhausted for today.
2026-05-13 18:58:23,360 [ERROR] ApprovalRadar - 🚨 [긴급] 오늘자 식품나라 API 키가 모두 소진되었습니다. 크롤링이 중단됩니다.
2026-05-13 18:58:23,361 [ERROR] ApprovalRadar - Failed to fetch or update 20260076250: All API keys are exhausted for today.
2026-05-13 18:58:26,483 [ERROR] ApprovalRadar - 🚨 [긴급] 오늘자 식품나라 API 키가 모두 소진되었습니다. 크롤링이 중단됩니다.
2026-05-13 18:58:26,485 [ERROR] ApprovalRadar - Failed to fetch or update 20240067489: All API keys are exhausted for today.
2026-05-13 18:58:29,601 [ERROR] ApprovalRadar - 🚨 [긴급] 오늘자 식품나라 API 키가 모두 소진되었습니다. 크롤링이 중단됩니다.
2026-05-13 18:58:29,602 [ERROR] ApprovalRadar - Failed to fetch or update 20260072402: All API keys are exhausted for today.
2026-05-13 18:58:32,728 [ERROR] ApprovalRadar - 🚨 [긴급] 오늘자 식품나라 API 키가 모두 소진되었습니다. 크롤링이 중단됩니다.
2026-05-13 18:58:32,729 [ERROR] ApprovalRadar - Failed to fetch or update 20250156261: All API keys are exhausted for today.
2026-05-13 18:58:35,873 [ERROR] ApprovalRadar - 🚨 [긴급] 오늘자 식품나라 API 키가 모두 소진되었습니다. 크롤링이 중단됩니다.
2026-05-13 18:58:35,874 [ERROR] ApprovalRadar - Failed to fetch or update 20260108688: All API keys are exhausted for today.
2026-05-13 18:58:39,023 [ERROR] ApprovalRadar - 🚨 [긴급] 오늘자 식품나라 API 키가 모두 소진되었습니다. 크롤링이 중단됩니다.
2026-05-13 18:58:39,025 [ERROR] ApprovalRadar - Failed to fetch or update 20260076276: All API keys are exhausted for today.
2026-05-13 18:58:42,167 [ERROR] ApprovalRadar - 🚨 [긴급] 오늘자 식품나라 API 키가 모두 소진되었습니다. 크롤링이 중단됩니다.
2026-05-13 18:58:42,168 [ERROR] ApprovalRadar - Failed to fetch or update 20260145482: All API keys are exhausted for today.
2026-05-13 18:58:45,224 [ERROR] ApprovalRadar - 🚨 [긴급] 오늘자 식품나라 API 키가 모두 소진되었습니다. 크롤링이 중단됩니다.
2026-05-13 18:58:45,225 [ERROR] ApprovalRadar - Failed to fetch or update 20260178509: All API keys are exhausted for today.
2026-05-13 18:58:48,271 [ERROR] ApprovalRadar - 🚨 [긴급] 오늘자 식품나라 API 키가 모두 소진되었습니다. 크롤링이 중단됩니다.
2026-05-13 18:58:48,272 [ERROR] ApprovalRadar - Failed to fetch or update 20260801228: All API keys are exhausted for today.
2026-05-13 18:58:51,333 [ERROR] ApprovalRadar - 🚨 [긴급] 오늘자 식품나라 API 키가 모두 소진되었습니다. 크롤링이 중단됩니다.
2026-05-13 18:58:51,334 [ERROR] ApprovalRadar - Failed to fetch or update 20200507311: All API keys are exhausted for today.
2026-05-13 18:58:54,402 [ERROR] ApprovalRadar - 🚨 [긴급] 오늘자 식품나라 API 키가 모두 소진되었습니다. 크롤링이 중단됩니다.
2026-05-13 18:58:54,404 [ERROR] ApprovalRadar - Failed to fetch or update 20260233418: All API keys are exhausted for today.
2026-05-13 18:58:57,471 [ERROR] ApprovalRadar - 🚨 [긴급] 오늘자 식품나라 API 키가 모두 소진되었습니다. 크롤링이 중단됩니다.
2026-05-13 18:58:57,476 [ERROR] ApprovalRadar - Failed to fetch or update 20260971807: All API keys are exhausted for today.
2026-05-13 18:59:00,541 [ERROR] ApprovalRadar - 🚨 [긴급] 오늘자 식품나라 API 키가 모두 소진되었습니다. 크롤링이 중단됩니다.
2026-05-13 18:59:00,542 [ERROR] ApprovalRadar - Failed to fetch or update 20260248227: All API keys are exhausted for today.
2026-05-13 18:59:03,682 [ERROR] ApprovalRadar - 🚨 [긴급] 오늘자 식품나라 API 키가 모두 소진되었습니다. 크롤링이 중단됩니다.
2026-05-13 18:59:03,684 [ERROR] ApprovalRadar - Failed to fetch or update 20260736169: All API keys are exhausted for today.
2026-05-13 18:59:06,829 [ERROR] ApprovalRadar - 🚨 [긴급] 오늘자 식품나라 API 키가 모두 소진되었습니다. 크롤링이 중단됩니다.
2026-05-13 18:59:06,831 [ERROR] ApprovalRadar - Failed to fetch or update 20260464350: All API keys are exhausted for today.
2026-05-13 18:59:09,971 [ERROR] ApprovalRadar - 🚨 [긴급] 오늘자 식품나라 API 키가 모두 소진되었습니다. 크롤링이 중단됩니다.
2026-05-13 18:59:09,973 [ERROR] ApprovalRadar - Failed to fetch or update 20260552356: All API keys are exhausted for today.
2026-05-13 18:59:13,111 [ERROR] ApprovalRadar - 🚨 [긴급] 오늘자 식품나라 API 키가 모두 소진되었습니다. 크롤링이 중단됩니다.
2026-05-13 18:59:13,112 [ERROR] ApprovalRadar - Failed to fetch or update 20180287241: All API keys are exhausted for today.
2026-05-13 18:59:16,256 [ERROR] ApprovalRadar - 🚨 [긴급] 오늘자 식품나라 API 키가 모두 소진되었습니다. 크롤링이 중단됩니다.
2026-05-13 18:59:16,257 [ERROR] ApprovalRadar - Failed to fetch or update 20260579176: All API keys are exhausted for today.
2026-05-13 18:59:19,419 [ERROR] ApprovalRadar - 🚨 [긴급] 오늘자 식품나라 API 키가 모두 소진되었습니다. 크롤링이 중단됩니다.
2026-05-13 18:59:19,420 [ERROR] ApprovalRadar - Failed to fetch or update 20260431301: All API keys are exhausted for today.
2026-05-13 18:59:22,556 [ERROR] ApprovalRadar - 🚨 [긴급] 오늘자 식품나라 API 키가 모두 소진되었습니다. 크롤링이 중단됩니다.
2026-05-13 18:59:22,557 [ERROR] ApprovalRadar - Failed to fetch or update 20260400112: All API keys are exhausted for today.
2026-05-13 18:59:25,698 [ERROR] ApprovalRadar - 🚨 [긴급] 오늘자 식품나라 API 키가 모두 소진되었습니다. 크롤링이 중단됩니다.
2026-05-13 18:59:25,699 [ERROR] ApprovalRadar - Failed to fetch or update 20260431226: All API keys are exhausted for today.
2026-05-13 18:59:28,845 [ERROR] ApprovalRadar - 🚨 [긴급] 오늘자 식품나라 API 키가 모두 소진되었습니다. 크롤링이 중단됩니다.
2026-05-13 18:59:28,846 [ERROR] ApprovalRadar - Failed to fetch or update 20260585412: All API keys are exhausted for today.
2026-05-13 18:59:31,989 [ERROR] ApprovalRadar - 🚨 [긴급] 오늘자 식품나라 API 키가 모두 소진되었습니다. 크롤링이 중단됩니다.
2026-05-13 18:59:31,991 [ERROR] ApprovalRadar - Failed to fetch or update 20260493281: All API keys are exhausted for today.
2026-05-13 18:59:35,136 [ERROR] ApprovalRadar - 🚨 [긴급] 오늘자 식품나라 API 키가 모두 소진되었습니다. 크롤링이 중단됩니다.
2026-05-13 18:59:35,138 [ERROR] ApprovalRadar - Failed to fetch or update 19990353086: All API keys are exhausted for today.
2026-05-13 18:59:38,282 [ERROR] ApprovalRadar - 🚨 [긴급] 오늘자 식품나라 API 키가 모두 소진되었습니다. 크롤링이 중단됩니다.
2026-05-13 18:59:38,283 [ERROR] ApprovalRadar - Failed to fetch or update 20260493282: All API keys are exhausted for today.
2026-05-13 18:59:41,425 [ERROR] ApprovalRadar - 🚨 [긴급] 오늘자 식품나라 API 키가 모두 소진되었습니다. 크롤링이 중단됩니다.
2026-05-13 18:59:41,427 [ERROR] ApprovalRadar - Failed to fetch or update 20170353591: All API keys are exhausted for today.
2026-05-13 18:59:44,574 [ERROR] ApprovalRadar - 🚨 [긴급] 오늘자 식품나라 API 키가 모두 소진되었습니다. 크롤링이 중단됩니다.
2026-05-13 18:59:44,575 [ERROR] ApprovalRadar - Failed to fetch or update 20200369359: All API keys are exhausted for today.
2026-05-13 18:59:47,719 [ERROR] ApprovalRadar - 🚨 [긴급] 오늘자 식품나라 API 키가 모두 소진되었습니다. 크롤링이 중단됩니다.
2026-05-13 18:59:47,720 [ERROR] ApprovalRadar - Failed to fetch or update 20240539256: All API keys are exhausted for today.
2026-05-13 18:59:50,871 [ERROR] ApprovalRadar - 🚨 [긴급] 오늘자 식품나라 API 키가 모두 소진되었습니다. 크롤링이 중단됩니다.
2026-05-13 18:59:50,872 [ERROR] ApprovalRadar - Failed to fetch or update 20230498144: All API keys are exhausted for today.
2026-05-13 18:59:53,994 [ERROR] ApprovalRadar - 🚨 [긴급] 오늘자 식품나라 API 키가 모두 소진되었습니다. 크롤링이 중단됩니다.
2026-05-13 18:59:53,995 [ERROR] ApprovalRadar - Failed to fetch or update 20260536432: All API keys are exhausted for today.
2026-05-13 18:59:57,051 [ERROR] ApprovalRadar - 🚨 [긴급] 오늘자 식품나라 API 키가 모두 소진되었습니다. 크롤링이 중단됩니다.
2026-05-13 18:59:57,052 [ERROR] ApprovalRadar - Failed to fetch or update 20260418081: All API keys are exhausted for today.
2026-05-13 19:00:00,108 [ERROR] ApprovalRadar - 🚨 [긴급] 오늘자 식품나라 API 키가 모두 소진되었습니다. 크롤링이 중단됩니다.
2026-05-13 19:00:00,109 [ERROR] ApprovalRadar - Failed to fetch or update 20260517537: All API keys are exhausted for today.
2026-05-13 19:00:03,181 [ERROR] ApprovalRadar - 🚨 [긴급] 오늘자 식품나라 API 키가 모두 소진되었습니다. 크롤링이 중단됩니다.
2026-05-13 19:00:03,182 [ERROR] ApprovalRadar - Failed to fetch or update 20260493283: All API keys are exhausted for today.
2026-05-13 19:00:06,243 [ERROR] ApprovalRadar - 🚨 [긴급] 오늘자 식품나라 API 키가 모두 소진되었습니다. 크롤링이 중단됩니다.
2026-05-13 19:00:06,246 [ERROR] ApprovalRadar - Failed to fetch or update 20260467310: All API keys are exhausted for today.
2026-05-13 19:00:09,307 [ERROR] ApprovalRadar - 🚨 [긴급] 오늘자 식품나라 API 키가 모두 소진되었습니다. 크롤링이 중단됩니다.
2026-05-13 19:00:09,308 [ERROR] ApprovalRadar - Failed to fetch or update 20260517389: All API keys are exhausted for today.
2026-05-13 19:00:12,390 [ERROR] ApprovalRadar - 🚨 [긴급] 오늘자 식품나라 API 키가 모두 소진되었습니다. 크롤링이 중단됩니다.
2026-05-13 19:00:12,392 [ERROR] ApprovalRadar - Failed to fetch or update 20260546861: All API keys are exhausted for today.
2026-05-13 19:00:12,392 [INFO] ApprovalRadar - [진척도] 300/2403 처리 완료 (성공: 0, 실패: 300)
2026-05-13 19:00:15,542 [ERROR] ApprovalRadar - 🚨 [긴급] 오늘자 식품나라 API 키가 모두 소진되었습니다. 크롤링이 중단됩니다.
2026-05-13 19:00:15,544 [ERROR] ApprovalRadar - Failed to fetch or update 20260517466: All API keys are exhausted for today.
2026-05-13 19:00:18,668 [ERROR] ApprovalRadar - 🚨 [긴급] 오늘자 식품나라 API 키가 모두 소진되었습니다. 크롤링이 중단됩니다.
2026-05-13 19:00:18,670 [ERROR] ApprovalRadar - Failed to fetch or update 20260610405: All API keys are exhausted for today.
2026-05-13 19:00:21,803 [ERROR] ApprovalRadar - 🚨 [긴급] 오늘자 식품나라 API 키가 모두 소진되었습니다. 크롤링이 중단됩니다.
2026-05-13 19:00:21,805 [ERROR] ApprovalRadar - Failed to fetch or update 20250955283: All API keys are exhausted for today.
2026-05-13 19:00:24,928 [ERROR] ApprovalRadar - 🚨 [긴급] 오늘자 식품나라 API 키가 모두 소진되었습니다. 크롤링이 중단됩니다.
2026-05-13 19:00:24,930 [ERROR] ApprovalRadar - Failed to fetch or update 20260889041: All API keys are exhausted for today.
2026-05-13 19:00:28,085 [ERROR] ApprovalRadar - 🚨 [긴급] 오늘자 식품나라 API 키가 모두 소진되었습니다. 크롤링이 중단됩니다.
2026-05-13 19:00:28,086 [ERROR] ApprovalRadar - Failed to fetch or update 20260878242: All API keys are exhausted for today.
2026-05-13 19:00:31,217 [ERROR] ApprovalRadar - 🚨 [긴급] 오늘자 식품나라 API 키가 모두 소진되었습니다. 크롤링이 중단됩니다.
2026-05-13 19:00:31,218 [ERROR] ApprovalRadar - Failed to fetch or update 20260861444: All API keys are exhausted for today.
2026-05-13 19:00:34,266 [ERROR] ApprovalRadar - 🚨 [긴급] 오늘자 식품나라 API 키가 모두 소진되었습니다. 크롤링이 중단됩니다.
2026-05-13 19:00:34,267 [ERROR] ApprovalRadar - Failed to fetch or update 20260366165: All API keys are exhausted for today.
2026-05-13 19:00:37,315 [ERROR] ApprovalRadar - 🚨 [긴급] 오늘자 식품나라 API 키가 모두 소진되었습니다. 크롤링이 중단됩니다.
2026-05-13 19:00:37,317 [ERROR] ApprovalRadar - Failed to fetch or update 20260917200: All API keys are exhausted for today.
2026-05-13 19:00:40,382 [ERROR] ApprovalRadar - 🚨 [긴급] 오늘자 식품나라 API 키가 모두 소진되었습니다. 크롤링이 중단됩니다.
2026-05-13 19:00:40,383 [ERROR] ApprovalRadar - Failed to fetch or update 20260942238: All API keys are exhausted for today.
2026-05-13 19:00:43,459 [ERROR] ApprovalRadar - 🚨 [긴급] 오늘자 식품나라 API 키가 모두 소진되었습니다. 크롤링이 중단됩니다.
2026-05-13 19:00:43,461 [ERROR] ApprovalRadar - Failed to fetch or update 20260917161: All API keys are exhausted for today.
2026-05-13 19:00:46,523 [ERROR] ApprovalRadar - 🚨 [긴급] 오늘자 식품나라 API 키가 모두 소진되었습니다. 크롤링이 중단됩니다.
2026-05-13 19:00:46,525 [ERROR] ApprovalRadar - Failed to fetch or update 20260203271: All API keys are exhausted for today.
2026-05-13 19:00:49,593 [ERROR] ApprovalRadar - 🚨 [긴급] 오늘자 식품나라 API 키가 모두 소진되었습니다. 크롤링이 중단됩니다.
2026-05-13 19:00:49,594 [ERROR] ApprovalRadar - Failed to fetch or update 20260203270: All API keys are exhausted for today.
2026-05-13 19:00:52,728 [ERROR] ApprovalRadar - 🚨 [긴급] 오늘자 식품나라 API 키가 모두 소진되었습니다. 크롤링이 중단됩니다.
2026-05-13 19:00:52,729 [ERROR] ApprovalRadar - Failed to fetch or update 20260108689: All API keys are exhausted for today.
2026-05-13 19:00:55,771 [ERROR] ApprovalRadar - 🚨 [긴급] 오늘자 식품나라 API 키가 모두 소진되었습니다. 크롤링이 중단됩니다.
2026-05-13 19:00:55,772 [ERROR] ApprovalRadar - Failed to fetch or update 20260131488: All API keys are exhausted for today.
2026-05-13 19:00:58,842 [ERROR] ApprovalRadar - 🚨 [긴급] 오늘자 식품나라 API 키가 모두 소진되었습니다. 크롤링이 중단됩니다.
2026-05-13 19:00:58,842 [ERROR] ApprovalRadar - Failed to fetch or update 20260097710: All API keys are exhausted for today.
2026-05-13 19:01:01,906 [ERROR] ApprovalRadar - 🚨 [긴급] 오늘자 식품나라 API 키가 모두 소진되었습니다. 크롤링이 중단됩니다.
2026-05-13 19:01:01,907 [ERROR] ApprovalRadar - Failed to fetch or update 20260058438: All API keys are exhausted for today.
2026-05-13 19:01:04,981 [ERROR] ApprovalRadar - 🚨 [긴급] 오늘자 식품나라 API 키가 모두 소진되었습니다. 크롤링이 중단됩니다.
2026-05-13 19:01:04,984 [ERROR] ApprovalRadar - Failed to fetch or update 20260045656: All API keys are exhausted for today.
2026-05-13 19:01:08,039 [ERROR] ApprovalRadar - 🚨 [긴급] 오늘자 식품나라 API 키가 모두 소진되었습니다. 크롤링이 중단됩니다.
2026-05-13 19:01:08,042 [ERROR] ApprovalRadar - Failed to fetch or update 20260754305: All API keys are exhausted for today.
2026-05-13 19:01:11,112 [ERROR] ApprovalRadar - 🚨 [긴급] 오늘자 식품나라 API 키가 모두 소진되었습니다. 크롤링이 중단됩니다.
2026-05-13 19:01:11,114 [ERROR] ApprovalRadar - Failed to fetch or update 20240742127: All API keys are exhausted for today.
2026-05-13 19:01:14,264 [ERROR] ApprovalRadar - 🚨 [긴급] 오늘자 식품나라 API 키가 모두 소진되었습니다. 크롤링이 중단됩니다.
2026-05-13 19:01:14,266 [ERROR] ApprovalRadar - Failed to fetch or update 20260765130: All API keys are exhausted for today.
2026-05-13 19:01:17,404 [ERROR] ApprovalRadar - 🚨 [긴급] 오늘자 식품나라 API 키가 모두 소진되었습니다. 크롤링이 중단됩니다.
2026-05-13 19:01:17,406 [ERROR] ApprovalRadar - Failed to fetch or update 20260718478: All API keys are exhausted for today.
2026-05-13 19:01:20,551 [ERROR] ApprovalRadar - 🚨 [긴급] 오늘자 식품나라 API 키가 모두 소진되었습니다. 크롤링이 중단됩니다.
2026-05-13 19:01:20,552 [ERROR] ApprovalRadar - Failed to fetch or update 20260736170: All API keys are exhausted for today.
2026-05-13 19:01:23,694 [ERROR] ApprovalRadar - 🚨 [긴급] 오늘자 식품나라 API 키가 모두 소진되었습니다. 크롤링이 중단됩니다.
2026-05-13 19:01:23,695 [ERROR] ApprovalRadar - Failed to fetch or update 20260354245: All API keys are exhausted for today.
2026-05-13 19:01:26,813 [ERROR] ApprovalRadar - 🚨 [긴급] 오늘자 식품나라 API 키가 모두 소진되었습니다. 크롤링이 중단됩니다.
2026-05-13 19:01:26,814 [ERROR] ApprovalRadar - Failed to fetch or update 19970208338: All API keys are exhausted for today.
2026-05-13 19:01:29,959 [ERROR] ApprovalRadar - 🚨 [긴급] 오늘자 식품나라 API 키가 모두 소진되었습니다. 크롤링이 중단됩니다.
2026-05-13 19:01:29,960 [ERROR] ApprovalRadar - Failed to fetch or update 20220246310: All API keys are exhausted for today.
2026-05-13 19:01:33,102 [ERROR] ApprovalRadar - 🚨 [긴급] 오늘자 식품나라 API 키가 모두 소진되었습니다. 크롤링이 중단됩니다.
2026-05-13 19:01:33,104 [ERROR] ApprovalRadar - Failed to fetch or update 20260283405: All API keys are exhausted for today.
2026-05-13 19:01:36,254 [ERROR] ApprovalRadar - 🚨 [긴급] 오늘자 식품나라 API 키가 모두 소진되었습니다. 크롤링이 중단됩니다.
2026-05-13 19:01:36,256 [ERROR] ApprovalRadar - Failed to fetch or update 20260279456: All API keys are exhausted for today.
2026-05-13 19:01:39,376 [ERROR] ApprovalRadar - 🚨 [긴급] 오늘자 식품나라 API 키가 모두 소진되었습니다. 크롤링이 중단됩니다.
2026-05-13 19:01:39,378 [ERROR] ApprovalRadar - Failed to fetch or update 20260721155: All API keys are exhausted for today.
2026-05-13 19:01:42,523 [ERROR] ApprovalRadar - 🚨 [긴급] 오늘자 식품나라 API 키가 모두 소진되었습니다. 크롤링이 중단됩니다.
2026-05-13 19:01:42,526 [ERROR] ApprovalRadar - Failed to fetch or update 20260629042: All API keys are exhausted for today.
2026-05-13 19:01:45,669 [ERROR] ApprovalRadar - 🚨 [긴급] 오늘자 식품나라 API 키가 모두 소진되었습니다. 크롤링이 중단됩니다.
2026-05-13 19:01:45,671 [ERROR] ApprovalRadar - Failed to fetch or update 20130392305: All API keys are exhausted for today.
2026-05-13 19:01:48,825 [ERROR] ApprovalRadar - 🚨 [긴급] 오늘자 식품나라 API 키가 모두 소진되었습니다. 크롤링이 중단됩니다.
2026-05-13 19:01:48,825 [ERROR] ApprovalRadar - Failed to fetch or update 20260481201: All API keys are exhausted for today.
2026-05-13 19:01:51,986 [ERROR] ApprovalRadar - 🚨 [긴급] 오늘자 식품나라 API 키가 모두 소진되었습니다. 크롤링이 중단됩니다.
2026-05-13 19:01:51,987 [ERROR] ApprovalRadar - Failed to fetch or update 20260499314: All API keys are exhausted for today.
2026-05-13 19:01:55,122 [ERROR] ApprovalRadar - 🚨 [긴급] 오늘자 식품나라 API 키가 모두 소진되었습니다. 크롤링이 중단됩니다.
2026-05-13 19:01:55,123 [ERROR] ApprovalRadar - Failed to fetch or update 20260403595: All API keys are exhausted for today.
2026-05-13 19:01:58,155 [ERROR] ApprovalRadar - 🚨 [긴급] 오늘자 식품나라 API 키가 모두 소진되었습니다. 크롤링이 중단됩니다.
2026-05-13 19:01:58,155 [ERROR] ApprovalRadar - Failed to fetch or update 20260558679: All API keys are exhausted for today.
2026-05-13 19:02:01,217 [ERROR] ApprovalRadar - 🚨 [긴급] 오늘자 식품나라 API 키가 모두 소진되었습니다. 크롤링이 중단됩니다.
2026-05-13 19:02:01,218 [ERROR] ApprovalRadar - Failed to fetch or update 20260499315: All API keys are exhausted for today.
2026-05-13 19:02:04,277 [ERROR] ApprovalRadar - 🚨 [긴급] 오늘자 식품나라 API 키가 모두 소진되었습니다. 크롤링이 중단됩니다.
2026-05-13 19:02:04,279 [ERROR] ApprovalRadar - Failed to fetch or update 20260391260: All API keys are exhausted for today.
2026-05-13 19:02:07,347 [ERROR] ApprovalRadar - 🚨 [긴급] 오늘자 식품나라 API 키가 모두 소진되었습니다. 크롤링이 중단됩니다.
2026-05-13 19:02:07,349 [ERROR] ApprovalRadar - Failed to fetch or update 20260382176: All API keys are exhausted for today.
2026-05-13 19:02:10,424 [ERROR] ApprovalRadar - 🚨 [긴급] 오늘자 식품나라 API 키가 모두 소진되었습니다. 크롤링이 중단됩니다.
2026-05-13 19:02:10,425 [ERROR] ApprovalRadar - Failed to fetch or update 20260388163: All API keys are exhausted for today.
2026-05-13 19:02:13,503 [ERROR] ApprovalRadar - 🚨 [긴급] 오늘자 식품나라 API 키가 모두 소진되었습니다. 크롤링이 중단됩니다.
2026-05-13 19:02:13,506 [ERROR] ApprovalRadar - Failed to fetch or update 20260529454: All API keys are exhausted for today.
2026-05-13 19:02:16,626 [ERROR] ApprovalRadar - 🚨 [긴급] 오늘자 식품나라 API 키가 모두 소진되었습니다. 크롤링이 중단됩니다.
2026-05-13 19:02:16,629 [ERROR] ApprovalRadar - Failed to fetch or update 19940370024: All API keys are exhausted for today.
2026-05-13 19:02:19,759 [ERROR] ApprovalRadar - 🚨 [긴급] 오늘자 식품나라 API 키가 모두 소진되었습니다. 크롤링이 중단됩니다.
2026-05-13 19:02:19,762 [ERROR] ApprovalRadar - Failed to fetch or update 20260507851: All API keys are exhausted for today.
2026-05-13 19:02:22,905 [ERROR] ApprovalRadar - 🚨 [긴급] 오늘자 식품나라 API 키가 모두 소진되었습니다. 크롤링이 중단됩니다.
2026-05-13 19:02:22,907 [ERROR] ApprovalRadar - Failed to fetch or update 20260397169: All API keys are exhausted for today.
2026-05-13 19:02:26,054 [ERROR] ApprovalRadar - 🚨 [긴급] 오늘자 식품나라 API 키가 모두 소진되었습니다. 크롤링이 중단됩니다.
2026-05-13 19:02:26,055 [ERROR] ApprovalRadar - Failed to fetch or update 20260517430: All API keys are exhausted for today.
2026-05-13 19:02:29,185 [ERROR] ApprovalRadar - 🚨 [긴급] 오늘자 식품나라 API 키가 모두 소진되었습니다. 크롤링이 중단됩니다.
2026-05-13 19:02:29,186 [ERROR] ApprovalRadar - Failed to fetch or update 20260477131: All API keys are exhausted for today.
2026-05-13 19:02:32,333 [ERROR] ApprovalRadar - 🚨 [긴급] 오늘자 식품나라 API 키가 모두 소진되었습니다. 크롤링이 중단됩니다.
2026-05-13 19:02:32,334 [ERROR] ApprovalRadar - Failed to fetch or update 20260736171: All API keys are exhausted for today.
2026-05-13 19:02:35,478 [ERROR] ApprovalRadar - 🚨 [긴급] 오늘자 식품나라 API 키가 모두 소진되었습니다. 크롤링이 중단됩니다.
2026-05-13 19:02:35,479 [ERROR] ApprovalRadar - Failed to fetch or update 20160098351: All API keys are exhausted for today.
2026-05-13 19:02:38,634 [ERROR] ApprovalRadar - 🚨 [긴급] 오늘자 식품나라 API 키가 모두 소진되었습니다. 크롤링이 중단됩니다.
2026-05-13 19:02:38,636 [ERROR] ApprovalRadar - Failed to fetch or update 20260045657: All API keys are exhausted for today.
2026-05-13 19:02:41,776 [ERROR] ApprovalRadar - 🚨 [긴급] 오늘자 식품나라 API 키가 모두 소진되었습니다. 크롤링이 중단됩니다.
2026-05-13 19:02:41,779 [ERROR] ApprovalRadar - Failed to fetch or update 20260161657: All API keys are exhausted for today.
2026-05-13 19:02:44,932 [ERROR] ApprovalRadar - 🚨 [긴급] 오늘자 식품나라 API 키가 모두 소진되었습니다. 크롤링이 중단됩니다.
2026-05-13 19:02:44,935 [ERROR] ApprovalRadar - Failed to fetch or update 20260108690: All API keys are exhausted for today.
2026-05-13 19:02:48,070 [ERROR] ApprovalRadar - 🚨 [긴급] 오늘자 식품나라 API 키가 모두 소진되었습니다. 크롤링이 중단됩니다.
2026-05-13 19:02:48,071 [ERROR] ApprovalRadar - Failed to fetch or update 20260917164: All API keys are exhausted for today.
2026-05-13 19:02:51,228 [ERROR] ApprovalRadar - 🚨 [긴급] 오늘자 식품나라 API 키가 모두 소진되었습니다. 크롤링이 중단됩니다.
2026-05-13 19:02:51,229 [ERROR] ApprovalRadar - Failed to fetch or update 20260178511: All API keys are exhausted for today.
2026-05-13 19:02:54,378 [ERROR] ApprovalRadar - 🚨 [긴급] 오늘자 식품나라 API 키가 모두 소진되었습니다. 크롤링이 중단됩니다.
2026-05-13 19:02:54,379 [ERROR] ApprovalRadar - Failed to fetch or update 20260333204: All API keys are exhausted for today.
2026-05-13 19:02:57,510 [ERROR] ApprovalRadar - 🚨 [긴급] 오늘자 식품나라 API 키가 모두 소진되었습니다. 크롤링이 중단됩니다.
2026-05-13 19:02:57,511 [ERROR] ApprovalRadar - Failed to fetch or update 20260736172: All API keys are exhausted for today.
2026-05-13 19:03:00,637 [ERROR] ApprovalRadar - 🚨 [긴급] 오늘자 식품나라 API 키가 모두 소진되었습니다. 크롤링이 중단됩니다.
2026-05-13 19:03:00,638 [ERROR] ApprovalRadar - Failed to fetch or update 20160627507: All API keys are exhausted for today.
2026-05-13 19:03:03,786 [ERROR] ApprovalRadar - 🚨 [긴급] 오늘자 식품나라 API 키가 모두 소진되었습니다. 크롤링이 중단됩니다.
2026-05-13 19:03:03,788 [ERROR] ApprovalRadar - Failed to fetch or update 20260718479: All API keys are exhausted for today.
2026-05-13 19:03:06,930 [ERROR] ApprovalRadar - 🚨 [긴급] 오늘자 식품나라 API 키가 모두 소진되었습니다. 크롤링이 중단됩니다.
2026-05-13 19:03:06,932 [ERROR] ApprovalRadar - Failed to fetch or update 20260736173: All API keys are exhausted for today.
2026-05-13 19:03:10,075 [ERROR] ApprovalRadar - 🚨 [긴급] 오늘자 식품나라 API 키가 모두 소진되었습니다. 크롤링이 중단됩니다.
2026-05-13 19:03:10,077 [ERROR] ApprovalRadar - Failed to fetch or update 20230179291: All API keys are exhausted for today.
2026-05-13 19:03:13,225 [ERROR] ApprovalRadar - 🚨 [긴급] 오늘자 식품나라 API 키가 모두 소진되었습니다. 크롤링이 중단됩니다.
2026-05-13 19:03:13,228 [ERROR] ApprovalRadar - Failed to fetch or update 20260189199: All API keys are exhausted for today.
2026-05-13 19:03:16,366 [ERROR] ApprovalRadar - 🚨 [긴급] 오늘자 식품나라 API 키가 모두 소진되었습니다. 크롤링이 중단됩니다.
2026-05-13 19:03:16,367 [ERROR] ApprovalRadar - Failed to fetch or update 20240178741: All API keys are exhausted for today.
2026-05-13 19:03:19,511 [ERROR] ApprovalRadar - 🚨 [긴급] 오늘자 식품나라 API 키가 모두 소진되었습니다. 크롤링이 중단됩니다.
2026-05-13 19:03:19,512 [ERROR] ApprovalRadar - Failed to fetch or update 20260606359: All API keys are exhausted for today.
2026-05-13 19:03:22,558 [ERROR] ApprovalRadar - 🚨 [긴급] 오늘자 식품나라 API 키가 모두 소진되었습니다. 크롤링이 중단됩니다.
2026-05-13 19:03:22,559 [ERROR] ApprovalRadar - Failed to fetch or update 20260641064: All API keys are exhausted for today.
2026-05-13 19:03:25,612 [ERROR] ApprovalRadar - 🚨 [긴급] 오늘자 식품나라 API 키가 모두 소진되었습니다. 크롤링이 중단됩니다.
2026-05-13 19:03:25,613 [ERROR] ApprovalRadar - Failed to fetch or update 20200444445: All API keys are exhausted for today.
2026-05-13 19:03:28,681 [ERROR] ApprovalRadar - 🚨 [긴급] 오늘자 식품나라 API 키가 모두 소진되었습니다. 크롤링이 중단됩니다.
2026-05-13 19:03:28,683 [ERROR] ApprovalRadar - Failed to fetch or update 20250653083: All API keys are exhausted for today.
2026-05-13 19:03:31,727 [ERROR] ApprovalRadar - 🚨 [긴급] 오늘자 식품나라 API 키가 모두 소진되었습니다. 크롤링이 중단됩니다.
2026-05-13 19:03:31,729 [ERROR] ApprovalRadar - Failed to fetch or update 20260695035: All API keys are exhausted for today.
2026-05-13 19:03:34,800 [ERROR] ApprovalRadar - 🚨 [긴급] 오늘자 식품나라 API 키가 모두 소진되었습니다. 크롤링이 중단됩니다.
2026-05-13 19:03:34,802 [ERROR] ApprovalRadar - Failed to fetch or update 20260682082: All API keys are exhausted for today.
2026-05-13 19:03:37,924 [ERROR] ApprovalRadar - 🚨 [긴급] 오늘자 식품나라 API 키가 모두 소진되었습니다. 크롤링이 중단됩니다.
2026-05-13 19:03:37,926 [ERROR] ApprovalRadar - Failed to fetch or update 20260682083: All API keys are exhausted for today.
2026-05-13 19:03:41,059 [ERROR] ApprovalRadar - 🚨 [긴급] 오늘자 식품나라 API 키가 모두 소진되었습니다. 크롤링이 중단됩니다.
2026-05-13 19:03:41,061 [ERROR] ApprovalRadar - Failed to fetch or update 20260682084: All API keys are exhausted for today.
2026-05-13 19:03:44,208 [ERROR] ApprovalRadar - 🚨 [긴급] 오늘자 식품나라 API 키가 모두 소진되었습니다. 크롤링이 중단됩니다.
2026-05-13 19:03:44,209 [ERROR] ApprovalRadar - Failed to fetch or update 20250962946: All API keys are exhausted for today.
2026-05-13 19:03:47,350 [ERROR] ApprovalRadar - 🚨 [긴급] 오늘자 식품나라 API 키가 모두 소진되었습니다. 크롤링이 중단됩니다.
2026-05-13 19:03:47,351 [ERROR] ApprovalRadar - Failed to fetch or update 20260978320: All API keys are exhausted for today.
2026-05-13 19:03:50,501 [ERROR] ApprovalRadar - 🚨 [긴급] 오늘자 식품나라 API 키가 모두 소진되었습니다. 크롤링이 중단됩니다.
2026-05-13 19:03:50,502 [ERROR] ApprovalRadar - Failed to fetch or update 20260354450: All API keys are exhausted for today.
2026-05-13 19:03:53,652 [ERROR] ApprovalRadar - 🚨 [긴급] 오늘자 식품나라 API 키가 모두 소진되었습니다. 크롤링이 중단됩니다.
2026-05-13 19:03:53,653 [ERROR] ApprovalRadar - Failed to fetch or update 20260287213: All API keys are exhausted for today.
2026-05-13 19:03:56,788 [ERROR] ApprovalRadar - 🚨 [긴급] 오늘자 식품나라 API 키가 모두 소진되었습니다. 크롤링이 중단됩니다.
2026-05-13 19:03:56,789 [ERROR] ApprovalRadar - Failed to fetch or update 20260297095: All API keys are exhausted for today.
2026-05-13 19:03:59,914 [ERROR] ApprovalRadar - 🚨 [긴급] 오늘자 식품나라 API 키가 모두 소진되었습니다. 크롤링이 중단됩니다.
2026-05-13 19:03:59,915 [ERROR] ApprovalRadar - Failed to fetch or update 20260291755: All API keys are exhausted for today.
2026-05-13 19:04:03,051 [ERROR] ApprovalRadar - 🚨 [긴급] 오늘자 식품나라 API 키가 모두 소진되었습니다. 크롤링이 중단됩니다.
2026-05-13 19:04:03,053 [ERROR] ApprovalRadar - Failed to fetch or update 20260113383: All API keys are exhausted for today.
2026-05-13 19:04:06,198 [ERROR] ApprovalRadar - 🚨 [긴급] 오늘자 식품나라 API 키가 모두 소진되었습니다. 크롤링이 중단됩니다.
2026-05-13 19:04:06,200 [ERROR] ApprovalRadar - Failed to fetch or update 20260072403: All API keys are exhausted for today.
2026-05-13 19:04:09,342 [ERROR] ApprovalRadar - 🚨 [긴급] 오늘자 식품나라 API 키가 모두 소진되었습니다. 크롤링이 중단됩니다.
2026-05-13 19:04:09,345 [ERROR] ApprovalRadar - Failed to fetch or update 20070107354: All API keys are exhausted for today.
2026-05-13 19:04:12,473 [ERROR] ApprovalRadar - 🚨 [긴급] 오늘자 식품나라 API 키가 모두 소진되었습니다. 크롤링이 중단됩니다.
2026-05-13 19:04:12,475 [ERROR] ApprovalRadar - Failed to fetch or update 20260050431: All API keys are exhausted for today.
2026-05-13 19:04:15,637 [ERROR] ApprovalRadar - 🚨 [긴급] 오늘자 식품나라 API 키가 모두 소진되었습니다. 크롤링이 중단됩니다.
2026-05-13 19:04:15,638 [ERROR] ApprovalRadar - Failed to fetch or update 20230125268: All API keys are exhausted for today.
2026-05-13 19:04:18,778 [ERROR] ApprovalRadar - 🚨 [긴급] 오늘자 식품나라 API 키가 모두 소진되었습니다. 크롤링이 중단됩니다.
2026-05-13 19:04:18,779 [ERROR] ApprovalRadar - Failed to fetch or update 20260895160: All API keys are exhausted for today.
2026-05-13 19:04:20,099 [INFO] ApprovalRadar - Starting DiffCrawler Delta Sync Job for I2859...
2026-05-13 19:04:20,217 [INFO] ApprovalRadar - [키 회전] API 한도 초과! 새로운 키로 교체: f1282***
2026-05-13 19:04:20,220 [WARNING] ApprovalRadar - 키 회전 후 3.0초 대기...
2026-05-13 19:04:21,924 [ERROR] ApprovalRadar - 🚨 [긴급] 오늘자 식품나라 API 키가 모두 소진되었습니다. 크롤링이 중단됩니다.
2026-05-13 19:04:21,926 [ERROR] ApprovalRadar - Failed to fetch or update 20260842218: All API keys are exhausted for today.
2026-05-13 19:04:23,290 [INFO] ApprovalRadar - [키 회전] API 한도 초과! 새로운 키로 교체: ba698***
2026-05-13 19:04:23,293 [WARNING] ApprovalRadar - 키 회전 후 3.0초 대기...
2026-05-13 19:04:25,052 [ERROR] ApprovalRadar - 🚨 [긴급] 오늘자 식품나라 API 키가 모두 소진되었습니다. 크롤링이 중단됩니다.
2026-05-13 19:04:25,053 [ERROR] ApprovalRadar - Failed to fetch or update 20260310262: All API keys are exhausted for today.
2026-05-13 19:04:26,385 [INFO] ApprovalRadar - [키 회전] API 한도 초과! 새로운 키로 교체: 67f07***
2026-05-13 19:04:26,387 [WARNING] ApprovalRadar - 키 회전 후 3.0초 대기...
2026-05-13 19:04:28,199 [ERROR] ApprovalRadar - 🚨 [긴급] 오늘자 식품나라 API 키가 모두 소진되었습니다. 크롤링이 중단됩니다.
2026-05-13 19:04:28,201 [ERROR] ApprovalRadar - Failed to fetch or update 20260310391: All API keys are exhausted for today.
2026-05-13 19:04:30,346 [INFO] ApprovalRadar - ✨ [소요시간: 10.24초] 새로운 데이터가 감지되지 않았습니다. (현재 전체 데이터: 22416건)
2026-05-13 19:04:30,350 [INFO] ApprovalRadar - Starting DiffCrawler Delta Sync Job for I2500...
2026-05-13 19:04:30,352 [INFO] ApprovalRadar - 최초 실행: 베이스라인 부트스트랩을 시작합니다...
2026-05-13 19:04:30,353 [INFO] ApprovalRadar - [Bootstrapper] True Tail(실제 마지막 데이터) 찾는 중...
2026-05-13 19:04:30,465 [INFO] ApprovalRadar - [키 회전] API 한도 초과! 새로운 키로 교체: f1282***
2026-05-13 19:04:30,466 [WARNING] ApprovalRadar - 키 회전 후 3.0초 대기...
2026-05-13 19:04:31,248 [ERROR] ApprovalRadar - 🚨 [긴급] 오늘자 식품나라 API 키가 모두 소진되었습니다. 크롤링이 중단됩니다.
2026-05-13 19:04:31,248 [ERROR] ApprovalRadar - Failed to fetch or update 20260736174: All API keys are exhausted for today.
2026-05-13 19:04:33,591 [INFO] ApprovalRadar - [키 회전] API 한도 초과! 새로운 키로 교체: ba698***
2026-05-13 19:04:33,593 [WARNING] ApprovalRadar - 키 회전 후 3.0초 대기...
2026-05-13 19:04:34,307 [ERROR] ApprovalRadar - 🚨 [긴급] 오늘자 식품나라 API 키가 모두 소진되었습니다. 크롤링이 중단됩니다.
2026-05-13 19:04:34,308 [ERROR] ApprovalRadar - Failed to fetch or update 19790458013: All API keys are exhausted for today.
2026-05-13 19:04:36,661 [INFO] ApprovalRadar - [키 회전] API 한도 초과! 새로운 키로 교체: 67f07***
2026-05-13 19:04:36,663 [WARNING] ApprovalRadar - 키 회전 후 3.0초 대기...
2026-05-13 19:04:37,350 [ERROR] ApprovalRadar - 🚨 [긴급] 오늘자 식품나라 API 키가 모두 소진되었습니다. 크롤링이 중단됩니다.
2026-05-13 19:04:37,351 [ERROR] ApprovalRadar - Failed to fetch or update 20260172083: All API keys are exhausted for today.
2026-05-13 19:04:40,416 [ERROR] ApprovalRadar - 🚨 [긴급] 오늘자 식품나라 API 키가 모두 소진되었습니다. 크롤링이 중단됩니다.
2026-05-13 19:04:40,418 [ERROR] ApprovalRadar - Failed to fetch or update 20260723171: All API keys are exhausted for today.
2026-05-13 19:04:43,484 [ERROR] ApprovalRadar - 🚨 [긴급] 오늘자 식품나라 API 키가 모두 소진되었습니다. 크롤링이 중단됩니다.
2026-05-13 19:04:43,485 [ERROR] ApprovalRadar - Failed to fetch or update 20260758299: All API keys are exhausted for today.
2026-05-13 19:04:46,592 [ERROR] ApprovalRadar - 🚨 [긴급] 오늘자 식품나라 API 키가 모두 소진되었습니다. 크롤링이 중단됩니다.
2026-05-13 19:04:46,594 [ERROR] ApprovalRadar - Failed to fetch or update 20260366237: All API keys are exhausted for today.
2026-05-13 19:04:49,742 [ERROR] ApprovalRadar - 🚨 [긴급] 오늘자 식품나라 API 키가 모두 소진되었습니다. 크롤링이 중단됩니다.
2026-05-13 19:04:49,743 [ERROR] ApprovalRadar - Failed to fetch or update 20260810114: All API keys are exhausted for today.
2026-05-13 19:04:52,892 [ERROR] ApprovalRadar - 🚨 [긴급] 오늘자 식품나라 API 키가 모두 소진되었습니다. 크롤링이 중단됩니다.
2026-05-13 19:04:52,893 [ERROR] ApprovalRadar - Failed to fetch or update 20260795266: All API keys are exhausted for today.
2026-05-13 19:04:56,033 [ERROR] ApprovalRadar - 🚨 [긴급] 오늘자 식품나라 API 키가 모두 소진되었습니다. 크롤링이 중단됩니다.
2026-05-13 19:04:56,034 [ERROR] ApprovalRadar - Failed to fetch or update 20260971808: All API keys are exhausted for today.
2026-05-13 19:04:57,724 [INFO] ApprovalRadar - [Bootstrapper] 전체 데이터 건수 확인 완료: 1000000건
2026-05-13 19:04:57,727 [INFO] ApprovalRadar - [Bootstrapper] 피벗 캐싱 시작 (간격: 5000)...
2026-05-13 19:04:57,784 [WARNING] ApprovalRadar - [네트워크/응답 오류] Expecting value: line 1 column 1 (char 0). 1초 후 재시도합니다...
2026-05-13 19:04:58,847 [WARNING] ApprovalRadar - [네트워크/응답 오류] Expecting value: line 1 column 1 (char 0). 2초 후 재시도합니다...
2026-05-13 19:04:59,163 [ERROR] ApprovalRadar - 🚨 [긴급] 오늘자 식품나라 API 키가 모두 소진되었습니다. 크롤링이 중단됩니다.
2026-05-13 19:04:59,164 [ERROR] ApprovalRadar - Failed to fetch or update 20260978321: All API keys are exhausted for today.
2026-05-13 19:05:02,183 [WARNING] ApprovalRadar - [네트워크/응답 오류] Expecting value: line 1 column 1 (char 0). 1초 후 재시도합니다...
2026-05-13 19:05:02,299 [ERROR] ApprovalRadar - 🚨 [긴급] 오늘자 식품나라 API 키가 모두 소진되었습니다. 크롤링이 중단됩니다.
2026-05-13 19:05:02,300 [ERROR] ApprovalRadar - Failed to fetch or update 20250334342: All API keys are exhausted for today.
2026-05-13 19:05:04,183 [WARNING] ApprovalRadar - [네트워크/응답 오류] Expecting value: line 1 column 1 (char 0). 1초 후 재시도합니다...
2026-05-13 19:05:05,247 [WARNING] ApprovalRadar - [네트워크/응답 오류] Expecting value: line 1 column 1 (char 0). 2초 후 재시도합니다...
2026-05-13 19:05:05,436 [ERROR] ApprovalRadar - 🚨 [긴급] 오늘자 식품나라 API 키가 모두 소진되었습니다. 크롤링이 중단됩니다.
2026-05-13 19:05:05,437 [ERROR] ApprovalRadar - Failed to fetch or update 20260186186: All API keys are exhausted for today.
2026-05-13 19:05:08,202 [WARNING] ApprovalRadar - [네트워크/응답 오류] Expecting value: line 1 column 1 (char 0). 1초 후 재시도합니다...
2026-05-13 19:05:08,587 [ERROR] ApprovalRadar - 🚨 [긴급] 오늘자 식품나라 API 키가 모두 소진되었습니다. 크롤링이 중단됩니다.
2026-05-13 19:05:08,588 [ERROR] ApprovalRadar - Failed to fetch or update 20260324322: All API keys are exhausted for today.
2026-05-13 19:05:09,268 [WARNING] ApprovalRadar - [네트워크/응답 오류] Expecting value: line 1 column 1 (char 0). 2초 후 재시도합니다...
2026-05-13 19:05:11,338 [WARNING] ApprovalRadar - [네트워크/응답 오류] Expecting value: line 1 column 1 (char 0). 4초 후 재시도합니다...
2026-05-13 19:05:11,736 [ERROR] ApprovalRadar - 🚨 [긴급] 오늘자 식품나라 API 키가 모두 소진되었습니다. 크롤링이 중단됩니다.
2026-05-13 19:05:11,738 [ERROR] ApprovalRadar - Failed to fetch or update 20260324317: All API keys are exhausted for today.
2026-05-13 19:05:14,875 [ERROR] ApprovalRadar - 🚨 [긴급] 오늘자 식품나라 API 키가 모두 소진되었습니다. 크롤링이 중단됩니다.
2026-05-13 19:05:14,877 [ERROR] ApprovalRadar - Failed to fetch or update 20260324328: All API keys are exhausted for today.
2026-05-13 19:05:15,346 [WARNING] ApprovalRadar - 연속적인 응답 오류 발생! 해당 키가 WAF에 의해 임시 차단된 것으로 의심되어 키를 회전합니다.
2026-05-13 19:05:15,347 [INFO] ApprovalRadar - [키 회전] API 한도 초과! 새로운 키로 교체: e7b3f***
2026-05-13 19:05:16,075 [ERROR] ApprovalRadar - 🚨 [긴급] 오늘자 식품나라 API 키가 모두 소진되었습니다. 크롤링이 중단됩니다.
2026-05-13 19:05:16,109 [ERROR] ApprovalRadar - 🚨 [긴급] 오늘자 식품나라 API 키가 모두 소진되었습니다. 크롤링이 중단됩니다.
2026-05-13 19:05:16,144 [ERROR] ApprovalRadar - 🚨 [긴급] 오늘자 식품나라 API 키가 모두 소진되었습니다. 크롤링이 중단됩니다.
2026-05-13 19:05:16,200 [ERROR] ApprovalRadar - 🚨 [긴급] 오늘자 식품나라 API 키가 모두 소진되었습니다. 크롤링이 중단됩니다.
2026-05-13 19:05:16,251 [ERROR] ApprovalRadar - 🚨 [긴급] 오늘자 식품나라 API 키가 모두 소진되었습니다. 크롤링이 중단됩니다.
2026-05-13 19:05:16,285 [ERROR] ApprovalRadar - 🚨 [긴급] 오늘자 식품나라 API 키가 모두 소진되었습니다. 크롤링이 중단됩니다.
2026-05-13 19:05:16,437 [ERROR] ApprovalRadar - 🚨 [긴급] 오늘자 식품나라 API 키가 모두 소진되었습니다. 크롤링이 중단됩니다.
2026-05-13 19:05:16,475 [ERROR] ApprovalRadar - 🚨 [긴급] 오늘자 식품나라 API 키가 모두 소진되었습니다. 크롤링이 중단됩니다.
2026-05-13 19:05:16,531 [ERROR] ApprovalRadar - 🚨 [긴급] 오늘자 식품나라 API 키가 모두 소진되었습니다. 크롤링이 중단됩니다.
2026-05-13 19:05:16,585 [ERROR] ApprovalRadar - 🚨 [긴급] 오늘자 식품나라 API 키가 모두 소진되었습니다. 크롤링이 중단됩니다.
2026-05-13 19:05:16,623 [ERROR] ApprovalRadar - 🚨 [긴급] 오늘자 식품나라 API 키가 모두 소진되었습니다. 크롤링이 중단됩니다.
2026-05-13 19:05:16,656 [ERROR] ApprovalRadar - 🚨 [긴급] 오늘자 식품나라 API 키가 모두 소진되었습니다. 크롤링이 중단됩니다.
2026-05-13 19:05:16,715 [ERROR] ApprovalRadar - 🚨 [긴급] 오늘자 식품나라 API 키가 모두 소진되었습니다. 크롤링이 중단됩니다.
2026-05-13 19:05:16,772 [ERROR] ApprovalRadar - 🚨 [긴급] 오늘자 식품나라 API 키가 모두 소진되었습니다. 크롤링이 중단됩니다.
2026-05-13 19:05:16,831 [ERROR] ApprovalRadar - 🚨 [긴급] 오늘자 식품나라 API 키가 모두 소진되었습니다. 크롤링이 중단됩니다.
2026-05-13 19:05:16,863 [ERROR] ApprovalRadar - 🚨 [긴급] 오늘자 식품나라 API 키가 모두 소진되었습니다. 크롤링이 중단됩니다.
2026-05-13 19:05:16,983 [ERROR] ApprovalRadar - 🚨 [긴급] 오늘자 식품나라 API 키가 모두 소진되었습니다. 크롤링이 중단됩니다.
2026-05-13 19:05:17,052 [ERROR] ApprovalRadar - 🚨 [긴급] 오늘자 식품나라 API 키가 모두 소진되었습니다. 크롤링이 중단됩니다.
2026-05-13 19:05:17,106 [ERROR] ApprovalRadar - 🚨 [긴급] 오늘자 식품나라 API 키가 모두 소진되었습니다. 크롤링이 중단됩니다.
2026-05-13 19:05:17,170 [ERROR] ApprovalRadar - 🚨 [긴급] 오늘자 식품나라 API 키가 모두 소진되었습니다. 크롤링이 중단됩니다.
2026-05-13 19:05:17,223 [ERROR] ApprovalRadar - 🚨 [긴급] 오늘자 식품나라 API 키가 모두 소진되었습니다. 크롤링이 중단됩니다.
2026-05-13 19:05:17,277 [ERROR] ApprovalRadar - 🚨 [긴급] 오늘자 식품나라 API 키가 모두 소진되었습니다. 크롤링이 중단됩니다.
2026-05-13 19:05:17,333 [ERROR] ApprovalRadar - 🚨 [긴급] 오늘자 식품나라 API 키가 모두 소진되었습니다. 크롤링이 중단됩니다.
2026-05-13 19:05:17,390 [ERROR] ApprovalRadar - 🚨 [긴급] 오늘자 식품나라 API 키가 모두 소진되었습니다. 크롤링이 중단됩니다.
2026-05-13 19:05:17,511 [ERROR] ApprovalRadar - 🚨 [긴급] 오늘자 식품나라 API 키가 모두 소진되었습니다. 크롤링이 중단됩니다.
2026-05-13 19:05:17,564 [ERROR] ApprovalRadar - 🚨 [긴급] 오늘자 식품나라 API 키가 모두 소진되었습니다. 크롤링이 중단됩니다.
2026-05-13 19:05:17,620 [ERROR] ApprovalRadar - 🚨 [긴급] 오늘자 식품나라 API 키가 모두 소진되었습니다. 크롤링이 중단됩니다.
2026-05-13 19:05:17,682 [ERROR] ApprovalRadar - 🚨 [긴급] 오늘자 식품나라 API 키가 모두 소진되었습니다. 크롤링이 중단됩니다.
2026-05-13 19:05:17,719 [ERROR] ApprovalRadar - 🚨 [긴급] 오늘자 식품나라 API 키가 모두 소진되었습니다. 크롤링이 중단됩니다.
2026-05-13 19:05:17,776 [ERROR] ApprovalRadar - 🚨 [긴급] 오늘자 식품나라 API 키가 모두 소진되었습니다. 크롤링이 중단됩니다.
2026-05-13 19:05:17,814 [ERROR] ApprovalRadar - 🚨 [긴급] 오늘자 식품나라 API 키가 모두 소진되었습니다. 크롤링이 중단됩니다.
2026-05-13 19:05:17,847 [ERROR] ApprovalRadar - 🚨 [긴급] 오늘자 식품나라 API 키가 모두 소진되었습니다. 크롤링이 중단됩니다.
2026-05-13 19:05:17,912 [ERROR] ApprovalRadar - 🚨 [긴급] 오늘자 식품나라 API 키가 모두 소진되었습니다. 크롤링이 중단됩니다.
2026-05-13 19:05:18,006 [ERROR] ApprovalRadar - 🚨 [긴급] 오늘자 식품나라 API 키가 모두 소진되었습니다. 크롤링이 중단됩니다.
2026-05-13 19:05:18,007 [ERROR] ApprovalRadar - Failed to fetch or update 20260324339: All API keys are exhausted for today.
2026-05-13 19:05:18,054 [ERROR] ApprovalRadar - 🚨 [긴급] 오늘자 식품나라 API 키가 모두 소진되었습니다. 크롤링이 중단됩니다.
2026-05-13 19:05:18,107 [ERROR] ApprovalRadar - 🚨 [긴급] 오늘자 식품나라 API 키가 모두 소진되었습니다. 크롤링이 중단됩니다.
2026-05-13 19:05:18,160 [ERROR] ApprovalRadar - 🚨 [긴급] 오늘자 식품나라 API 키가 모두 소진되었습니다. 크롤링이 중단됩니다.
2026-05-13 19:05:18,212 [ERROR] ApprovalRadar - 🚨 [긴급] 오늘자 식품나라 API 키가 모두 소진되었습니다. 크롤링이 중단됩니다.
2026-05-13 19:05:18,251 [ERROR] ApprovalRadar - 🚨 [긴급] 오늘자 식품나라 API 키가 모두 소진되었습니다. 크롤링이 중단됩니다.
2026-05-13 19:05:18,288 [ERROR] ApprovalRadar - 🚨 [긴급] 오늘자 식품나라 API 키가 모두 소진되었습니다. 크롤링이 중단됩니다.
2026-05-13 19:05:18,344 [ERROR] ApprovalRadar - 🚨 [긴급] 오늘자 식품나라 API 키가 모두 소진되었습니다. 크롤링이 중단됩니다.
2026-05-13 19:05:18,401 [ERROR] ApprovalRadar - 🚨 [긴급] 오늘자 식품나라 API 키가 모두 소진되었습니다. 크롤링이 중단됩니다.
2026-05-13 19:05:18,416 [ERROR] ApprovalRadar - 🚨 [긴급] 오늘자 식품나라 API 키가 모두 소진되었습니다. 크롤링이 중단됩니다.
2026-05-13 19:05:18,531 [ERROR] ApprovalRadar - 🚨 [긴급] 오늘자 식품나라 API 키가 모두 소진되었습니다. 크롤링이 중단됩니다.
2026-05-13 19:05:18,547 [ERROR] ApprovalRadar - 🚨 [긴급] 오늘자 식품나라 API 키가 모두 소진되었습니다. 크롤링이 중단됩니다.
2026-05-13 19:05:18,564 [ERROR] ApprovalRadar - 🚨 [긴급] 오늘자 식품나라 API 키가 모두 소진되었습니다. 크롤링이 중단됩니다.
2026-05-13 19:05:18,601 [ERROR] ApprovalRadar - 🚨 [긴급] 오늘자 식품나라 API 키가 모두 소진되었습니다. 크롤링이 중단됩니다.
2026-05-13 19:05:18,619 [ERROR] ApprovalRadar - 🚨 [긴급] 오늘자 식품나라 API 키가 모두 소진되었습니다. 크롤링이 중단됩니다.
2026-05-13 19:05:18,653 [ERROR] ApprovalRadar - 🚨 [긴급] 오늘자 식품나라 API 키가 모두 소진되었습니다. 크롤링이 중단됩니다.
2026-05-13 19:05:18,669 [ERROR] ApprovalRadar - 🚨 [긴급] 오늘자 식품나라 API 키가 모두 소진되었습니다. 크롤링이 중단됩니다.
2026-05-13 19:05:18,707 [ERROR] ApprovalRadar - 🚨 [긴급] 오늘자 식품나라 API 키가 모두 소진되었습니다. 크롤링이 중단됩니다.
2026-05-13 19:05:18,722 [ERROR] ApprovalRadar - 🚨 [긴급] 오늘자 식품나라 API 키가 모두 소진되었습니다. 크롤링이 중단됩니다.
2026-05-13 19:05:18,754 [ERROR] ApprovalRadar - 🚨 [긴급] 오늘자 식품나라 API 키가 모두 소진되었습니다. 크롤링이 중단됩니다.
2026-05-13 19:05:18,760 [ERROR] ApprovalRadar - 🚨 [긴급] 오늘자 식품나라 API 키가 모두 소진되었습니다. 크롤링이 중단됩니다.
2026-05-13 19:05:18,790 [ERROR] ApprovalRadar - 🚨 [긴급] 오늘자 식품나라 API 키가 모두 소진되었습니다. 크롤링이 중단됩니다.
2026-05-13 19:05:18,805 [ERROR] ApprovalRadar - 🚨 [긴급] 오늘자 식품나라 API 키가 모두 소진되었습니다. 크롤링이 중단됩니다.
2026-05-13 19:05:18,836 [ERROR] ApprovalRadar - 🚨 [긴급] 오늘자 식품나라 API 키가 모두 소진되었습니다. 크롤링이 중단됩니다.
2026-05-13 19:05:18,841 [ERROR] ApprovalRadar - 🚨 [긴급] 오늘자 식품나라 API 키가 모두 소진되었습니다. 크롤링이 중단됩니다.
2026-05-13 19:05:18,889 [ERROR] ApprovalRadar - 🚨 [긴급] 오늘자 식품나라 API 키가 모두 소진되었습니다. 크롤링이 중단됩니다.
2026-05-13 19:05:18,896 [ERROR] ApprovalRadar - 🚨 [긴급] 오늘자 식품나라 API 키가 모두 소진되었습니다. 크롤링이 중단됩니다.
2026-05-13 19:05:18,930 [ERROR] ApprovalRadar - 🚨 [긴급] 오늘자 식품나라 API 키가 모두 소진되었습니다. 크롤링이 중단됩니다.
2026-05-13 19:05:18,945 [ERROR] ApprovalRadar - 🚨 [긴급] 오늘자 식품나라 API 키가 모두 소진되었습니다. 크롤링이 중단됩니다.
2026-05-13 19:05:19,055 [ERROR] ApprovalRadar - 🚨 [긴급] 오늘자 식품나라 API 키가 모두 소진되었습니다. 크롤링이 중단됩니다.
2026-05-13 19:05:19,071 [ERROR] ApprovalRadar - 🚨 [긴급] 오늘자 식품나라 API 키가 모두 소진되었습니다. 크롤링이 중단됩니다.
2026-05-13 19:05:19,113 [ERROR] ApprovalRadar - 🚨 [긴급] 오늘자 식품나라 API 키가 모두 소진되었습니다. 크롤링이 중단됩니다.
2026-05-13 19:05:19,125 [ERROR] ApprovalRadar - 🚨 [긴급] 오늘자 식품나라 API 키가 모두 소진되었습니다. 크롤링이 중단됩니다.
2026-05-13 19:05:19,166 [ERROR] ApprovalRadar - 🚨 [긴급] 오늘자 식품나라 API 키가 모두 소진되었습니다. 크롤링이 중단됩니다.
2026-05-13 19:05:19,183 [ERROR] ApprovalRadar - 🚨 [긴급] 오늘자 식품나라 API 키가 모두 소진되었습니다. 크롤링이 중단됩니다.
2026-05-13 19:05:19,203 [ERROR] ApprovalRadar - 🚨 [긴급] 오늘자 식품나라 API 키가 모두 소진되었습니다. 크롤링이 중단됩니다.
2026-05-13 19:05:19,246 [ERROR] ApprovalRadar - 🚨 [긴급] 오늘자 식품나라 API 키가 모두 소진되었습니다. 크롤링이 중단됩니다.
2026-05-13 19:05:19,266 [ERROR] ApprovalRadar - 🚨 [긴급] 오늘자 식품나라 API 키가 모두 소진되었습니다. 크롤링이 중단됩니다.
2026-05-13 19:05:19,300 [ERROR] ApprovalRadar - 🚨 [긴급] 오늘자 식품나라 API 키가 모두 소진되었습니다. 크롤링이 중단됩니다.
2026-05-13 19:05:19,301 [ERROR] ApprovalRadar - 🚨 [긴급] 오늘자 식품나라 API 키가 모두 소진되었습니다. 크롤링이 중단됩니다.
2026-05-13 19:05:19,354 [ERROR] ApprovalRadar - 🚨 [긴급] 오늘자 식품나라 API 키가 모두 소진되었습니다. 크롤링이 중단됩니다.
2026-05-13 19:05:19,356 [ERROR] ApprovalRadar - 🚨 [긴급] 오늘자 식품나라 API 키가 모두 소진되었습니다. 크롤링이 중단됩니다.
2026-05-13 19:05:19,409 [ERROR] ApprovalRadar - 🚨 [긴급] 오늘자 식품나라 API 키가 모두 소진되었습니다. 크롤링이 중단됩니다.
2026-05-13 19:05:19,411 [ERROR] ApprovalRadar - 🚨 [긴급] 오늘자 식품나라 API 키가 모두 소진되었습니다. 크롤링이 중단됩니다.
2026-05-13 19:05:19,463 [ERROR] ApprovalRadar - 🚨 [긴급] 오늘자 식품나라 API 키가 모두 소진되었습니다. 크롤링이 중단됩니다.
2026-05-13 19:05:19,464 [ERROR] ApprovalRadar - 🚨 [긴급] 오늘자 식품나라 API 키가 모두 소진되었습니다. 크롤링이 중단됩니다.
2026-05-13 19:05:19,600 [ERROR] ApprovalRadar - 🚨 [긴급] 오늘자 식품나라 API 키가 모두 소진되었습니다. 크롤링이 중단됩니다.
2026-05-13 19:05:19,601 [ERROR] ApprovalRadar - 🚨 [긴급] 오늘자 식품나라 API 키가 모두 소진되었습니다. 크롤링이 중단됩니다.
2026-05-13 19:05:19,654 [ERROR] ApprovalRadar - 🚨 [긴급] 오늘자 식품나라 API 키가 모두 소진되었습니다. 크롤링이 중단됩니다.
2026-05-13 19:05:19,655 [ERROR] ApprovalRadar - 🚨 [긴급] 오늘자 식품나라 API 키가 모두 소진되었습니다. 크롤링이 중단됩니다.
2026-05-13 19:05:19,691 [ERROR] ApprovalRadar - 🚨 [긴급] 오늘자 식품나라 API 키가 모두 소진되었습니다. 크롤링이 중단됩니다.
2026-05-13 19:05:19,710 [ERROR] ApprovalRadar - 🚨 [긴급] 오늘자 식품나라 API 키가 모두 소진되었습니다. 크롤링이 중단됩니다.
2026-05-13 19:05:19,748 [ERROR] ApprovalRadar - 🚨 [긴급] 오늘자 식품나라 API 키가 모두 소진되었습니다. 크롤링이 중단됩니다.
2026-05-13 19:05:19,772 [ERROR] ApprovalRadar - 🚨 [긴급] 오늘자 식품나라 API 키가 모두 소진되었습니다. 크롤링이 중단됩니다.
2026-05-13 19:05:19,790 [ERROR] ApprovalRadar - 🚨 [긴급] 오늘자 식품나라 API 키가 모두 소진되었습니다. 크롤링이 중단됩니다.
2026-05-13 19:05:19,808 [ERROR] ApprovalRadar - 🚨 [긴급] 오늘자 식품나라 API 키가 모두 소진되었습니다. 크롤링이 중단됩니다.
2026-05-13 19:05:19,846 [ERROR] ApprovalRadar - 🚨 [긴급] 오늘자 식품나라 API 키가 모두 소진되었습니다. 크롤링이 중단됩니다.
2026-05-13 19:05:19,862 [ERROR] ApprovalRadar - 🚨 [긴급] 오늘자 식품나라 API 키가 모두 소진되었습니다. 크롤링이 중단됩니다.
2026-05-13 19:05:19,878 [ERROR] ApprovalRadar - 🚨 [긴급] 오늘자 식품나라 API 키가 모두 소진되었습니다. 크롤링이 중단됩니다.
2026-05-13 19:05:19,914 [ERROR] ApprovalRadar - 🚨 [긴급] 오늘자 식품나라 API 키가 모두 소진되었습니다. 크롤링이 중단됩니다.
2026-05-13 19:05:19,931 [ERROR] ApprovalRadar - 🚨 [긴급] 오늘자 식품나라 API 키가 모두 소진되었습니다. 크롤링이 중단됩니다.
2026-05-13 19:05:19,975 [ERROR] ApprovalRadar - 🚨 [긴급] 오늘자 식품나라 API 키가 모두 소진되었습니다. 크롤링이 중단됩니다.
2026-05-13 19:05:19,989 [ERROR] ApprovalRadar - 🚨 [긴급] 오늘자 식품나라 API 키가 모두 소진되었습니다. 크롤링이 중단됩니다.
2026-05-13 19:05:20,014 [ERROR] ApprovalRadar - 🚨 [긴급] 오늘자 식품나라 API 키가 모두 소진되었습니다. 크롤링이 중단됩니다.
2026-05-13 19:05:20,121 [ERROR] ApprovalRadar - 🚨 [긴급] 오늘자 식품나라 API 키가 모두 소진되었습니다. 크롤링이 중단됩니다.
2026-05-13 19:05:20,128 [ERROR] ApprovalRadar - 🚨 [긴급] 오늘자 식품나라 API 키가 모두 소진되었습니다. 크롤링이 중단됩니다.
2026-05-13 19:05:20,183 [ERROR] ApprovalRadar - 🚨 [긴급] 오늘자 식품나라 API 키가 모두 소진되었습니다. 크롤링이 중단됩니다.
2026-05-13 19:05:20,187 [ERROR] ApprovalRadar - 🚨 [긴급] 오늘자 식품나라 API 키가 모두 소진되었습니다. 크롤링이 중단됩니다.
2026-05-13 19:05:20,218 [ERROR] ApprovalRadar - 🚨 [긴급] 오늘자 식품나라 API 키가 모두 소진되었습니다. 크롤링이 중단됩니다.
2026-05-13 19:05:20,240 [ERROR] ApprovalRadar - 🚨 [긴급] 오늘자 식품나라 API 키가 모두 소진되었습니다. 크롤링이 중단됩니다.
2026-05-13 19:05:20,286 [ERROR] ApprovalRadar - 🚨 [긴급] 오늘자 식품나라 API 키가 모두 소진되었습니다. 크롤링이 중단됩니다.
2026-05-13 19:05:20,292 [ERROR] ApprovalRadar - 🚨 [긴급] 오늘자 식품나라 API 키가 모두 소진되었습니다. 크롤링이 중단됩니다.
2026-05-13 19:05:20,328 [ERROR] ApprovalRadar - 🚨 [긴급] 오늘자 식품나라 API 키가 모두 소진되었습니다. 크롤링이 중단됩니다.
2026-05-13 19:05:20,347 [ERROR] ApprovalRadar - 🚨 [긴급] 오늘자 식품나라 API 키가 모두 소진되었습니다. 크롤링이 중단됩니다.
2026-05-13 19:05:20,367 [ERROR] ApprovalRadar - 🚨 [긴급] 오늘자 식품나라 API 키가 모두 소진되었습니다. 크롤링이 중단됩니다.
2026-05-13 19:05:20,403 [ERROR] ApprovalRadar - 🚨 [긴급] 오늘자 식품나라 API 키가 모두 소진되었습니다. 크롤링이 중단됩니다.
2026-05-13 19:05:20,427 [ERROR] ApprovalRadar - 🚨 [긴급] 오늘자 식품나라 API 키가 모두 소진되었습니다. 크롤링이 중단됩니다.
2026-05-13 19:05:20,459 [ERROR] ApprovalRadar - 🚨 [긴급] 오늘자 식품나라 API 키가 모두 소진되었습니다. 크롤링이 중단됩니다.
2026-05-13 19:05:20,485 [ERROR] ApprovalRadar - 🚨 [긴급] 오늘자 식품나라 API 키가 모두 소진되었습니다. 크롤링이 중단됩니다.
2026-05-13 19:05:20,512 [ERROR] ApprovalRadar - 🚨 [긴급] 오늘자 식품나라 API 키가 모두 소진되었습니다. 크롤링이 중단됩니다.
2026-05-13 19:05:20,535 [ERROR] ApprovalRadar - 🚨 [긴급] 오늘자 식품나라 API 키가 모두 소진되었습니다. 크롤링이 중단됩니다.
2026-05-13 19:05:20,645 [ERROR] ApprovalRadar - 🚨 [긴급] 오늘자 식품나라 API 키가 모두 소진되었습니다. 크롤링이 중단됩니다.
2026-05-13 19:05:20,659 [ERROR] ApprovalRadar - 🚨 [긴급] 오늘자 식품나라 API 키가 모두 소진되었습니다. 크롤링이 중단됩니다.
2026-05-13 19:05:20,699 [ERROR] ApprovalRadar - 🚨 [긴급] 오늘자 식품나라 API 키가 모두 소진되었습니다. 크롤링이 중단됩니다.
2026-05-13 19:05:20,719 [ERROR] ApprovalRadar - 🚨 [긴급] 오늘자 식품나라 API 키가 모두 소진되었습니다. 크롤링이 중단됩니다.
2026-05-13 19:05:20,755 [ERROR] ApprovalRadar - 🚨 [긴급] 오늘자 식품나라 API 키가 모두 소진되었습니다. 크롤링이 중단됩니다.
2026-05-13 19:05:20,775 [ERROR] ApprovalRadar - 🚨 [긴급] 오늘자 식품나라 API 키가 모두 소진되었습니다. 크롤링이 중단됩니다.
2026-05-13 19:05:20,812 [ERROR] ApprovalRadar - 🚨 [긴급] 오늘자 식품나라 API 키가 모두 소진되었습니다. 크롤링이 중단됩니다.
2026-05-13 19:05:20,831 [ERROR] ApprovalRadar - 🚨 [긴급] 오늘자 식품나라 API 키가 모두 소진되었습니다. 크롤링이 중단됩니다.
2026-05-13 19:05:20,864 [ERROR] ApprovalRadar - 🚨 [긴급] 오늘자 식품나라 API 키가 모두 소진되었습니다. 크롤링이 중단됩니다.
2026-05-13 19:05:20,883 [ERROR] ApprovalRadar - 🚨 [긴급] 오늘자 식품나라 API 키가 모두 소진되었습니다. 크롤링이 중단됩니다.
2026-05-13 19:05:20,917 [ERROR] ApprovalRadar - 🚨 [긴급] 오늘자 식품나라 API 키가 모두 소진되었습니다. 크롤링이 중단됩니다.
2026-05-13 19:05:20,940 [ERROR] ApprovalRadar - 🚨 [긴급] 오늘자 식품나라 API 키가 모두 소진되었습니다. 크롤링이 중단됩니다.
2026-05-13 19:05:20,975 [ERROR] ApprovalRadar - 🚨 [긴급] 오늘자 식품나라 API 키가 모두 소진되었습니다. 크롤링이 중단됩니다.
2026-05-13 19:05:20,999 [ERROR] ApprovalRadar - 🚨 [긴급] 오늘자 식품나라 API 키가 모두 소진되었습니다. 크롤링이 중단됩니다.
2026-05-13 19:05:21,016 [ERROR] ApprovalRadar - 🚨 [긴급] 오늘자 식품나라 API 키가 모두 소진되었습니다. 크롤링이 중단됩니다.
2026-05-13 19:05:21,035 [ERROR] ApprovalRadar - 🚨 [긴급] 오늘자 식품나라 API 키가 모두 소진되었습니다. 크롤링이 중단됩니다.
2026-05-13 19:05:21,153 [ERROR] ApprovalRadar - 🚨 [긴급] 오늘자 식품나라 API 키가 모두 소진되었습니다. 크롤링이 중단됩니다.
2026-05-13 19:05:21,153 [ERROR] ApprovalRadar - 🚨 [긴급] 오늘자 식품나라 API 키가 모두 소진되었습니다. 크롤링이 중단됩니다.
2026-05-13 19:05:21,154 [ERROR] ApprovalRadar - Failed to fetch or update 20260324360: All API keys are exhausted for today.
2026-05-13 19:05:21,169 [ERROR] ApprovalRadar - 🚨 [긴급] 오늘자 식품나라 API 키가 모두 소진되었습니다. 크롤링이 중단됩니다.
2026-05-13 19:05:21,204 [ERROR] ApprovalRadar - 🚨 [긴급] 오늘자 식품나라 API 키가 모두 소진되었습니다. 크롤링이 중단됩니다.
2026-05-13 19:05:21,222 [ERROR] ApprovalRadar - 🚨 [긴급] 오늘자 식품나라 API 키가 모두 소진되었습니다. 크롤링이 중단됩니다.
2026-05-13 19:05:21,256 [ERROR] ApprovalRadar - 🚨 [긴급] 오늘자 식품나라 API 키가 모두 소진되었습니다. 크롤링이 중단됩니다.
2026-05-13 19:05:21,275 [ERROR] ApprovalRadar - 🚨 [긴급] 오늘자 식품나라 API 키가 모두 소진되었습니다. 크롤링이 중단됩니다.
2026-05-13 19:05:21,311 [ERROR] ApprovalRadar - 🚨 [긴급] 오늘자 식품나라 API 키가 모두 소진되었습니다. 크롤링이 중단됩니다.
2026-05-13 19:05:21,328 [ERROR] ApprovalRadar - 🚨 [긴급] 오늘자 식품나라 API 키가 모두 소진되었습니다. 크롤링이 중단됩니다.
2026-05-13 19:05:21,364 [ERROR] ApprovalRadar - 🚨 [긴급] 오늘자 식품나라 API 키가 모두 소진되었습니다. 크롤링이 중단됩니다.
2026-05-13 19:05:21,366 [ERROR] ApprovalRadar - 🚨 [긴급] 오늘자 식품나라 API 키가 모두 소진되었습니다. 크롤링이 중단됩니다.
2026-05-13 19:05:21,397 [ERROR] ApprovalRadar - 🚨 [긴급] 오늘자 식품나라 API 키가 모두 소진되었습니다. 크롤링이 중단됩니다.
2026-05-13 19:05:21,414 [ERROR] ApprovalRadar - 🚨 [긴급] 오늘자 식품나라 API 키가 모두 소진되었습니다. 크롤링이 중단됩니다.
2026-05-13 19:05:21,429 [ERROR] ApprovalRadar - 🚨 [긴급] 오늘자 식품나라 API 키가 모두 소진되었습니다. 크롤링이 중단됩니다.
2026-05-13 19:05:21,470 [ERROR] ApprovalRadar - 🚨 [긴급] 오늘자 식품나라 API 키가 모두 소진되었습니다. 크롤링이 중단됩니다.
2026-05-13 19:05:21,479 [ERROR] ApprovalRadar - 🚨 [긴급] 오늘자 식품나라 API 키가 모두 소진되었습니다. 크롤링이 중단됩니다.
2026-05-13 19:05:21,505 [ERROR] ApprovalRadar - 🚨 [긴급] 오늘자 식품나라 API 키가 모두 소진되었습니다. 크롤링이 중단됩니다.
2026-05-13 19:05:21,535 [ERROR] ApprovalRadar - 🚨 [긴급] 오늘자 식품나라 API 키가 모두 소진되었습니다. 크롤링이 중단됩니다.
2026-05-13 19:05:21,567 [ERROR] ApprovalRadar - 🚨 [긴급] 오늘자 식품나라 API 키가 모두 소진되었습니다. 크롤링이 중단됩니다.
2026-05-13 19:05:21,677 [ERROR] ApprovalRadar - 🚨 [긴급] 오늘자 식품나라 API 키가 모두 소진되었습니다. 크롤링이 중단됩니다.
2026-05-13 19:05:21,694 [ERROR] ApprovalRadar - 🚨 [긴급] 오늘자 식품나라 API 키가 모두 소진되었습니다. 크롤링이 중단됩니다.
2026-05-13 19:05:21,730 [ERROR] ApprovalRadar - 🚨 [긴급] 오늘자 식품나라 API 키가 모두 소진되었습니다. 크롤링이 중단됩니다.
2026-05-13 19:05:21,748 [ERROR] ApprovalRadar - 🚨 [긴급] 오늘자 식품나라 API 키가 모두 소진되었습니다. 크롤링이 중단됩니다.
2026-05-13 19:05:21,783 [ERROR] ApprovalRadar - 🚨 [긴급] 오늘자 식품나라 API 키가 모두 소진되었습니다. 크롤링이 중단됩니다.
2026-05-13 19:05:21,784 [ERROR] ApprovalRadar - 🚨 [긴급] 오늘자 식품나라 API 키가 모두 소진되었습니다. 크롤링이 중단됩니다.
2026-05-13 19:05:21,836 [ERROR] ApprovalRadar - 🚨 [긴급] 오늘자 식품나라 API 키가 모두 소진되었습니다. 크롤링이 중단됩니다.
2026-05-13 19:05:21,838 [ERROR] ApprovalRadar - 🚨 [긴급] 오늘자 식품나라 API 키가 모두 소진되었습니다. 크롤링이 중단됩니다.
2026-05-13 19:05:21,891 [ERROR] ApprovalRadar - 🚨 [긴급] 오늘자 식품나라 API 키가 모두 소진되었습니다. 크롤링이 중단됩니다.
2026-05-13 19:05:21,893 [ERROR] ApprovalRadar - 🚨 [긴급] 오늘자 식품나라 API 키가 모두 소진되었습니다. 크롤링이 중단됩니다.
2026-05-13 19:05:21,927 [ERROR] ApprovalRadar - 🚨 [긴급] 오늘자 식품나라 API 키가 모두 소진되었습니다. 크롤링이 중단됩니다.
2026-05-13 19:05:21,950 [ERROR] ApprovalRadar - 🚨 [긴급] 오늘자 식품나라 API 키가 모두 소진되었습니다. 크롤링이 중단됩니다.
2026-05-13 19:05:21,969 [ERROR] ApprovalRadar - 🚨 [긴급] 오늘자 식품나라 API 키가 모두 소진되었습니다. 크롤링이 중단됩니다.
2026-05-13 19:05:22,029 [ERROR] ApprovalRadar - 🚨 [긴급] 오늘자 식품나라 API 키가 모두 소진되었습니다. 크롤링이 중단됩니다.
2026-05-13 19:05:22,030 [ERROR] ApprovalRadar - 🚨 [긴급] 오늘자 식품나라 API 키가 모두 소진되었습니다. 크롤링이 중단됩니다.
2026-05-13 19:05:22,083 [ERROR] ApprovalRadar - 🚨 [긴급] 오늘자 식품나라 API 키가 모두 소진되었습니다. 크롤링이 중단됩니다.
2026-05-13 19:05:22,084 [ERROR] ApprovalRadar - 🚨 [긴급] 오늘자 식품나라 API 키가 모두 소진되었습니다. 크롤링이 중단됩니다.
2026-05-13 19:05:22,221 [ERROR] ApprovalRadar - 🚨 [긴급] 오늘자 식품나라 API 키가 모두 소진되었습니다. 크롤링이 중단됩니다.
2026-05-13 19:05:22,222 [ERROR] ApprovalRadar - 🚨 [긴급] 오늘자 식품나라 API 키가 모두 소진되었습니다. 크롤링이 중단됩니다.
2026-05-13 19:05:22,281 [ERROR] ApprovalRadar - 🚨 [긴급] 오늘자 식품나라 API 키가 모두 소진되었습니다. 크롤링이 중단됩니다.
2026-05-13 19:05:22,284 [ERROR] ApprovalRadar - 🚨 [긴급] 오늘자 식품나라 API 키가 모두 소진되었습니다. 크롤링이 중단됩니다.
2026-05-13 19:05:22,317 [ERROR] ApprovalRadar - 🚨 [긴급] 오늘자 식품나라 API 키가 모두 소진되었습니다. 크롤링이 중단됩니다.
2026-05-13 19:05:22,341 [ERROR] ApprovalRadar - 🚨 [긴급] 오늘자 식품나라 API 키가 모두 소진되었습니다. 크롤링이 중단됩니다.
2026-05-13 19:05:22,369 [ERROR] ApprovalRadar - 🚨 [긴급] 오늘자 식품나라 API 키가 모두 소진되었습니다. 크롤링이 중단됩니다.
2026-05-13 19:05:22,384 [ERROR] ApprovalRadar - 🚨 [긴급] 오늘자 식품나라 API 키가 모두 소진되었습니다. 크롤링이 중단됩니다.
2026-05-13 19:05:22,433 [ERROR] ApprovalRadar - 🚨 [긴급] 오늘자 식품나라 API 키가 모두 소진되었습니다. 크롤링이 중단됩니다.
2026-05-13 19:05:22,438 [ERROR] ApprovalRadar - 🚨 [긴급] 오늘자 식품나라 API 키가 모두 소진되었습니다. 크롤링이 중단됩니다.
2026-05-13 19:05:22,488 [ERROR] ApprovalRadar - 🚨 [긴급] 오늘자 식품나라 API 키가 모두 소진되었습니다. 크롤링이 중단됩니다.
2026-05-13 19:05:22,489 [ERROR] ApprovalRadar - ❌ I2500 크롤러 스케줄 작업 중 치명적인 오류 발생: All API keys are exhausted for today.
2026-05-13 19:05:24,197 [ERROR] ApprovalRadar - 🚨 [긴급] 오늘자 식품나라 API 키가 모두 소진되었습니다. 크롤링이 중단됩니다.
2026-05-13 19:05:24,198 [ERROR] ApprovalRadar - Failed to fetch or update 20260240302: All API keys are exhausted for today.
2026-05-13 19:05:24,198 [INFO] ApprovalRadar - [진척도] 400/2403 처리 완료 (성공: 0, 실패: 400)
2026-05-13 19:05:27,265 [ERROR] ApprovalRadar - 🚨 [긴급] 오늘자 식품나라 API 키가 모두 소진되었습니다. 크롤링이 중단됩니다.
2026-05-13 19:05:27,266 [ERROR] ApprovalRadar - Failed to fetch or update 20220493228: All API keys are exhausted for today.
2026-05-13 19:05:30,335 [ERROR] ApprovalRadar - 🚨 [긴급] 오늘자 식품나라 API 키가 모두 소진되었습니다. 크롤링이 중단됩니다.
2026-05-13 19:05:30,338 [ERROR] ApprovalRadar - Failed to fetch or update 20200374117: All API keys are exhausted for today.
2026-05-13 19:05:33,381 [ERROR] ApprovalRadar - 🚨 [긴급] 오늘자 식품나라 API 키가 모두 소진되었습니다. 크롤링이 중단됩니다.
2026-05-13 19:05:33,383 [ERROR] ApprovalRadar - Failed to fetch or update 20260558733: All API keys are exhausted for today.
2026-05-13 19:05:36,422 [ERROR] ApprovalRadar - 🚨 [긴급] 오늘자 식품나라 API 키가 모두 소진되었습니다. 크롤링이 중단됩니다.
2026-05-13 19:05:36,423 [ERROR] ApprovalRadar - Failed to fetch or update 20260481202: All API keys are exhausted for today.
2026-05-13 19:05:39,553 [ERROR] ApprovalRadar - 🚨 [긴급] 오늘자 식품나라 API 키가 모두 소진되었습니다. 크롤링이 중단됩니다.
2026-05-13 19:05:39,555 [ERROR] ApprovalRadar - Failed to fetch or update 20260400115: All API keys are exhausted for today.
2026-05-13 19:05:42,697 [ERROR] ApprovalRadar - 🚨 [긴급] 오늘자 식품나라 API 키가 모두 소진되었습니다. 크롤링이 중단됩니다.
2026-05-13 19:05:42,700 [ERROR] ApprovalRadar - Failed to fetch or update 20260517539: All API keys are exhausted for today.
2026-05-13 19:05:45,842 [ERROR] ApprovalRadar - 🚨 [긴급] 오늘자 식품나라 API 키가 모두 소진되었습니다. 크롤링이 중단됩니다.
2026-05-13 19:05:45,844 [ERROR] ApprovalRadar - Failed to fetch or update 20260546867: All API keys are exhausted for today.
2026-05-13 19:05:48,996 [ERROR] ApprovalRadar - 🚨 [긴급] 오늘자 식품나라 API 키가 모두 소진되었습니다. 크롤링이 중단됩니다.
2026-05-13 19:05:48,997 [ERROR] ApprovalRadar - Failed to fetch or update 20260546868: All API keys are exhausted for today.
2026-05-13 19:05:52,133 [ERROR] ApprovalRadar - 🚨 [긴급] 오늘자 식품나라 API 키가 모두 소진되었습니다. 크롤링이 중단됩니다.
2026-05-13 19:05:52,134 [ERROR] ApprovalRadar - Failed to fetch or update 20260403596: All API keys are exhausted for today.
2026-05-13 19:05:55,278 [ERROR] ApprovalRadar - 🚨 [긴급] 오늘자 식품나라 API 키가 모두 소진되었습니다. 크롤링이 중단됩니다.
2026-05-13 19:05:55,278 [ERROR] ApprovalRadar - Failed to fetch or update 20260382256: All API keys are exhausted for today.
2026-05-13 19:05:58,406 [ERROR] ApprovalRadar - 🚨 [긴급] 오늘자 식품나라 API 키가 모두 소진되었습니다. 크롤링이 중단됩니다.
2026-05-13 19:05:58,408 [ERROR] ApprovalRadar - Failed to fetch or update 20260504086: All API keys are exhausted for today.
2026-05-13 19:06:01,538 [ERROR] ApprovalRadar - 🚨 [긴급] 오늘자 식품나라 API 키가 모두 소진되었습니다. 크롤링이 중단됩니다.
2026-05-13 19:06:01,540 [ERROR] ApprovalRadar - Failed to fetch or update 20260400116: All API keys are exhausted for today.
2026-05-13 19:06:04,682 [ERROR] ApprovalRadar - 🚨 [긴급] 오늘자 식품나라 API 키가 모두 소진되었습니다. 크롤링이 중단됩니다.
2026-05-13 19:06:04,684 [ERROR] ApprovalRadar - Failed to fetch or update 20260585414: All API keys are exhausted for today.
2026-05-13 19:06:07,833 [ERROR] ApprovalRadar - 🚨 [긴급] 오늘자 식품나라 API 키가 모두 소진되었습니다. 크롤링이 중단됩니다.
2026-05-13 19:06:07,834 [ERROR] ApprovalRadar - Failed to fetch or update 20260971809: All API keys are exhausted for today.
2026-05-13 19:06:10,959 [ERROR] ApprovalRadar - 🚨 [긴급] 오늘자 식품나라 API 키가 모두 소진되었습니다. 크롤링이 중단됩니다.
2026-05-13 19:06:10,961 [ERROR] ApprovalRadar - Failed to fetch or update 20260713288: All API keys are exhausted for today.
2026-05-13 19:06:14,017 [ERROR] ApprovalRadar - 🚨 [긴급] 오늘자 식품나라 API 키가 모두 소진되었습니다. 크롤링이 중단됩니다.
2026-05-13 19:06:14,018 [ERROR] ApprovalRadar - Failed to fetch or update 20260104548: All API keys are exhausted for today.
2026-05-13 19:06:17,067 [ERROR] ApprovalRadar - 🚨 [긴급] 오늘자 식품나라 API 키가 모두 소진되었습니다. 크롤링이 중단됩니다.
2026-05-13 19:06:17,069 [ERROR] ApprovalRadar - Failed to fetch or update 20260045049: All API keys are exhausted for today.
2026-05-13 19:06:20,137 [ERROR] ApprovalRadar - 🚨 [긴급] 오늘자 식품나라 API 키가 모두 소진되었습니다. 크롤링이 중단됩니다.
2026-05-13 19:06:20,140 [ERROR] ApprovalRadar - Failed to fetch or update 20260040290: All API keys are exhausted for today.
2026-05-13 19:06:23,190 [ERROR] ApprovalRadar - 🚨 [긴급] 오늘자 식품나라 API 키가 모두 소진되었습니다. 크롤링이 중단됩니다.
2026-05-13 19:06:23,193 [ERROR] ApprovalRadar - Failed to fetch or update 20260746348: All API keys are exhausted for today.
2026-05-13 19:06:26,270 [ERROR] ApprovalRadar - 🚨 [긴급] 오늘자 식품나라 API 키가 모두 소진되었습니다. 크롤링이 중단됩니다.
2026-05-13 19:06:26,271 [ERROR] ApprovalRadar - Failed to fetch or update 20260926344: All API keys are exhausted for today.
2026-05-13 19:06:29,355 [ERROR] ApprovalRadar - 🚨 [긴급] 오늘자 식품나라 API 키가 모두 소진되었습니다. 크롤링이 중단됩니다.
2026-05-13 19:06:29,356 [ERROR] ApprovalRadar - Failed to fetch or update 20210596161: All API keys are exhausted for today.
2026-05-13 19:06:32,468 [ERROR] ApprovalRadar - 🚨 [긴급] 오늘자 식품나라 API 키가 모두 소진되었습니다. 크롤링이 중단됩니다.
2026-05-13 19:06:32,469 [ERROR] ApprovalRadar - Failed to fetch or update 20260955049: All API keys are exhausted for today.
2026-05-13 19:06:35,596 [ERROR] ApprovalRadar - 🚨 [긴급] 오늘자 식품나라 API 키가 모두 소진되었습니다. 크롤링이 중단됩니다.
2026-05-13 19:06:35,597 [ERROR] ApprovalRadar - Failed to fetch or update 20260688148: All API keys are exhausted for today.
2026-05-13 19:06:38,740 [ERROR] ApprovalRadar - 🚨 [긴급] 오늘자 식품나라 API 키가 모두 소진되었습니다. 크롤링이 중단됩니다.
2026-05-13 19:06:38,742 [ERROR] ApprovalRadar - Failed to fetch or update 20260324377: All API keys are exhausted for today.
2026-05-13 19:06:41,804 [ERROR] ApprovalRadar - 🚨 [긴급] 오늘자 식품나라 API 키가 모두 소진되었습니다. 크롤링이 중단됩니다.
2026-05-13 19:06:41,807 [ERROR] ApprovalRadar - Failed to fetch or update 20260211158: All API keys are exhausted for today.
2026-05-13 19:06:44,872 [ERROR] ApprovalRadar - 🚨 [긴급] 오늘자 식품나라 API 키가 모두 소진되었습니다. 크롤링이 중단됩니다.
2026-05-13 19:06:44,874 [ERROR] ApprovalRadar - Failed to fetch or update 20260606361: All API keys are exhausted for today.
2026-05-13 19:06:47,943 [ERROR] ApprovalRadar - 🚨 [긴급] 오늘자 식품나라 API 키가 모두 소진되었습니다. 크롤링이 중단됩니다.
2026-05-13 19:06:47,944 [ERROR] ApprovalRadar - Failed to fetch or update 20260333200: All API keys are exhausted for today.
2026-05-13 19:06:51,012 [ERROR] ApprovalRadar - 🚨 [긴급] 오늘자 식품나라 API 키가 모두 소진되었습니다. 크롤링이 중단됩니다.
2026-05-13 19:06:51,013 [ERROR] ApprovalRadar - Failed to fetch or update 20260861445: All API keys are exhausted for today.
2026-05-13 19:06:54,063 [ERROR] ApprovalRadar - 🚨 [긴급] 오늘자 식품나라 API 키가 모두 소진되었습니다. 크롤링이 중단됩니다.
2026-05-13 19:06:54,064 [ERROR] ApprovalRadar - Failed to fetch or update 20260721164: All API keys are exhausted for today.
2026-05-13 19:06:57,125 [ERROR] ApprovalRadar - 🚨 [긴급] 오늘자 식품나라 API 키가 모두 소진되었습니다. 크롤링이 중단됩니다.
2026-05-13 19:06:57,126 [ERROR] ApprovalRadar - Failed to fetch or update 20260324365: All API keys are exhausted for today.
2026-05-13 19:07:00,259 [ERROR] ApprovalRadar - 🚨 [긴급] 오늘자 식품나라 API 키가 모두 소진되었습니다. 크롤링이 중단됩니다.
2026-05-13 19:07:00,259 [ERROR] ApprovalRadar - Failed to fetch or update 20260189151: All API keys are exhausted for today.
2026-05-13 19:07:03,388 [ERROR] ApprovalRadar - 🚨 [긴급] 오늘자 식품나라 API 키가 모두 소진되었습니다. 크롤링이 중단됩니다.
2026-05-13 19:07:03,390 [ERROR] ApprovalRadar - Failed to fetch or update 20260820066: All API keys are exhausted for today.
2026-05-13 19:07:06,537 [ERROR] ApprovalRadar - 🚨 [긴급] 오늘자 식품나라 API 키가 모두 소진되었습니다. 크롤링이 중단됩니다.
2026-05-13 19:07:06,540 [ERROR] ApprovalRadar - Failed to fetch or update 20260801229: All API keys are exhausted for today.
2026-05-13 19:07:09,696 [ERROR] ApprovalRadar - 🚨 [긴급] 오늘자 식품나라 API 키가 모두 소진되었습니다. 크롤링이 중단됩니다.
2026-05-13 19:07:09,697 [ERROR] ApprovalRadar - Failed to fetch or update 20260795226: All API keys are exhausted for today.
2026-05-13 19:07:12,847 [ERROR] ApprovalRadar - 🚨 [긴급] 오늘자 식품나라 API 키가 모두 소진되었습니다. 크롤링이 중단됩니다.
2026-05-13 19:07:12,848 [ERROR] ApprovalRadar - Failed to fetch or update 20260909201: All API keys are exhausted for today.
2026-05-13 19:07:15,883 [ERROR] ApprovalRadar - 🚨 [긴급] 오늘자 식품나라 API 키가 모두 소진되었습니다. 크롤링이 중단됩니다.
2026-05-13 19:07:15,884 [ERROR] ApprovalRadar - Failed to fetch or update 20260953076: All API keys are exhausted for today.
2026-05-13 19:07:18,944 [ERROR] ApprovalRadar - 🚨 [긴급] 오늘자 식품나라 API 키가 모두 소진되었습니다. 크롤링이 중단됩니다.
2026-05-13 19:07:18,945 [ERROR] ApprovalRadar - Failed to fetch or update 20260926376: All API keys are exhausted for today.
2026-05-13 19:07:21,993 [ERROR] ApprovalRadar - 🚨 [긴급] 오늘자 식품나라 API 키가 모두 소진되었습니다. 크롤링이 중단됩니다.
2026-05-13 19:07:21,994 [ERROR] ApprovalRadar - Failed to fetch or update 20260707287: All API keys are exhausted for today.
2026-05-13 19:07:25,040 [ERROR] ApprovalRadar - 🚨 [긴급] 오늘자 식품나라 API 키가 모두 소진되었습니다. 크롤링이 중단됩니다.
2026-05-13 19:07:25,041 [ERROR] ApprovalRadar - Failed to fetch or update 20260324370: All API keys are exhausted for today.
2026-05-13 19:07:28,109 [ERROR] ApprovalRadar - 🚨 [긴급] 오늘자 식품나라 API 키가 모두 소진되었습니다. 크롤링이 중단됩니다.
2026-05-13 19:07:28,111 [ERROR] ApprovalRadar - Failed to fetch or update 20260861446: All API keys are exhausted for today.
2026-05-13 19:07:31,209 [ERROR] ApprovalRadar - 🚨 [긴급] 오늘자 식품나라 API 키가 모두 소진되었습니다. 크롤링이 중단됩니다.
2026-05-13 19:07:31,211 [ERROR] ApprovalRadar - Failed to fetch or update 20260901070: All API keys are exhausted for today.
2026-05-13 19:07:34,336 [ERROR] ApprovalRadar - 🚨 [긴급] 오늘자 식품나라 API 키가 모두 소진되었습니다. 크롤링이 중단됩니다.
2026-05-13 19:07:34,338 [ERROR] ApprovalRadar - Failed to fetch or update 20240093159: All API keys are exhausted for today.
2026-05-13 19:07:37,377 [ERROR] ApprovalRadar - 🚨 [긴급] 오늘자 식품나라 API 키가 모두 소진되었습니다. 크롤링이 중단됩니다.
2026-05-13 19:07:37,380 [ERROR] ApprovalRadar - Failed to fetch or update 20240046079: All API keys are exhausted for today.
2026-05-13 19:07:40,436 [ERROR] ApprovalRadar - 🚨 [긴급] 오늘자 식품나라 API 키가 모두 소진되었습니다. 크롤링이 중단됩니다.
2026-05-13 19:07:40,439 [ERROR] ApprovalRadar - Failed to fetch or update 20260108692: All API keys are exhausted for today.
2026-05-13 19:07:43,528 [ERROR] ApprovalRadar - 🚨 [긴급] 오늘자 식품나라 API 키가 모두 소진되었습니다. 크롤링이 중단됩니다.
2026-05-13 19:07:43,529 [ERROR] ApprovalRadar - Failed to fetch or update 20260084445: All API keys are exhausted for today.
2026-05-13 19:07:46,605 [ERROR] ApprovalRadar - 🚨 [긴급] 오늘자 식품나라 API 키가 모두 소진되었습니다. 크롤링이 중단됩니다.
2026-05-13 19:07:46,607 [ERROR] ApprovalRadar - Failed to fetch or update 20220335407: All API keys are exhausted for today.
2026-05-13 19:07:49,645 [ERROR] ApprovalRadar - 🚨 [긴급] 오늘자 식품나라 API 키가 모두 소진되었습니다. 크롤링이 중단됩니다.
2026-05-13 19:07:49,646 [ERROR] ApprovalRadar - Failed to fetch or update 20260736175: All API keys are exhausted for today.
2026-05-13 19:07:52,730 [ERROR] ApprovalRadar - 🚨 [긴급] 오늘자 식품나라 API 키가 모두 소진되었습니다. 크롤링이 중단됩니다.
2026-05-13 19:07:52,731 [ERROR] ApprovalRadar - Failed to fetch or update 20260971810: All API keys are exhausted for today.
2026-05-13 19:07:55,870 [ERROR] ApprovalRadar - 🚨 [긴급] 오늘자 식품나라 API 키가 모두 소진되었습니다. 크롤링이 중단됩니다.
2026-05-13 19:07:55,871 [ERROR] ApprovalRadar - Failed to fetch or update 20260920140: All API keys are exhausted for today.
2026-05-13 19:07:59,016 [ERROR] ApprovalRadar - 🚨 [긴급] 오늘자 식품나라 API 키가 모두 소진되었습니다. 크롤링이 중단됩니다.
2026-05-13 19:07:59,018 [ERROR] ApprovalRadar - Failed to fetch or update 20260192631: All API keys are exhausted for today.
2026-05-13 19:08:02,162 [ERROR] ApprovalRadar - 🚨 [긴급] 오늘자 식품나라 API 키가 모두 소진되었습니다. 크롤링이 중단됩니다.
2026-05-13 19:08:02,163 [ERROR] ApprovalRadar - Failed to fetch or update 20240594555: All API keys are exhausted for today.
2026-05-13 19:08:05,302 [ERROR] ApprovalRadar - 🚨 [긴급] 오늘자 식품나라 API 키가 모두 소진되었습니다. 크롤링이 중단됩니다.
2026-05-13 19:08:05,303 [ERROR] ApprovalRadar - Failed to fetch or update 20260614342: All API keys are exhausted for today.
2026-05-13 19:08:08,449 [ERROR] ApprovalRadar - 🚨 [긴급] 오늘자 식품나라 API 키가 모두 소진되었습니다. 크롤링이 중단됩니다.
2026-05-13 19:08:08,451 [ERROR] ApprovalRadar - Failed to fetch or update 20260818069: All API keys are exhausted for today.
2026-05-13 19:08:11,593 [ERROR] ApprovalRadar - 🚨 [긴급] 오늘자 식품나라 API 키가 모두 소진되었습니다. 크롤링이 중단됩니다.
2026-05-13 19:08:11,594 [ERROR] ApprovalRadar - Failed to fetch or update 20260795209: All API keys are exhausted for today.
2026-05-13 19:08:14,749 [ERROR] ApprovalRadar - 🚨 [긴급] 오늘자 식품나라 API 키가 모두 소진되었습니다. 크롤링이 중단됩니다.
2026-05-13 19:08:14,750 [ERROR] ApprovalRadar - Failed to fetch or update 20260576137: All API keys are exhausted for today.
2026-05-13 19:08:17,884 [ERROR] ApprovalRadar - 🚨 [긴급] 오늘자 식품나라 API 키가 모두 소진되었습니다. 크롤링이 중단됩니다.
2026-05-13 19:08:17,885 [ERROR] ApprovalRadar - Failed to fetch or update 20260582561: All API keys are exhausted for today.
2026-05-13 19:08:21,020 [ERROR] ApprovalRadar - 🚨 [긴급] 오늘자 식품나라 API 키가 모두 소진되었습니다. 크롤링이 중단됩니다.
2026-05-13 19:08:21,021 [ERROR] ApprovalRadar - Failed to fetch or update 20110269239: All API keys are exhausted for today.
2026-05-13 19:08:24,148 [ERROR] ApprovalRadar - 🚨 [긴급] 오늘자 식품나라 API 키가 모두 소진되었습니다. 크롤링이 중단됩니다.
2026-05-13 19:08:24,149 [ERROR] ApprovalRadar - Failed to fetch or update 20260431302: All API keys are exhausted for today.
2026-05-13 19:08:27,275 [ERROR] ApprovalRadar - 🚨 [긴급] 오늘자 식품나라 API 키가 모두 소진되었습니다. 크롤링이 중단됩니다.
2026-05-13 19:08:27,276 [ERROR] ApprovalRadar - Failed to fetch or update 20260382257: All API keys are exhausted for today.
2026-05-13 19:08:30,317 [ERROR] ApprovalRadar - 🚨 [긴급] 오늘자 식품나라 API 키가 모두 소진되었습니다. 크롤링이 중단됩니다.
2026-05-13 19:08:30,318 [ERROR] ApprovalRadar - Failed to fetch or update 20260470129: All API keys are exhausted for today.
2026-05-13 19:08:33,375 [ERROR] ApprovalRadar - 🚨 [긴급] 오늘자 식품나라 API 키가 모두 소진되었습니다. 크롤링이 중단됩니다.
2026-05-13 19:08:33,377 [ERROR] ApprovalRadar - Failed to fetch or update 20260493260: All API keys are exhausted for today.
2026-05-13 19:08:36,433 [ERROR] ApprovalRadar - 🚨 [긴급] 오늘자 식품나라 API 키가 모두 소진되었습니다. 크롤링이 중단됩니다.
2026-05-13 19:08:36,434 [ERROR] ApprovalRadar - Failed to fetch or update 20260507853: All API keys are exhausted for today.
2026-05-13 19:08:39,495 [ERROR] ApprovalRadar - 🚨 [긴급] 오늘자 식품나라 API 키가 모두 소진되었습니다. 크롤링이 중단됩니다.
2026-05-13 19:08:39,497 [ERROR] ApprovalRadar - Failed to fetch or update 20260602161: All API keys are exhausted for today.
2026-05-13 19:08:42,539 [ERROR] ApprovalRadar - 🚨 [긴급] 오늘자 식품나라 API 키가 모두 소진되었습니다. 크롤링이 중단됩니다.
2026-05-13 19:08:42,540 [ERROR] ApprovalRadar - Failed to fetch or update 20260385268: All API keys are exhausted for today.
2026-05-13 19:08:45,670 [ERROR] ApprovalRadar - 🚨 [긴급] 오늘자 식품나라 API 키가 모두 소진되었습니다. 크롤링이 중단됩니다.
2026-05-13 19:08:45,672 [ERROR] ApprovalRadar - Failed to fetch or update 20260499316: All API keys are exhausted for today.
2026-05-13 19:08:48,784 [ERROR] ApprovalRadar - 🚨 [긴급] 오늘자 식품나라 API 키가 모두 소진되었습니다. 크롤링이 중단됩니다.
2026-05-13 19:08:48,785 [ERROR] ApprovalRadar - Failed to fetch or update 20260713289: All API keys are exhausted for today.
2026-05-13 19:08:51,912 [ERROR] ApprovalRadar - 🚨 [긴급] 오늘자 식품나라 API 키가 모두 소진되었습니다. 크롤링이 중단됩니다.
2026-05-13 19:08:51,913 [ERROR] ApprovalRadar - Failed to fetch or update 20260136953: All API keys are exhausted for today.
2026-05-13 19:08:54,966 [ERROR] ApprovalRadar - 🚨 [긴급] 오늘자 식품나라 API 키가 모두 소진되었습니다. 크롤링이 중단됩니다.
2026-05-13 19:08:54,967 [ERROR] ApprovalRadar - Failed to fetch or update 20260121881: All API keys are exhausted for today.
2026-05-13 19:08:58,033 [ERROR] ApprovalRadar - 🚨 [긴급] 오늘자 식품나라 API 키가 모두 소진되었습니다. 크롤링이 중단됩니다.
2026-05-13 19:08:58,034 [ERROR] ApprovalRadar - Failed to fetch or update 20260145484: All API keys are exhausted for today.
2026-05-13 19:09:01,097 [ERROR] ApprovalRadar - 🚨 [긴급] 오늘자 식품나라 API 키가 모두 소진되었습니다. 크롤링이 중단됩니다.
2026-05-13 19:09:01,099 [ERROR] ApprovalRadar - Failed to fetch or update 20230249655: All API keys are exhausted for today.
2026-05-13 19:09:04,154 [ERROR] ApprovalRadar - 🚨 [긴급] 오늘자 식품나라 API 키가 모두 소진되었습니다. 크롤링이 중단됩니다.
2026-05-13 19:09:04,155 [ERROR] ApprovalRadar - Failed to fetch or update 20260240290: All API keys are exhausted for today.
2026-05-13 19:09:07,208 [ERROR] ApprovalRadar - 🚨 [긴급] 오늘자 식품나라 API 키가 모두 소진되었습니다. 크롤링이 중단됩니다.
2026-05-13 19:09:07,210 [ERROR] ApprovalRadar - Failed to fetch or update 20260256255: All API keys are exhausted for today.
2026-05-13 19:09:10,314 [ERROR] ApprovalRadar - 🚨 [긴급] 오늘자 식품나라 API 키가 모두 소진되었습니다. 크롤링이 중단됩니다.
2026-05-13 19:09:10,315 [ERROR] ApprovalRadar - Failed to fetch or update 20260935606: All API keys are exhausted for today.
2026-05-13 19:09:13,440 [ERROR] ApprovalRadar - 🚨 [긴급] 오늘자 식품나라 API 키가 모두 소진되었습니다. 크롤링이 중단됩니다.
2026-05-13 19:09:13,442 [ERROR] ApprovalRadar - Failed to fetch or update 20260623113: All API keys are exhausted for today.
2026-05-13 19:09:16,577 [ERROR] ApprovalRadar - 🚨 [긴급] 오늘자 식품나라 API 키가 모두 소진되었습니다. 크롤링이 중단됩니다.
2026-05-13 19:09:16,578 [ERROR] ApprovalRadar - Failed to fetch or update 20260273591: All API keys are exhausted for today.
2026-05-13 19:09:19,722 [ERROR] ApprovalRadar - 🚨 [긴급] 오늘자 식품나라 API 키가 모두 소진되었습니다. 크롤링이 중단됩니다.
2026-05-13 19:09:19,723 [ERROR] ApprovalRadar - Failed to fetch or update 20260283407: All API keys are exhausted for today.
2026-05-13 19:09:22,853 [ERROR] ApprovalRadar - 🚨 [긴급] 오늘자 식품나라 API 키가 모두 소진되었습니다. 크롤링이 중단됩니다.
2026-05-13 19:09:22,855 [ERROR] ApprovalRadar - Failed to fetch or update 20260268500: All API keys are exhausted for today.
2026-05-13 19:09:25,996 [ERROR] ApprovalRadar - 🚨 [긴급] 오늘자 식품나라 API 키가 모두 소진되었습니다. 크롤링이 중단됩니다.
2026-05-13 19:09:25,997 [ERROR] ApprovalRadar - Failed to fetch or update 20260314161: All API keys are exhausted for today.
2026-05-13 19:09:29,042 [ERROR] ApprovalRadar - 🚨 [긴급] 오늘자 식품나라 API 키가 모두 소진되었습니다. 크롤링이 중단됩니다.
2026-05-13 19:09:29,042 [ERROR] ApprovalRadar - Failed to fetch or update 20260317235: All API keys are exhausted for today.
2026-05-13 19:09:32,091 [ERROR] ApprovalRadar - 🚨 [긴급] 오늘자 식품나라 API 키가 모두 소진되었습니다. 크롤링이 중단됩니다.
2026-05-13 19:09:32,092 [ERROR] ApprovalRadar - Failed to fetch or update 20260337456: All API keys are exhausted for today.
2026-05-13 19:09:35,157 [ERROR] ApprovalRadar - 🚨 [긴급] 오늘자 식품나라 API 키가 모두 소진되었습니다. 크롤링이 중단됩니다.
2026-05-13 19:09:35,157 [ERROR] ApprovalRadar - Failed to fetch or update 20260337570: All API keys are exhausted for today.
2026-05-13 19:09:38,229 [ERROR] ApprovalRadar - 🚨 [긴급] 오늘자 식품나라 API 키가 모두 소진되었습니다. 크롤링이 중단됩니다.
2026-05-13 19:09:38,229 [ERROR] ApprovalRadar - Failed to fetch or update 20260337575: All API keys are exhausted for today.
2026-05-13 19:09:41,288 [ERROR] ApprovalRadar - 🚨 [긴급] 오늘자 식품나라 API 키가 모두 소진되었습니다. 크롤링이 중단됩니다.
2026-05-13 19:09:41,289 [ERROR] ApprovalRadar - Failed to fetch or update 20260795208: All API keys are exhausted for today.
2026-05-13 19:09:44,367 [ERROR] ApprovalRadar - 🚨 [긴급] 오늘자 식품나라 API 키가 모두 소진되었습니다. 크롤링이 중단됩니다.
2026-05-13 19:09:44,368 [ERROR] ApprovalRadar - Failed to fetch or update 20260192632: All API keys are exhausted for today.
2026-05-13 19:09:47,501 [ERROR] ApprovalRadar - 🚨 [긴급] 오늘자 식품나라 API 키가 모두 소진되었습니다. 크롤링이 중단됩니다.
2026-05-13 19:09:47,502 [ERROR] ApprovalRadar - Failed to fetch or update 20260310392: All API keys are exhausted for today.
2026-05-13 19:09:50,633 [ERROR] ApprovalRadar - 🚨 [긴급] 오늘자 식품나라 API 키가 모두 소진되었습니다. 크롤링이 중단됩니다.
2026-05-13 19:09:50,635 [ERROR] ApprovalRadar - Failed to fetch or update 20260040291: All API keys are exhausted for today.
2026-05-13 19:09:53,692 [ERROR] ApprovalRadar - 🚨 [긴급] 오늘자 식품나라 API 키가 모두 소진되었습니다. 크롤링이 중단됩니다.
2026-05-13 19:09:53,693 [ERROR] ApprovalRadar - Failed to fetch or update 20260089362: All API keys are exhausted for today.
2026-05-13 19:09:56,733 [ERROR] ApprovalRadar - 🚨 [긴급] 오늘자 식품나라 API 키가 모두 소진되었습니다. 크롤링이 중단됩니다.
2026-05-13 19:09:56,734 [ERROR] ApprovalRadar - Failed to fetch or update 20240920667: All API keys are exhausted for today.
2026-05-13 19:09:59,797 [ERROR] ApprovalRadar - 🚨 [긴급] 오늘자 식품나라 API 키가 모두 소진되었습니다. 크롤링이 중단됩니다.
2026-05-13 19:09:59,799 [ERROR] ApprovalRadar - Failed to fetch or update 20260736176: All API keys are exhausted for today.
2026-05-13 19:10:02,864 [ERROR] ApprovalRadar - 🚨 [긴급] 오늘자 식품나라 API 키가 모두 소진되었습니다. 크롤링이 중단됩니다.
2026-05-13 19:10:02,866 [ERROR] ApprovalRadar - Failed to fetch or update 20260806034: All API keys are exhausted for today.
2026-05-13 19:10:05,924 [ERROR] ApprovalRadar - 🚨 [긴급] 오늘자 식품나라 API 키가 모두 소진되었습니다. 크롤링이 중단됩니다.
2026-05-13 19:10:05,925 [ERROR] ApprovalRadar - Failed to fetch or update 20260695036: All API keys are exhausted for today.
2026-05-13 19:10:09,043 [ERROR] ApprovalRadar - 🚨 [긴급] 오늘자 식품나라 API 키가 모두 소진되었습니다. 크롤링이 중단됩니다.
2026-05-13 19:10:09,046 [ERROR] ApprovalRadar - Failed to fetch or update 20260493261: All API keys are exhausted for today.
2026-05-13 19:10:12,182 [ERROR] ApprovalRadar - 🚨 [긴급] 오늘자 식품나라 API 키가 모두 소진되었습니다. 크롤링이 중단됩니다.
2026-05-13 19:10:12,183 [ERROR] ApprovalRadar - Failed to fetch or update 20260385048: All API keys are exhausted for today.
2026-05-13 19:10:15,328 [ERROR] ApprovalRadar - 🚨 [긴급] 오늘자 식품나라 API 키가 모두 소진되었습니다. 크롤링이 중단됩니다.
2026-05-13 19:10:15,329 [ERROR] ApprovalRadar - Failed to fetch or update 20060348242: All API keys are exhausted for today.
2026-05-13 19:10:18,442 [ERROR] ApprovalRadar - 🚨 [긴급] 오늘자 식품나라 API 키가 모두 소진되었습니다. 크롤링이 중단됩니다.
2026-05-13 19:10:18,443 [ERROR] ApprovalRadar - Failed to fetch or update 20260382258: All API keys are exhausted for today.
2026-05-13 19:10:21,573 [ERROR] ApprovalRadar - 🚨 [긴급] 오늘자 식품나라 API 키가 모두 소진되었습니다. 크롤링이 중단됩니다.
2026-05-13 19:10:21,575 [ERROR] ApprovalRadar - Failed to fetch or update 20250555669: All API keys are exhausted for today.
2026-05-13 19:10:24,718 [ERROR] ApprovalRadar - 🚨 [긴급] 오늘자 식품나라 API 키가 모두 소진되었습니다. 크롤링이 중단됩니다.
2026-05-13 19:10:24,719 [ERROR] ApprovalRadar - Failed to fetch or update 20260507854: All API keys are exhausted for today.
2026-05-13 19:10:27,865 [ERROR] ApprovalRadar - 🚨 [긴급] 오늘자 식품나라 API 키가 모두 소진되었습니다. 크롤링이 중단됩니다.
2026-05-13 19:10:27,866 [ERROR] ApprovalRadar - Failed to fetch or update 20210343336: All API keys are exhausted for today.
2026-05-13 19:10:31,008 [ERROR] ApprovalRadar - 🚨 [긴급] 오늘자 식품나라 API 키가 모두 소진되었습니다. 크롤링이 중단됩니다.
2026-05-13 19:10:31,009 [ERROR] ApprovalRadar - Failed to fetch or update 20260397226: All API keys are exhausted for today.
2026-05-13 19:10:34,153 [ERROR] ApprovalRadar - 🚨 [긴급] 오늘자 식품나라 API 키가 모두 소진되었습니다. 크롤링이 중단됩니다.
2026-05-13 19:10:34,154 [ERROR] ApprovalRadar - Failed to fetch or update 20260496229: All API keys are exhausted for today.
2026-05-13 19:10:34,154 [INFO] ApprovalRadar - [진척도] 500/2403 처리 완료 (성공: 0, 실패: 500)
2026-05-13 19:10:37,300 [ERROR] ApprovalRadar - 🚨 [긴급] 오늘자 식품나라 API 키가 모두 소진되었습니다. 크롤링이 중단됩니다.
2026-05-13 19:10:37,301 [ERROR] ApprovalRadar - Failed to fetch or update 20260536434: All API keys are exhausted for today.
2026-05-13 19:10:40,449 [ERROR] ApprovalRadar - 🚨 [긴급] 오늘자 식품나라 API 키가 모두 소진되었습니다. 크롤링이 중단됩니다.
2026-05-13 19:10:40,452 [ERROR] ApprovalRadar - Failed to fetch or update 20260496141: All API keys are exhausted for today.
2026-05-13 19:10:43,592 [ERROR] ApprovalRadar - 🚨 [긴급] 오늘자 식품나라 API 키가 모두 소진되었습니다. 크롤링이 중단됩니다.
2026-05-13 19:10:43,593 [ERROR] ApprovalRadar - Failed to fetch or update 20260546869: All API keys are exhausted for today.
2026-05-13 19:10:46,648 [ERROR] ApprovalRadar - 🚨 [긴급] 오늘자 식품나라 API 키가 모두 소진되었습니다. 크롤링이 중단됩니다.
2026-05-13 19:10:46,649 [ERROR] ApprovalRadar - Failed to fetch or update 20250551726: All API keys are exhausted for today.
2026-05-13 19:10:49,703 [ERROR] ApprovalRadar - 🚨 [긴급] 오늘자 식품나라 API 키가 모두 소진되었습니다. 크롤링이 중단됩니다.
2026-05-13 19:10:49,703 [ERROR] ApprovalRadar - Failed to fetch or update 20260507855: All API keys are exhausted for today.
2026-05-13 19:10:52,767 [ERROR] ApprovalRadar - 🚨 [긴급] 오늘자 식품나라 API 키가 모두 소진되었습니다. 크롤링이 중단됩니다.
2026-05-13 19:10:52,768 [ERROR] ApprovalRadar - Failed to fetch or update 20260546870: All API keys are exhausted for today.
2026-05-13 19:10:55,829 [ERROR] ApprovalRadar - 🚨 [긴급] 오늘자 식품나라 API 키가 모두 소진되었습니다. 크롤링이 중단됩니다.
2026-05-13 19:10:55,833 [ERROR] ApprovalRadar - Failed to fetch or update 20260467312: All API keys are exhausted for today.
2026-05-13 19:10:58,887 [ERROR] ApprovalRadar - 🚨 [긴급] 오늘자 식품나라 API 키가 모두 소진되었습니다. 크롤링이 중단됩니다.
2026-05-13 19:10:58,888 [ERROR] ApprovalRadar - Failed to fetch or update 20260514221: All API keys are exhausted for today.
2026-05-13 19:11:01,989 [ERROR] ApprovalRadar - 🚨 [긴급] 오늘자 식품나라 API 키가 모두 소진되었습니다. 크롤링이 중단됩니다.
2026-05-13 19:11:01,990 [ERROR] ApprovalRadar - Failed to fetch or update 20260431303: All API keys are exhausted for today.
2026-05-13 19:11:05,144 [ERROR] ApprovalRadar - 🚨 [긴급] 오늘자 식품나라 API 키가 모두 소진되었습니다. 크롤링이 중단됩니다.
2026-05-13 19:11:05,145 [ERROR] ApprovalRadar - Failed to fetch or update 20250427713: All API keys are exhausted for today.
2026-05-13 19:11:08,275 [ERROR] ApprovalRadar - 🚨 [긴급] 오늘자 식품나라 API 키가 모두 소진되었습니다. 크롤링이 중단됩니다.
2026-05-13 19:11:08,276 [ERROR] ApprovalRadar - Failed to fetch or update 20240569860: All API keys are exhausted for today.
2026-05-13 19:11:11,394 [ERROR] ApprovalRadar - 🚨 [긴급] 오늘자 식품나라 API 키가 모두 소진되었습니다. 크롤링이 중단됩니다.
2026-05-13 19:11:11,395 [ERROR] ApprovalRadar - Failed to fetch or update 20260582563: All API keys are exhausted for today.
2026-05-13 19:11:14,526 [ERROR] ApprovalRadar - 🚨 [긴급] 오늘자 식품나라 API 키가 모두 소진되었습니다. 크롤링이 중단됩니다.
2026-05-13 19:11:14,527 [ERROR] ApprovalRadar - Failed to fetch or update 20260903012: All API keys are exhausted for today.
2026-05-13 19:11:17,665 [ERROR] ApprovalRadar - 🚨 [긴급] 오늘자 식품나라 API 키가 모두 소진되었습니다. 크롤링이 중단됩니다.
2026-05-13 19:11:17,667 [ERROR] ApprovalRadar - Failed to fetch or update 20100421026: All API keys are exhausted for today.
2026-05-13 19:11:20,712 [ERROR] ApprovalRadar - 🚨 [긴급] 오늘자 식품나라 API 키가 모두 소진되었습니다. 크롤링이 중단됩니다.
2026-05-13 19:11:20,714 [ERROR] ApprovalRadar - Failed to fetch or update 20260736177: All API keys are exhausted for today.
2026-05-13 19:11:23,774 [ERROR] ApprovalRadar - 🚨 [긴급] 오늘자 식품나라 API 키가 모두 소진되었습니다. 크롤링이 중단됩니다.
2026-05-13 19:11:23,775 [ERROR] ApprovalRadar - Failed to fetch or update 20260750268: All API keys are exhausted for today.
2026-05-13 19:11:26,817 [ERROR] ApprovalRadar - 🚨 [긴급] 오늘자 식품나라 API 키가 모두 소진되었습니다. 크롤링이 중단됩니다.
2026-05-13 19:11:26,818 [ERROR] ApprovalRadar - Failed to fetch or update 20240146457: All API keys are exhausted for today.
2026-05-13 19:11:29,878 [ERROR] ApprovalRadar - 🚨 [긴급] 오늘자 식품나라 API 키가 모두 소진되었습니다. 크롤링이 중단됩니다.
2026-05-13 19:11:29,879 [ERROR] ApprovalRadar - Failed to fetch or update 20260121882: All API keys are exhausted for today.
2026-05-13 19:11:32,946 [ERROR] ApprovalRadar - 🚨 [긴급] 오늘자 식품나라 API 키가 모두 소진되었습니다. 크롤링이 중단됩니다.
2026-05-13 19:11:32,947 [ERROR] ApprovalRadar - Failed to fetch or update 20260131060: All API keys are exhausted for today.
2026-05-13 19:11:36,080 [ERROR] ApprovalRadar - 🚨 [긴급] 오늘자 식품나라 API 키가 모두 소진되었습니다. 크롤링이 중단됩니다.
2026-05-13 19:11:36,080 [ERROR] ApprovalRadar - Failed to fetch or update 20260108694: All API keys are exhausted for today.
2026-05-13 19:11:39,213 [ERROR] ApprovalRadar - 🚨 [긴급] 오늘자 식품나라 API 키가 모두 소진되었습니다. 크롤링이 중단됩니다.
2026-05-13 19:11:39,214 [ERROR] ApprovalRadar - Failed to fetch or update 20260855200: All API keys are exhausted for today.
2026-05-13 19:11:42,327 [ERROR] ApprovalRadar - 🚨 [긴급] 오늘자 식품나라 API 키가 모두 소진되었습니다. 크롤링이 중단됩니다.
2026-05-13 19:11:42,328 [ERROR] ApprovalRadar - Failed to fetch or update 20260178513: All API keys are exhausted for today.
2026-05-13 19:11:45,364 [ERROR] ApprovalRadar - 🚨 [긴급] 오늘자 식품나라 API 키가 모두 소진되었습니다. 크롤링이 중단됩니다.
2026-05-13 19:11:45,366 [ERROR] ApprovalRadar - Failed to fetch or update 20260664445: All API keys are exhausted for today.
2026-05-13 19:11:48,401 [ERROR] ApprovalRadar - 🚨 [긴급] 오늘자 식품나라 API 키가 모두 소진되었습니다. 크롤링이 중단됩니다.
2026-05-13 19:11:48,402 [ERROR] ApprovalRadar - Failed to fetch or update 20260291758: All API keys are exhausted for today.
2026-05-13 19:11:51,476 [ERROR] ApprovalRadar - 🚨 [긴급] 오늘자 식품나라 API 키가 모두 소진되었습니다. 크롤링이 중단됩니다.
2026-05-13 19:11:51,477 [ERROR] ApprovalRadar - Failed to fetch or update 20260273626: All API keys are exhausted for today.
2026-05-13 19:11:54,540 [ERROR] ApprovalRadar - 🚨 [긴급] 오늘자 식품나라 API 키가 모두 소진되었습니다. 크롤링이 중단됩니다.
2026-05-13 19:11:54,542 [ERROR] ApprovalRadar - Failed to fetch or update 20260978322: All API keys are exhausted for today.
2026-05-13 19:11:57,599 [ERROR] ApprovalRadar - 🚨 [긴급] 오늘자 식품나라 API 키가 모두 소진되었습니다. 크롤링이 중단됩니다.
2026-05-13 19:11:57,600 [ERROR] ApprovalRadar - Failed to fetch or update 20260688149: All API keys are exhausted for today.
2026-05-13 19:12:00,685 [ERROR] ApprovalRadar - 🚨 [긴급] 오늘자 식품나라 API 키가 모두 소진되었습니다. 크롤링이 중단됩니다.
2026-05-13 19:12:00,687 [ERROR] ApprovalRadar - Failed to fetch or update 20260933174: All API keys are exhausted for today.
2026-05-13 19:12:03,826 [ERROR] ApprovalRadar - 🚨 [긴급] 오늘자 식품나라 API 키가 모두 소진되었습니다. 크롤링이 중단됩니다.
2026-05-13 19:12:03,827 [ERROR] ApprovalRadar - Failed to fetch or update 20260971811: All API keys are exhausted for today.
2026-05-13 19:12:06,953 [ERROR] ApprovalRadar - 🚨 [긴급] 오늘자 식품나라 API 키가 모두 소진되었습니다. 크롤링이 중단됩니다.
2026-05-13 19:12:06,954 [ERROR] ApprovalRadar - Failed to fetch or update 20260664426: All API keys are exhausted for today.
2026-05-13 19:12:09,996 [ERROR] ApprovalRadar - 🚨 [긴급] 오늘자 식품나라 API 키가 모두 소진되었습니다. 크롤링이 중단됩니다.
2026-05-13 19:12:09,997 [ERROR] ApprovalRadar - Failed to fetch or update 20260664429: All API keys are exhausted for today.
2026-05-13 19:12:13,060 [ERROR] ApprovalRadar - 🚨 [긴급] 오늘자 식품나라 API 키가 모두 소진되었습니다. 크롤링이 중단됩니다.
2026-05-13 19:12:13,061 [ERROR] ApprovalRadar - Failed to fetch or update 20260080245: All API keys are exhausted for today.
2026-05-13 19:12:16,103 [ERROR] ApprovalRadar - 🚨 [긴급] 오늘자 식품나라 API 키가 모두 소진되었습니다. 크롤링이 중단됩니다.
2026-05-13 19:12:16,104 [ERROR] ApprovalRadar - Failed to fetch or update 20260664428: All API keys are exhausted for today.
2026-05-13 19:12:19,160 [ERROR] ApprovalRadar - 🚨 [긴급] 오늘자 식품나라 API 키가 모두 소진되었습니다. 크롤링이 중단됩니다.
2026-05-13 19:12:19,161 [ERROR] ApprovalRadar - Failed to fetch or update 20260664411: All API keys are exhausted for today.
2026-05-13 19:12:22,200 [ERROR] ApprovalRadar - 🚨 [긴급] 오늘자 식품나라 API 키가 모두 소진되었습니다. 크롤링이 중단됩니다.
2026-05-13 19:12:22,201 [ERROR] ApprovalRadar - Failed to fetch or update 20260214215: All API keys are exhausted for today.
2026-05-13 19:12:25,322 [ERROR] ApprovalRadar - 🚨 [긴급] 오늘자 식품나라 API 키가 모두 소진되었습니다. 크롤링이 중단됩니다.
2026-05-13 19:12:25,323 [ERROR] ApprovalRadar - Failed to fetch or update 20260050433: All API keys are exhausted for today.
2026-05-13 19:12:28,450 [ERROR] ApprovalRadar - 🚨 [긴급] 오늘자 식품나라 API 키가 모두 소진되었습니다. 크롤링이 중단됩니다.
2026-05-13 19:12:28,451 [ERROR] ApprovalRadar - Failed to fetch or update 20260054435: All API keys are exhausted for today.
2026-05-13 19:12:31,596 [ERROR] ApprovalRadar - 🚨 [긴급] 오늘자 식품나라 API 키가 모두 소진되었습니다. 크롤링이 중단됩니다.
2026-05-13 19:12:31,599 [ERROR] ApprovalRadar - Failed to fetch or update 20260050432: All API keys are exhausted for today.
2026-05-13 19:12:34,741 [ERROR] ApprovalRadar - 🚨 [긴급] 오늘자 식품나라 API 키가 모두 소진되었습니다. 크롤링이 중단됩니다.
2026-05-13 19:12:34,743 [ERROR] ApprovalRadar - Failed to fetch or update 20260131490: All API keys are exhausted for today.
2026-05-13 19:12:37,896 [ERROR] ApprovalRadar - 🚨 [긴급] 오늘자 식품나라 API 키가 모두 소진되었습니다. 크롤링이 중단됩니다.
2026-05-13 19:12:37,897 [ERROR] ApprovalRadar - Failed to fetch or update 20260795212: All API keys are exhausted for today.
2026-05-13 19:12:41,036 [ERROR] ApprovalRadar - 🚨 [긴급] 오늘자 식품나라 API 키가 모두 소진되었습니다. 크롤링이 중단됩니다.
2026-05-13 19:12:41,037 [ERROR] ApprovalRadar - Failed to fetch or update 20260045658: All API keys are exhausted for today.
2026-05-13 19:12:44,182 [ERROR] ApprovalRadar - 🚨 [긴급] 오늘자 식품나라 API 키가 모두 소진되었습니다. 크롤링이 중단됩니다.
2026-05-13 19:12:44,184 [ERROR] ApprovalRadar - Failed to fetch or update 20260524245: All API keys are exhausted for today.
2026-05-13 19:12:47,221 [ERROR] ApprovalRadar - 🚨 [긴급] 오늘자 식품나라 API 키가 모두 소진되었습니다. 크롤링이 중단됩니다.
2026-05-13 19:12:47,222 [ERROR] ApprovalRadar - Failed to fetch or update 20260493229: All API keys are exhausted for today.
2026-05-13 19:12:50,263 [ERROR] ApprovalRadar - 🚨 [긴급] 오늘자 식품나라 API 키가 모두 소진되었습니다. 크롤링이 중단됩니다.
2026-05-13 19:12:50,265 [ERROR] ApprovalRadar - Failed to fetch or update 20260391261: All API keys are exhausted for today.
2026-05-13 19:12:53,314 [ERROR] ApprovalRadar - 🚨 [긴급] 오늘자 식품나라 API 키가 모두 소진되었습니다. 크롤링이 중단됩니다.
2026-05-13 19:12:53,317 [ERROR] ApprovalRadar - Failed to fetch or update 20260388139: All API keys are exhausted for today.
2026-05-13 19:12:56,379 [ERROR] ApprovalRadar - 🚨 [긴급] 오늘자 식품나라 API 키가 모두 소진되었습니다. 크롤링이 중단됩니다.
2026-05-13 19:12:56,381 [ERROR] ApprovalRadar - Failed to fetch or update 20260467313: All API keys are exhausted for today.
2026-05-13 19:12:59,446 [ERROR] ApprovalRadar - 🚨 [긴급] 오늘자 식품나라 API 키가 모두 소진되었습니다. 크롤링이 중단됩니다.
2026-05-13 19:12:59,448 [ERROR] ApprovalRadar - Failed to fetch or update 20260493216: All API keys are exhausted for today.
2026-05-13 19:13:02,554 [ERROR] ApprovalRadar - 🚨 [긴급] 오늘자 식품나라 API 키가 모두 소진되었습니다. 크롤링이 중단됩니다.
2026-05-13 19:13:02,556 [ERROR] ApprovalRadar - Failed to fetch or update 20260543474: All API keys are exhausted for today.
2026-05-13 19:13:05,688 [ERROR] ApprovalRadar - 🚨 [긴급] 오늘자 식품나라 API 키가 모두 소진되었습니다. 크롤링이 중단됩니다.
2026-05-13 19:13:05,689 [ERROR] ApprovalRadar - Failed to fetch or update 20260493264: All API keys are exhausted for today.
2026-05-13 19:13:08,817 [ERROR] ApprovalRadar - 🚨 [긴급] 오늘자 식품나라 API 키가 모두 소진되었습니다. 크롤링이 중단됩니다.
2026-05-13 19:13:08,818 [ERROR] ApprovalRadar - Failed to fetch or update 20260546871: All API keys are exhausted for today.
2026-05-13 19:13:11,877 [ERROR] ApprovalRadar - 🚨 [긴급] 오늘자 식품나라 API 키가 모두 소진되었습니다. 크롤링이 중단됩니다.
2026-05-13 19:13:11,878 [ERROR] ApprovalRadar - Failed to fetch or update 20260431304: All API keys are exhausted for today.
2026-05-13 19:13:14,936 [ERROR] ApprovalRadar - 🚨 [긴급] 오늘자 식품나라 API 키가 모두 소진되었습니다. 크롤링이 중단됩니다.
2026-05-13 19:13:14,937 [ERROR] ApprovalRadar - Failed to fetch or update 20260585415: All API keys are exhausted for today.
2026-05-13 19:13:17,993 [ERROR] ApprovalRadar - 🚨 [긴급] 오늘자 식품나라 API 키가 모두 소진되었습니다. 크롤링이 중단됩니다.
2026-05-13 19:13:17,994 [ERROR] ApprovalRadar - Failed to fetch or update 20260418194: All API keys are exhausted for today.
2026-05-13 19:13:21,054 [ERROR] ApprovalRadar - 🚨 [긴급] 오늘자 식품나라 API 키가 모두 소진되었습니다. 크롤링이 중단됩니다.
2026-05-13 19:13:21,055 [ERROR] ApprovalRadar - Failed to fetch or update 20260418195: All API keys are exhausted for today.
2026-05-13 19:13:24,124 [ERROR] ApprovalRadar - 🚨 [긴급] 오늘자 식품나라 API 키가 모두 소진되었습니다. 크롤링이 중단됩니다.
2026-05-13 19:13:24,125 [ERROR] ApprovalRadar - Failed to fetch or update 20260391262: All API keys are exhausted for today.
2026-05-13 19:13:27,222 [ERROR] ApprovalRadar - 🚨 [긴급] 오늘자 식품나라 API 키가 모두 소진되었습니다. 크롤링이 중단됩니다.
2026-05-13 19:13:27,223 [ERROR] ApprovalRadar - Failed to fetch or update 20210374503: All API keys are exhausted for today.
2026-05-13 19:13:30,364 [ERROR] ApprovalRadar - 🚨 [긴급] 오늘자 식품나라 API 키가 모두 소진되었습니다. 크롤링이 중단됩니다.
2026-05-13 19:13:30,367 [ERROR] ApprovalRadar - Failed to fetch or update 20260418063: All API keys are exhausted for today.
2026-05-13 19:13:33,489 [ERROR] ApprovalRadar - 🚨 [긴급] 오늘자 식품나라 API 키가 모두 소진되었습니다. 크롤링이 중단됩니다.
2026-05-13 19:13:33,490 [ERROR] ApprovalRadar - Failed to fetch or update 20260517396: All API keys are exhausted for today.
2026-05-13 19:13:36,621 [ERROR] ApprovalRadar - 🚨 [긴급] 오늘자 식품나라 API 키가 모두 소진되었습니다. 크롤링이 중단됩니다.
2026-05-13 19:13:36,622 [ERROR] ApprovalRadar - Failed to fetch or update 20260467314: All API keys are exhausted for today.
2026-05-13 19:13:39,753 [ERROR] ApprovalRadar - 🚨 [긴급] 오늘자 식품나라 API 키가 모두 소진되었습니다. 크롤링이 중단됩니다.
2026-05-13 19:13:39,753 [ERROR] ApprovalRadar - Failed to fetch or update 20260507856: All API keys are exhausted for today.
2026-05-13 19:13:42,902 [ERROR] ApprovalRadar - 🚨 [긴급] 오늘자 식품나라 API 키가 모두 소진되었습니다. 크롤링이 중단됩니다.
2026-05-13 19:13:42,904 [ERROR] ApprovalRadar - Failed to fetch or update 20260524246: All API keys are exhausted for today.
2026-05-13 19:13:45,946 [ERROR] ApprovalRadar - 🚨 [긴급] 오늘자 식품나라 API 키가 모두 소진되었습니다. 크롤링이 중단됩니다.
2026-05-13 19:13:45,948 [ERROR] ApprovalRadar - Failed to fetch or update 20260382162: All API keys are exhausted for today.
2026-05-13 19:13:49,003 [ERROR] ApprovalRadar - 🚨 [긴급] 오늘자 식품나라 API 키가 모두 소진되었습니다. 크롤링이 중단됩니다.
2026-05-13 19:13:49,005 [ERROR] ApprovalRadar - Failed to fetch or update 20260552357: All API keys are exhausted for today.
2026-05-13 19:13:52,080 [ERROR] ApprovalRadar - 🚨 [긴급] 오늘자 식품나라 API 키가 모두 소진되었습니다. 크롤링이 중단됩니다.
2026-05-13 19:13:52,081 [ERROR] ApprovalRadar - Failed to fetch or update 20250381077: All API keys are exhausted for today.
2026-05-13 19:13:55,126 [ERROR] ApprovalRadar - 🚨 [긴급] 오늘자 식품나라 API 키가 모두 소진되었습니다. 크롤링이 중단됩니다.
2026-05-13 19:13:55,127 [ERROR] ApprovalRadar - Failed to fetch or update 20230405596: All API keys are exhausted for today.
2026-05-13 19:13:58,185 [ERROR] ApprovalRadar - 🚨 [긴급] 오늘자 식품나라 API 키가 모두 소진되었습니다. 크롤링이 중단됩니다.
2026-05-13 19:13:58,187 [ERROR] ApprovalRadar - Failed to fetch or update 20230404306: All API keys are exhausted for today.
2026-05-13 19:14:01,286 [ERROR] ApprovalRadar - 🚨 [긴급] 오늘자 식품나라 API 키가 모두 소진되었습니다. 크롤링이 중단됩니다.
2026-05-13 19:14:01,288 [ERROR] ApprovalRadar - Failed to fetch or update 20220398189: All API keys are exhausted for today.
2026-05-13 19:14:04,413 [ERROR] ApprovalRadar - 🚨 [긴급] 오늘자 식품나라 API 키가 모두 소진되었습니다. 크롤링이 중단됩니다.
2026-05-13 19:14:04,414 [ERROR] ApprovalRadar - Failed to fetch or update 20260842212: All API keys are exhausted for today.
2026-05-13 19:14:07,555 [ERROR] ApprovalRadar - 🚨 [긴급] 오늘자 식품나라 API 키가 모두 소진되었습니다. 크롤링이 중단됩니다.
2026-05-13 19:14:07,556 [ERROR] ApprovalRadar - Failed to fetch or update 20260529342: All API keys are exhausted for today.
2026-05-13 19:14:10,689 [ERROR] ApprovalRadar - 🚨 [긴급] 오늘자 식품나라 API 키가 모두 소진되었습니다. 크롤링이 중단됩니다.
2026-05-13 19:14:10,690 [ERROR] ApprovalRadar - Failed to fetch or update 20260596252: All API keys are exhausted for today.
2026-05-13 19:14:13,834 [ERROR] ApprovalRadar - 🚨 [긴급] 오늘자 식품나라 API 키가 모두 소진되었습니다. 크롤링이 중단됩니다.
2026-05-13 19:14:13,835 [ERROR] ApprovalRadar - Failed to fetch or update 20260403572: All API keys are exhausted for today.
2026-05-13 19:14:16,977 [ERROR] ApprovalRadar - 🚨 [긴급] 오늘자 식품나라 API 키가 모두 소진되었습니다. 크롤링이 중단됩니다.
2026-05-13 19:14:16,978 [ERROR] ApprovalRadar - Failed to fetch or update 20260219444: All API keys are exhausted for today.
2026-05-13 19:14:20,104 [INFO] ApprovalRadar - Starting DiffCrawler Delta Sync Job for I2859...
2026-05-13 19:14:20,124 [ERROR] ApprovalRadar - 🚨 [긴급] 오늘자 식품나라 API 키가 모두 소진되었습니다. 크롤링이 중단됩니다.
2026-05-13 19:14:20,125 [ERROR] ApprovalRadar - Failed to fetch or update 20260310380: All API keys are exhausted for today.
2026-05-13 19:14:20,179 [INFO] ApprovalRadar - [키 회전] API 한도 초과! 새로운 키로 교체: f1282***
2026-05-13 19:14:20,180 [WARNING] ApprovalRadar - 키 회전 후 3.0초 대기...
2026-05-13 19:14:23,176 [ERROR] ApprovalRadar - 🚨 [긴급] 오늘자 식품나라 API 키가 모두 소진되었습니다. 크롤링이 중단됩니다.
2026-05-13 19:14:23,177 [ERROR] ApprovalRadar - Failed to fetch or update 20260310379: All API keys are exhausted for today.
2026-05-13 19:14:23,355 [INFO] ApprovalRadar - [키 회전] API 한도 초과! 새로운 키로 교체: ba698***
2026-05-13 19:14:23,358 [WARNING] ApprovalRadar - 키 회전 후 3.0초 대기...
2026-05-13 19:14:26,239 [ERROR] ApprovalRadar - 🚨 [긴급] 오늘자 식품나라 API 키가 모두 소진되었습니다. 크롤링이 중단됩니다.
2026-05-13 19:14:26,240 [ERROR] ApprovalRadar - Failed to fetch or update 20260310376: All API keys are exhausted for today.
2026-05-13 19:14:26,508 [INFO] ApprovalRadar - [키 회전] API 한도 초과! 새로운 키로 교체: 67f07***
2026-05-13 19:14:26,509 [WARNING] ApprovalRadar - 키 회전 후 3.0초 대기...
2026-05-13 19:14:29,297 [ERROR] ApprovalRadar - 🚨 [긴급] 오늘자 식품나라 API 키가 모두 소진되었습니다. 크롤링이 중단됩니다.
2026-05-13 19:14:29,299 [ERROR] ApprovalRadar - Failed to fetch or update 20260310378: All API keys are exhausted for today.
2026-05-13 19:14:30,428 [INFO] ApprovalRadar - ✨ [소요시간: 10.32초] 새로운 데이터가 감지되지 않았습니다. (현재 전체 데이터: 22416건)
2026-05-13 19:14:30,429 [INFO] ApprovalRadar - Starting DiffCrawler Delta Sync Job for I2500...
2026-05-13 19:14:30,430 [INFO] ApprovalRadar - 최초 실행: 베이스라인 부트스트랩을 시작합니다...
2026-05-13 19:14:30,430 [INFO] ApprovalRadar - [Bootstrapper] True Tail(실제 마지막 데이터) 찾는 중...
2026-05-13 19:14:30,520 [INFO] ApprovalRadar - [키 회전] API 한도 초과! 새로운 키로 교체: f1282***
2026-05-13 19:14:30,520 [WARNING] ApprovalRadar - 키 회전 후 3.0초 대기...
2026-05-13 19:14:32,357 [ERROR] ApprovalRadar - 🚨 [긴급] 오늘자 식품나라 API 키가 모두 소진되었습니다. 크롤링이 중단됩니다.
2026-05-13 19:14:32,358 [ERROR] ApprovalRadar - Failed to fetch or update 20260050345: All API keys are exhausted for today.
2026-05-13 19:14:33,577 [INFO] ApprovalRadar - [키 회전] API 한도 초과! 새로운 키로 교체: ba698***
2026-05-13 19:14:33,578 [WARNING] ApprovalRadar - 키 회전 후 3.0초 대기...
2026-05-13 19:14:35,425 [ERROR] ApprovalRadar - 🚨 [긴급] 오늘자 식품나라 API 키가 모두 소진되었습니다. 크롤링이 중단됩니다.
2026-05-13 19:14:35,427 [ERROR] ApprovalRadar - Failed to fetch or update 20260136916: All API keys are exhausted for today.
2026-05-13 19:14:36,540 [INFO] ApprovalRadar - Shutting down APScheduler...
2026-05-13 19:14:36,693 [INFO] ApprovalRadar - [키 회전] API 한도 초과! 새로운 키로 교체: 67f07***
2026-05-13 19:14:36,695 [WARNING] ApprovalRadar - 키 회전 후 3.0초 대기...
2026-05-13 19:14:38,524 [ERROR] ApprovalRadar - 🚨 [긴급] 오늘자 식품나라 API 키가 모두 소진되었습니다. 크롤링이 중단됩니다.
2026-05-13 19:14:38,525 [ERROR] ApprovalRadar - Failed to fetch or update 20260145209: All API keys are exhausted for today.
2026-05-13 19:14:41,642 [ERROR] ApprovalRadar - 🚨 [긴급] 오늘자 식품나라 API 키가 모두 소진되었습니다. 크롤링이 중단됩니다.
2026-05-13 19:14:41,643 [ERROR] ApprovalRadar - Failed to fetch or update 20260145345: All API keys are exhausted for today.
2026-05-13 19:14:44,677 [ERROR] ApprovalRadar - 🚨 [긴급] 오늘자 식품나라 API 키가 모두 소진되었습니다. 크롤링이 중단됩니다.
2026-05-13 19:14:44,679 [ERROR] ApprovalRadar - Failed to fetch or update 20260354428: All API keys are exhausted for today.
2026-05-13 19:14:47,725 [ERROR] ApprovalRadar - 🚨 [긴급] 오늘자 식품나라 API 키가 모두 소진되었습니다. 크롤링이 중단됩니다.
2026-05-13 19:14:47,728 [ERROR] ApprovalRadar - Failed to fetch or update 20260337484: All API keys are exhausted for today.
2026-05-13 19:14:50,786 [ERROR] ApprovalRadar - 🚨 [긴급] 오늘자 식품나라 API 키가 모두 소진되었습니다. 크롤링이 중단됩니다.
2026-05-13 19:14:50,787 [ERROR] ApprovalRadar - Failed to fetch or update 20260337520: All API keys are exhausted for today.
2026-05-13 19:14:53,846 [ERROR] ApprovalRadar - 🚨 [긴급] 오늘자 식품나라 API 키가 모두 소진되었습니다. 크롤링이 중단됩니다.
2026-05-13 19:14:53,847 [ERROR] ApprovalRadar - Failed to fetch or update 20260337540: All API keys are exhausted for today.
2026-05-13 19:14:56,908 [ERROR] ApprovalRadar - 🚨 [긴급] 오늘자 식품나라 API 키가 모두 소진되었습니다. 크롤링이 중단됩니다.
2026-05-13 19:14:56,910 [ERROR] ApprovalRadar - Failed to fetch or update 20260222383: All API keys are exhausted for today.
2026-05-13 19:14:57,247 [INFO] ApprovalRadar - [Bootstrapper] 전체 데이터 건수 확인 완료: 1000000건
2026-05-13 19:14:57,249 [INFO] ApprovalRadar - [Bootstrapper] 피벗 캐싱 시작 (간격: 5000)...
2026-05-13 19:14:57,396 [WARNING] ApprovalRadar - [네트워크/응답 오류] Expecting value: line 1 column 1 (char 0). 1초 후 재시도합니다...
2026-05-13 19:14:59,246 [WARNING] ApprovalRadar - [네트워크/응답 오류] Expecting value: line 1 column 1 (char 0). 1초 후 재시도합니다...
2026-05-13 19:15:00,027 [ERROR] ApprovalRadar - 🚨 [긴급] 오늘자 식품나라 API 키가 모두 소진되었습니다. 크롤링이 중단됩니다.
2026-05-13 19:15:00,029 [ERROR] ApprovalRadar - Failed to fetch or update 20260674278: All API keys are exhausted for today.
2026-05-13 19:15:01,707 [WARNING] ApprovalRadar - [네트워크/응답 오류] Expecting value: line 1 column 1 (char 0). 1초 후 재시도합니다...
2026-05-13 19:15:03,158 [ERROR] ApprovalRadar - 🚨 [긴급] 오늘자 식품나라 API 키가 모두 소진되었습니다. 크롤링이 중단됩니다.
2026-05-13 19:15:03,159 [ERROR] ApprovalRadar - Failed to fetch or update 20260610317: All API keys are exhausted for today.
2026-05-13 19:15:03,697 [WARNING] ApprovalRadar - [네트워크/응답 오류] Expecting value: line 1 column 1 (char 0). 1초 후 재시도합니다...
2026-05-13 19:15:04,820 [WARNING] ApprovalRadar - [네트워크/응답 오류] Expecting value: line 1 column 1 (char 0). 1초 후 재시도합니다...
2026-05-13 19:15:05,880 [WARNING] ApprovalRadar - [네트워크/응답 오류] Expecting value: line 1 column 1 (char 0). 2초 후 재시도합니다...
2026-05-13 19:15:06,280 [ERROR] ApprovalRadar - 🚨 [긴급] 오늘자 식품나라 API 키가 모두 소진되었습니다. 크롤링이 중단됩니다.
2026-05-13 19:15:06,282 [ERROR] ApprovalRadar - Failed to fetch or update 20260610327: All API keys are exhausted for today.
2026-05-13 19:15:08,440 [WARNING] ApprovalRadar - [네트워크/응답 오류] Expecting value: line 1 column 1 (char 0). 1초 후 재시도합니다...
2026-05-13 19:15:09,422 [ERROR] ApprovalRadar - 🚨 [긴급] 오늘자 식품나라 API 키가 모두 소진되었습니다. 크롤링이 중단됩니다.
2026-05-13 19:15:09,424 [ERROR] ApprovalRadar - Failed to fetch or update 20260791332: All API keys are exhausted for today.
2026-05-13 19:15:09,685 [WARNING] ApprovalRadar - [네트워크/응답 오류] Expecting value: line 1 column 1 (char 0). 1초 후 재시도합니다...
2026-05-13 19:15:10,749 [WARNING] ApprovalRadar - [네트워크/응답 오류] Expecting value: line 1 column 1 (char 0). 2초 후 재시도합니다...
2026-05-13 19:15:12,567 [ERROR] ApprovalRadar - 🚨 [긴급] 오늘자 식품나라 API 키가 모두 소진되었습니다. 크롤링이 중단됩니다.
2026-05-13 19:15:12,568 [ERROR] ApprovalRadar - Failed to fetch or update 20210511048: All API keys are exhausted for today.
2026-05-13 19:15:12,810 [WARNING] ApprovalRadar - [네트워크/응답 오류] Expecting value: line 1 column 1 (char 0). 4초 후 재시도합니다...
2026-05-13 19:15:15,605 [ERROR] ApprovalRadar - 🚨 [긴급] 오늘자 식품나라 API 키가 모두 소진되었습니다. 크롤링이 중단됩니다.
2026-05-13 19:15:15,606 [ERROR] ApprovalRadar - Failed to fetch or update 20260610296: All API keys are exhausted for today.
2026-05-13 19:15:16,817 [WARNING] ApprovalRadar - 연속적인 응답 오류 발생! 해당 키가 WAF에 의해 임시 차단된 것으로 의심되어 키를 회전합니다.
2026-05-13 19:15:16,819 [INFO] ApprovalRadar - [키 회전] API 한도 초과! 새로운 키로 교체: e7b3f***
2026-05-13 19:15:17,449 [ERROR] ApprovalRadar - 🚨 [긴급] 오늘자 식품나라 API 키가 모두 소진되었습니다. 크롤링이 중단됩니다.
2026-05-13 19:15:17,502 [ERROR] ApprovalRadar - 🚨 [긴급] 오늘자 식품나라 API 키가 모두 소진되었습니다. 크롤링이 중단됩니다.
2026-05-13 19:15:17,553 [ERROR] ApprovalRadar - 🚨 [긴급] 오늘자 식품나라 API 키가 모두 소진되었습니다. 크롤링이 중단됩니다.
2026-05-13 19:15:17,585 [ERROR] ApprovalRadar - 🚨 [긴급] 오늘자 식품나라 API 키가 모두 소진되었습니다. 크롤링이 중단됩니다.
2026-05-13 19:15:17,615 [ERROR] ApprovalRadar - 🚨 [긴급] 오늘자 식품나라 API 키가 모두 소진되었습니다. 크롤링이 중단됩니다.
2026-05-13 19:15:17,668 [ERROR] ApprovalRadar - 🚨 [긴급] 오늘자 식품나라 API 키가 모두 소진되었습니다. 크롤링이 중단됩니다.
2026-05-13 19:15:17,796 [ERROR] ApprovalRadar - 🚨 [긴급] 오늘자 식품나라 API 키가 모두 소진되었습니다. 크롤링이 중단됩니다.
2026-05-13 19:15:17,835 [ERROR] ApprovalRadar - 🚨 [긴급] 오늘자 식품나라 API 키가 모두 소진되었습니다. 크롤링이 중단됩니다.
2026-05-13 19:15:17,869 [ERROR] ApprovalRadar - 🚨 [긴급] 오늘자 식품나라 API 키가 모두 소진되었습니다. 크롤링이 중단됩니다.
2026-05-13 19:15:17,923 [ERROR] ApprovalRadar - 🚨 [긴급] 오늘자 식품나라 API 키가 모두 소진되었습니다. 크롤링이 중단됩니다.
2026-05-13 19:15:17,984 [ERROR] ApprovalRadar - 🚨 [긴급] 오늘자 식품나라 API 키가 모두 소진되었습니다. 크롤링이 중단됩니다.
2026-05-13 19:15:18,045 [ERROR] ApprovalRadar - 🚨 [긴급] 오늘자 식품나라 API 키가 모두 소진되었습니다. 크롤링이 중단됩니다.
2026-05-13 19:15:18,090 [ERROR] ApprovalRadar - 🚨 [긴급] 오늘자 식품나라 API 키가 모두 소진되었습니다. 크롤링이 중단됩니다.
2026-05-13 19:15:18,147 [ERROR] ApprovalRadar - 🚨 [긴급] 오늘자 식품나라 API 키가 모두 소진되었습니다. 크롤링이 중단됩니다.
2026-05-13 19:15:18,203 [ERROR] ApprovalRadar - 🚨 [긴급] 오늘자 식품나라 API 키가 모두 소진되었습니다. 크롤링이 중단됩니다.
2026-05-13 19:15:18,345 [ERROR] ApprovalRadar - 🚨 [긴급] 오늘자 식품나라 API 키가 모두 소진되었습니다. 크롤링이 중단됩니다.
2026-05-13 19:15:18,379 [ERROR] ApprovalRadar - 🚨 [긴급] 오늘자 식품나라 API 키가 모두 소진되었습니다. 크롤링이 중단됩니다.
2026-05-13 19:15:18,434 [ERROR] ApprovalRadar - 🚨 [긴급] 오늘자 식품나라 API 키가 모두 소진되었습니다. 크롤링이 중단됩니다.
2026-05-13 19:15:18,468 [ERROR] ApprovalRadar - 🚨 [긴급] 오늘자 식품나라 API 키가 모두 소진되었습니다. 크롤링이 중단됩니다.
2026-05-13 19:15:18,520 [ERROR] ApprovalRadar - 🚨 [긴급] 오늘자 식품나라 API 키가 모두 소진되었습니다. 크롤링이 중단됩니다.
2026-05-13 19:15:18,574 [ERROR] ApprovalRadar - 🚨 [긴급] 오늘자 식품나라 API 키가 모두 소진되었습니다. 크롤링이 중단됩니다.
2026-05-13 19:15:18,633 [ERROR] ApprovalRadar - 🚨 [긴급] 오늘자 식품나라 API 키가 모두 소진되었습니다. 크롤링이 중단됩니다.
2026-05-13 19:15:18,662 [ERROR] ApprovalRadar - 🚨 [긴급] 오늘자 식품나라 API 키가 모두 소진되었습니다. 크롤링이 중단됩니다.
2026-05-13 19:15:18,663 [ERROR] ApprovalRadar - Failed to fetch or update 20260791333: All API keys are exhausted for today.
2026-05-13 19:15:18,689 [ERROR] ApprovalRadar - 🚨 [긴급] 오늘자 식품나라 API 키가 모두 소진되었습니다. 크롤링이 중단됩니다.
2026-05-13 19:15:18,744 [ERROR] ApprovalRadar - 🚨 [긴급] 오늘자 식품나라 API 키가 모두 소진되었습니다. 크롤링이 중단됩니다.
2026-05-13 19:15:18,865 [ERROR] ApprovalRadar - 🚨 [긴급] 오늘자 식품나라 API 키가 모두 소진되었습니다. 크롤링이 중단됩니다.
2026-05-13 19:15:18,899 [ERROR] ApprovalRadar - 🚨 [긴급] 오늘자 식품나라 API 키가 모두 소진되었습니다. 크롤링이 중단됩니다.
2026-05-13 19:15:18,955 [ERROR] ApprovalRadar - 🚨 [긴급] 오늘자 식품나라 API 키가 모두 소진되었습니다. 크롤링이 중단됩니다.
2026-05-13 19:15:18,987 [ERROR] ApprovalRadar - 🚨 [긴급] 오늘자 식품나라 API 키가 모두 소진되었습니다. 크롤링이 중단됩니다.
2026-05-13 19:15:19,024 [ERROR] ApprovalRadar - 🚨 [긴급] 오늘자 식품나라 API 키가 모두 소진되었습니다. 크롤링이 중단됩니다.
2026-05-13 19:15:19,083 [ERROR] ApprovalRadar - 🚨 [긴급] 오늘자 식품나라 API 키가 모두 소진되었습니다. 크롤링이 중단됩니다.
2026-05-13 19:15:19,147 [ERROR] ApprovalRadar - 🚨 [긴급] 오늘자 식품나라 API 키가 모두 소진되었습니다. 크롤링이 중단됩니다.
2026-05-13 19:15:19,183 [ERROR] ApprovalRadar - 🚨 [긴급] 오늘자 식품나라 API 키가 모두 소진되었습니다. 크롤링이 중단됩니다.
2026-05-13 19:15:19,234 [ERROR] ApprovalRadar - 🚨 [긴급] 오늘자 식품나라 API 키가 모두 소진되었습니다. 크롤링이 중단됩니다.
2026-05-13 19:15:19,369 [ERROR] ApprovalRadar - 🚨 [긴급] 오늘자 식품나라 API 키가 모두 소진되었습니다. 크롤링이 중단됩니다.
2026-05-13 19:15:19,423 [ERROR] ApprovalRadar - 🚨 [긴급] 오늘자 식품나라 API 키가 모두 소진되었습니다. 크롤링이 중단됩니다.
2026-05-13 19:15:19,477 [ERROR] ApprovalRadar - 🚨 [긴급] 오늘자 식품나라 API 키가 모두 소진되었습니다. 크롤링이 중단됩니다.
2026-05-13 19:15:19,533 [ERROR] ApprovalRadar - 🚨 [긴급] 오늘자 식품나라 API 키가 모두 소진되었습니다. 크롤링이 중단됩니다.
2026-05-13 19:15:19,568 [ERROR] ApprovalRadar - 🚨 [긴급] 오늘자 식품나라 API 키가 모두 소진되었습니다. 크롤링이 중단됩니다.
2026-05-13 19:15:19,623 [ERROR] ApprovalRadar - 🚨 [긴급] 오늘자 식품나라 API 키가 모두 소진되었습니다. 크롤링이 중단됩니다.
2026-05-13 19:15:19,679 [ERROR] ApprovalRadar - 🚨 [긴급] 오늘자 식품나라 API 키가 모두 소진되었습니다. 크롤링이 중단됩니다.
2026-05-13 19:15:19,734 [ERROR] ApprovalRadar - 🚨 [긴급] 오늘자 식품나라 API 키가 모두 소진되었습니다. 크롤링이 중단됩니다.
2026-05-13 19:15:19,792 [ERROR] ApprovalRadar - 🚨 [긴급] 오늘자 식품나라 API 키가 모두 소진되었습니다. 크롤링이 중단됩니다.
2026-05-13 19:15:19,910 [ERROR] ApprovalRadar - 🚨 [긴급] 오늘자 식품나라 API 키가 모두 소진되었습니다. 크롤링이 중단됩니다.
2026-05-13 19:15:19,944 [ERROR] ApprovalRadar - 🚨 [긴급] 오늘자 식품나라 API 키가 모두 소진되었습니다. 크롤링이 중단됩니다.
2026-05-13 19:15:19,965 [ERROR] ApprovalRadar - 🚨 [긴급] 오늘자 식품나라 API 키가 모두 소진되었습니다. 크롤링이 중단됩니다.
2026-05-13 19:15:20,002 [ERROR] ApprovalRadar - 🚨 [긴급] 오늘자 식품나라 API 키가 모두 소진되었습니다. 크롤링이 중단됩니다.
2026-05-13 19:15:20,019 [ERROR] ApprovalRadar - 🚨 [긴급] 오늘자 식품나라 API 키가 모두 소진되었습니다. 크롤링이 중단됩니다.
2026-05-13 19:15:20,056 [ERROR] ApprovalRadar - 🚨 [긴급] 오늘자 식품나라 API 키가 모두 소진되었습니다. 크롤링이 중단됩니다.
2026-05-13 19:15:20,077 [ERROR] ApprovalRadar - 🚨 [긴급] 오늘자 식품나라 API 키가 모두 소진되었습니다. 크롤링이 중단됩니다.
2026-05-13 19:15:20,100 [ERROR] ApprovalRadar - 🚨 [긴급] 오늘자 식품나라 API 키가 모두 소진되었습니다. 크롤링이 중단됩니다.
2026-05-13 19:15:20,178 [ERROR] ApprovalRadar - 🚨 [긴급] 오늘자 식품나라 API 키가 모두 소진되었습니다. 크롤링이 중단됩니다.
2026-05-13 19:15:20,205 [ERROR] ApprovalRadar - 🚨 [긴급] 오늘자 식품나라 API 키가 모두 소진되었습니다. 크롤링이 중단됩니다.
2026-05-13 19:15:20,215 [ERROR] ApprovalRadar - 🚨 [긴급] 오늘자 식품나라 API 키가 모두 소진되었습니다. 크롤링이 중단됩니다.
2026-05-13 19:15:20,240 [ERROR] ApprovalRadar - 🚨 [긴급] 오늘자 식품나라 API 키가 모두 소진되었습니다. 크롤링이 중단됩니다.
2026-05-13 19:15:20,272 [ERROR] ApprovalRadar - 🚨 [긴급] 오늘자 식품나라 API 키가 모두 소진되었습니다. 크롤링이 중단됩니다.
2026-05-13 19:15:20,290 [ERROR] ApprovalRadar - 🚨 [긴급] 오늘자 식품나라 API 키가 모두 소진되었습니다. 크롤링이 중단됩니다.
2026-05-13 19:15:20,326 [ERROR] ApprovalRadar - 🚨 [긴급] 오늘자 식품나라 API 키가 모두 소진되었습니다. 크롤링이 중단됩니다.
2026-05-13 19:15:20,433 [ERROR] ApprovalRadar - 🚨 [긴급] 오늘자 식품나라 API 키가 모두 소진되었습니다. 크롤링이 중단됩니다.
2026-05-13 19:15:20,470 [ERROR] ApprovalRadar - 🚨 [긴급] 오늘자 식품나라 API 키가 모두 소진되었습니다. 크롤링이 중단됩니다.
2026-05-13 19:15:20,491 [ERROR] ApprovalRadar - 🚨 [긴급] 오늘자 식품나라 API 키가 모두 소진되었습니다. 크롤링이 중단됩니다.
2026-05-13 19:15:20,503 [ERROR] ApprovalRadar - 🚨 [긴급] 오늘자 식품나라 API 키가 모두 소진되었습니다. 크롤링이 중단됩니다.
2026-05-13 19:15:20,526 [ERROR] ApprovalRadar - 🚨 [긴급] 오늘자 식품나라 API 키가 모두 소진되었습니다. 크롤링이 중단됩니다.
2026-05-13 19:15:20,537 [ERROR] ApprovalRadar - 🚨 [긴급] 오늘자 식품나라 API 키가 모두 소진되었습니다. 크롤링이 중단됩니다.
2026-05-13 19:15:20,580 [ERROR] ApprovalRadar - 🚨 [긴급] 오늘자 식품나라 API 키가 모두 소진되었습니다. 크롤링이 중단됩니다.
2026-05-13 19:15:20,587 [ERROR] ApprovalRadar - 🚨 [긴급] 오늘자 식품나라 API 키가 모두 소진되었습니다. 크롤링이 중단됩니다.
2026-05-13 19:15:20,614 [ERROR] ApprovalRadar - 🚨 [긴급] 오늘자 식품나라 API 키가 모두 소진되었습니다. 크롤링이 중단됩니다.
2026-05-13 19:15:20,621 [ERROR] ApprovalRadar - 🚨 [긴급] 오늘자 식품나라 API 키가 모두 소진되었습니다. 크롤링이 중단됩니다.
2026-05-13 19:15:20,669 [ERROR] ApprovalRadar - 🚨 [긴급] 오늘자 식품나라 API 키가 모두 소진되었습니다. 크롤링이 중단됩니다.
2026-05-13 19:15:20,673 [ERROR] ApprovalRadar - 🚨 [긴급] 오늘자 식품나라 API 키가 모두 소진되었습니다. 크롤링이 중단됩니다.
2026-05-13 19:15:20,707 [ERROR] ApprovalRadar - 🚨 [긴급] 오늘자 식품나라 API 키가 모두 소진되었습니다. 크롤링이 중단됩니다.
2026-05-13 19:15:20,724 [ERROR] ApprovalRadar - 🚨 [긴급] 오늘자 식품나라 API 키가 모두 소진되었습니다. 크롤링이 중단됩니다.
2026-05-13 19:15:20,760 [ERROR] ApprovalRadar - 🚨 [긴급] 오늘자 식품나라 API 키가 모두 소진되었습니다. 크롤링이 중단됩니다.
2026-05-13 19:15:20,781 [ERROR] ApprovalRadar - 🚨 [긴급] 오늘자 식품나라 API 키가 모두 소진되었습니다. 크롤링이 중단됩니다.
2026-05-13 19:15:20,794 [ERROR] ApprovalRadar - 🚨 [긴급] 오늘자 식품나라 API 키가 모두 소진되었습니다. 크롤링이 중단됩니다.
2026-05-13 19:15:20,833 [ERROR] ApprovalRadar - 🚨 [긴급] 오늘자 식품나라 API 키가 모두 소진되었습니다. 크롤링이 중단됩니다.
2026-05-13 19:15:20,846 [ERROR] ApprovalRadar - 🚨 [긴급] 오늘자 식품나라 API 키가 모두 소진되었습니다. 크롤링이 중단됩니다.
2026-05-13 19:15:20,959 [ERROR] ApprovalRadar - 🚨 [긴급] 오늘자 식품나라 API 키가 모두 소진되었습니다. 크롤링이 중단됩니다.
2026-05-13 19:15:20,961 [ERROR] ApprovalRadar - 🚨 [긴급] 오늘자 식품나라 API 키가 모두 소진되었습니다. 크롤링이 중단됩니다.
2026-05-13 19:15:21,016 [ERROR] ApprovalRadar - 🚨 [긴급] 오늘자 식품나라 API 키가 모두 소진되었습니다. 크롤링이 중단됩니다.
2026-05-13 19:15:21,018 [ERROR] ApprovalRadar - 🚨 [긴급] 오늘자 식품나라 API 키가 모두 소진되었습니다. 크롤링이 중단됩니다.
2026-05-13 19:15:21,067 [ERROR] ApprovalRadar - 🚨 [긴급] 오늘자 식품나라 API 키가 모두 소진되었습니다. 크롤링이 중단됩니다.
2026-05-13 19:15:21,069 [ERROR] ApprovalRadar - 🚨 [긴급] 오늘자 식품나라 API 키가 모두 소진되었습니다. 크롤링이 중단됩니다.
2026-05-13 19:15:21,132 [ERROR] ApprovalRadar - 🚨 [긴급] 오늘자 식품나라 API 키가 모두 소진되었습니다. 크롤링이 중단됩니다.
2026-05-13 19:15:21,134 [ERROR] ApprovalRadar - 🚨 [긴급] 오늘자 식품나라 API 키가 모두 소진되었습니다. 크롤링이 중단됩니다.
2026-05-13 19:15:21,171 [ERROR] ApprovalRadar - 🚨 [긴급] 오늘자 식품나라 API 키가 모두 소진되었습니다. 크롤링이 중단됩니다.
2026-05-13 19:15:21,193 [ERROR] ApprovalRadar - 🚨 [긴급] 오늘자 식품나라 API 키가 모두 소진되었습니다. 크롤링이 중단됩니다.
2026-05-13 19:15:21,226 [ERROR] ApprovalRadar - 🚨 [긴급] 오늘자 식품나라 API 키가 모두 소진되었습니다. 크롤링이 중단됩니다.
2026-05-13 19:15:21,229 [ERROR] ApprovalRadar - 🚨 [긴급] 오늘자 식품나라 API 키가 모두 소진되었습니다. 크롤링이 중단됩니다.
2026-05-13 19:15:21,280 [ERROR] ApprovalRadar - 🚨 [긴급] 오늘자 식품나라 API 키가 모두 소진되었습니다. 크롤링이 중단됩니다.
2026-05-13 19:15:21,282 [ERROR] ApprovalRadar - 🚨 [긴급] 오늘자 식품나라 API 키가 모두 소진되었습니다. 크롤링이 중단됩니다.
2026-05-13 19:15:21,335 [ERROR] ApprovalRadar - 🚨 [긴급] 오늘자 식품나라 API 키가 모두 소진되었습니다. 크롤링이 중단됩니다.
2026-05-13 19:15:21,336 [ERROR] ApprovalRadar - 🚨 [긴급] 오늘자 식품나라 API 키가 모두 소진되었습니다. 크롤링이 중단됩니다.
2026-05-13 19:15:21,370 [ERROR] ApprovalRadar - 🚨 [긴급] 오늘자 식품나라 API 키가 모두 소진되었습니다. 크롤링이 중단됩니다.
2026-05-13 19:15:21,467 [ERROR] ApprovalRadar - 🚨 [긴급] 오늘자 식품나라 API 키가 모두 소진되었습니다. 크롤링이 중단됩니다.
2026-05-13 19:15:21,484 [ERROR] ApprovalRadar - 🚨 [긴급] 오늘자 식품나라 API 키가 모두 소진되었습니다. 크롤링이 중단됩니다.
2026-05-13 19:15:21,520 [ERROR] ApprovalRadar - 🚨 [긴급] 오늘자 식품나라 API 키가 모두 소진되었습니다. 크롤링이 중단됩니다.
2026-05-13 19:15:21,526 [ERROR] ApprovalRadar - 🚨 [긴급] 오늘자 식품나라 API 키가 모두 소진되었습니다. 크롤링이 중단됩니다.
2026-05-13 19:15:21,575 [ERROR] ApprovalRadar - 🚨 [긴급] 오늘자 식품나라 API 키가 모두 소진되었습니다. 크롤링이 중단됩니다.
2026-05-13 19:15:21,581 [ERROR] ApprovalRadar - 🚨 [긴급] 오늘자 식품나라 API 키가 모두 소진되었습니다. 크롤링이 중단됩니다.
2026-05-13 19:15:21,632 [ERROR] ApprovalRadar - 🚨 [긴급] 오늘자 식품나라 API 키가 모두 소진되었습니다. 크롤링이 중단됩니다.
2026-05-13 19:15:21,635 [ERROR] ApprovalRadar - 🚨 [긴급] 오늘자 식품나라 API 키가 모두 소진되었습니다. 크롤링이 중단됩니다.
2026-05-13 19:15:21,688 [ERROR] ApprovalRadar - 🚨 [긴급] 오늘자 식품나라 API 키가 모두 소진되었습니다. 크롤링이 중단됩니다.
2026-05-13 19:15:21,690 [ERROR] ApprovalRadar - 🚨 [긴급] 오늘자 식품나라 API 키가 모두 소진되었습니다. 크롤링이 중단됩니다.
2026-05-13 19:15:21,723 [ERROR] ApprovalRadar - 🚨 [긴급] 오늘자 식품나라 API 키가 모두 소진되었습니다. 크롤링이 중단됩니다.
2026-05-13 19:15:21,724 [ERROR] ApprovalRadar - Failed to fetch or update 20260176087: All API keys are exhausted for today.
2026-05-13 19:15:21,740 [ERROR] ApprovalRadar - 🚨 [긴급] 오늘자 식품나라 API 키가 모두 소진되었습니다. 크롤링이 중단됩니다.
2026-05-13 19:15:21,742 [ERROR] ApprovalRadar - 🚨 [긴급] 오늘자 식품나라 API 키가 모두 소진되었습니다. 크롤링이 중단됩니다.
2026-05-13 19:15:21,777 [ERROR] ApprovalRadar - 🚨 [긴급] 오늘자 식품나라 API 키가 모두 소진되었습니다. 크롤링이 중단됩니다.
2026-05-13 19:15:21,782 [ERROR] ApprovalRadar - 🚨 [긴급] 오늘자 식품나라 API 키가 모두 소진되었습니다. 크롤링이 중단됩니다.
2026-05-13 19:15:21,813 [ERROR] ApprovalRadar - 🚨 [긴급] 오늘자 식품나라 API 키가 모두 소진되었습니다. 크롤링이 중단됩니다.
2026-05-13 19:15:21,832 [ERROR] ApprovalRadar - 🚨 [긴급] 오늘자 식품나라 API 키가 모두 소진되었습니다. 크롤링이 중단됩니다.
2026-05-13 19:15:21,864 [ERROR] ApprovalRadar - 🚨 [긴급] 오늘자 식품나라 API 키가 모두 소진되었습니다. 크롤링이 중단됩니다.
2026-05-13 19:15:21,869 [ERROR] ApprovalRadar - 🚨 [긴급] 오늘자 식품나라 API 키가 모두 소진되었습니다. 크롤링이 중단됩니다.
2026-05-13 19:15:22,006 [ERROR] ApprovalRadar - 🚨 [긴급] 오늘자 식품나라 API 키가 모두 소진되었습니다. 크롤링이 중단됩니다.
2026-05-13 19:15:22,010 [ERROR] ApprovalRadar - 🚨 [긴급] 오늘자 식품나라 API 키가 모두 소진되었습니다. 크롤링이 중단됩니다.
2026-05-13 19:15:22,048 [ERROR] ApprovalRadar - 🚨 [긴급] 오늘자 식품나라 API 키가 모두 소진되었습니다. 크롤링이 중단됩니다.
2026-05-13 19:15:22,065 [ERROR] ApprovalRadar - 🚨 [긴급] 오늘자 식품나라 API 키가 모두 소진되었습니다. 크롤링이 중단됩니다.
2026-05-13 19:15:22,113 [ERROR] ApprovalRadar - 🚨 [긴급] 오늘자 식품나라 API 키가 모두 소진되었습니다. 크롤링이 중단됩니다.
2026-05-13 19:15:22,116 [ERROR] ApprovalRadar - 🚨 [긴급] 오늘자 식품나라 API 키가 모두 소진되었습니다. 크롤링이 중단됩니다.
2026-05-13 19:15:22,159 [ERROR] ApprovalRadar - 🚨 [긴급] 오늘자 식품나라 API 키가 모두 소진되었습니다. 크롤링이 중단됩니다.
2026-05-13 19:15:22,180 [ERROR] ApprovalRadar - 🚨 [긴급] 오늘자 식품나라 API 키가 모두 소진되었습니다. 크롤링이 중단됩니다.
2026-05-13 19:15:22,199 [ERROR] ApprovalRadar - 🚨 [긴급] 오늘자 식품나라 API 키가 모두 소진되었습니다. 크롤링이 중단됩니다.
2026-05-13 19:15:22,238 [ERROR] ApprovalRadar - 🚨 [긴급] 오늘자 식품나라 API 키가 모두 소진되었습니다. 크롤링이 중단됩니다.
2026-05-13 19:15:22,256 [ERROR] ApprovalRadar - 🚨 [긴급] 오늘자 식품나라 API 키가 모두 소진되었습니다. 크롤링이 중단됩니다.
2026-05-13 19:15:22,292 [ERROR] ApprovalRadar - 🚨 [긴급] 오늘자 식품나라 API 키가 모두 소진되었습니다. 크롤링이 중단됩니다.
2026-05-13 19:15:22,309 [ERROR] ApprovalRadar - 🚨 [긴급] 오늘자 식품나라 API 키가 모두 소진되었습니다. 크롤링이 중단됩니다.
2026-05-13 19:15:22,353 [ERROR] ApprovalRadar - 🚨 [긴급] 오늘자 식품나라 API 키가 모두 소진되었습니다. 크롤링이 중단됩니다.
2026-05-13 19:15:22,365 [ERROR] ApprovalRadar - 🚨 [긴급] 오늘자 식품나라 API 키가 모두 소진되었습니다. 크롤링이 중단됩니다.
2026-05-13 19:15:22,409 [ERROR] ApprovalRadar - 🚨 [긴급] 오늘자 식품나라 API 키가 모두 소진되었습니다. 크롤링이 중단됩니다.
2026-05-13 19:15:22,417 [ERROR] ApprovalRadar - 🚨 [긴급] 오늘자 식품나라 API 키가 모두 소진되었습니다. 크롤링이 중단됩니다.
2026-05-13 19:15:22,533 [ERROR] ApprovalRadar - 🚨 [긴급] 오늘자 식품나라 API 키가 모두 소진되었습니다. 크롤링이 중단됩니다.
2026-05-13 19:15:22,536 [ERROR] ApprovalRadar - 🚨 [긴급] 오늘자 식품나라 API 키가 모두 소진되었습니다. 크롤링이 중단됩니다.
2026-05-13 19:15:22,590 [ERROR] ApprovalRadar - 🚨 [긴급] 오늘자 식품나라 API 키가 모두 소진되었습니다. 크롤링이 중단됩니다.
2026-05-13 19:15:22,595 [ERROR] ApprovalRadar - 🚨 [긴급] 오늘자 식품나라 API 키가 모두 소진되었습니다. 크롤링이 중단됩니다.
2026-05-13 19:15:22,629 [ERROR] ApprovalRadar - 🚨 [긴급] 오늘자 식품나라 API 키가 모두 소진되었습니다. 크롤링이 중단됩니다.
2026-05-13 19:15:22,631 [ERROR] ApprovalRadar - 🚨 [긴급] 오늘자 식품나라 API 키가 모두 소진되었습니다. 크롤링이 중단됩니다.
2026-05-13 19:15:22,686 [ERROR] ApprovalRadar - 🚨 [긴급] 오늘자 식품나라 API 키가 모두 소진되었습니다. 크롤링이 중단됩니다.
2026-05-13 19:15:22,688 [ERROR] ApprovalRadar - 🚨 [긴급] 오늘자 식품나라 API 키가 모두 소진되었습니다. 크롤링이 중단됩니다.
2026-05-13 19:15:22,720 [ERROR] ApprovalRadar - 🚨 [긴급] 오늘자 식품나라 API 키가 모두 소진되었습니다. 크롤링이 중단됩니다.
2026-05-13 19:15:22,740 [ERROR] ApprovalRadar - 🚨 [긴급] 오늘자 식품나라 API 키가 모두 소진되었습니다. 크롤링이 중단됩니다.
2026-05-13 19:15:22,753 [ERROR] ApprovalRadar - 🚨 [긴급] 오늘자 식품나라 API 키가 모두 소진되었습니다. 크롤링이 중단됩니다.
2026-05-13 19:15:22,801 [ERROR] ApprovalRadar - 🚨 [긴급] 오늘자 식품나라 API 키가 모두 소진되었습니다. 크롤링이 중단됩니다.
2026-05-13 19:15:22,805 [ERROR] ApprovalRadar - 🚨 [긴급] 오늘자 식품나라 API 키가 모두 소진되었습니다. 크롤링이 중단됩니다.
2026-05-13 19:15:22,857 [ERROR] ApprovalRadar - 🚨 [긴급] 오늘자 식품나라 API 키가 모두 소진되었습니다. 크롤링이 중단됩니다.
2026-05-13 19:15:22,859 [ERROR] ApprovalRadar - 🚨 [긴급] 오늘자 식품나라 API 키가 모두 소진되었습니다. 크롤링이 중단됩니다.
2026-05-13 19:15:22,915 [ERROR] ApprovalRadar - 🚨 [긴급] 오늘자 식품나라 API 키가 모두 소진되었습니다. 크롤링이 중단됩니다.
2026-05-13 19:15:22,946 [ERROR] ApprovalRadar - 🚨 [긴급] 오늘자 식품나라 API 키가 모두 소진되었습니다. 크롤링이 중단됩니다.
2026-05-13 19:15:23,057 [ERROR] ApprovalRadar - 🚨 [긴급] 오늘자 식품나라 API 키가 모두 소진되었습니다. 크롤링이 중단됩니다.
2026-05-13 19:15:23,087 [ERROR] ApprovalRadar - 🚨 [긴급] 오늘자 식품나라 API 키가 모두 소진되었습니다. 크롤링이 중단됩니다.
2026-05-13 19:15:23,119 [ERROR] ApprovalRadar - 🚨 [긴급] 오늘자 식품나라 API 키가 모두 소진되었습니다. 크롤링이 중단됩니다.
2026-05-13 19:15:23,154 [ERROR] ApprovalRadar - 🚨 [긴급] 오늘자 식품나라 API 키가 모두 소진되었습니다. 크롤링이 중단됩니다.
2026-05-13 19:15:23,178 [ERROR] ApprovalRadar - 🚨 [긴급] 오늘자 식품나라 API 키가 모두 소진되었습니다. 크롤링이 중단됩니다.
2026-05-13 19:15:23,215 [ERROR] ApprovalRadar - 🚨 [긴급] 오늘자 식품나라 API 키가 모두 소진되었습니다. 크롤링이 중단됩니다.
2026-05-13 19:15:23,240 [ERROR] ApprovalRadar - 🚨 [긴급] 오늘자 식품나라 API 키가 모두 소진되었습니다. 크롤링이 중단됩니다.
2026-05-13 19:15:23,258 [ERROR] ApprovalRadar - 🚨 [긴급] 오늘자 식품나라 API 키가 모두 소진되었습니다. 크롤링이 중단됩니다.
2026-05-13 19:15:23,277 [ERROR] ApprovalRadar - 🚨 [긴급] 오늘자 식품나라 API 키가 모두 소진되었습니다. 크롤링이 중단됩니다.
2026-05-13 19:15:23,314 [ERROR] ApprovalRadar - 🚨 [긴급] 오늘자 식품나라 API 키가 모두 소진되었습니다. 크롤링이 중단됩니다.
2026-05-13 19:15:23,333 [ERROR] ApprovalRadar - 🚨 [긴급] 오늘자 식품나라 API 키가 모두 소진되었습니다. 크롤링이 중단됩니다.
2026-05-13 19:15:23,353 [ERROR] ApprovalRadar - 🚨 [긴급] 오늘자 식품나라 API 키가 모두 소진되었습니다. 크롤링이 중단됩니다.
2026-05-13 19:15:23,388 [ERROR] ApprovalRadar - 🚨 [긴급] 오늘자 식품나라 API 키가 모두 소진되었습니다. 크롤링이 중단됩니다.
2026-05-13 19:15:23,405 [ERROR] ApprovalRadar - 🚨 [긴급] 오늘자 식품나라 API 키가 모두 소진되었습니다. 크롤링이 중단됩니다.
2026-05-13 19:15:23,474 [ERROR] ApprovalRadar - 🚨 [긴급] 오늘자 식품나라 API 키가 모두 소진되었습니다. 크롤링이 중단됩니다.
2026-05-13 19:15:23,563 [ERROR] ApprovalRadar - 🚨 [긴급] 오늘자 식품나라 API 키가 모두 소진되었습니다. 크롤링이 중단됩니다.
2026-05-13 19:15:23,610 [ERROR] ApprovalRadar - 🚨 [긴급] 오늘자 식품나라 API 키가 모두 소진되었습니다. 크롤링이 중단됩니다.
2026-05-13 19:15:23,616 [ERROR] ApprovalRadar - 🚨 [긴급] 오늘자 식품나라 API 키가 모두 소진되었습니다. 크롤링이 중단됩니다.
2026-05-13 19:15:23,665 [ERROR] ApprovalRadar - 🚨 [긴급] 오늘자 식품나라 API 키가 모두 소진되었습니다. 크롤링이 중단됩니다.
2026-05-13 19:15:23,682 [ERROR] ApprovalRadar - 🚨 [긴급] 오늘자 식품나라 API 키가 모두 소진되었습니다. 크롤링이 중단됩니다.
2026-05-13 19:15:23,726 [ERROR] ApprovalRadar - 🚨 [긴급] 오늘자 식품나라 API 키가 모두 소진되었습니다. 크롤링이 중단됩니다.
2026-05-13 19:15:23,743 [ERROR] ApprovalRadar - 🚨 [긴급] 오늘자 식품나라 API 키가 모두 소진되었습니다. 크롤링이 중단됩니다.
2026-05-13 19:15:23,793 [ERROR] ApprovalRadar - 🚨 [긴급] 오늘자 식품나라 API 키가 모두 소진되었습니다. 크롤링이 중단됩니다.
2026-05-13 19:15:23,798 [ERROR] ApprovalRadar - 🚨 [긴급] 오늘자 식품나라 API 키가 모두 소진되었습니다. 크롤링이 중단됩니다.
2026-05-13 19:15:23,830 [ERROR] ApprovalRadar - 🚨 [긴급] 오늘자 식품나라 API 키가 모두 소진되었습니다. 크롤링이 중단됩니다.
2026-05-13 19:15:23,850 [ERROR] ApprovalRadar - 🚨 [긴급] 오늘자 식품나라 API 키가 모두 소진되었습니다. 크롤링이 중단됩니다.
2026-05-13 19:15:23,881 [ERROR] ApprovalRadar - 🚨 [긴급] 오늘자 식품나라 API 키가 모두 소진되었습니다. 크롤링이 중단됩니다.
2026-05-13 19:15:23,882 [ERROR] ApprovalRadar - ❌ I2500 크롤러 스케줄 작업 중 치명적인 오류 발생: All API keys are exhausted for today.
2026-05-13 19:15:24,248 [INFO] ApprovalRadar - Initializing Database...
2026-05-13 19:15:24,249 [INFO] ApprovalRadar - Starting Industry Type Backfill Job...
2026-05-13 19:15:24,249 [INFO] ApprovalRadar - Configuring APScheduler jobs...
2026-05-13 19:15:24,251 [INFO] ApprovalRadar - Adding initial catch-up scraper job to background...
2026-05-13 19:15:24,253 [INFO] ApprovalRadar - Starting DiffCrawler Delta Sync Job for I2859...
2026-05-13 19:15:24,253 [INFO] ApprovalRadar - APScheduler started successfully.
2026-05-13 19:15:24,254 [INFO] ApprovalRadar - 총 2403건의 세부업종 누락 데이터를 발견했습니다. 백필을 시작합니다.
2026-05-13 19:15:24,319 [INFO] ApprovalRadar - [키 회전] API 한도 초과! 새로운 키로 교체: f1282***
2026-05-13 19:15:24,325 [WARNING] ApprovalRadar - 키 회전 후 3.0초 대기...
2026-05-13 19:15:24,370 [INFO] ApprovalRadar - [키 회전] API 한도 초과! 새로운 키로 교체: f1282***
2026-05-13 19:15:24,370 [WARNING] ApprovalRadar - 키 회전 후 3.0초 대기...
2026-05-13 19:15:27,386 [INFO] ApprovalRadar - [키 회전] API 한도 초과! 새로운 키로 교체: ba698***
2026-05-13 19:15:27,388 [WARNING] ApprovalRadar - 키 회전 후 3.0초 대기...
2026-05-13 19:15:27,468 [INFO] ApprovalRadar - [키 회전] API 한도 초과! 새로운 키로 교체: ba698***
2026-05-13 19:15:27,469 [WARNING] ApprovalRadar - 키 회전 후 3.0초 대기...
2026-05-13 19:15:30,497 [INFO] ApprovalRadar - [키 회전] API 한도 초과! 새로운 키로 교체: 67f07***
2026-05-13 19:15:30,498 [WARNING] ApprovalRadar - 키 회전 후 3.0초 대기...
2026-05-13 19:15:30,560 [INFO] ApprovalRadar - [키 회전] API 한도 초과! 새로운 키로 교체: 67f07***
2026-05-13 19:15:30,561 [WARNING] ApprovalRadar - 키 회전 후 3.0초 대기...
2026-05-13 19:15:33,627 [WARNING] ApprovalRadar - [네트워크/응답 오류] Expecting value: line 1 column 1 (char 0). 1초 후 재시도합니다...
2026-05-13 19:15:35,467 [INFO] ApprovalRadar - ✨ [소요시간: 11.21초] 새로운 데이터가 감지되지 않았습니다. (현재 전체 데이터: 22416건)
2026-05-13 19:15:35,468 [INFO] ApprovalRadar - Starting DiffCrawler Delta Sync Job for I2500...
2026-05-13 19:15:35,469 [INFO] ApprovalRadar - 최초 실행: 베이스라인 부트스트랩을 시작합니다...
2026-05-13 19:15:35,469 [INFO] ApprovalRadar - [Bootstrapper] True Tail(실제 마지막 데이터) 찾는 중...
2026-05-13 19:15:35,521 [INFO] ApprovalRadar - [키 회전] API 한도 초과! 새로운 키로 교체: f1282***
2026-05-13 19:15:35,522 [WARNING] ApprovalRadar - 키 회전 후 3.0초 대기...
2026-05-13 19:15:38,582 [INFO] ApprovalRadar - [키 회전] API 한도 초과! 새로운 키로 교체: ba698***
2026-05-13 19:15:38,584 [WARNING] ApprovalRadar - 키 회전 후 3.0초 대기...
2026-05-13 19:15:41,636 [INFO] ApprovalRadar - [키 회전] API 한도 초과! 새로운 키로 교체: 67f07***
2026-05-13 19:15:41,638 [WARNING] ApprovalRadar - 키 회전 후 3.0초 대기...
2026-05-13 19:15:45,261 [WARNING] ApprovalRadar - [네트워크/응답 오류] Expecting value: line 1 column 1 (char 0). 1초 후 재시도합니다...
2026-05-13 19:15:46,426 [WARNING] ApprovalRadar - [네트워크/응답 오류] Expecting value: line 1 column 1 (char 0). 1초 후 재시도합니다...
2026-05-13 19:15:50,983 [WARNING] ApprovalRadar - [네트워크/응답 오류] Expecting value: line 1 column 1 (char 0). 1초 후 재시도합니다...
2026-05-13 19:15:54,610 [WARNING] ApprovalRadar - [네트워크/응답 오류] Expecting value: line 1 column 1 (char 0). 1초 후 재시도합니다...
2026-05-13 19:16:01,947 [WARNING] ApprovalRadar - [네트워크/응답 오류] Expecting value: line 1 column 1 (char 0). 1초 후 재시도합니다...
2026-05-13 19:16:02,989 [WARNING] ApprovalRadar - [네트워크/응답 오류] Expecting value: line 1 column 1 (char 0). 2초 후 재시도합니다...
2026-05-13 19:16:04,987 [INFO] ApprovalRadar - [Bootstrapper] 전체 데이터 건수 확인 완료: 1000000건
2026-05-13 19:16:04,989 [INFO] ApprovalRadar - [Bootstrapper] 피벗 캐싱 시작 (간격: 5000)...
2026-05-13 19:16:05,049 [WARNING] ApprovalRadar - [네트워크/응답 오류] Expecting value: line 1 column 1 (char 0). 4초 후 재시도합니다...
2026-05-13 19:16:05,825 [WARNING] ApprovalRadar - [네트워크/응답 오류] Expecting value: line 1 column 1 (char 0). 1초 후 재시도합니다...
2026-05-13 19:16:08,671 [WARNING] ApprovalRadar - [네트워크/응답 오류] Expecting value: line 1 column 1 (char 0). 1초 후 재시도합니다...
2026-05-13 19:16:09,053 [WARNING] ApprovalRadar - 연속적인 응답 오류 발생! 해당 키가 WAF에 의해 임시 차단된 것으로 의심되어 키를 회전합니다.
2026-05-13 19:16:09,054 [INFO] ApprovalRadar - [키 회전] API 한도 초과! 새로운 키로 교체: e7b3f***
2026-05-13 19:16:09,736 [WARNING] ApprovalRadar - [네트워크/응답 오류] Expecting value: line 1 column 1 (char 0). 2초 후 재시도합니다...
2026-05-13 19:16:11,843 [WARNING] ApprovalRadar - [네트워크/응답 오류] Expecting value: line 1 column 1 (char 0). 4초 후 재시도합니다...
2026-05-13 19:16:12,121 [ERROR] ApprovalRadar - 🚨 [긴급] 오늘자 식품나라 API 키가 모두 소진되었습니다. 크롤링이 중단됩니다.
2026-05-13 19:16:12,121 [ERROR] ApprovalRadar - Failed to fetch or update 20260121210: All API keys are exhausted for today.
2026-05-13 19:16:13,643 [INFO] ApprovalRadar - [키 회전] API 한도 초과! 새로운 키로 교체: e7b3f***
2026-05-13 19:16:13,644 [WARNING] ApprovalRadar - 키 회전 후 3.0초 대기...
2026-05-13 19:16:15,192 [ERROR] ApprovalRadar - 🚨 [긴급] 오늘자 식품나라 API 키가 모두 소진되었습니다. 크롤링이 중단됩니다.
2026-05-13 19:16:15,193 [ERROR] ApprovalRadar - Failed to fetch or update 20260926319: All API keys are exhausted for today.
2026-05-13 19:16:15,848 [WARNING] ApprovalRadar - 연속적인 응답 오류 발생! 해당 키가 WAF에 의해 임시 차단된 것으로 의심되어 키를 회전합니다.
2026-05-13 19:16:16,708 [ERROR] ApprovalRadar - 🚨 [긴급] 오늘자 식품나라 API 키가 모두 소진되었습니다. 크롤링이 중단됩니다.
2026-05-13 19:16:16,743 [ERROR] ApprovalRadar - 🚨 [긴급] 오늘자 식품나라 API 키가 모두 소진되었습니다. 크롤링이 중단됩니다.
2026-05-13 19:16:16,797 [ERROR] ApprovalRadar - 🚨 [긴급] 오늘자 식품나라 API 키가 모두 소진되었습니다. 크롤링이 중단됩니다.
2026-05-13 19:16:16,830 [ERROR] ApprovalRadar - 🚨 [긴급] 오늘자 식품나라 API 키가 모두 소진되었습니다. 크롤링이 중단됩니다.
2026-05-13 19:16:16,866 [ERROR] ApprovalRadar - 🚨 [긴급] 오늘자 식품나라 API 키가 모두 소진되었습니다. 크롤링이 중단됩니다.
2026-05-13 19:16:16,903 [ERROR] ApprovalRadar - 🚨 [긴급] 오늘자 식품나라 API 키가 모두 소진되었습니다. 크롤링이 중단됩니다.
2026-05-13 19:16:16,936 [ERROR] ApprovalRadar - 🚨 [긴급] 오늘자 식품나라 API 키가 모두 소진되었습니다. 크롤링이 중단됩니다.
2026-05-13 19:16:17,059 [ERROR] ApprovalRadar - 🚨 [긴급] 오늘자 식품나라 API 키가 모두 소진되었습니다. 크롤링이 중단됩니다.
2026-05-13 19:16:17,120 [ERROR] ApprovalRadar - 🚨 [긴급] 오늘자 식품나라 API 키가 모두 소진되었습니다. 크롤링이 중단됩니다.
2026-05-13 19:16:17,180 [ERROR] ApprovalRadar - 🚨 [긴급] 오늘자 식품나라 API 키가 모두 소진되었습니다. 크롤링이 중단됩니다.
2026-05-13 19:16:17,240 [ERROR] ApprovalRadar - 🚨 [긴급] 오늘자 식품나라 API 키가 모두 소진되었습니다. 크롤링이 중단됩니다.
2026-05-13 19:16:17,280 [ERROR] ApprovalRadar - 🚨 [긴급] 오늘자 식품나라 API 키가 모두 소진되었습니다. 크롤링이 중단됩니다.
2026-05-13 19:16:17,332 [ERROR] ApprovalRadar - 🚨 [긴급] 오늘자 식품나라 API 키가 모두 소진되었습니다. 크롤링이 중단됩니다.
2026-05-13 19:16:17,362 [ERROR] ApprovalRadar - 🚨 [긴급] 오늘자 식품나라 API 키가 모두 소진되었습니다. 크롤링이 중단됩니다.
2026-05-13 19:16:17,411 [ERROR] ApprovalRadar - 🚨 [긴급] 오늘자 식품나라 API 키가 모두 소진되었습니다. 크롤링이 중단됩니다.
2026-05-13 19:16:17,470 [ERROR] ApprovalRadar - 🚨 [긴급] 오늘자 식품나라 API 키가 모두 소진되었습니다. 크롤링이 중단됩니다.
2026-05-13 19:16:17,579 [ERROR] ApprovalRadar - 🚨 [긴급] 오늘자 식품나라 API 키가 모두 소진되었습니다. 크롤링이 중단됩니다.
2026-05-13 19:16:17,641 [ERROR] ApprovalRadar - 🚨 [긴급] 오늘자 식품나라 API 키가 모두 소진되었습니다. 크롤링이 중단됩니다.
2026-05-13 19:16:17,684 [ERROR] ApprovalRadar - 🚨 [긴급] 오늘자 식품나라 API 키가 모두 소진되었습니다. 크롤링이 중단됩니다.
2026-05-13 19:16:17,736 [ERROR] ApprovalRadar - 🚨 [긴급] 오늘자 식품나라 API 키가 모두 소진되었습니다. 크롤링이 중단됩니다.
2026-05-13 19:16:17,792 [ERROR] ApprovalRadar - 🚨 [긴급] 오늘자 식품나라 API 키가 모두 소진되었습니다. 크롤링이 중단됩니다.
2026-05-13 19:16:17,826 [ERROR] ApprovalRadar - 🚨 [긴급] 오늘자 식품나라 API 키가 모두 소진되었습니다. 크롤링이 중단됩니다.
2026-05-13 19:16:17,868 [ERROR] ApprovalRadar - 🚨 [긴급] 오늘자 식품나라 API 키가 모두 소진되었습니다. 크롤링이 중단됩니다.
2026-05-13 19:16:17,923 [ERROR] ApprovalRadar - 🚨 [긴급] 오늘자 식품나라 API 키가 모두 소진되었습니다. 크롤링이 중단됩니다.
2026-05-13 19:16:17,975 [ERROR] ApprovalRadar - 🚨 [긴급] 오늘자 식품나라 API 키가 모두 소진되었습니다. 크롤링이 중단됩니다.
2026-05-13 19:16:18,091 [ERROR] ApprovalRadar - 🚨 [긴급] 오늘자 식품나라 API 키가 모두 소진되었습니다. 크롤링이 중단됩니다.
2026-05-13 19:16:18,151 [ERROR] ApprovalRadar - 🚨 [긴급] 오늘자 식품나라 API 키가 모두 소진되었습니다. 크롤링이 중단됩니다.
2026-05-13 19:16:18,190 [ERROR] ApprovalRadar - 🚨 [긴급] 오늘자 식품나라 API 키가 모두 소진되었습니다. 크롤링이 중단됩니다.
2026-05-13 19:16:18,246 [ERROR] ApprovalRadar - 🚨 [긴급] 오늘자 식품나라 API 키가 모두 소진되었습니다. 크롤링이 중단됩니다.
2026-05-13 19:16:18,251 [ERROR] ApprovalRadar - 🚨 [긴급] 오늘자 식품나라 API 키가 모두 소진되었습니다. 크롤링이 중단됩니다.
2026-05-13 19:16:18,251 [ERROR] ApprovalRadar - Failed to fetch or update 20260664563: All API keys are exhausted for today.
2026-05-13 19:16:18,306 [ERROR] ApprovalRadar - 🚨 [긴급] 오늘자 식품나라 API 키가 모두 소진되었습니다. 크롤링이 중단됩니다.
2026-05-13 19:16:18,341 [ERROR] ApprovalRadar - 🚨 [긴급] 오늘자 식품나라 API 키가 모두 소진되었습니다. 크롤링이 중단됩니다.
2026-05-13 19:16:18,394 [ERROR] ApprovalRadar - 🚨 [긴급] 오늘자 식품나라 API 키가 모두 소진되었습니다. 크롤링이 중단됩니다.
2026-05-13 19:16:18,445 [ERROR] ApprovalRadar - 🚨 [긴급] 오늘자 식품나라 API 키가 모두 소진되었습니다. 크롤링이 중단됩니다.
2026-05-13 19:16:18,500 [ERROR] ApprovalRadar - 🚨 [긴급] 오늘자 식품나라 API 키가 모두 소진되었습니다. 크롤링이 중단됩니다.
2026-05-13 19:16:18,614 [ERROR] ApprovalRadar - 🚨 [긴급] 오늘자 식품나라 API 키가 모두 소진되었습니다. 크롤링이 중단됩니다.
2026-05-13 19:16:18,666 [ERROR] ApprovalRadar - 🚨 [긴급] 오늘자 식품나라 API 키가 모두 소진되었습니다. 크롤링이 중단됩니다.
2026-05-13 19:16:18,719 [ERROR] ApprovalRadar - 🚨 [긴급] 오늘자 식품나라 API 키가 모두 소진되었습니다. 크롤링이 중단됩니다.
2026-05-13 19:16:18,774 [ERROR] ApprovalRadar - 🚨 [긴급] 오늘자 식품나라 API 키가 모두 소진되었습니다. 크롤링이 중단됩니다.
2026-05-13 19:16:18,833 [ERROR] ApprovalRadar - 🚨 [긴급] 오늘자 식품나라 API 키가 모두 소진되었습니다. 크롤링이 중단됩니다.
2026-05-13 19:16:18,889 [ERROR] ApprovalRadar - 🚨 [긴급] 오늘자 식품나라 API 키가 모두 소진되었습니다. 크롤링이 중단됩니다.
2026-05-13 19:16:18,890 [ERROR] ApprovalRadar - 🚨 [긴급] 오늘자 식품나라 API 키가 모두 소진되었습니다. 크롤링이 중단됩니다.
2026-05-13 19:16:18,924 [ERROR] ApprovalRadar - 🚨 [긴급] 오늘자 식품나라 API 키가 모두 소진되었습니다. 크롤링이 중단됩니다.
2026-05-13 19:16:18,945 [ERROR] ApprovalRadar - 🚨 [긴급] 오늘자 식품나라 API 키가 모두 소진되었습니다. 크롤링이 중단됩니다.
2026-05-13 19:16:18,980 [ERROR] ApprovalRadar - 🚨 [긴급] 오늘자 식품나라 API 키가 모두 소진되었습니다. 크롤링이 중단됩니다.
2026-05-13 19:16:19,010 [ERROR] ApprovalRadar - 🚨 [긴급] 오늘자 식품나라 API 키가 모두 소진되었습니다. 크롤링이 중단됩니다.
2026-05-13 19:16:19,023 [ERROR] ApprovalRadar - 🚨 [긴급] 오늘자 식품나라 API 키가 모두 소진되었습니다. 크롤링이 중단됩니다.
2026-05-13 19:16:19,138 [ERROR] ApprovalRadar - 🚨 [긴급] 오늘자 식품나라 API 키가 모두 소진되었습니다. 크롤링이 중단됩니다.
2026-05-13 19:16:19,156 [ERROR] ApprovalRadar - 🚨 [긴급] 오늘자 식품나라 API 키가 모두 소진되었습니다. 크롤링이 중단됩니다.
2026-05-13 19:16:19,198 [ERROR] ApprovalRadar - 🚨 [긴급] 오늘자 식품나라 API 키가 모두 소진되었습니다. 크롤링이 중단됩니다.
2026-05-13 19:16:19,218 [ERROR] ApprovalRadar - 🚨 [긴급] 오늘자 식품나라 API 키가 모두 소진되었습니다. 크롤링이 중단됩니다.
2026-05-13 19:16:19,249 [ERROR] ApprovalRadar - 🚨 [긴급] 오늘자 식품나라 API 키가 모두 소진되었습니다. 크롤링이 중단됩니다.
2026-05-13 19:16:19,279 [ERROR] ApprovalRadar - 🚨 [긴급] 오늘자 식품나라 API 키가 모두 소진되었습니다. 크롤링이 중단됩니다.
2026-05-13 19:16:19,313 [ERROR] ApprovalRadar - 🚨 [긴급] 오늘자 식품나라 API 키가 모두 소진되었습니다. 크롤링이 중단됩니다.
2026-05-13 19:16:19,330 [ERROR] ApprovalRadar - 🚨 [긴급] 오늘자 식품나라 API 키가 모두 소진되었습니다. 크롤링이 중단됩니다.
2026-05-13 19:16:19,348 [ERROR] ApprovalRadar - 🚨 [긴급] 오늘자 식품나라 API 키가 모두 소진되었습니다. 크롤링이 중단됩니다.
2026-05-13 19:16:19,383 [ERROR] ApprovalRadar - 🚨 [긴급] 오늘자 식품나라 API 키가 모두 소진되었습니다. 크롤링이 중단됩니다.
2026-05-13 19:16:19,398 [ERROR] ApprovalRadar - 🚨 [긴급] 오늘자 식품나라 API 키가 모두 소진되었습니다. 크롤링이 중단됩니다.
2026-05-13 19:16:19,448 [ERROR] ApprovalRadar - 🚨 [긴급] 오늘자 식품나라 API 키가 모두 소진되었습니다. 크롤링이 중단됩니다.
2026-05-13 19:16:19,458 [ERROR] ApprovalRadar - 🚨 [긴급] 오늘자 식품나라 API 키가 모두 소진되었습니다. 크롤링이 중단됩니다.
2026-05-13 19:16:19,497 [ERROR] ApprovalRadar - 🚨 [긴급] 오늘자 식품나라 API 키가 모두 소진되었습니다. 크롤링이 중단됩니다.
2026-05-13 19:16:19,510 [ERROR] ApprovalRadar - 🚨 [긴급] 오늘자 식품나라 API 키가 모두 소진되었습니다. 크롤링이 중단됩니다.
2026-05-13 19:16:19,548 [ERROR] ApprovalRadar - 🚨 [긴급] 오늘자 식품나라 API 키가 모두 소진되었습니다. 크롤링이 중단됩니다.
2026-05-13 19:16:19,560 [ERROR] ApprovalRadar - 🚨 [긴급] 오늘자 식품나라 API 키가 모두 소진되었습니다. 크롤링이 중단됩니다.
2026-05-13 19:16:19,666 [ERROR] ApprovalRadar - 🚨 [긴급] 오늘자 식품나라 API 키가 모두 소진되었습니다. 크롤링이 중단됩니다.
2026-05-13 19:16:19,682 [ERROR] ApprovalRadar - 🚨 [긴급] 오늘자 식품나라 API 키가 모두 소진되었습니다. 크롤링이 중단됩니다.
2026-05-13 19:16:19,701 [ERROR] ApprovalRadar - 🚨 [긴급] 오늘자 식품나라 API 키가 모두 소진되었습니다. 크롤링이 중단됩니다.
2026-05-13 19:16:19,736 [ERROR] ApprovalRadar - 🚨 [긴급] 오늘자 식품나라 API 키가 모두 소진되었습니다. 크롤링이 중단됩니다.
2026-05-13 19:16:19,754 [ERROR] ApprovalRadar - 🚨 [긴급] 오늘자 식품나라 API 키가 모두 소진되었습니다. 크롤링이 중단됩니다.
2026-05-13 19:16:19,786 [ERROR] ApprovalRadar - 🚨 [긴급] 오늘자 식품나라 API 키가 모두 소진되었습니다. 크롤링이 중단됩니다.
2026-05-13 19:16:19,804 [ERROR] ApprovalRadar - 🚨 [긴급] 오늘자 식품나라 API 키가 모두 소진되었습니다. 크롤링이 중단됩니다.
2026-05-13 19:16:19,856 [ERROR] ApprovalRadar - 🚨 [긴급] 오늘자 식품나라 API 키가 모두 소진되었습니다. 크롤링이 중단됩니다.
2026-05-13 19:16:19,858 [ERROR] ApprovalRadar - 🚨 [긴급] 오늘자 식품나라 API 키가 모두 소진되었습니다. 크롤링이 중단됩니다.
2026-05-13 19:16:19,921 [ERROR] ApprovalRadar - 🚨 [긴급] 오늘자 식품나라 API 키가 모두 소진되었습니다. 크롤링이 중단됩니다.
2026-05-13 19:16:19,923 [ERROR] ApprovalRadar - 🚨 [긴급] 오늘자 식품나라 API 키가 모두 소진되었습니다. 크롤링이 중단됩니다.
2026-05-13 19:16:19,978 [ERROR] ApprovalRadar - 🚨 [긴급] 오늘자 식품나라 API 키가 모두 소진되었습니다. 크롤링이 중단됩니다.
2026-05-13 19:16:19,981 [ERROR] ApprovalRadar - 🚨 [긴급] 오늘자 식품나라 API 키가 모두 소진되었습니다. 크롤링이 중단됩니다.
2026-05-13 19:16:20,020 [ERROR] ApprovalRadar - 🚨 [긴급] 오늘자 식품나라 API 키가 모두 소진되었습니다. 크롤링이 중단됩니다.
2026-05-13 19:16:20,035 [ERROR] ApprovalRadar - 🚨 [긴급] 오늘자 식품나라 API 키가 모두 소진되었습니다. 크롤링이 중단됩니다.
2026-05-13 19:16:20,054 [ERROR] ApprovalRadar - 🚨 [긴급] 오늘자 식품나라 API 키가 모두 소진되었습니다. 크롤링이 중단됩니다.
2026-05-13 19:16:20,192 [ERROR] ApprovalRadar - 🚨 [긴급] 오늘자 식품나라 API 키가 모두 소진되었습니다. 크롤링이 중단됩니다.
2026-05-13 19:16:20,193 [ERROR] ApprovalRadar - 🚨 [긴급] 오늘자 식품나라 API 키가 모두 소진되었습니다. 크롤링이 중단됩니다.
2026-05-13 19:16:20,248 [ERROR] ApprovalRadar - 🚨 [긴급] 오늘자 식품나라 API 키가 모두 소진되었습니다. 크롤링이 중단됩니다.
2026-05-13 19:16:20,250 [ERROR] ApprovalRadar - 🚨 [긴급] 오늘자 식품나라 API 키가 모두 소진되었습니다. 크롤링이 중단됩니다.
2026-05-13 19:16:20,286 [ERROR] ApprovalRadar - 🚨 [긴급] 오늘자 식품나라 API 키가 모두 소진되었습니다. 크롤링이 중단됩니다.
2026-05-13 19:16:20,307 [ERROR] ApprovalRadar - 🚨 [긴급] 오늘자 식품나라 API 키가 모두 소진되었습니다. 크롤링이 중단됩니다.
2026-05-13 19:16:20,338 [ERROR] ApprovalRadar - 🚨 [긴급] 오늘자 식품나라 API 키가 모두 소진되었습니다. 크롤링이 중단됩니다.
2026-05-13 19:16:20,341 [ERROR] ApprovalRadar - 🚨 [긴급] 오늘자 식품나라 API 키가 모두 소진되었습니다. 크롤링이 중단됩니다.
2026-05-13 19:16:20,374 [ERROR] ApprovalRadar - 🚨 [긴급] 오늘자 식품나라 API 키가 모두 소진되었습니다. 크롤링이 중단됩니다.
2026-05-13 19:16:20,394 [ERROR] ApprovalRadar - 🚨 [긴급] 오늘자 식품나라 API 키가 모두 소진되었습니다. 크롤링이 중단됩니다.
2026-05-13 19:16:20,430 [ERROR] ApprovalRadar - 🚨 [긴급] 오늘자 식품나라 API 키가 모두 소진되었습니다. 크롤링이 중단됩니다.
2026-05-13 19:16:20,448 [ERROR] ApprovalRadar - 🚨 [긴급] 오늘자 식품나라 API 키가 모두 소진되었습니다. 크롤링이 중단됩니다.
2026-05-13 19:16:20,462 [ERROR] ApprovalRadar - 🚨 [긴급] 오늘자 식품나라 API 키가 모두 소진되었습니다. 크롤링이 중단됩니다.
2026-05-13 19:16:20,504 [ERROR] ApprovalRadar - 🚨 [긴급] 오늘자 식품나라 API 키가 모두 소진되었습니다. 크롤링이 중단됩니다.
2026-05-13 19:16:20,516 [ERROR] ApprovalRadar - 🚨 [긴급] 오늘자 식품나라 API 키가 모두 소진되었습니다. 크롤링이 중단됩니다.
2026-05-13 19:16:20,563 [ERROR] ApprovalRadar - 🚨 [긴급] 오늘자 식품나라 API 키가 모두 소진되었습니다. 크롤링이 중단됩니다.
2026-05-13 19:16:20,569 [ERROR] ApprovalRadar - 🚨 [긴급] 오늘자 식품나라 API 키가 모두 소진되었습니다. 크롤링이 중단됩니다.
2026-05-13 19:16:20,617 [ERROR] ApprovalRadar - 🚨 [긴급] 오늘자 식품나라 API 키가 모두 소진되었습니다. 크롤링이 중단됩니다.
2026-05-13 19:16:20,621 [ERROR] ApprovalRadar - 🚨 [긴급] 오늘자 식품나라 API 키가 모두 소진되었습니다. 크롤링이 중단됩니다.
2026-05-13 19:16:20,760 [ERROR] ApprovalRadar - 🚨 [긴급] 오늘자 식품나라 API 키가 모두 소진되었습니다. 크롤링이 중단됩니다.
2026-05-13 19:16:20,762 [ERROR] ApprovalRadar - 🚨 [긴급] 오늘자 식품나라 API 키가 모두 소진되었습니다. 크롤링이 중단됩니다.
2026-05-13 19:16:20,815 [WARNING] ApprovalRadar - [네트워크/응답 오류] Expecting value: line 1 column 1 (char 0). 1초 후 재시도합니다...
2026-05-13 19:16:20,815 [ERROR] ApprovalRadar - 🚨 [긴급] 오늘자 식품나라 API 키가 모두 소진되었습니다. 크롤링이 중단됩니다.
2026-05-13 19:16:20,872 [ERROR] ApprovalRadar - 🚨 [긴급] 오늘자 식품나라 API 키가 모두 소진되었습니다. 크롤링이 중단됩니다.
2026-05-13 19:16:20,926 [ERROR] ApprovalRadar - 🚨 [긴급] 오늘자 식품나라 API 키가 모두 소진되었습니다. 크롤링이 중단됩니다.
2026-05-13 19:16:20,981 [ERROR] ApprovalRadar - 🚨 [긴급] 오늘자 식품나라 API 키가 모두 소진되었습니다. 크롤링이 중단됩니다.
2026-05-13 19:16:21,033 [ERROR] ApprovalRadar - 🚨 [긴급] 오늘자 식품나라 API 키가 모두 소진되었습니다. 크롤링이 중단됩니다.
2026-05-13 19:16:21,086 [ERROR] ApprovalRadar - 🚨 [긴급] 오늘자 식품나라 API 키가 모두 소진되었습니다. 크롤링이 중단됩니다.
2026-05-13 19:16:21,238 [ERROR] ApprovalRadar - 🚨 [긴급] 오늘자 식품나라 API 키가 모두 소진되었습니다. 크롤링이 중단됩니다.
2026-05-13 19:16:21,273 [ERROR] ApprovalRadar - 🚨 [긴급] 오늘자 식품나라 API 키가 모두 소진되었습니다. 크롤링이 중단됩니다.
2026-05-13 19:16:21,288 [ERROR] ApprovalRadar - 🚨 [긴급] 오늘자 식품나라 API 키가 모두 소진되었습니다. 크롤링이 중단됩니다.
2026-05-13 19:16:21,289 [ERROR] ApprovalRadar - Failed to fetch or update 20260834073: All API keys are exhausted for today.
2026-05-13 19:16:21,330 [ERROR] ApprovalRadar - 🚨 [긴급] 오늘자 식품나라 API 키가 모두 소진되었습니다. 크롤링이 중단됩니다.
2026-05-13 19:16:21,381 [ERROR] ApprovalRadar - 🚨 [긴급] 오늘자 식품나라 API 키가 모두 소진되었습니다. 크롤링이 중단됩니다.
2026-05-13 19:16:21,437 [ERROR] ApprovalRadar - 🚨 [긴급] 오늘자 식품나라 API 키가 모두 소진되었습니다. 크롤링이 중단됩니다.
2026-05-13 19:16:21,501 [ERROR] ApprovalRadar - 🚨 [긴급] 오늘자 식품나라 API 키가 모두 소진되었습니다. 크롤링이 중단됩니다.
2026-05-13 19:16:21,557 [ERROR] ApprovalRadar - 🚨 [긴급] 오늘자 식품나라 API 키가 모두 소진되었습니다. 크롤링이 중단됩니다.
2026-05-13 19:16:21,607 [ERROR] ApprovalRadar - 🚨 [긴급] 오늘자 식품나라 API 키가 모두 소진되었습니다. 크롤링이 중단됩니다.
2026-05-13 19:16:21,661 [ERROR] ApprovalRadar - 🚨 [긴급] 오늘자 식품나라 API 키가 모두 소진되었습니다. 크롤링이 중단됩니다.
2026-05-13 19:16:21,776 [ERROR] ApprovalRadar - 🚨 [긴급] 오늘자 식품나라 API 키가 모두 소진되었습니다. 크롤링이 중단됩니다.
2026-05-13 19:16:21,834 [ERROR] ApprovalRadar - 🚨 [긴급] 오늘자 식품나라 API 키가 모두 소진되었습니다. 크롤링이 중단됩니다.
2026-05-13 19:16:21,850 [ERROR] ApprovalRadar - 🚨 [긴급] 오늘자 식품나라 API 키가 모두 소진되었습니다. 크롤링이 중단됩니다.
2026-05-13 19:16:21,890 [ERROR] ApprovalRadar - 🚨 [긴급] 오늘자 식품나라 API 키가 모두 소진되었습니다. 크롤링이 중단됩니다.
2026-05-13 19:16:21,903 [ERROR] ApprovalRadar - 🚨 [긴급] 오늘자 식품나라 API 키가 모두 소진되었습니다. 크롤링이 중단됩니다.
2026-05-13 19:16:21,949 [ERROR] ApprovalRadar - 🚨 [긴급] 오늘자 식품나라 API 키가 모두 소진되었습니다. 크롤링이 중단됩니다.
2026-05-13 19:16:21,956 [ERROR] ApprovalRadar - 🚨 [긴급] 오늘자 식품나라 API 키가 모두 소진되었습니다. 크롤링이 중단됩니다.
2026-05-13 19:16:22,000 [ERROR] ApprovalRadar - 🚨 [긴급] 오늘자 식품나라 API 키가 모두 소진되었습니다. 크롤링이 중단됩니다.
2026-05-13 19:16:22,006 [ERROR] ApprovalRadar - 🚨 [긴급] 오늘자 식품나라 API 키가 모두 소진되었습니다. 크롤링이 중단됩니다.
2026-05-13 19:16:22,038 [ERROR] ApprovalRadar - 🚨 [긴급] 오늘자 식품나라 API 키가 모두 소진되었습니다. 크롤링이 중단됩니다.
2026-05-13 19:16:22,059 [ERROR] ApprovalRadar - 🚨 [긴급] 오늘자 식품나라 API 키가 모두 소진되었습니다. 크롤링이 중단됩니다.
2026-05-13 19:16:22,094 [ERROR] ApprovalRadar - 🚨 [긴급] 오늘자 식품나라 API 키가 모두 소진되었습니다. 크롤링이 중단됩니다.
2026-05-13 19:16:22,104 [ERROR] ApprovalRadar - 🚨 [긴급] 오늘자 식품나라 API 키가 모두 소진되었습니다. 크롤링이 중단됩니다.
2026-05-13 19:16:22,160 [ERROR] ApprovalRadar - 🚨 [긴급] 오늘자 식품나라 API 키가 모두 소진되었습니다. 크롤링이 중단됩니다.
2026-05-13 19:16:22,166 [ERROR] ApprovalRadar - 🚨 [긴급] 오늘자 식품나라 API 키가 모두 소진되었습니다. 크롤링이 중단됩니다.
2026-05-13 19:16:22,285 [ERROR] ApprovalRadar - 🚨 [긴급] 오늘자 식품나라 API 키가 모두 소진되었습니다. 크롤링이 중단됩니다.
2026-05-13 19:16:22,302 [ERROR] ApprovalRadar - 🚨 [긴급] 오늘자 식품나라 API 키가 모두 소진되었습니다. 크롤링이 중단됩니다.
2026-05-13 19:16:22,317 [ERROR] ApprovalRadar - 🚨 [긴급] 오늘자 식품나라 API 키가 모두 소진되었습니다. 크롤링이 중단됩니다.
2026-05-13 19:16:22,360 [ERROR] ApprovalRadar - 🚨 [긴급] 오늘자 식품나라 API 키가 모두 소진되었습니다. 크롤링이 중단됩니다.
2026-05-13 19:16:22,368 [ERROR] ApprovalRadar - 🚨 [긴급] 오늘자 식품나라 API 키가 모두 소진되었습니다. 크롤링이 중단됩니다.
2026-05-13 19:16:22,400 [ERROR] ApprovalRadar - 🚨 [긴급] 오늘자 식품나라 API 키가 모두 소진되었습니다. 크롤링이 중단됩니다.
2026-05-13 19:16:22,420 [ERROR] ApprovalRadar - 🚨 [긴급] 오늘자 식품나라 API 키가 모두 소진되었습니다. 크롤링이 중단됩니다.
2026-05-13 19:16:22,455 [ERROR] ApprovalRadar - 🚨 [긴급] 오늘자 식품나라 API 키가 모두 소진되었습니다. 크롤링이 중단됩니다.
2026-05-13 19:16:22,470 [ERROR] ApprovalRadar - 🚨 [긴급] 오늘자 식품나라 API 키가 모두 소진되었습니다. 크롤링이 중단됩니다.
2026-05-13 19:16:22,505 [ERROR] ApprovalRadar - 🚨 [긴급] 오늘자 식품나라 API 키가 모두 소진되었습니다. 크롤링이 중단됩니다.
2026-05-13 19:16:22,521 [ERROR] ApprovalRadar - 🚨 [긴급] 오늘자 식품나라 API 키가 모두 소진되었습니다. 크롤링이 중단됩니다.
2026-05-13 19:16:22,556 [ERROR] ApprovalRadar - 🚨 [긴급] 오늘자 식품나라 API 키가 모두 소진되었습니다. 크롤링이 중단됩니다.
2026-05-13 19:16:22,577 [ERROR] ApprovalRadar - 🚨 [긴급] 오늘자 식품나라 API 키가 모두 소진되었습니다. 크롤링이 중단됩니다.
2026-05-13 19:16:22,607 [ERROR] ApprovalRadar - 🚨 [긴급] 오늘자 식품나라 API 키가 모두 소진되었습니다. 크롤링이 중단됩니다.
2026-05-13 19:16:22,609 [ERROR] ApprovalRadar - 🚨 [긴급] 오늘자 식품나라 API 키가 모두 소진되었습니다. 크롤링이 중단됩니다.
2026-05-13 19:16:22,665 [ERROR] ApprovalRadar - 🚨 [긴급] 오늘자 식품나라 API 키가 모두 소진되었습니다. 크롤링이 중단됩니다.
2026-05-13 19:16:22,666 [ERROR] ApprovalRadar - 🚨 [긴급] 오늘자 식품나라 API 키가 모두 소진되었습니다. 크롤링이 중단됩니다.
2026-05-13 19:16:22,716 [ERROR] ApprovalRadar - 🚨 [긴급] 오늘자 식품나라 API 키가 모두 소진되었습니다. 크롤링이 중단됩니다.
2026-05-13 19:16:22,718 [ERROR] ApprovalRadar - 🚨 [긴급] 오늘자 식품나라 API 키가 모두 소진되었습니다. 크롤링이 중단됩니다.
2026-05-13 19:16:22,837 [ERROR] ApprovalRadar - 🚨 [긴급] 오늘자 식품나라 API 키가 모두 소진되었습니다. 크롤링이 중단됩니다.
2026-05-13 19:16:22,838 [ERROR] ApprovalRadar - 🚨 [긴급] 오늘자 식품나라 API 키가 모두 소진되었습니다. 크롤링이 중단됩니다.
2026-05-13 19:16:22,910 [ERROR] ApprovalRadar - 🚨 [긴급] 오늘자 식품나라 API 키가 모두 소진되었습니다. 크롤링이 중단됩니다.
2026-05-13 19:16:22,912 [ERROR] ApprovalRadar - 🚨 [긴급] 오늘자 식품나라 API 키가 모두 소진되었습니다. 크롤링이 중단됩니다.
2026-05-13 19:16:22,966 [ERROR] ApprovalRadar - 🚨 [긴급] 오늘자 식품나라 API 키가 모두 소진되었습니다. 크롤링이 중단됩니다.
2026-05-13 19:16:22,968 [ERROR] ApprovalRadar - 🚨 [긴급] 오늘자 식품나라 API 키가 모두 소진되었습니다. 크롤링이 중단됩니다.
2026-05-13 19:16:23,024 [ERROR] ApprovalRadar - 🚨 [긴급] 오늘자 식품나라 API 키가 모두 소진되었습니다. 크롤링이 중단됩니다.
2026-05-13 19:16:23,026 [ERROR] ApprovalRadar - 🚨 [긴급] 오늘자 식품나라 API 키가 모두 소진되었습니다. 크롤링이 중단됩니다.
2026-05-13 19:16:23,083 [ERROR] ApprovalRadar - 🚨 [긴급] 오늘자 식품나라 API 키가 모두 소진되었습니다. 크롤링이 중단됩니다.
2026-05-13 19:16:23,084 [ERROR] ApprovalRadar - 🚨 [긴급] 오늘자 식품나라 API 키가 모두 소진되었습니다. 크롤링이 중단됩니다.
2026-05-13 19:16:23,141 [ERROR] ApprovalRadar - 🚨 [긴급] 오늘자 식품나라 API 키가 모두 소진되었습니다. 크롤링이 중단됩니다.
2026-05-13 19:16:23,144 [ERROR] ApprovalRadar - 🚨 [긴급] 오늘자 식품나라 API 키가 모두 소진되었습니다. 크롤링이 중단됩니다.
2026-05-13 19:16:23,203 [ERROR] ApprovalRadar - 🚨 [긴급] 오늘자 식품나라 API 키가 모두 소진되었습니다. 크롤링이 중단됩니다.
2026-05-13 19:16:23,204 [WARNING] ApprovalRadar - [네트워크/응답 오류] Expecting value: line 1 column 1 (char 0). 1초 후 재시도합니다...
2026-05-13 19:16:23,238 [ERROR] ApprovalRadar - 🚨 [긴급] 오늘자 식품나라 API 키가 모두 소진되었습니다. 크롤링이 중단됩니다.
2026-05-13 19:16:23,359 [ERROR] ApprovalRadar - 🚨 [긴급] 오늘자 식품나라 API 키가 모두 소진되었습니다. 크롤링이 중단됩니다.
2026-05-13 19:16:23,390 [ERROR] ApprovalRadar - 🚨 [긴급] 오늘자 식품나라 API 키가 모두 소진되었습니다. 크롤링이 중단됩니다.
2026-05-13 19:16:23,440 [ERROR] ApprovalRadar - 🚨 [긴급] 오늘자 식품나라 API 키가 모두 소진되었습니다. 크롤링이 중단됩니다.
2026-05-13 19:16:23,493 [ERROR] ApprovalRadar - 🚨 [긴급] 오늘자 식품나라 API 키가 모두 소진되었습니다. 크롤링이 중단됩니다.
2026-05-13 19:16:23,547 [ERROR] ApprovalRadar - 🚨 [긴급] 오늘자 식품나라 API 키가 모두 소진되었습니다. 크롤링이 중단됩니다.
2026-05-13 19:16:23,583 [ERROR] ApprovalRadar - 🚨 [긴급] 오늘자 식품나라 API 키가 모두 소진되었습니다. 크롤링이 중단됩니다.
2026-05-13 19:16:23,637 [ERROR] ApprovalRadar - 🚨 [긴급] 오늘자 식품나라 API 키가 모두 소진되었습니다. 크롤링이 중단됩니다.
2026-05-13 19:16:23,691 [ERROR] ApprovalRadar - 🚨 [긴급] 오늘자 식품나라 API 키가 모두 소진되었습니다. 크롤링이 중단됩니다.
2026-05-13 19:16:23,723 [ERROR] ApprovalRadar - 🚨 [긴급] 오늘자 식품나라 API 키가 모두 소진되었습니다. 크롤링이 중단됩니다.
2026-05-13 19:16:23,861 [ERROR] ApprovalRadar - 🚨 [긴급] 오늘자 식품나라 API 키가 모두 소진되었습니다. 크롤링이 중단됩니다.
2026-05-13 19:16:23,916 [ERROR] ApprovalRadar - 🚨 [긴급] 오늘자 식품나라 API 키가 모두 소진되었습니다. 크롤링이 중단됩니다.
2026-05-13 19:16:23,946 [ERROR] ApprovalRadar - 🚨 [긴급] 오늘자 식품나라 API 키가 모두 소진되었습니다. 크롤링이 중단됩니다.
2026-05-13 19:16:23,999 [ERROR] ApprovalRadar - 🚨 [긴급] 오늘자 식품나라 API 키가 모두 소진되었습니다. 크롤링이 중단됩니다.
2026-05-13 19:16:24,035 [ERROR] ApprovalRadar - 🚨 [긴급] 오늘자 식품나라 API 키가 모두 소진되었습니다. 크롤링이 중단됩니다.
2026-05-13 19:16:24,067 [ERROR] ApprovalRadar - 🚨 [긴급] 오늘자 식품나라 API 키가 모두 소진되었습니다. 크롤링이 중단됩니다.
2026-05-13 19:16:24,125 [ERROR] ApprovalRadar - 🚨 [긴급] 오늘자 식품나라 API 키가 모두 소진되었습니다. 크롤링이 중단됩니다.
2026-05-13 19:16:24,182 [ERROR] ApprovalRadar - 🚨 [긴급] 오늘자 식품나라 API 키가 모두 소진되었습니다. 크롤링이 중단됩니다.
2026-05-13 19:16:24,238 [ERROR] ApprovalRadar - 🚨 [긴급] 오늘자 식품나라 API 키가 모두 소진되었습니다. 크롤링이 중단됩니다.
2026-05-13 19:16:24,264 [ERROR] ApprovalRadar - 🚨 [긴급] 오늘자 식품나라 API 키가 모두 소진되었습니다. 크롤링이 중단됩니다.
2026-05-13 19:16:24,276 [ERROR] ApprovalRadar - 🚨 [긴급] 오늘자 식품나라 API 키가 모두 소진되었습니다. 크롤링이 중단됩니다.
2026-05-13 19:16:24,400 [ERROR] ApprovalRadar - 🚨 [긴급] 오늘자 식품나라 API 키가 모두 소진되었습니다. 크롤링이 중단됩니다.
2026-05-13 19:16:24,401 [ERROR] ApprovalRadar - 🚨 [긴급] 오늘자 식품나라 API 키가 모두 소진되었습니다. 크롤링이 중단됩니다.
2026-05-13 19:16:24,428 [ERROR] ApprovalRadar - 🚨 [긴급] 오늘자 식품나라 API 키가 모두 소진되었습니다. 크롤링이 중단됩니다.
2026-05-13 19:16:24,428 [ERROR] ApprovalRadar - Failed to fetch or update 20260517461: All API keys are exhausted for today.
2026-05-13 19:16:24,431 [ERROR] ApprovalRadar - 🚨 [긴급] 오늘자 식품나라 API 키가 모두 소진되었습니다. 크롤링이 중단됩니다.
2026-05-13 19:16:24,432 [ERROR] ApprovalRadar - ❌ I2500 크롤러 스케줄 작업 중 치명적인 오류 발생: All API keys are exhausted for today.
2026-05-13 19:16:27,546 [ERROR] ApprovalRadar - 🚨 [긴급] 오늘자 식품나라 API 키가 모두 소진되었습니다. 크롤링이 중단됩니다.
2026-05-13 19:16:27,549 [ERROR] ApprovalRadar - Failed to fetch or update 20260342644: All API keys are exhausted for today.
2026-05-13 19:16:30,693 [ERROR] ApprovalRadar - 🚨 [긴급] 오늘자 식품나라 API 키가 모두 소진되었습니다. 크롤링이 중단됩니다.
2026-05-13 19:16:30,694 [ERROR] ApprovalRadar - Failed to fetch or update 20260342653: All API keys are exhausted for today.
2026-05-13 19:16:33,841 [ERROR] ApprovalRadar - 🚨 [긴급] 오늘자 식품나라 API 키가 모두 소진되었습니다. 크롤링이 중단됩니다.
2026-05-13 19:16:33,842 [ERROR] ApprovalRadar - Failed to fetch or update 20260342681: All API keys are exhausted for today.
2026-05-13 19:16:36,985 [ERROR] ApprovalRadar - 🚨 [긴급] 오늘자 식품나라 API 키가 모두 소진되었습니다. 크롤링이 중단됩니다.
2026-05-13 19:16:36,986 [ERROR] ApprovalRadar - Failed to fetch or update 20260342666: All API keys are exhausted for today.
2026-05-13 19:16:40,131 [ERROR] ApprovalRadar - 🚨 [긴급] 오늘자 식품나라 API 키가 모두 소진되었습니다. 크롤링이 중단됩니다.
2026-05-13 19:16:40,132 [ERROR] ApprovalRadar - Failed to fetch or update 20260917187: All API keys are exhausted for today.
2026-05-13 19:16:43,277 [ERROR] ApprovalRadar - 🚨 [긴급] 오늘자 식품나라 API 키가 모두 소진되었습니다. 크롤링이 중단됩니다.
2026-05-13 19:16:43,279 [ERROR] ApprovalRadar - Failed to fetch or update 20260913211: All API keys are exhausted for today.
2026-05-13 19:16:46,413 [ERROR] ApprovalRadar - 🚨 [긴급] 오늘자 식품나라 API 키가 모두 소진되었습니다. 크롤링이 중단됩니다.
2026-05-13 19:16:46,414 [ERROR] ApprovalRadar - Failed to fetch or update 20260268449: All API keys are exhausted for today.
2026-05-13 19:16:49,547 [ERROR] ApprovalRadar - 🚨 [긴급] 오늘자 식품나라 API 키가 모두 소진되었습니다. 크롤링이 중단됩니다.
2026-05-13 19:16:49,548 [ERROR] ApprovalRadar - Failed to fetch or update 20260268473: All API keys are exhausted for today.
2026-05-13 19:16:52,693 [ERROR] ApprovalRadar - 🚨 [긴급] 오늘자 식품나라 API 키가 모두 소진되었습니다. 크롤링이 중단됩니다.
2026-05-13 19:16:52,695 [ERROR] ApprovalRadar - Failed to fetch or update 20260337507: All API keys are exhausted for today.
2026-05-13 19:16:55,839 [ERROR] ApprovalRadar - 🚨 [긴급] 오늘자 식품나라 API 키가 모두 소진되었습니다. 크롤링이 중단됩니다.
2026-05-13 19:16:55,840 [ERROR] ApprovalRadar - Failed to fetch or update 20260337518: All API keys are exhausted for today.
2026-05-13 19:16:58,983 [ERROR] ApprovalRadar - 🚨 [긴급] 오늘자 식품나라 API 키가 모두 소진되었습니다. 크롤링이 중단됩니다.
2026-05-13 19:16:58,984 [ERROR] ApprovalRadar - Failed to fetch or update 20260222430: All API keys are exhausted for today.
2026-05-13 19:17:02,130 [ERROR] ApprovalRadar - 🚨 [긴급] 오늘자 식품나라 API 키가 모두 소진되었습니다. 크롤링이 중단됩니다.
2026-05-13 19:17:02,131 [ERROR] ApprovalRadar - Failed to fetch or update 20260222434: All API keys are exhausted for today.
2026-05-13 19:17:05,277 [ERROR] ApprovalRadar - 🚨 [긴급] 오늘자 식품나라 API 키가 모두 소진되었습니다. 크롤링이 중단됩니다.
2026-05-13 19:17:05,278 [ERROR] ApprovalRadar - Failed to fetch or update 20260222401: All API keys are exhausted for today.
2026-05-13 19:17:08,314 [ERROR] ApprovalRadar - 🚨 [긴급] 오늘자 식품나라 API 키가 모두 소진되었습니다. 크롤링이 중단됩니다.
2026-05-13 19:17:08,315 [ERROR] ApprovalRadar - Failed to fetch or update 20260222421: All API keys are exhausted for today.
2026-05-13 19:17:11,349 [ERROR] ApprovalRadar - 🚨 [긴급] 오늘자 식품나라 API 키가 모두 소진되었습니다. 크롤링이 중단됩니다.
2026-05-13 19:17:11,350 [ERROR] ApprovalRadar - Failed to fetch or update 20260222423: All API keys are exhausted for today.
2026-05-13 19:17:14,408 [ERROR] ApprovalRadar - 🚨 [긴급] 오늘자 식품나라 API 키가 모두 소진되었습니다. 크롤링이 중단됩니다.
2026-05-13 19:17:14,409 [ERROR] ApprovalRadar - Failed to fetch or update 20260222440: All API keys are exhausted for today.
2026-05-13 19:17:17,447 [ERROR] ApprovalRadar - 🚨 [긴급] 오늘자 식품나라 API 키가 모두 소진되었습니다. 크롤링이 중단됩니다.
2026-05-13 19:17:17,448 [ERROR] ApprovalRadar - Failed to fetch or update 20260219383: All API keys are exhausted for today.
2026-05-13 19:17:20,523 [ERROR] ApprovalRadar - 🚨 [긴급] 오늘자 식품나라 API 키가 모두 소진되었습니다. 크롤링이 중단됩니다.
2026-05-13 19:17:20,523 [ERROR] ApprovalRadar - Failed to fetch or update 20260219417: All API keys are exhausted for today.
2026-05-13 19:17:23,641 [ERROR] ApprovalRadar - 🚨 [긴급] 오늘자 식품나라 API 키가 모두 소진되었습니다. 크롤링이 중단됩니다.
2026-05-13 19:17:23,642 [ERROR] ApprovalRadar - Failed to fetch or update 20260219418: All API keys are exhausted for today.
2026-05-13 19:17:26,772 [ERROR] ApprovalRadar - 🚨 [긴급] 오늘자 식품나라 API 키가 모두 소진되었습니다. 크롤링이 중단됩니다.
2026-05-13 19:17:26,773 [ERROR] ApprovalRadar - Failed to fetch or update 20260219409: All API keys are exhausted for today.
2026-05-13 19:17:29,808 [ERROR] ApprovalRadar - 🚨 [긴급] 오늘자 식품나라 API 키가 모두 소진되었습니다. 크롤링이 중단됩니다.
2026-05-13 19:17:29,809 [ERROR] ApprovalRadar - Failed to fetch or update 20260704201: All API keys are exhausted for today.
2026-05-13 19:17:32,846 [ERROR] ApprovalRadar - 🚨 [긴급] 오늘자 식품나라 API 키가 모두 소진되었습니다. 크롤링이 중단됩니다.
2026-05-13 19:17:32,847 [ERROR] ApprovalRadar - Failed to fetch or update 20260704206: All API keys are exhausted for today.
2026-05-13 19:17:35,901 [ERROR] ApprovalRadar - 🚨 [긴급] 오늘자 식품나라 API 키가 모두 소진되었습니다. 크롤링이 중단됩니다.
2026-05-13 19:17:35,902 [ERROR] ApprovalRadar - Failed to fetch or update 20260704187: All API keys are exhausted for today.
2026-05-13 19:17:38,960 [ERROR] ApprovalRadar - 🚨 [긴급] 오늘자 식품나라 API 키가 모두 소진되었습니다. 크롤링이 중단됩니다.
2026-05-13 19:17:38,961 [ERROR] ApprovalRadar - Failed to fetch or update 20260704213: All API keys are exhausted for today.
2026-05-13 19:17:42,026 [ERROR] ApprovalRadar - 🚨 [긴급] 오늘자 식품나라 API 키가 모두 소진되었습니다. 크롤링이 중단됩니다.
2026-05-13 19:17:42,027 [ERROR] ApprovalRadar - Failed to fetch or update 20260832044: All API keys are exhausted for today.
2026-05-13 19:17:45,181 [ERROR] ApprovalRadar - 🚨 [긴급] 오늘자 식품나라 API 키가 모두 소진되었습니다. 크롤링이 중단됩니다.
2026-05-13 19:17:45,183 [ERROR] ApprovalRadar - Failed to fetch or update 20260832030: All API keys are exhausted for today.
2026-05-13 19:17:48,317 [ERROR] ApprovalRadar - 🚨 [긴급] 오늘자 식품나라 API 키가 모두 소진되었습니다. 크롤링이 중단됩니다.
2026-05-13 19:17:48,318 [ERROR] ApprovalRadar - Failed to fetch or update 20260832047: All API keys are exhausted for today.
2026-05-13 19:17:51,430 [ERROR] ApprovalRadar - 🚨 [긴급] 오늘자 식품나라 API 키가 모두 소진되었습니다. 크롤링이 중단됩니다.
2026-05-13 19:17:51,432 [ERROR] ApprovalRadar - Failed to fetch or update 20260832036: All API keys are exhausted for today.
2026-05-13 19:17:54,559 [ERROR] ApprovalRadar - 🚨 [긴급] 오늘자 식품나라 API 키가 모두 소진되었습니다. 크롤링이 중단됩니다.
2026-05-13 19:17:54,560 [ERROR] ApprovalRadar - Failed to fetch or update 20260832033: All API keys are exhausted for today.
2026-05-13 19:17:57,615 [ERROR] ApprovalRadar - 🚨 [긴급] 오늘자 식품나라 API 키가 모두 소진되었습니다. 크롤링이 중단됩니다.
2026-05-13 19:17:57,616 [ERROR] ApprovalRadar - Failed to fetch or update 20260832042: All API keys are exhausted for today.
2026-05-13 19:18:00,675 [ERROR] ApprovalRadar - 🚨 [긴급] 오늘자 식품나라 API 키가 모두 소진되었습니다. 크롤링이 중단됩니다.
2026-05-13 19:18:00,677 [ERROR] ApprovalRadar - Failed to fetch or update 20260832043: All API keys are exhausted for today.
2026-05-13 19:18:03,735 [ERROR] ApprovalRadar - 🚨 [긴급] 오늘자 식품나라 API 키가 모두 소진되었습니다. 크롤링이 중단됩니다.
2026-05-13 19:18:03,738 [ERROR] ApprovalRadar - Failed to fetch or update 20260832039: All API keys are exhausted for today.
2026-05-13 19:18:06,774 [ERROR] ApprovalRadar - 🚨 [긴급] 오늘자 식품나라 API 키가 모두 소진되었습니다. 크롤링이 중단됩니다.
2026-05-13 19:18:06,776 [ERROR] ApprovalRadar - Failed to fetch or update 20260832040: All API keys are exhausted for today.
2026-05-13 19:18:09,814 [ERROR] ApprovalRadar - 🚨 [긴급] 오늘자 식품나라 API 키가 모두 소진되었습니다. 크롤링이 중단됩니다.
2026-05-13 19:18:09,814 [ERROR] ApprovalRadar - Failed to fetch or update 20260832031: All API keys are exhausted for today.
2026-05-13 19:18:12,925 [ERROR] ApprovalRadar - 🚨 [긴급] 오늘자 식품나라 API 키가 모두 소진되었습니다. 크롤링이 중단됩니다.
2026-05-13 19:18:12,926 [ERROR] ApprovalRadar - Failed to fetch or update 20260832045: All API keys are exhausted for today.
2026-05-13 19:18:16,129 [ERROR] ApprovalRadar - 🚨 [긴급] 오늘자 식품나라 API 키가 모두 소진되었습니다. 크롤링이 중단됩니다.
2026-05-13 19:18:16,130 [ERROR] ApprovalRadar - Failed to fetch or update 20260832041: All API keys are exhausted for today.
2026-05-13 19:18:19,309 [ERROR] ApprovalRadar - 🚨 [긴급] 오늘자 식품나라 API 키가 모두 소진되었습니다. 크롤링이 중단됩니다.
2026-05-13 19:18:19,311 [ERROR] ApprovalRadar - Failed to fetch or update 20260832035: All API keys are exhausted for today.
2026-05-13 19:18:22,396 [ERROR] ApprovalRadar - 🚨 [긴급] 오늘자 식품나라 API 키가 모두 소진되었습니다. 크롤링이 중단됩니다.
2026-05-13 19:18:22,397 [ERROR] ApprovalRadar - Failed to fetch or update 20260832038: All API keys are exhausted for today.
2026-05-13 19:18:25,518 [ERROR] ApprovalRadar - 🚨 [긴급] 오늘자 식품나라 API 키가 모두 소진되었습니다. 크롤링이 중단됩니다.
2026-05-13 19:18:25,520 [ERROR] ApprovalRadar - Failed to fetch or update 20260832028: All API keys are exhausted for today.
2026-05-13 19:18:28,655 [ERROR] ApprovalRadar - 🚨 [긴급] 오늘자 식품나라 API 키가 모두 소진되었습니다. 크롤링이 중단됩니다.
2026-05-13 19:18:28,657 [ERROR] ApprovalRadar - Failed to fetch or update 20260310285: All API keys are exhausted for today.
2026-05-13 19:18:31,795 [ERROR] ApprovalRadar - 🚨 [긴급] 오늘자 식품나라 API 키가 모두 소진되었습니다. 크롤링이 중단됩니다.
2026-05-13 19:18:31,795 [ERROR] ApprovalRadar - Failed to fetch or update 20260310338: All API keys are exhausted for today.
2026-05-13 19:18:34,924 [ERROR] ApprovalRadar - 🚨 [긴급] 오늘자 식품나라 API 키가 모두 소진되었습니다. 크롤링이 중단됩니다.
2026-05-13 19:18:34,925 [ERROR] ApprovalRadar - Failed to fetch or update 20260310352: All API keys are exhausted for today.
2026-05-13 19:18:37,987 [ERROR] ApprovalRadar - 🚨 [긴급] 오늘자 식품나라 API 키가 모두 소진되었습니다. 크롤링이 중단됩니다.
2026-05-13 19:18:37,988 [ERROR] ApprovalRadar - Failed to fetch or update 20260664452: All API keys are exhausted for today.
2026-05-13 19:18:41,045 [ERROR] ApprovalRadar - 🚨 [긴급] 오늘자 식품나라 API 키가 모두 소진되었습니다. 크롤링이 중단됩니다.
2026-05-13 19:18:41,047 [ERROR] ApprovalRadar - Failed to fetch or update 20260664518: All API keys are exhausted for today.
2026-05-13 19:18:44,083 [ERROR] ApprovalRadar - 🚨 [긴급] 오늘자 식품나라 API 키가 모두 소진되었습니다. 크롤링이 중단됩니다.
2026-05-13 19:18:44,084 [ERROR] ApprovalRadar - Failed to fetch or update 20260664461: All API keys are exhausted for today.
2026-05-13 19:18:47,145 [ERROR] ApprovalRadar - 🚨 [긴급] 오늘자 식품나라 API 키가 모두 소진되었습니다. 크롤링이 중단됩니다.
2026-05-13 19:18:47,146 [ERROR] ApprovalRadar - Failed to fetch or update 20260664476: All API keys are exhausted for today.
2026-05-13 19:18:50,213 [ERROR] ApprovalRadar - 🚨 [긴급] 오늘자 식품나라 API 키가 모두 소진되었습니다. 크롤링이 중단됩니다.
2026-05-13 19:18:50,214 [ERROR] ApprovalRadar - Failed to fetch or update 20260590328: All API keys are exhausted for today.
2026-05-13 19:18:53,328 [ERROR] ApprovalRadar - 🚨 [긴급] 오늘자 식품나라 API 키가 모두 소진되었습니다. 크롤링이 중단됩니다.
2026-05-13 19:18:53,331 [ERROR] ApprovalRadar - Failed to fetch or update 20260408396: All API keys are exhausted for today.
2026-05-13 19:18:56,478 [ERROR] ApprovalRadar - 🚨 [긴급] 오늘자 식품나라 API 키가 모두 소진되었습니다. 크롤링이 중단됩니다.
2026-05-13 19:18:56,479 [ERROR] ApprovalRadar - Failed to fetch or update 20260408482: All API keys are exhausted for today.
2026-05-13 19:18:59,621 [ERROR] ApprovalRadar - 🚨 [긴급] 오늘자 식품나라 API 키가 모두 소진되었습니다. 크롤링이 중단됩니다.
2026-05-13 19:18:59,623 [ERROR] ApprovalRadar - Failed to fetch or update 20260408507: All API keys are exhausted for today.
2026-05-13 19:19:02,816 [ERROR] ApprovalRadar - 🚨 [긴급] 오늘자 식품나라 API 키가 모두 소진되었습니다. 크롤링이 중단됩니다.
2026-05-13 19:19:02,819 [ERROR] ApprovalRadar - Failed to fetch or update 20260408503: All API keys are exhausted for today.
2026-05-13 19:19:05,895 [ERROR] ApprovalRadar - 🚨 [긴급] 오늘자 식품나라 API 키가 모두 소진되었습니다. 크롤링이 중단됩니다.
2026-05-13 19:19:05,896 [ERROR] ApprovalRadar - Failed to fetch or update 20260507763: All API keys are exhausted for today.
2026-05-13 19:19:09,027 [ERROR] ApprovalRadar - 🚨 [긴급] 오늘자 식품나라 API 키가 모두 소진되었습니다. 크롤링이 중단됩니다.
2026-05-13 19:19:09,028 [ERROR] ApprovalRadar - Failed to fetch or update 20260418161: All API keys are exhausted for today.
2026-05-13 19:19:12,180 [ERROR] ApprovalRadar - 🚨 [긴급] 오늘자 식품나라 API 키가 모두 소진되었습니다. 크롤링이 중단됩니다.
2026-05-13 19:19:12,182 [ERROR] ApprovalRadar - Failed to fetch or update 20260418177: All API keys are exhausted for today.
2026-05-13 19:19:15,319 [ERROR] ApprovalRadar - 🚨 [긴급] 오늘자 식품나라 API 키가 모두 소진되었습니다. 크롤링이 중단됩니다.
2026-05-13 19:19:15,319 [ERROR] ApprovalRadar - Failed to fetch or update 20260418147: All API keys are exhausted for today.
2026-05-13 19:19:18,466 [ERROR] ApprovalRadar - 🚨 [긴급] 오늘자 식품나라 API 키가 모두 소진되었습니다. 크롤링이 중단됩니다.
2026-05-13 19:19:18,467 [ERROR] ApprovalRadar - Failed to fetch or update 20260582332: All API keys are exhausted for today.
2026-05-13 19:19:21,609 [ERROR] ApprovalRadar - 🚨 [긴급] 오늘자 식품나라 API 키가 모두 소진되었습니다. 크롤링이 중단됩니다.
2026-05-13 19:19:21,611 [ERROR] ApprovalRadar - Failed to fetch or update 20260582498: All API keys are exhausted for today.
2026-05-13 19:19:24,773 [ERROR] ApprovalRadar - 🚨 [긴급] 오늘자 식품나라 API 키가 모두 소진되었습니다. 크롤링이 중단됩니다.
2026-05-13 19:19:24,774 [ERROR] ApprovalRadar - Failed to fetch or update 20260582502: All API keys are exhausted for today.
2026-05-13 19:19:27,902 [ERROR] ApprovalRadar - 🚨 [긴급] 오늘자 식품나라 API 키가 모두 소진되었습니다. 크롤링이 중단됩니다.
2026-05-13 19:19:27,904 [ERROR] ApprovalRadar - Failed to fetch or update 20260582468: All API keys are exhausted for today.
2026-05-13 19:19:31,048 [ERROR] ApprovalRadar - 🚨 [긴급] 오늘자 식품나라 API 키가 모두 소진되었습니다. 크롤링이 중단됩니다.
2026-05-13 19:19:31,050 [ERROR] ApprovalRadar - Failed to fetch or update 20260403565: All API keys are exhausted for today.
2026-05-13 19:19:34,198 [ERROR] ApprovalRadar - 🚨 [긴급] 오늘자 식품나라 API 키가 모두 소진되었습니다. 크롤링이 중단됩니다.
2026-05-13 19:19:34,198 [ERROR] ApprovalRadar - Failed to fetch or update 20260403483: All API keys are exhausted for today.
2026-05-13 19:19:37,340 [ERROR] ApprovalRadar - 🚨 [긴급] 오늘자 식품나라 API 키가 모두 소진되었습니다. 크롤링이 중단됩니다.
2026-05-13 19:19:37,341 [ERROR] ApprovalRadar - Failed to fetch or update 20260403557: All API keys are exhausted for today.
2026-05-13 19:19:40,482 [ERROR] ApprovalRadar - 🚨 [긴급] 오늘자 식품나라 API 키가 모두 소진되었습니다. 크롤링이 중단됩니다.
2026-05-13 19:19:40,483 [ERROR] ApprovalRadar - Failed to fetch or update 20260543435: All API keys are exhausted for today.
2026-05-13 19:19:43,626 [ERROR] ApprovalRadar - 🚨 [긴급] 오늘자 식품나라 API 키가 모두 소진되었습니다. 크롤링이 중단됩니다.
2026-05-13 19:19:43,628 [ERROR] ApprovalRadar - Failed to fetch or update 20260543444: All API keys are exhausted for today.
2026-05-13 19:19:46,776 [ERROR] ApprovalRadar - 🚨 [긴급] 오늘자 식품나라 API 키가 모두 소진되었습니다. 크롤링이 중단됩니다.
2026-05-13 19:19:46,777 [ERROR] ApprovalRadar - Failed to fetch or update 20260543454: All API keys are exhausted for today.
2026-05-13 19:19:49,905 [ERROR] ApprovalRadar - 🚨 [긴급] 오늘자 식품나라 API 키가 모두 소진되었습니다. 크롤링이 중단됩니다.
2026-05-13 19:19:49,906 [ERROR] ApprovalRadar - Failed to fetch or update 20260391241: All API keys are exhausted for today.
2026-05-13 19:19:53,055 [ERROR] ApprovalRadar - 🚨 [긴급] 오늘자 식품나라 API 키가 모두 소진되었습니다. 크롤링이 중단됩니다.
2026-05-13 19:19:53,056 [ERROR] ApprovalRadar - Failed to fetch or update 20260382228: All API keys are exhausted for today.
2026-05-13 19:19:56,097 [ERROR] ApprovalRadar - 🚨 [긴급] 오늘자 식품나라 API 키가 모두 소진되었습니다. 크롤링이 중단됩니다.
2026-05-13 19:19:56,098 [ERROR] ApprovalRadar - Failed to fetch or update 20260385226: All API keys are exhausted for today.
2026-05-13 19:19:59,141 [ERROR] ApprovalRadar - 🚨 [긴급] 오늘자 식품나라 API 키가 모두 소진되었습니다. 크롤링이 중단됩니다.
2026-05-13 19:19:59,142 [ERROR] ApprovalRadar - Failed to fetch or update 20260385235: All API keys are exhausted for today.
2026-05-13 19:20:02,192 [ERROR] ApprovalRadar - 🚨 [긴급] 오늘자 식품나라 API 키가 모두 소진되었습니다. 크롤링이 중단됩니다.
2026-05-13 19:20:02,193 [ERROR] ApprovalRadar - Failed to fetch or update 20260391243: All API keys are exhausted for today.
2026-05-13 19:20:05,271 [ERROR] ApprovalRadar - 🚨 [긴급] 오늘자 식품나라 API 키가 모두 소진되었습니다. 크롤링이 중단됩니다.
2026-05-13 19:20:05,273 [ERROR] ApprovalRadar - Failed to fetch or update 20260385227: All API keys are exhausted for today.
2026-05-13 19:20:08,328 [ERROR] ApprovalRadar - 🚨 [긴급] 오늘자 식품나라 API 키가 모두 소진되었습니다. 크롤링이 중단됩니다.
2026-05-13 19:20:08,329 [ERROR] ApprovalRadar - Failed to fetch or update 20260050323: All API keys are exhausted for today.
2026-05-13 19:20:11,447 [ERROR] ApprovalRadar - 🚨 [긴급] 오늘자 식품나라 API 키가 모두 소진되었습니다. 크롤링이 중단됩니다.
2026-05-13 19:20:11,449 [ERROR] ApprovalRadar - Failed to fetch or update 20260050310: All API keys are exhausted for today.
2026-05-13 19:20:14,587 [ERROR] ApprovalRadar - 🚨 [긴급] 오늘자 식품나라 API 키가 모두 소진되었습니다. 크롤링이 중단됩니다.
2026-05-13 19:20:14,590 [ERROR] ApprovalRadar - Failed to fetch or update 20260050316: All API keys are exhausted for today.
2026-05-13 19:20:17,702 [ERROR] ApprovalRadar - 🚨 [긴급] 오늘자 식품나라 API 키가 모두 소진되었습니다. 크롤링이 중단됩니다.
2026-05-13 19:20:17,703 [ERROR] ApprovalRadar - Failed to fetch or update 20260050354: All API keys are exhausted for today.
2026-05-13 19:20:20,832 [ERROR] ApprovalRadar - 🚨 [긴급] 오늘자 식품나라 API 키가 모두 소진되었습니다. 크롤링이 중단됩니다.
2026-05-13 19:20:20,833 [ERROR] ApprovalRadar - Failed to fetch or update 20260050336: All API keys are exhausted for today.
2026-05-13 19:20:23,887 [ERROR] ApprovalRadar - 🚨 [긴급] 오늘자 식품나라 API 키가 모두 소진되었습니다. 크롤링이 중단됩니다.
2026-05-13 19:20:23,888 [ERROR] ApprovalRadar - Failed to fetch or update 20260045564: All API keys are exhausted for today.
2026-05-13 19:20:26,942 [ERROR] ApprovalRadar - 🚨 [긴급] 오늘자 식품나라 API 키가 모두 소진되었습니다. 크롤링이 중단됩니다.
2026-05-13 19:20:26,943 [ERROR] ApprovalRadar - Failed to fetch or update 20260045599: All API keys are exhausted for today.
2026-05-13 19:20:29,999 [ERROR] ApprovalRadar - 🚨 [긴급] 오늘자 식품나라 API 키가 모두 소진되었습니다. 크롤링이 중단됩니다.
2026-05-13 19:20:30,000 [ERROR] ApprovalRadar - Failed to fetch or update 20260045586: All API keys are exhausted for today.
2026-05-13 19:20:33,058 [ERROR] ApprovalRadar - 🚨 [긴급] 오늘자 식품나라 API 키가 모두 소진되었습니다. 크롤링이 중단됩니다.
2026-05-13 19:20:33,060 [ERROR] ApprovalRadar - Failed to fetch or update 20260045593: All API keys are exhausted for today.
2026-05-13 19:20:36,122 [ERROR] ApprovalRadar - 🚨 [긴급] 오늘자 식품나라 API 키가 모두 소진되었습니다. 크롤링이 중단됩니다.
2026-05-13 19:20:36,123 [ERROR] ApprovalRadar - Failed to fetch or update 20260093381: All API keys are exhausted for today.
2026-05-13 19:20:39,219 [ERROR] ApprovalRadar - 🚨 [긴급] 오늘자 식품나라 API 키가 모두 소진되었습니다. 크롤링이 중단됩니다.
2026-05-13 19:20:39,220 [ERROR] ApprovalRadar - Failed to fetch or update 20260062387: All API keys are exhausted for today.
2026-05-13 19:20:42,363 [ERROR] ApprovalRadar - 🚨 [긴급] 오늘자 식품나라 API 키가 모두 소진되었습니다. 크롤링이 중단됩니다.
2026-05-13 19:20:42,364 [ERROR] ApprovalRadar - Failed to fetch or update 20260062386: All API keys are exhausted for today.
2026-05-13 19:20:45,496 [ERROR] ApprovalRadar - 🚨 [긴급] 오늘자 식품나라 API 키가 모두 소진되었습니다. 크롤링이 중단됩니다.
2026-05-13 19:20:45,496 [ERROR] ApprovalRadar - Failed to fetch or update 20260076229: All API keys are exhausted for today.
2026-05-13 19:20:48,535 [ERROR] ApprovalRadar - 🚨 [긴급] 오늘자 식품나라 API 키가 모두 소진되었습니다. 크롤링이 중단됩니다.
2026-05-13 19:20:48,536 [ERROR] ApprovalRadar - Failed to fetch or update 20260076251: All API keys are exhausted for today.
2026-05-13 19:20:51,590 [ERROR] ApprovalRadar - 🚨 [긴급] 오늘자 식품나라 API 키가 모두 소진되었습니다. 크롤링이 중단됩니다.
2026-05-13 19:20:51,591 [ERROR] ApprovalRadar - Failed to fetch or update 20260104471: All API keys are exhausted for today.
2026-05-13 19:20:54,627 [ERROR] ApprovalRadar - 🚨 [긴급] 오늘자 식품나라 API 키가 모두 소진되었습니다. 크롤링이 중단됩니다.
2026-05-13 19:20:54,627 [ERROR] ApprovalRadar - Failed to fetch or update 20260104485: All API keys are exhausted for today.
2026-05-13 19:20:57,680 [ERROR] ApprovalRadar - 🚨 [긴급] 오늘자 식품나라 API 키가 모두 소진되었습니다. 크롤링이 중단됩니다.
2026-05-13 19:20:57,681 [ERROR] ApprovalRadar - Failed to fetch or update 20260058373: All API keys are exhausted for today.
2026-05-13 19:20:57,681 [INFO] ApprovalRadar - [진척도] 100/2403 처리 완료 (성공: 0, 실패: 100)
2026-05-13 19:21:00,742 [ERROR] ApprovalRadar - 🚨 [긴급] 오늘자 식품나라 API 키가 모두 소진되었습니다. 크롤링이 중단됩니다.
2026-05-13 19:21:00,742 [ERROR] ApprovalRadar - Failed to fetch or update 20260058329: All API keys are exhausted for today.
2026-05-13 19:21:03,876 [ERROR] ApprovalRadar - 🚨 [긴급] 오늘자 식품나라 API 키가 모두 소진되었습니다. 크롤링이 중단됩니다.
2026-05-13 19:21:03,878 [ERROR] ApprovalRadar - Failed to fetch or update 20260072359: All API keys are exhausted for today.
2026-05-13 19:21:07,016 [ERROR] ApprovalRadar - 🚨 [긴급] 오늘자 식품나라 API 키가 모두 소진되었습니다. 크롤링이 중단됩니다.
2026-05-13 19:21:07,017 [ERROR] ApprovalRadar - Failed to fetch or update 20260072355: All API keys are exhausted for today.
2026-05-13 19:21:10,215 [ERROR] ApprovalRadar - 🚨 [긴급] 오늘자 식품나라 API 키가 모두 소진되었습니다. 크롤링이 중단됩니다.
2026-05-13 19:21:10,217 [ERROR] ApprovalRadar - Failed to fetch or update 20260072360: All API keys are exhausted for today.
2026-05-13 19:21:13,300 [ERROR] ApprovalRadar - 🚨 [긴급] 오늘자 식품나라 API 키가 모두 소진되었습니다. 크롤링이 중단됩니다.
2026-05-13 19:21:13,302 [ERROR] ApprovalRadar - Failed to fetch or update 20260089338: All API keys are exhausted for today.
2026-05-13 19:21:16,431 [ERROR] ApprovalRadar - 🚨 [긴급] 오늘자 식품나라 API 키가 모두 소진되었습니다. 크롤링이 중단됩니다.
2026-05-13 19:21:16,433 [ERROR] ApprovalRadar - Failed to fetch or update 20260161579: All API keys are exhausted for today.
2026-05-13 19:21:19,571 [ERROR] ApprovalRadar - 🚨 [긴급] 오늘자 식품나라 API 키가 모두 소진되었습니다. 크롤링이 중단됩니다.
2026-05-13 19:21:19,572 [ERROR] ApprovalRadar - Failed to fetch or update 20260161588: All API keys are exhausted for today.
2026-05-13 19:21:22,716 [ERROR] ApprovalRadar - 🚨 [긴급] 오늘자 식품나라 API 키가 모두 소진되었습니다. 크롤링이 중단됩니다.
2026-05-13 19:21:22,717 [ERROR] ApprovalRadar - Failed to fetch or update 20260161568: All API keys are exhausted for today.
2026-05-13 19:21:24,527 [INFO] ApprovalRadar - Shutting down APScheduler...
2026-05-13 19:21:24,888 [INFO] ApprovalRadar - Initializing Database...
2026-05-13 19:21:24,889 [INFO] ApprovalRadar - Starting Industry Type Backfill Job...
2026-05-13 19:21:24,889 [INFO] ApprovalRadar - Configuring APScheduler jobs...
2026-05-13 19:21:24,891 [INFO] ApprovalRadar - Adding initial catch-up scraper job to background...
2026-05-13 19:21:24,892 [INFO] ApprovalRadar - 총 2403건의 세부업종 누락 데이터를 발견했습니다. 백필을 시작합니다.
2026-05-13 19:21:24,892 [INFO] ApprovalRadar - Starting DiffCrawler Delta Sync Job for I2859...
2026-05-13 19:21:24,892 [INFO] ApprovalRadar - APScheduler started successfully.
2026-05-13 19:21:24,956 [INFO] ApprovalRadar - [키 회전] API 한도 초과! 새로운 키로 교체: f1282***
2026-05-13 19:21:24,957 [WARNING] ApprovalRadar - 키 회전 후 3.0초 대기...
2026-05-13 19:21:24,992 [INFO] ApprovalRadar - [키 회전] API 한도 초과! 새로운 키로 교체: f1282***
2026-05-13 19:21:24,993 [WARNING] ApprovalRadar - 키 회전 후 3.0초 대기...
2026-05-13 19:21:26,814 [INFO] ApprovalRadar - Shutting down APScheduler...
2026-05-13 19:21:28,018 [INFO] ApprovalRadar - [키 회전] API 한도 초과! 새로운 키로 교체: ba698***
2026-05-13 19:21:28,020 [WARNING] ApprovalRadar - 키 회전 후 3.0초 대기...
2026-05-13 19:21:28,108 [INFO] ApprovalRadar - [키 회전] API 한도 초과! 새로운 키로 교체: ba698***
2026-05-13 19:21:28,110 [WARNING] ApprovalRadar - 키 회전 후 3.0초 대기...
2026-05-13 19:21:31,127 [INFO] ApprovalRadar - [키 회전] API 한도 초과! 새로운 키로 교체: 67f07***
2026-05-13 19:21:31,128 [WARNING] ApprovalRadar - 키 회전 후 3.0초 대기...
2026-05-13 19:21:31,178 [INFO] ApprovalRadar - [키 회전] API 한도 초과! 새로운 키로 교체: 67f07***
2026-05-13 19:21:31,179 [WARNING] ApprovalRadar - 키 회전 후 3.0초 대기...
2026-05-13 19:21:34,292 [INFO] ApprovalRadar - [키 회전] API 한도 초과! 새로운 키로 교체: e7b3f***
2026-05-13 19:21:34,294 [WARNING] ApprovalRadar - 키 회전 후 3.0초 대기...
2026-05-13 19:21:34,313 [INFO] ApprovalRadar - [키 회전] API 한도 초과! 새로운 키로 교체: e7b3f***
2026-05-13 19:21:34,314 [WARNING] ApprovalRadar - 키 회전 후 3.0초 대기...
2026-05-13 19:21:37,439 [ERROR] ApprovalRadar - 🚨 [긴급] 오늘자 식품나라 API 키가 모두 소진되었습니다. 크롤링이 중단됩니다.
2026-05-13 19:21:37,440 [ERROR] ApprovalRadar - Failed to fetch or update 20260076241: All API keys are exhausted for today.
2026-05-13 19:21:37,472 [ERROR] ApprovalRadar - 🚨 [긴급] 오늘자 식품나라 API 키가 모두 소진되었습니다. 크롤링이 중단됩니다.
2026-05-13 19:21:37,472 [ERROR] ApprovalRadar - ❌ I2859 크롤러 스케줄 작업 중 치명적인 오류 발생: All API keys are exhausted for today.
2026-05-13 19:21:37,473 [INFO] ApprovalRadar - Starting DiffCrawler Delta Sync Job for I2500...
2026-05-13 19:21:37,474 [INFO] ApprovalRadar - 최초 실행: 베이스라인 부트스트랩을 시작합니다...
2026-05-13 19:21:37,474 [INFO] ApprovalRadar - [Bootstrapper] True Tail(실제 마지막 데이터) 찾는 중...
2026-05-13 19:21:37,525 [INFO] ApprovalRadar - [키 회전] API 한도 초과! 새로운 키로 교체: f1282***
2026-05-13 19:21:37,526 [WARNING] ApprovalRadar - 키 회전 후 3.0초 대기...
2026-05-13 19:21:40,565 [INFO] ApprovalRadar - [키 회전] API 한도 초과! 새로운 키로 교체: ba698***
2026-05-13 19:21:40,568 [WARNING] ApprovalRadar - 키 회전 후 3.0초 대기...
2026-05-13 19:21:40,577 [ERROR] ApprovalRadar - 🚨 [긴급] 오늘자 식품나라 API 키가 모두 소진되었습니다. 크롤링이 중단됩니다.
2026-05-13 19:21:40,578 [ERROR] ApprovalRadar - Failed to fetch or update 20260496147: All API keys are exhausted for today.
2026-05-13 19:21:43,694 [INFO] ApprovalRadar - [키 회전] API 한도 초과! 새로운 키로 교체: 67f07***
2026-05-13 19:21:43,697 [WARNING] ApprovalRadar - 키 회전 후 3.0초 대기...
2026-05-13 19:21:43,722 [ERROR] ApprovalRadar - 🚨 [긴급] 오늘자 식품나라 API 키가 모두 소진되었습니다. 크롤링이 중단됩니다.
2026-05-13 19:21:43,723 [ERROR] ApprovalRadar - Failed to fetch or update 20260688044: All API keys are exhausted for today.
2026-05-13 19:21:46,839 [INFO] ApprovalRadar - [키 회전] API 한도 초과! 새로운 키로 교체: e7b3f***
2026-05-13 19:21:46,841 [WARNING] ApprovalRadar - 키 회전 후 3.0초 대기...
2026-05-13 19:21:46,869 [ERROR] ApprovalRadar - 🚨 [긴급] 오늘자 식품나라 API 키가 모두 소진되었습니다. 크롤링이 중단됩니다.
2026-05-13 19:21:46,870 [ERROR] ApprovalRadar - Failed to fetch or update 20260529413: All API keys are exhausted for today.
2026-05-13 19:21:49,986 [ERROR] ApprovalRadar - 🚨 [긴급] 오늘자 식품나라 API 키가 모두 소진되었습니다. 크롤링이 중단됩니다.
2026-05-13 19:21:49,988 [ERROR] ApprovalRadar - 🚨 [긴급] 오늘자 식품나라 API 키가 모두 소진되었습니다. 크롤링이 중단됩니다.
2026-05-13 19:21:49,990 [ERROR] ApprovalRadar - Failed to fetch or update 20260926321: All API keys are exhausted for today.
2026-05-13 19:21:49,991 [ERROR] ApprovalRadar - ❌ I2500 크롤러 스케줄 작업 중 치명적인 오류 발생: All API keys are exhausted for today.
2026-05-13 19:21:50,353 [INFO] ApprovalRadar - Initializing Database...
2026-05-13 19:21:50,354 [INFO] ApprovalRadar - Starting Industry Type Backfill Job...
2026-05-13 19:21:50,354 [INFO] ApprovalRadar - Configuring APScheduler jobs...
2026-05-13 19:21:50,356 [INFO] ApprovalRadar - Adding initial catch-up scraper job to background...
2026-05-13 19:21:50,357 [INFO] ApprovalRadar - 총 2403건의 세부업종 누락 데이터를 발견했습니다. 백필을 시작합니다.
2026-05-13 19:21:50,357 [INFO] ApprovalRadar - Starting DiffCrawler Delta Sync Job for I2859...
2026-05-13 19:21:50,357 [INFO] ApprovalRadar - APScheduler started successfully.
2026-05-13 19:21:50,396 [INFO] ApprovalRadar - [키 회전] API 한도 초과! 새로운 키로 교체: f1282***
2026-05-13 19:21:50,396 [WARNING] ApprovalRadar - 키 회전 후 3.0초 대기...
2026-05-13 19:21:50,492 [INFO] ApprovalRadar - [키 회전] API 한도 초과! 새로운 키로 교체: f1282***
2026-05-13 19:21:50,493 [WARNING] ApprovalRadar - 키 회전 후 3.0초 대기...
2026-05-13 19:21:53,454 [INFO] ApprovalRadar - [키 회전] API 한도 초과! 새로운 키로 교체: ba698***
2026-05-13 19:21:53,456 [WARNING] ApprovalRadar - 키 회전 후 3.0초 대기...
2026-05-13 19:21:53,530 [INFO] ApprovalRadar - [키 회전] API 한도 초과! 새로운 키로 교체: ba698***
2026-05-13 19:21:53,531 [WARNING] ApprovalRadar - 키 회전 후 3.0초 대기...
2026-05-13 19:21:56,513 [INFO] ApprovalRadar - [키 회전] API 한도 초과! 새로운 키로 교체: 67f07***
2026-05-13 19:21:56,514 [WARNING] ApprovalRadar - 키 회전 후 3.0초 대기...
2026-05-13 19:21:56,588 [INFO] ApprovalRadar - [키 회전] API 한도 초과! 새로운 키로 교체: 67f07***
2026-05-13 19:21:56,589 [WARNING] ApprovalRadar - 키 회전 후 3.0초 대기...
2026-05-13 19:21:59,551 [INFO] ApprovalRadar - [키 회전] API 한도 초과! 새로운 키로 교체: e7b3f***
2026-05-13 19:21:59,553 [WARNING] ApprovalRadar - 키 회전 후 3.0초 대기...
2026-05-13 19:21:59,624 [INFO] ApprovalRadar - [키 회전] API 한도 초과! 새로운 키로 교체: e7b3f***
2026-05-13 19:21:59,625 [WARNING] ApprovalRadar - 키 회전 후 3.0초 대기...
2026-05-13 19:22:02,612 [ERROR] ApprovalRadar - 🚨 [긴급] 오늘자 식품나라 API 키가 모두 소진되었습니다. 크롤링이 중단됩니다.
2026-05-13 19:22:02,613 [ERROR] ApprovalRadar - Failed to fetch or update 20260076241: All API keys are exhausted for today.
2026-05-13 19:22:02,722 [ERROR] ApprovalRadar - 🚨 [긴급] 오늘자 식품나라 API 키가 모두 소진되었습니다. 크롤링이 중단됩니다.
2026-05-13 19:22:02,723 [ERROR] ApprovalRadar - ❌ I2859 크롤러 스케줄 작업 중 치명적인 오류 발생: All API keys are exhausted for today.
2026-05-13 19:22:02,723 [INFO] ApprovalRadar - Starting DiffCrawler Delta Sync Job for I2500...
2026-05-13 19:22:02,724 [INFO] ApprovalRadar - 최초 실행: 베이스라인 부트스트랩을 시작합니다...
2026-05-13 19:22:02,725 [INFO] ApprovalRadar - [Bootstrapper] True Tail(실제 마지막 데이터) 찾는 중...
2026-05-13 19:22:02,820 [INFO] ApprovalRadar - [키 회전] API 한도 초과! 새로운 키로 교체: f1282***
2026-05-13 19:22:02,821 [WARNING] ApprovalRadar - 키 회전 후 3.0초 대기...
2026-05-13 19:22:05,754 [ERROR] ApprovalRadar - 🚨 [긴급] 오늘자 식품나라 API 키가 모두 소진되었습니다. 크롤링이 중단됩니다.
2026-05-13 19:22:05,755 [ERROR] ApprovalRadar - Failed to fetch or update 20260496147: All API keys are exhausted for today.
2026-05-13 19:22:05,883 [INFO] ApprovalRadar - [키 회전] API 한도 초과! 새로운 키로 교체: ba698***
2026-05-13 19:22:05,885 [WARNING] ApprovalRadar - 키 회전 후 3.0초 대기...
2026-05-13 19:22:08,888 [ERROR] ApprovalRadar - 🚨 [긴급] 오늘자 식품나라 API 키가 모두 소진되었습니다. 크롤링이 중단됩니다.
2026-05-13 19:22:08,890 [ERROR] ApprovalRadar - Failed to fetch or update 20260688044: All API keys are exhausted for today.
2026-05-13 19:22:08,942 [INFO] ApprovalRadar - [키 회전] API 한도 초과! 새로운 키로 교체: 67f07***
2026-05-13 19:22:08,943 [WARNING] ApprovalRadar - 키 회전 후 3.0초 대기...
2026-05-13 19:22:12,022 [ERROR] ApprovalRadar - 🚨 [긴급] 오늘자 식품나라 API 키가 모두 소진되었습니다. 크롤링이 중단됩니다.
2026-05-13 19:22:12,022 [ERROR] ApprovalRadar - Failed to fetch or update 20260529413: All API keys are exhausted for today.
2026-05-13 19:22:12,023 [INFO] ApprovalRadar - [키 회전] API 한도 초과! 새로운 키로 교체: e7b3f***
2026-05-13 19:22:12,023 [WARNING] ApprovalRadar - 키 회전 후 3.0초 대기...
2026-05-13 19:22:15,151 [ERROR] ApprovalRadar - 🚨 [긴급] 오늘자 식품나라 API 키가 모두 소진되었습니다. 크롤링이 중단됩니다.
2026-05-13 19:22:15,152 [ERROR] ApprovalRadar - ❌ I2500 크롤러 스케줄 작업 중 치명적인 오류 발생: All API keys are exhausted for today.
2026-05-13 19:22:15,154 [ERROR] ApprovalRadar - 🚨 [긴급] 오늘자 식품나라 API 키가 모두 소진되었습니다. 크롤링이 중단됩니다.
2026-05-13 19:22:15,154 [ERROR] ApprovalRadar - Failed to fetch or update 20260926321: All API keys are exhausted for today.
2026-05-13 19:22:18,274 [ERROR] ApprovalRadar - 🚨 [긴급] 오늘자 식품나라 API 키가 모두 소진되었습니다. 크롤링이 중단됩니다.
2026-05-13 19:22:18,275 [ERROR] ApprovalRadar - Failed to fetch or update 20260555070: All API keys are exhausted for today.
2026-05-13 19:22:21,332 [ERROR] ApprovalRadar - 🚨 [긴급] 오늘자 식품나라 API 키가 모두 소진되었습니다. 크롤링이 중단됩니다.
2026-05-13 19:22:21,334 [ERROR] ApprovalRadar - Failed to fetch or update 20260787251: All API keys are exhausted for today.
2026-05-13 19:22:24,371 [ERROR] ApprovalRadar - 🚨 [긴급] 오늘자 식품나라 API 키가 모두 소진되었습니다. 크롤링이 중단됩니다.
2026-05-13 19:22:24,372 [ERROR] ApprovalRadar - Failed to fetch or update 20260121210: All API keys are exhausted for today.
2026-05-13 19:22:27,435 [ERROR] ApprovalRadar - 🚨 [긴급] 오늘자 식품나라 API 키가 모두 소진되었습니다. 크롤링이 중단됩니다.
2026-05-13 19:22:27,437 [ERROR] ApprovalRadar - Failed to fetch or update 20260926319: All API keys are exhausted for today.
2026-05-13 19:22:30,500 [ERROR] ApprovalRadar - 🚨 [긴급] 오늘자 식품나라 API 키가 모두 소진되었습니다. 크롤링이 중단됩니다.
2026-05-13 19:22:30,501 [ERROR] ApprovalRadar - Failed to fetch or update 20260664563: All API keys are exhausted for today.
2026-05-13 19:22:33,566 [ERROR] ApprovalRadar - 🚨 [긴급] 오늘자 식품나라 API 키가 모두 소진되었습니다. 크롤링이 중단됩니다.
2026-05-13 19:22:33,568 [ERROR] ApprovalRadar - Failed to fetch or update 20260834073: All API keys are exhausted for today.
2026-05-13 19:22:36,679 [ERROR] ApprovalRadar - 🚨 [긴급] 오늘자 식품나라 API 키가 모두 소진되었습니다. 크롤링이 중단됩니다.
2026-05-13 19:22:36,680 [ERROR] ApprovalRadar - Failed to fetch or update 20260517461: All API keys are exhausted for today.
2026-05-13 19:22:39,795 [ERROR] ApprovalRadar - 🚨 [긴급] 오늘자 식품나라 API 키가 모두 소진되었습니다. 크롤링이 중단됩니다.
2026-05-13 19:22:39,796 [ERROR] ApprovalRadar - Failed to fetch or update 20260342644: All API keys are exhausted for today.
2026-05-13 19:22:42,939 [ERROR] ApprovalRadar - 🚨 [긴급] 오늘자 식품나라 API 키가 모두 소진되었습니다. 크롤링이 중단됩니다.
2026-05-13 19:22:42,940 [ERROR] ApprovalRadar - Failed to fetch or update 20260342653: All API keys are exhausted for today.
2026-05-13 19:22:46,067 [ERROR] ApprovalRadar - 🚨 [긴급] 오늘자 식품나라 API 키가 모두 소진되었습니다. 크롤링이 중단됩니다.
2026-05-13 19:22:46,068 [ERROR] ApprovalRadar - Failed to fetch or update 20260342681: All API keys are exhausted for today.
2026-05-13 19:22:49,104 [ERROR] ApprovalRadar - 🚨 [긴급] 오늘자 식품나라 API 키가 모두 소진되었습니다. 크롤링이 중단됩니다.
2026-05-13 19:22:49,105 [ERROR] ApprovalRadar - Failed to fetch or update 20260342666: All API keys are exhausted for today.
2026-05-13 19:22:52,163 [ERROR] ApprovalRadar - 🚨 [긴급] 오늘자 식품나라 API 키가 모두 소진되었습니다. 크롤링이 중단됩니다.
2026-05-13 19:22:52,164 [ERROR] ApprovalRadar - Failed to fetch or update 20260917187: All API keys are exhausted for today.
2026-05-13 19:22:55,223 [ERROR] ApprovalRadar - 🚨 [긴급] 오늘자 식품나라 API 키가 모두 소진되었습니다. 크롤링이 중단됩니다.
2026-05-13 19:22:55,224 [ERROR] ApprovalRadar - Failed to fetch or update 20260913211: All API keys are exhausted for today.
2026-05-13 19:22:58,299 [ERROR] ApprovalRadar - 🚨 [긴급] 오늘자 식품나라 API 키가 모두 소진되었습니다. 크롤링이 중단됩니다.
2026-05-13 19:22:58,300 [ERROR] ApprovalRadar - Failed to fetch or update 20260268449: All API keys are exhausted for today.
2026-05-13 19:23:01,368 [ERROR] ApprovalRadar - 🚨 [긴급] 오늘자 식품나라 API 키가 모두 소진되었습니다. 크롤링이 중단됩니다.
2026-05-13 19:23:01,369 [ERROR] ApprovalRadar - Failed to fetch or update 20260268473: All API keys are exhausted for today.
2026-05-13 19:23:04,464 [ERROR] ApprovalRadar - 🚨 [긴급] 오늘자 식품나라 API 키가 모두 소진되었습니다. 크롤링이 중단됩니다.
2026-05-13 19:23:04,465 [ERROR] ApprovalRadar - Failed to fetch or update 20260337507: All API keys are exhausted for today.
2026-05-13 19:23:07,610 [ERROR] ApprovalRadar - 🚨 [긴급] 오늘자 식품나라 API 키가 모두 소진되었습니다. 크롤링이 중단됩니다.
2026-05-13 19:23:07,612 [ERROR] ApprovalRadar - Failed to fetch or update 20260337518: All API keys are exhausted for today.
2026-05-13 19:23:10,752 [ERROR] ApprovalRadar - 🚨 [긴급] 오늘자 식품나라 API 키가 모두 소진되었습니다. 크롤링이 중단됩니다.
2026-05-13 19:23:10,753 [ERROR] ApprovalRadar - Failed to fetch or update 20260222430: All API keys are exhausted for today.
2026-05-13 19:23:13,868 [ERROR] ApprovalRadar - 🚨 [긴급] 오늘자 식품나라 API 키가 모두 소진되었습니다. 크롤링이 중단됩니다.
2026-05-13 19:23:13,869 [ERROR] ApprovalRadar - Failed to fetch or update 20260222434: All API keys are exhausted for today.
2026-05-13 19:23:16,997 [ERROR] ApprovalRadar - 🚨 [긴급] 오늘자 식품나라 API 키가 모두 소진되었습니다. 크롤링이 중단됩니다.
2026-05-13 19:23:16,998 [ERROR] ApprovalRadar - Failed to fetch or update 20260222401: All API keys are exhausted for today.
2026-05-13 19:23:20,057 [ERROR] ApprovalRadar - 🚨 [긴급] 오늘자 식품나라 API 키가 모두 소진되었습니다. 크롤링이 중단됩니다.
2026-05-13 19:23:20,058 [ERROR] ApprovalRadar - Failed to fetch or update 20260222421: All API keys are exhausted for today.
2026-05-13 19:23:23,114 [ERROR] ApprovalRadar - 🚨 [긴급] 오늘자 식품나라 API 키가 모두 소진되었습니다. 크롤링이 중단됩니다.
2026-05-13 19:23:23,114 [ERROR] ApprovalRadar - Failed to fetch or update 20260222423: All API keys are exhausted for today.
2026-05-13 19:23:26,151 [ERROR] ApprovalRadar - 🚨 [긴급] 오늘자 식품나라 API 키가 모두 소진되었습니다. 크롤링이 중단됩니다.
2026-05-13 19:23:26,152 [ERROR] ApprovalRadar - Failed to fetch or update 20260222440: All API keys are exhausted for today.
2026-05-13 19:23:29,218 [ERROR] ApprovalRadar - 🚨 [긴급] 오늘자 식품나라 API 키가 모두 소진되었습니다. 크롤링이 중단됩니다.
2026-05-13 19:23:29,219 [ERROR] ApprovalRadar - Failed to fetch or update 20260219383: All API keys are exhausted for today.
2026-05-13 19:23:32,269 [ERROR] ApprovalRadar - 🚨 [긴급] 오늘자 식품나라 API 키가 모두 소진되었습니다. 크롤링이 중단됩니다.
2026-05-13 19:23:32,270 [ERROR] ApprovalRadar - Failed to fetch or update 20260219417: All API keys are exhausted for today.
2026-05-13 19:23:35,381 [ERROR] ApprovalRadar - 🚨 [긴급] 오늘자 식품나라 API 키가 모두 소진되었습니다. 크롤링이 중단됩니다.
2026-05-13 19:23:35,383 [ERROR] ApprovalRadar - Failed to fetch or update 20260219418: All API keys are exhausted for today.
2026-05-13 19:23:38,513 [ERROR] ApprovalRadar - 🚨 [긴급] 오늘자 식품나라 API 키가 모두 소진되었습니다. 크롤링이 중단됩니다.
2026-05-13 19:23:38,514 [ERROR] ApprovalRadar - Failed to fetch or update 20260219409: All API keys are exhausted for today.
2026-05-13 19:23:41,659 [ERROR] ApprovalRadar - 🚨 [긴급] 오늘자 식품나라 API 키가 모두 소진되었습니다. 크롤링이 중단됩니다.
2026-05-13 19:23:41,660 [ERROR] ApprovalRadar - Failed to fetch or update 20260704201: All API keys are exhausted for today.
2026-05-13 19:23:44,799 [ERROR] ApprovalRadar - 🚨 [긴급] 오늘자 식품나라 API 키가 모두 소진되었습니다. 크롤링이 중단됩니다.
2026-05-13 19:23:44,801 [ERROR] ApprovalRadar - Failed to fetch or update 20260704206: All API keys are exhausted for today.
2026-05-13 19:23:47,935 [ERROR] ApprovalRadar - 🚨 [긴급] 오늘자 식품나라 API 키가 모두 소진되었습니다. 크롤링이 중단됩니다.
2026-05-13 19:23:47,936 [ERROR] ApprovalRadar - Failed to fetch or update 20260704187: All API keys are exhausted for today.
2026-05-13 19:23:51,078 [ERROR] ApprovalRadar - 🚨 [긴급] 오늘자 식품나라 API 키가 모두 소진되었습니다. 크롤링이 중단됩니다.
2026-05-13 19:23:51,078 [ERROR] ApprovalRadar - Failed to fetch or update 20260704213: All API keys are exhausted for today.
2026-05-13 19:23:54,224 [ERROR] ApprovalRadar - 🚨 [긴급] 오늘자 식품나라 API 키가 모두 소진되었습니다. 크롤링이 중단됩니다.
2026-05-13 19:23:54,225 [ERROR] ApprovalRadar - Failed to fetch or update 20260832044: All API keys are exhausted for today.
2026-05-13 19:23:57,270 [ERROR] ApprovalRadar - 🚨 [긴급] 오늘자 식품나라 API 키가 모두 소진되었습니다. 크롤링이 중단됩니다.
2026-05-13 19:23:57,271 [ERROR] ApprovalRadar - Failed to fetch or update 20260832030: All API keys are exhausted for today.
2026-05-13 19:24:00,331 [ERROR] ApprovalRadar - 🚨 [긴급] 오늘자 식품나라 API 키가 모두 소진되었습니다. 크롤링이 중단됩니다.
2026-05-13 19:24:00,332 [ERROR] ApprovalRadar - Failed to fetch or update 20260832047: All API keys are exhausted for today.
2026-05-13 19:24:03,390 [ERROR] ApprovalRadar - 🚨 [긴급] 오늘자 식품나라 API 키가 모두 소진되었습니다. 크롤링이 중단됩니다.
2026-05-13 19:24:03,391 [ERROR] ApprovalRadar - Failed to fetch or update 20260832036: All API keys are exhausted for today.
2026-05-13 19:24:06,446 [ERROR] ApprovalRadar - 🚨 [긴급] 오늘자 식품나라 API 키가 모두 소진되었습니다. 크롤링이 중단됩니다.
2026-05-13 19:24:06,448 [ERROR] ApprovalRadar - Failed to fetch or update 20260832033: All API keys are exhausted for today.
2026-05-13 19:24:09,508 [ERROR] ApprovalRadar - 🚨 [긴급] 오늘자 식품나라 API 키가 모두 소진되었습니다. 크롤링이 중단됩니다.
2026-05-13 19:24:09,510 [ERROR] ApprovalRadar - Failed to fetch or update 20260832042: All API keys are exhausted for today.
2026-05-13 19:24:12,620 [ERROR] ApprovalRadar - 🚨 [긴급] 오늘자 식품나라 API 키가 모두 소진되었습니다. 크롤링이 중단됩니다.
2026-05-13 19:24:12,620 [ERROR] ApprovalRadar - Failed to fetch or update 20260832043: All API keys are exhausted for today.
2026-05-13 19:24:15,767 [ERROR] ApprovalRadar - 🚨 [긴급] 오늘자 식품나라 API 키가 모두 소진되었습니다. 크롤링이 중단됩니다.
2026-05-13 19:24:15,769 [ERROR] ApprovalRadar - Failed to fetch or update 20260832039: All API keys are exhausted for today.
2026-05-13 19:24:18,882 [ERROR] ApprovalRadar - 🚨 [긴급] 오늘자 식품나라 API 키가 모두 소진되었습니다. 크롤링이 중단됩니다.
2026-05-13 19:24:18,883 [ERROR] ApprovalRadar - Failed to fetch or update 20260832040: All API keys are exhausted for today.
2026-05-13 19:24:22,033 [ERROR] ApprovalRadar - 🚨 [긴급] 오늘자 식품나라 API 키가 모두 소진되었습니다. 크롤링이 중단됩니다.
2026-05-13 19:24:22,034 [ERROR] ApprovalRadar - Failed to fetch or update 20260832031: All API keys are exhausted for today.
2026-05-13 19:24:25,155 [ERROR] ApprovalRadar - 🚨 [긴급] 오늘자 식품나라 API 키가 모두 소진되었습니다. 크롤링이 중단됩니다.
2026-05-13 19:24:25,156 [ERROR] ApprovalRadar - Failed to fetch or update 20260832045: All API keys are exhausted for today.
2026-05-13 19:24:28,197 [ERROR] ApprovalRadar - 🚨 [긴급] 오늘자 식품나라 API 키가 모두 소진되었습니다. 크롤링이 중단됩니다.
2026-05-13 19:24:28,199 [ERROR] ApprovalRadar - Failed to fetch or update 20260832041: All API keys are exhausted for today.
2026-05-13 19:24:31,271 [ERROR] ApprovalRadar - 🚨 [긴급] 오늘자 식품나라 API 키가 모두 소진되었습니다. 크롤링이 중단됩니다.
2026-05-13 19:24:31,273 [ERROR] ApprovalRadar - Failed to fetch or update 20260832035: All API keys are exhausted for today.
2026-05-13 19:24:34,315 [ERROR] ApprovalRadar - 🚨 [긴급] 오늘자 식품나라 API 키가 모두 소진되었습니다. 크롤링이 중단됩니다.
2026-05-13 19:24:34,316 [ERROR] ApprovalRadar - Failed to fetch or update 20260832038: All API keys are exhausted for today.
2026-05-13 19:24:37,390 [ERROR] ApprovalRadar - 🚨 [긴급] 오늘자 식품나라 API 키가 모두 소진되었습니다. 크롤링이 중단됩니다.
2026-05-13 19:24:37,392 [ERROR] ApprovalRadar - Failed to fetch or update 20260832028: All API keys are exhausted for today.
2026-05-13 19:24:40,448 [ERROR] ApprovalRadar - 🚨 [긴급] 오늘자 식품나라 API 키가 모두 소진되었습니다. 크롤링이 중단됩니다.
2026-05-13 19:24:40,450 [ERROR] ApprovalRadar - Failed to fetch or update 20260310285: All API keys are exhausted for today.
2026-05-13 19:24:43,556 [ERROR] ApprovalRadar - 🚨 [긴급] 오늘자 식품나라 API 키가 모두 소진되었습니다. 크롤링이 중단됩니다.
2026-05-13 19:24:43,558 [ERROR] ApprovalRadar - Failed to fetch or update 20260310338: All API keys are exhausted for today.
2026-05-13 19:24:46,748 [ERROR] ApprovalRadar - 🚨 [긴급] 오늘자 식품나라 API 키가 모두 소진되었습니다. 크롤링이 중단됩니다.
2026-05-13 19:24:46,749 [ERROR] ApprovalRadar - Failed to fetch or update 20260310352: All API keys are exhausted for today.
2026-05-13 19:24:49,846 [ERROR] ApprovalRadar - 🚨 [긴급] 오늘자 식품나라 API 키가 모두 소진되었습니다. 크롤링이 중단됩니다.
2026-05-13 19:24:49,847 [ERROR] ApprovalRadar - Failed to fetch or update 20260664452: All API keys are exhausted for today.
2026-05-13 19:24:52,973 [ERROR] ApprovalRadar - 🚨 [긴급] 오늘자 식품나라 API 키가 모두 소진되었습니다. 크롤링이 중단됩니다.
2026-05-13 19:24:52,974 [ERROR] ApprovalRadar - Failed to fetch or update 20260664518: All API keys are exhausted for today.
2026-05-13 19:24:56,109 [ERROR] ApprovalRadar - 🚨 [긴급] 오늘자 식품나라 API 키가 모두 소진되었습니다. 크롤링이 중단됩니다.
2026-05-13 19:24:56,111 [ERROR] ApprovalRadar - Failed to fetch or update 20260664461: All API keys are exhausted for today.
2026-05-13 19:24:59,281 [ERROR] ApprovalRadar - 🚨 [긴급] 오늘자 식품나라 API 키가 모두 소진되었습니다. 크롤링이 중단됩니다.
2026-05-13 19:24:59,281 [ERROR] ApprovalRadar - Failed to fetch or update 20260664476: All API keys are exhausted for today.
2026-05-13 19:25:02,397 [ERROR] ApprovalRadar - 🚨 [긴급] 오늘자 식품나라 API 키가 모두 소진되었습니다. 크롤링이 중단됩니다.
2026-05-13 19:25:02,398 [ERROR] ApprovalRadar - Failed to fetch or update 20260590328: All API keys are exhausted for today.
2026-05-13 19:25:05,543 [ERROR] ApprovalRadar - 🚨 [긴급] 오늘자 식품나라 API 키가 모두 소진되었습니다. 크롤링이 중단됩니다.
2026-05-13 19:25:05,545 [ERROR] ApprovalRadar - Failed to fetch or update 20260408396: All API keys are exhausted for today.
2026-05-13 19:25:08,694 [ERROR] ApprovalRadar - 🚨 [긴급] 오늘자 식품나라 API 키가 모두 소진되었습니다. 크롤링이 중단됩니다.
2026-05-13 19:25:08,697 [ERROR] ApprovalRadar - Failed to fetch or update 20260408482: All API keys are exhausted for today.
2026-05-13 19:25:11,837 [ERROR] ApprovalRadar - 🚨 [긴급] 오늘자 식품나라 API 키가 모두 소진되었습니다. 크롤링이 중단됩니다.
2026-05-13 19:25:11,838 [ERROR] ApprovalRadar - Failed to fetch or update 20260408507: All API keys are exhausted for today.
2026-05-13 19:25:14,984 [ERROR] ApprovalRadar - 🚨 [긴급] 오늘자 식품나라 API 키가 모두 소진되었습니다. 크롤링이 중단됩니다.
2026-05-13 19:25:14,985 [ERROR] ApprovalRadar - Failed to fetch or update 20260408503: All API keys are exhausted for today.
2026-05-13 19:25:18,149 [ERROR] ApprovalRadar - 🚨 [긴급] 오늘자 식품나라 API 키가 모두 소진되었습니다. 크롤링이 중단됩니다.
2026-05-13 19:25:18,151 [ERROR] ApprovalRadar - Failed to fetch or update 20260507763: All API keys are exhausted for today.
2026-05-13 19:25:21,286 [ERROR] ApprovalRadar - 🚨 [긴급] 오늘자 식품나라 API 키가 모두 소진되었습니다. 크롤링이 중단됩니다.
2026-05-13 19:25:21,286 [ERROR] ApprovalRadar - Failed to fetch or update 20260418161: All API keys are exhausted for today.
2026-05-13 19:25:24,422 [ERROR] ApprovalRadar - 🚨 [긴급] 오늘자 식품나라 API 키가 모두 소진되었습니다. 크롤링이 중단됩니다.
2026-05-13 19:25:24,423 [ERROR] ApprovalRadar - Failed to fetch or update 20260418177: All API keys are exhausted for today.
2026-05-13 19:25:27,567 [ERROR] ApprovalRadar - 🚨 [긴급] 오늘자 식품나라 API 키가 모두 소진되었습니다. 크롤링이 중단됩니다.
2026-05-13 19:25:27,569 [ERROR] ApprovalRadar - Failed to fetch or update 20260418147: All API keys are exhausted for today.
2026-05-13 19:25:30,695 [ERROR] ApprovalRadar - 🚨 [긴급] 오늘자 식품나라 API 키가 모두 소진되었습니다. 크롤링이 중단됩니다.
2026-05-13 19:25:30,696 [ERROR] ApprovalRadar - Failed to fetch or update 20260582332: All API keys are exhausted for today.
2026-05-13 19:25:33,842 [ERROR] ApprovalRadar - 🚨 [긴급] 오늘자 식품나라 API 키가 모두 소진되었습니다. 크롤링이 중단됩니다.
2026-05-13 19:25:33,843 [ERROR] ApprovalRadar - Failed to fetch or update 20260582498: All API keys are exhausted for today.
2026-05-13 19:25:36,985 [ERROR] ApprovalRadar - 🚨 [긴급] 오늘자 식품나라 API 키가 모두 소진되었습니다. 크롤링이 중단됩니다.
2026-05-13 19:25:36,986 [ERROR] ApprovalRadar - Failed to fetch or update 20260582502: All API keys are exhausted for today.
2026-05-13 19:25:40,024 [ERROR] ApprovalRadar - 🚨 [긴급] 오늘자 식품나라 API 키가 모두 소진되었습니다. 크롤링이 중단됩니다.
2026-05-13 19:25:40,026 [ERROR] ApprovalRadar - Failed to fetch or update 20260582468: All API keys are exhausted for today.
2026-05-13 19:25:43,091 [ERROR] ApprovalRadar - 🚨 [긴급] 오늘자 식품나라 API 키가 모두 소진되었습니다. 크롤링이 중단됩니다.
2026-05-13 19:25:43,092 [ERROR] ApprovalRadar - Failed to fetch or update 20260403565: All API keys are exhausted for today.
2026-05-13 19:25:46,146 [ERROR] ApprovalRadar - 🚨 [긴급] 오늘자 식품나라 API 키가 모두 소진되었습니다. 크롤링이 중단됩니다.
2026-05-13 19:25:46,147 [ERROR] ApprovalRadar - Failed to fetch or update 20260403483: All API keys are exhausted for today.
2026-05-13 19:25:49,245 [ERROR] ApprovalRadar - 🚨 [긴급] 오늘자 식품나라 API 키가 모두 소진되었습니다. 크롤링이 중단됩니다.
2026-05-13 19:25:49,246 [ERROR] ApprovalRadar - Failed to fetch or update 20260403557: All API keys are exhausted for today.
2026-05-13 19:25:52,372 [ERROR] ApprovalRadar - 🚨 [긴급] 오늘자 식품나라 API 키가 모두 소진되었습니다. 크롤링이 중단됩니다.
2026-05-13 19:25:52,373 [ERROR] ApprovalRadar - Failed to fetch or update 20260543435: All API keys are exhausted for today.
2026-05-13 19:25:55,475 [ERROR] ApprovalRadar - 🚨 [긴급] 오늘자 식품나라 API 키가 모두 소진되었습니다. 크롤링이 중단됩니다.
2026-05-13 19:25:55,476 [ERROR] ApprovalRadar - Failed to fetch or update 20260543444: All API keys are exhausted for today.
2026-05-13 19:25:58,516 [ERROR] ApprovalRadar - 🚨 [긴급] 오늘자 식품나라 API 키가 모두 소진되었습니다. 크롤링이 중단됩니다.
2026-05-13 19:25:58,517 [ERROR] ApprovalRadar - Failed to fetch or update 20260543454: All API keys are exhausted for today.
2026-05-13 19:26:01,649 [ERROR] ApprovalRadar - 🚨 [긴급] 오늘자 식품나라 API 키가 모두 소진되었습니다. 크롤링이 중단됩니다.
2026-05-13 19:26:01,652 [ERROR] ApprovalRadar - Failed to fetch or update 20260391241: All API keys are exhausted for today.
2026-05-13 19:26:04,793 [ERROR] ApprovalRadar - 🚨 [긴급] 오늘자 식품나라 API 키가 모두 소진되었습니다. 크롤링이 중단됩니다.
2026-05-13 19:26:04,795 [ERROR] ApprovalRadar - Failed to fetch or update 20260382228: All API keys are exhausted for today.
2026-05-13 19:26:07,931 [ERROR] ApprovalRadar - 🚨 [긴급] 오늘자 식품나라 API 키가 모두 소진되었습니다. 크롤링이 중단됩니다.
2026-05-13 19:26:07,932 [ERROR] ApprovalRadar - Failed to fetch or update 20260385226: All API keys are exhausted for today.
2026-05-13 19:26:11,078 [ERROR] ApprovalRadar - 🚨 [긴급] 오늘자 식품나라 API 키가 모두 소진되었습니다. 크롤링이 중단됩니다.
2026-05-13 19:26:11,080 [ERROR] ApprovalRadar - Failed to fetch or update 20260385235: All API keys are exhausted for today.
2026-05-13 19:26:14,221 [ERROR] ApprovalRadar - 🚨 [긴급] 오늘자 식품나라 API 키가 모두 소진되었습니다. 크롤링이 중단됩니다.
2026-05-13 19:26:14,222 [ERROR] ApprovalRadar - Failed to fetch or update 20260391243: All API keys are exhausted for today.
2026-05-13 19:26:17,375 [ERROR] ApprovalRadar - 🚨 [긴급] 오늘자 식품나라 API 키가 모두 소진되었습니다. 크롤링이 중단됩니다.
2026-05-13 19:26:17,376 [ERROR] ApprovalRadar - Failed to fetch or update 20260385227: All API keys are exhausted for today.
2026-05-13 19:26:20,518 [ERROR] ApprovalRadar - 🚨 [긴급] 오늘자 식품나라 API 키가 모두 소진되었습니다. 크롤링이 중단됩니다.
2026-05-13 19:26:20,520 [ERROR] ApprovalRadar - Failed to fetch or update 20260050323: All API keys are exhausted for today.
2026-05-13 19:26:23,558 [ERROR] ApprovalRadar - 🚨 [긴급] 오늘자 식품나라 API 키가 모두 소진되었습니다. 크롤링이 중단됩니다.
2026-05-13 19:26:23,559 [ERROR] ApprovalRadar - Failed to fetch or update 20260050310: All API keys are exhausted for today.
2026-05-13 19:26:26,616 [ERROR] ApprovalRadar - 🚨 [긴급] 오늘자 식품나라 API 키가 모두 소진되었습니다. 크롤링이 중단됩니다.
2026-05-13 19:26:26,617 [ERROR] ApprovalRadar - Failed to fetch or update 20260050316: All API keys are exhausted for today.
2026-05-13 19:26:29,680 [ERROR] ApprovalRadar - 🚨 [긴급] 오늘자 식품나라 API 키가 모두 소진되었습니다. 크롤링이 중단됩니다.
2026-05-13 19:26:29,682 [ERROR] ApprovalRadar - Failed to fetch or update 20260050354: All API keys are exhausted for today.
2026-05-13 19:26:32,724 [ERROR] ApprovalRadar - 🚨 [긴급] 오늘자 식품나라 API 키가 모두 소진되었습니다. 크롤링이 중단됩니다.
2026-05-13 19:26:32,725 [ERROR] ApprovalRadar - Failed to fetch or update 20260050336: All API keys are exhausted for today.
2026-05-13 19:26:35,786 [ERROR] ApprovalRadar - 🚨 [긴급] 오늘자 식품나라 API 키가 모두 소진되었습니다. 크롤링이 중단됩니다.
2026-05-13 19:26:35,788 [ERROR] ApprovalRadar - Failed to fetch or update 20260045564: All API keys are exhausted for today.
2026-05-13 19:26:38,918 [ERROR] ApprovalRadar - 🚨 [긴급] 오늘자 식품나라 API 키가 모두 소진되었습니다. 크롤링이 중단됩니다.
2026-05-13 19:26:38,919 [ERROR] ApprovalRadar - Failed to fetch or update 20260045599: All API keys are exhausted for today.
2026-05-13 19:26:42,046 [ERROR] ApprovalRadar - 🚨 [긴급] 오늘자 식품나라 API 키가 모두 소진되었습니다. 크롤링이 중단됩니다.
2026-05-13 19:26:42,048 [ERROR] ApprovalRadar - Failed to fetch or update 20260045586: All API keys are exhausted for today.
2026-05-13 19:26:45,189 [ERROR] ApprovalRadar - 🚨 [긴급] 오늘자 식품나라 API 키가 모두 소진되었습니다. 크롤링이 중단됩니다.
2026-05-13 19:26:45,190 [ERROR] ApprovalRadar - Failed to fetch or update 20260045593: All API keys are exhausted for today.
2026-05-13 19:26:48,313 [ERROR] ApprovalRadar - 🚨 [긴급] 오늘자 식품나라 API 키가 모두 소진되었습니다. 크롤링이 중단됩니다.
2026-05-13 19:26:48,313 [ERROR] ApprovalRadar - Failed to fetch or update 20260093381: All API keys are exhausted for today.
2026-05-13 19:26:51,453 [ERROR] ApprovalRadar - 🚨 [긴급] 오늘자 식품나라 API 키가 모두 소진되었습니다. 크롤링이 중단됩니다.
2026-05-13 19:26:51,455 [ERROR] ApprovalRadar - Failed to fetch or update 20260062387: All API keys are exhausted for today.
2026-05-13 19:26:54,600 [ERROR] ApprovalRadar - 🚨 [긴급] 오늘자 식품나라 API 키가 모두 소진되었습니다. 크롤링이 중단됩니다.
2026-05-13 19:26:54,603 [ERROR] ApprovalRadar - Failed to fetch or update 20260062386: All API keys are exhausted for today.
2026-05-13 19:26:57,749 [ERROR] ApprovalRadar - 🚨 [긴급] 오늘자 식품나라 API 키가 모두 소진되었습니다. 크롤링이 중단됩니다.
2026-05-13 19:26:57,751 [ERROR] ApprovalRadar - Failed to fetch or update 20260076229: All API keys are exhausted for today.
2026-05-13 19:27:00,891 [ERROR] ApprovalRadar - 🚨 [긴급] 오늘자 식품나라 API 키가 모두 소진되었습니다. 크롤링이 중단됩니다.
2026-05-13 19:27:00,891 [ERROR] ApprovalRadar - Failed to fetch or update 20260076251: All API keys are exhausted for today.
2026-05-13 19:27:04,018 [ERROR] ApprovalRadar - 🚨 [긴급] 오늘자 식품나라 API 키가 모두 소진되었습니다. 크롤링이 중단됩니다.
2026-05-13 19:27:04,019 [ERROR] ApprovalRadar - Failed to fetch or update 20260104471: All API keys are exhausted for today.
2026-05-13 19:27:07,075 [ERROR] ApprovalRadar - 🚨 [긴급] 오늘자 식품나라 API 키가 모두 소진되었습니다. 크롤링이 중단됩니다.
2026-05-13 19:27:07,075 [ERROR] ApprovalRadar - Failed to fetch or update 20260104485: All API keys are exhausted for today.
2026-05-13 19:27:10,113 [ERROR] ApprovalRadar - 🚨 [긴급] 오늘자 식품나라 API 키가 모두 소진되었습니다. 크롤링이 중단됩니다.
2026-05-13 19:27:10,114 [ERROR] ApprovalRadar - Failed to fetch or update 20260058373: All API keys are exhausted for today.
2026-05-13 19:27:10,114 [INFO] ApprovalRadar - [진척도] 100/2403 처리 완료 (성공: 0, 실패: 100)
2026-05-13 19:27:13,157 [ERROR] ApprovalRadar - 🚨 [긴급] 오늘자 식품나라 API 키가 모두 소진되었습니다. 크롤링이 중단됩니다.
2026-05-13 19:27:13,158 [ERROR] ApprovalRadar - Failed to fetch or update 20260058329: All API keys are exhausted for today.
2026-05-13 19:27:16,219 [ERROR] ApprovalRadar - 🚨 [긴급] 오늘자 식품나라 API 키가 모두 소진되었습니다. 크롤링이 중단됩니다.
2026-05-13 19:27:16,220 [ERROR] ApprovalRadar - Failed to fetch or update 20260072359: All API keys are exhausted for today.
2026-05-13 19:27:19,287 [ERROR] ApprovalRadar - 🚨 [긴급] 오늘자 식품나라 API 키가 모두 소진되었습니다. 크롤링이 중단됩니다.
2026-05-13 19:27:19,288 [ERROR] ApprovalRadar - Failed to fetch or update 20260072355: All API keys are exhausted for today.
2026-05-13 19:27:22,412 [ERROR] ApprovalRadar - 🚨 [긴급] 오늘자 식품나라 API 키가 모두 소진되었습니다. 크롤링이 중단됩니다.
2026-05-13 19:27:22,413 [ERROR] ApprovalRadar - Failed to fetch or update 20260072360: All API keys are exhausted for today.
2026-05-13 19:27:25,528 [ERROR] ApprovalRadar - 🚨 [긴급] 오늘자 식품나라 API 키가 모두 소진되었습니다. 크롤링이 중단됩니다.
2026-05-13 19:27:25,529 [ERROR] ApprovalRadar - Failed to fetch or update 20260089338: All API keys are exhausted for today.
2026-05-13 19:27:28,672 [ERROR] ApprovalRadar - 🚨 [긴급] 오늘자 식품나라 API 키가 모두 소진되었습니다. 크롤링이 중단됩니다.
2026-05-13 19:27:28,674 [ERROR] ApprovalRadar - Failed to fetch or update 20260161579: All API keys are exhausted for today.
2026-05-13 19:27:31,717 [ERROR] ApprovalRadar - 🚨 [긴급] 오늘자 식품나라 API 키가 모두 소진되었습니다. 크롤링이 중단됩니다.
2026-05-13 19:27:31,719 [ERROR] ApprovalRadar - Failed to fetch or update 20260161588: All API keys are exhausted for today.
2026-05-13 19:27:34,780 [ERROR] ApprovalRadar - 🚨 [긴급] 오늘자 식품나라 API 키가 모두 소진되었습니다. 크롤링이 중단됩니다.
2026-05-13 19:27:34,782 [ERROR] ApprovalRadar - Failed to fetch or update 20260161568: All API keys are exhausted for today.
2026-05-13 19:27:37,839 [ERROR] ApprovalRadar - 🚨 [긴급] 오늘자 식품나라 API 키가 모두 소진되었습니다. 크롤링이 중단됩니다.
2026-05-13 19:27:37,841 [ERROR] ApprovalRadar - Failed to fetch or update 20260136701: All API keys are exhausted for today.
2026-05-13 19:27:40,897 [ERROR] ApprovalRadar - 🚨 [긴급] 오늘자 식품나라 API 키가 모두 소진되었습니다. 크롤링이 중단됩니다.
2026-05-13 19:27:40,899 [ERROR] ApprovalRadar - Failed to fetch or update 20260136867: All API keys are exhausted for today.
2026-05-13 19:27:43,959 [ERROR] ApprovalRadar - 🚨 [긴급] 오늘자 식품나라 API 키가 모두 소진되었습니다. 크롤링이 중단됩니다.
2026-05-13 19:27:43,961 [ERROR] ApprovalRadar - Failed to fetch or update 20260136854: All API keys are exhausted for today.
2026-05-13 19:27:47,059 [ERROR] ApprovalRadar - 🚨 [긴급] 오늘자 식품나라 API 키가 모두 소진되었습니다. 크롤링이 중단됩니다.
2026-05-13 19:27:47,061 [ERROR] ApprovalRadar - Failed to fetch or update 20260121784: All API keys are exhausted for today.
2026-05-13 19:27:50,202 [ERROR] ApprovalRadar - 🚨 [긴급] 오늘자 식품나라 API 키가 모두 소진되었습니다. 크롤링이 중단됩니다.
2026-05-13 19:27:50,203 [ERROR] ApprovalRadar - Failed to fetch or update 20260121768: All API keys are exhausted for today.
2026-05-13 19:27:53,340 [ERROR] ApprovalRadar - 🚨 [긴급] 오늘자 식품나라 API 키가 모두 소진되었습니다. 크롤링이 중단됩니다.
2026-05-13 19:27:53,341 [ERROR] ApprovalRadar - Failed to fetch or update 20260121811: All API keys are exhausted for today.
2026-05-13 19:27:56,408 [ERROR] ApprovalRadar - 🚨 [긴급] 오늘자 식품나라 API 키가 모두 소진되었습니다. 크롤링이 중단됩니다.
2026-05-13 19:27:56,409 [ERROR] ApprovalRadar - Failed to fetch or update 20260121830: All API keys are exhausted for today.
2026-05-13 19:27:59,557 [ERROR] ApprovalRadar - 🚨 [긴급] 오늘자 식품나라 API 키가 모두 소진되었습니다. 크롤링이 중단됩니다.
2026-05-13 19:27:59,559 [ERROR] ApprovalRadar - Failed to fetch or update 20260121688: All API keys are exhausted for today.
2026-05-13 19:28:02,681 [ERROR] ApprovalRadar - 🚨 [긴급] 오늘자 식품나라 API 키가 모두 소진되었습니다. 크롤링이 중단됩니다.
2026-05-13 19:28:02,682 [ERROR] ApprovalRadar - Failed to fetch or update 20260121800: All API keys are exhausted for today.
2026-05-13 19:28:05,829 [ERROR] ApprovalRadar - 🚨 [긴급] 오늘자 식품나라 API 키가 모두 소진되었습니다. 크롤링이 중단됩니다.
2026-05-13 19:28:05,830 [ERROR] ApprovalRadar - Failed to fetch or update 20260121815: All API keys are exhausted for today.
2026-05-13 19:28:08,868 [ERROR] ApprovalRadar - 🚨 [긴급] 오늘자 식품나라 API 키가 모두 소진되었습니다. 크롤링이 중단됩니다.
2026-05-13 19:28:08,869 [ERROR] ApprovalRadar - Failed to fetch or update 20260845272: All API keys are exhausted for today.
2026-05-13 19:28:11,933 [ERROR] ApprovalRadar - 🚨 [긴급] 오늘자 식품나라 API 키가 모두 소진되었습니다. 크롤링이 중단됩니다.
2026-05-13 19:28:11,933 [ERROR] ApprovalRadar - Failed to fetch or update 20260354399: All API keys are exhausted for today.
2026-05-13 19:28:14,997 [ERROR] ApprovalRadar - 🚨 [긴급] 오늘자 식품나라 API 키가 모두 소진되었습니다. 크롤링이 중단됩니다.
2026-05-13 19:28:14,998 [ERROR] ApprovalRadar - Failed to fetch or update 20260354429: All API keys are exhausted for today.
2026-05-13 19:28:18,062 [ERROR] ApprovalRadar - 🚨 [긴급] 오늘자 식품나라 API 키가 모두 소진되었습니다. 크롤링이 중단됩니다.
2026-05-13 19:28:18,063 [ERROR] ApprovalRadar - Failed to fetch or update 20260169141: All API keys are exhausted for today.
2026-05-13 19:28:21,124 [ERROR] ApprovalRadar - 🚨 [긴급] 오늘자 식품나라 API 키가 모두 소진되었습니다. 크롤링이 중단됩니다.
2026-05-13 19:28:21,125 [ERROR] ApprovalRadar - Failed to fetch or update 20260174128: All API keys are exhausted for today.
2026-05-13 19:28:24,240 [ERROR] ApprovalRadar - 🚨 [긴급] 오늘자 식품나라 API 키가 모두 소진되었습니다. 크롤링이 중단됩니다.
2026-05-13 19:28:24,241 [ERROR] ApprovalRadar - Failed to fetch or update 20260192475: All API keys are exhausted for today.
2026-05-13 19:28:27,364 [ERROR] ApprovalRadar - 🚨 [긴급] 오늘자 식품나라 API 키가 모두 소진되었습니다. 크롤링이 중단됩니다.
2026-05-13 19:28:27,366 [ERROR] ApprovalRadar - Failed to fetch or update 20260192533: All API keys are exhausted for today.
2026-05-13 19:28:30,485 [ERROR] ApprovalRadar - 🚨 [긴급] 오늘자 식품나라 API 키가 모두 소진되었습니다. 크롤링이 중단됩니다.
2026-05-13 19:28:30,487 [ERROR] ApprovalRadar - Failed to fetch or update 20260192522: All API keys are exhausted for today.
2026-05-13 19:28:33,629 [ERROR] ApprovalRadar - 🚨 [긴급] 오늘자 식품나라 API 키가 모두 소진되었습니다. 크롤링이 중단됩니다.
2026-05-13 19:28:33,630 [ERROR] ApprovalRadar - Failed to fetch or update 20260192545: All API keys are exhausted for today.
2026-05-13 19:28:36,757 [ERROR] ApprovalRadar - 🚨 [긴급] 오늘자 식품나라 API 키가 모두 소진되었습니다. 크롤링이 중단됩니다.
2026-05-13 19:28:36,757 [ERROR] ApprovalRadar - Failed to fetch or update 20260192546: All API keys are exhausted for today.
2026-05-13 19:28:39,814 [ERROR] ApprovalRadar - 🚨 [긴급] 오늘자 식품나라 API 키가 모두 소진되었습니다. 크롤링이 중단됩니다.
2026-05-13 19:28:39,815 [ERROR] ApprovalRadar - Failed to fetch or update 20260178490: All API keys are exhausted for today.
2026-05-13 19:28:42,874 [ERROR] ApprovalRadar - 🚨 [긴급] 오늘자 식품나라 API 키가 모두 소진되었습니다. 크롤링이 중단됩니다.
2026-05-13 19:28:42,875 [ERROR] ApprovalRadar - Failed to fetch or update 20260178473: All API keys are exhausted for today.
2026-05-13 19:28:45,920 [ERROR] ApprovalRadar - 🚨 [긴급] 오늘자 식품나라 API 키가 모두 소진되었습니다. 크롤링이 중단됩니다.
2026-05-13 19:28:45,921 [ERROR] ApprovalRadar - Failed to fetch or update 20260178370: All API keys are exhausted for today.
2026-05-13 19:28:48,987 [ERROR] ApprovalRadar - 🚨 [긴급] 오늘자 식품나라 API 키가 모두 소진되었습니다. 크롤링이 중단됩니다.
2026-05-13 19:28:48,988 [ERROR] ApprovalRadar - Failed to fetch or update 20260178360: All API keys are exhausted for today.
2026-05-13 19:28:52,045 [ERROR] ApprovalRadar - 🚨 [긴급] 오늘자 식품나라 API 키가 모두 소진되었습니다. 크롤링이 중단됩니다.
2026-05-13 19:28:52,045 [ERROR] ApprovalRadar - Failed to fetch or update 20260178375: All API keys are exhausted for today.
2026-05-13 19:28:55,142 [ERROR] ApprovalRadar - 🚨 [긴급] 오늘자 식품나라 API 키가 모두 소진되었습니다. 크롤링이 중단됩니다.
2026-05-13 19:28:55,143 [ERROR] ApprovalRadar - Failed to fetch or update 20260178449: All API keys are exhausted for today.
2026-05-13 19:28:58,280 [ERROR] ApprovalRadar - 🚨 [긴급] 오늘자 식품나라 API 키가 모두 소진되었습니다. 크롤링이 중단됩니다.
2026-05-13 19:28:58,282 [ERROR] ApprovalRadar - Failed to fetch or update 20260279379: All API keys are exhausted for today.
2026-05-13 19:29:01,419 [ERROR] ApprovalRadar - 🚨 [긴급] 오늘자 식품나라 API 키가 모두 소진되었습니다. 크롤링이 중단됩니다.
2026-05-13 19:29:01,422 [ERROR] ApprovalRadar - Failed to fetch or update 20260279386: All API keys are exhausted for today.
2026-05-13 19:29:04,564 [ERROR] ApprovalRadar - 🚨 [긴급] 오늘자 식품나라 API 키가 모두 소진되었습니다. 크롤링이 중단됩니다.
2026-05-13 19:29:04,567 [ERROR] ApprovalRadar - Failed to fetch or update 20260279361: All API keys are exhausted for today.
2026-05-13 19:29:07,721 [ERROR] ApprovalRadar - 🚨 [긴급] 오늘자 식품나라 API 키가 모두 소진되었습니다. 크롤링이 중단됩니다.
2026-05-13 19:29:07,722 [ERROR] ApprovalRadar - Failed to fetch or update 20260279370: All API keys are exhausted for today.
2026-05-13 19:29:10,855 [ERROR] ApprovalRadar - 🚨 [긴급] 오늘자 식품나라 API 키가 모두 소진되었습니다. 크롤링이 중단됩니다.
2026-05-13 19:29:10,856 [ERROR] ApprovalRadar - Failed to fetch or update 20260279400: All API keys are exhausted for today.
2026-05-13 19:29:13,998 [ERROR] ApprovalRadar - 🚨 [긴급] 오늘자 식품나라 API 키가 모두 소진되었습니다. 크롤링이 중단됩니다.
2026-05-13 19:29:14,001 [ERROR] ApprovalRadar - Failed to fetch or update 20260279388: All API keys are exhausted for today.
2026-05-13 19:29:17,132 [ERROR] ApprovalRadar - 🚨 [긴급] 오늘자 식품나라 API 키가 모두 소진되었습니다. 크롤링이 중단됩니다.
2026-05-13 19:29:17,133 [ERROR] ApprovalRadar - Failed to fetch or update 20260279369: All API keys are exhausted for today.
2026-05-13 19:29:20,276 [ERROR] ApprovalRadar - 🚨 [긴급] 오늘자 식품나라 API 키가 모두 소진되었습니다. 크롤링이 중단됩니다.
2026-05-13 19:29:20,277 [ERROR] ApprovalRadar - Failed to fetch or update 20260121684: All API keys are exhausted for today.
2026-05-13 19:29:23,329 [ERROR] ApprovalRadar - 🚨 [긴급] 오늘자 식품나라 API 키가 모두 소진되었습니다. 크롤링이 중단됩니다.
2026-05-13 19:29:23,330 [ERROR] ApprovalRadar - Failed to fetch or update 20260154696: All API keys are exhausted for today.
2026-05-13 19:29:26,365 [ERROR] ApprovalRadar - 🚨 [긴급] 오늘자 식품나라 API 키가 모두 소진되었습니다. 크롤링이 중단됩니다.
2026-05-13 19:29:26,367 [ERROR] ApprovalRadar - Failed to fetch or update 20260145160: All API keys are exhausted for today.
2026-05-13 19:29:29,402 [ERROR] ApprovalRadar - 🚨 [긴급] 오늘자 식품나라 API 키가 모두 소진되었습니다. 크롤링이 중단됩니다.
2026-05-13 19:29:29,403 [ERROR] ApprovalRadar - Failed to fetch or update 20260145381: All API keys are exhausted for today.
2026-05-13 19:29:32,468 [ERROR] ApprovalRadar - 🚨 [긴급] 오늘자 식품나라 API 키가 모두 소진되었습니다. 크롤링이 중단됩니다.
2026-05-13 19:29:32,470 [ERROR] ApprovalRadar - Failed to fetch or update 20260145358: All API keys are exhausted for today.
2026-05-13 19:29:35,508 [ERROR] ApprovalRadar - 🚨 [긴급] 오늘자 식품나라 API 키가 모두 소진되었습니다. 크롤링이 중단됩니다.
2026-05-13 19:29:35,509 [ERROR] ApprovalRadar - Failed to fetch or update 20260145235: All API keys are exhausted for today.
2026-05-13 19:29:38,638 [ERROR] ApprovalRadar - 🚨 [긴급] 오늘자 식품나라 API 키가 모두 소진되었습니다. 크롤링이 중단됩니다.
2026-05-13 19:29:38,641 [ERROR] ApprovalRadar - Failed to fetch or update 20260145340: All API keys are exhausted for today.
2026-05-13 19:29:41,781 [ERROR] ApprovalRadar - 🚨 [긴급] 오늘자 식품나라 API 키가 모두 소진되었습니다. 크롤링이 중단됩니다.
2026-05-13 19:29:41,782 [ERROR] ApprovalRadar - Failed to fetch or update 20260145291: All API keys are exhausted for today.
2026-05-13 19:29:44,911 [ERROR] ApprovalRadar - 🚨 [긴급] 오늘자 식품나라 API 키가 모두 소진되었습니다. 크롤링이 중단됩니다.
2026-05-13 19:29:44,912 [ERROR] ApprovalRadar - Failed to fetch or update 20260145226: All API keys are exhausted for today.
2026-05-13 19:29:47,950 [ERROR] ApprovalRadar - 🚨 [긴급] 오늘자 식품나라 API 키가 모두 소진되었습니다. 크롤링이 중단됩니다.
2026-05-13 19:29:47,951 [ERROR] ApprovalRadar - Failed to fetch or update 20260145331: All API keys are exhausted for today.
2026-05-13 19:29:51,008 [ERROR] ApprovalRadar - 🚨 [긴급] 오늘자 식품나라 API 키가 모두 소진되었습니다. 크롤링이 중단됩니다.
2026-05-13 19:29:51,009 [ERROR] ApprovalRadar - Failed to fetch or update 20260145288: All API keys are exhausted for today.
2026-05-13 19:29:54,068 [ERROR] ApprovalRadar - 🚨 [긴급] 오늘자 식품나라 API 키가 모두 소진되었습니다. 크롤링이 중단됩니다.
2026-05-13 19:29:54,069 [ERROR] ApprovalRadar - Failed to fetch or update 20260145418: All API keys are exhausted for today.
2026-05-13 19:29:57,126 [ERROR] ApprovalRadar - 🚨 [긴급] 오늘자 식품나라 API 키가 모두 소진되었습니다. 크롤링이 중단됩니다.
2026-05-13 19:29:57,127 [ERROR] ApprovalRadar - Failed to fetch or update 20260145341: All API keys are exhausted for today.
2026-05-13 19:30:00,188 [ERROR] ApprovalRadar - 🚨 [긴급] 오늘자 식품나라 API 키가 모두 소진되었습니다. 크롤링이 중단됩니다.
2026-05-13 19:30:00,189 [ERROR] ApprovalRadar - Failed to fetch or update 20260310387: All API keys are exhausted for today.
2026-05-13 19:30:03,301 [ERROR] ApprovalRadar - 🚨 [긴급] 오늘자 식품나라 API 키가 모두 소진되었습니다. 크롤링이 중단됩니다.
2026-05-13 19:30:03,303 [ERROR] ApprovalRadar - Failed to fetch or update 20260431240: All API keys are exhausted for today.
2026-05-13 19:30:06,448 [ERROR] ApprovalRadar - 🚨 [긴급] 오늘자 식품나라 API 키가 모두 소진되었습니다. 크롤링이 중단됩니다.
2026-05-13 19:30:06,449 [ERROR] ApprovalRadar - Failed to fetch or update 20260431270: All API keys are exhausted for today.
2026-05-13 19:30:09,574 [ERROR] ApprovalRadar - 🚨 [긴급] 오늘자 식품나라 API 키가 모두 소진되었습니다. 크롤링이 중단됩니다.
2026-05-13 19:30:09,575 [ERROR] ApprovalRadar - Failed to fetch or update 20260431262: All API keys are exhausted for today.
2026-05-13 19:30:12,704 [ERROR] ApprovalRadar - 🚨 [긴급] 오늘자 식품나라 API 키가 모두 소진되었습니다. 크롤링이 중단됩니다.
2026-05-13 19:30:12,705 [ERROR] ApprovalRadar - Failed to fetch or update 20260499246: All API keys are exhausted for today.
2026-05-13 19:30:15,851 [ERROR] ApprovalRadar - 🚨 [긴급] 오늘자 식품나라 API 키가 모두 소진되었습니다. 크롤링이 중단됩니다.
2026-05-13 19:30:15,853 [ERROR] ApprovalRadar - Failed to fetch or update 20260499301: All API keys are exhausted for today.
2026-05-13 19:30:18,995 [ERROR] ApprovalRadar - 🚨 [긴급] 오늘자 식품나라 API 키가 모두 소진되었습니다. 크롤링이 중단됩니다.
2026-05-13 19:30:18,996 [ERROR] ApprovalRadar - Failed to fetch or update 20260499303: All API keys are exhausted for today.
2026-05-13 19:30:22,143 [ERROR] ApprovalRadar - 🚨 [긴급] 오늘자 식품나라 API 키가 모두 소진되었습니다. 크롤링이 중단됩니다.
2026-05-13 19:30:22,144 [ERROR] ApprovalRadar - Failed to fetch or update 20260517090: All API keys are exhausted for today.
2026-05-13 19:30:25,291 [ERROR] ApprovalRadar - 🚨 [긴급] 오늘자 식품나라 API 키가 모두 소진되었습니다. 크롤링이 중단됩니다.
2026-05-13 19:30:25,293 [ERROR] ApprovalRadar - Failed to fetch or update 20160137095: All API keys are exhausted for today.
2026-05-13 19:30:28,446 [ERROR] ApprovalRadar - 🚨 [긴급] 오늘자 식품나라 API 키가 모두 소진되었습니다. 크롤링이 중단됩니다.
2026-05-13 19:30:28,447 [ERROR] ApprovalRadar - Failed to fetch or update 20010555233: All API keys are exhausted for today.
2026-05-13 19:30:31,595 [ERROR] ApprovalRadar - 🚨 [긴급] 오늘자 식품나라 API 키가 모두 소진되었습니다. 크롤링이 중단됩니다.
2026-05-13 19:30:31,596 [ERROR] ApprovalRadar - Failed to fetch or update 20250113369: All API keys are exhausted for today.
2026-05-13 19:30:34,743 [ERROR] ApprovalRadar - 🚨 [긴급] 오늘자 식품나라 API 키가 모두 소진되었습니다. 크롤링이 중단됩니다.
2026-05-13 19:30:34,744 [ERROR] ApprovalRadar - Failed to fetch or update 20260354492: All API keys are exhausted for today.
2026-05-13 19:30:37,874 [ERROR] ApprovalRadar - 🚨 [긴급] 오늘자 식품나라 API 키가 모두 소진되었습니다. 크롤링이 중단됩니다.
2026-05-13 19:30:37,876 [ERROR] ApprovalRadar - Failed to fetch or update 20260718053: All API keys are exhausted for today.
2026-05-13 19:30:40,914 [ERROR] ApprovalRadar - 🚨 [긴급] 오늘자 식품나라 API 키가 모두 소진되었습니다. 크롤링이 중단됩니다.
2026-05-13 19:30:40,915 [ERROR] ApprovalRadar - Failed to fetch or update 20260715135: All API keys are exhausted for today.
2026-05-13 19:30:43,958 [ERROR] ApprovalRadar - 🚨 [긴급] 오늘자 식품나라 API 키가 모두 소진되었습니다. 크롤링이 중단됩니다.
2026-05-13 19:30:43,959 [ERROR] ApprovalRadar - Failed to fetch or update 20260971803: All API keys are exhausted for today.
2026-05-13 19:30:47,020 [ERROR] ApprovalRadar - 🚨 [긴급] 오늘자 식품나라 API 키가 모두 소진되었습니다. 크롤링이 중단됩니다.
2026-05-13 19:30:47,021 [ERROR] ApprovalRadar - Failed to fetch or update 20210401325: All API keys are exhausted for today.
2026-05-13 19:30:50,061 [ERROR] ApprovalRadar - 🚨 [긴급] 오늘자 식품나라 API 키가 모두 소진되었습니다. 크롤링이 중단됩니다.
2026-05-13 19:30:50,062 [ERROR] ApprovalRadar - Failed to fetch or update 20040386288: All API keys are exhausted for today.
2026-05-13 19:30:53,100 [ERROR] ApprovalRadar - 🚨 [긴급] 오늘자 식품나라 API 키가 모두 소진되었습니다. 크롤링이 중단됩니다.
2026-05-13 19:30:53,101 [ERROR] ApprovalRadar - Failed to fetch or update 20260226104: All API keys are exhausted for today.
2026-05-13 19:30:56,240 [ERROR] ApprovalRadar - 🚨 [긴급] 오늘자 식품나라 API 키가 모두 소진되었습니다. 크롤링이 중단됩니다.
2026-05-13 19:30:56,241 [ERROR] ApprovalRadar - Failed to fetch or update 20260707285: All API keys are exhausted for today.
2026-05-13 19:30:59,378 [ERROR] ApprovalRadar - 🚨 [긴급] 오늘자 식품나라 API 키가 모두 소진되었습니다. 크롤링이 중단됩니다.
2026-05-13 19:30:59,379 [ERROR] ApprovalRadar - Failed to fetch or update 20260273621: All API keys are exhausted for today.
2026-05-13 19:31:02,506 [ERROR] ApprovalRadar - 🚨 [긴급] 오늘자 식품나라 API 키가 모두 소진되었습니다. 크롤링이 중단됩니다.
2026-05-13 19:31:02,508 [ERROR] ApprovalRadar - Failed to fetch or update 20260211136: All API keys are exhausted for today.
2026-05-13 19:31:05,653 [ERROR] ApprovalRadar - 🚨 [긴급] 오늘자 식품나라 API 키가 모두 소진되었습니다. 크롤링이 중단됩니다.
2026-05-13 19:31:05,654 [ERROR] ApprovalRadar - Failed to fetch or update 20020025430: All API keys are exhausted for today.
2026-05-13 19:31:08,713 [ERROR] ApprovalRadar - 🚨 [긴급] 오늘자 식품나라 API 키가 모두 소진되었습니다. 크롤링이 중단됩니다.
2026-05-13 19:31:08,714 [ERROR] ApprovalRadar - Failed to fetch or update 20260097709: All API keys are exhausted for today.
2026-05-13 19:31:11,766 [ERROR] ApprovalRadar - 🚨 [긴급] 오늘자 식품나라 API 키가 모두 소진되었습니다. 크롤링이 중단됩니다.
2026-05-13 19:31:11,767 [ERROR] ApprovalRadar - Failed to fetch or update 20240147597: All API keys are exhausted for today.
2026-05-13 19:31:14,813 [ERROR] ApprovalRadar - 🚨 [긴급] 오늘자 식품나라 API 키가 모두 소진되었습니다. 크롤링이 중단됩니다.
2026-05-13 19:31:14,814 [ERROR] ApprovalRadar - Failed to fetch or update 20260108686: All API keys are exhausted for today.
2026-05-13 19:31:17,877 [ERROR] ApprovalRadar - 🚨 [긴급] 오늘자 식품나라 API 키가 모두 소진되었습니다. 크롤링이 중단됩니다.
2026-05-13 19:31:17,878 [ERROR] ApprovalRadar - Failed to fetch or update 20260704232: All API keys are exhausted for today.
2026-05-13 19:31:20,952 [ERROR] ApprovalRadar - 🚨 [긴급] 오늘자 식품나라 API 키가 모두 소진되었습니다. 크롤링이 중단됩니다.
2026-05-13 19:31:20,953 [ERROR] ApprovalRadar - Failed to fetch or update 20260942236: All API keys are exhausted for today.
2026-05-13 19:31:24,036 [ERROR] ApprovalRadar - 🚨 [긴급] 오늘자 식품나라 API 키가 모두 소진되었습니다. 크롤링이 중단됩니다.
2026-05-13 19:31:24,036 [ERROR] ApprovalRadar - Failed to fetch or update 20260233416: All API keys are exhausted for today.
2026-05-13 19:31:27,170 [ERROR] ApprovalRadar - 🚨 [긴급] 오늘자 식품나라 API 키가 모두 소진되었습니다. 크롤링이 중단됩니다.
2026-05-13 19:31:27,171 [ERROR] ApprovalRadar - Failed to fetch or update 20260310388: All API keys are exhausted for today.
2026-05-13 19:31:30,298 [ERROR] ApprovalRadar - 🚨 [긴급] 오늘자 식품나라 API 키가 모두 소진되었습니다. 크롤링이 중단됩니다.
2026-05-13 19:31:30,299 [ERROR] ApprovalRadar - Failed to fetch or update 20260623111: All API keys are exhausted for today.
2026-05-13 19:31:33,443 [ERROR] ApprovalRadar - 🚨 [긴급] 오늘자 식품나라 API 키가 모두 소진되었습니다. 크롤링이 중단됩니다.
2026-05-13 19:31:33,446 [ERROR] ApprovalRadar - Failed to fetch or update 20260623087: All API keys are exhausted for today.
2026-05-13 19:31:36,500 [ERROR] ApprovalRadar - 🚨 [긴급] 오늘자 식품나라 API 키가 모두 소진되었습니다. 크롤링이 중단됩니다.
2026-05-13 19:31:36,501 [ERROR] ApprovalRadar - Failed to fetch or update 20260263358: All API keys are exhausted for today.
2026-05-13 19:31:39,559 [ERROR] ApprovalRadar - 🚨 [긴급] 오늘자 식품나라 API 키가 모두 소진되었습니다. 크롤링이 중단됩니다.
2026-05-13 19:31:39,560 [ERROR] ApprovalRadar - Failed to fetch or update 20260291751: All API keys are exhausted for today.
2026-05-13 19:31:42,620 [ERROR] ApprovalRadar - 🚨 [긴급] 오늘자 식품나라 API 키가 모두 소진되었습니다. 크롤링이 중단됩니다.
2026-05-13 19:31:42,622 [ERROR] ApprovalRadar - Failed to fetch or update 20260746328: All API keys are exhausted for today.
2026-05-13 19:31:45,684 [ERROR] ApprovalRadar - 🚨 [긴급] 오늘자 식품나라 API 키가 모두 소진되었습니다. 크롤링이 중단됩니다.
2026-05-13 19:31:45,686 [ERROR] ApprovalRadar - Failed to fetch or update 20260795265: All API keys are exhausted for today.
2026-05-13 19:31:48,747 [ERROR] ApprovalRadar - 🚨 [긴급] 오늘자 식품나라 API 키가 모두 소진되었습니다. 크롤링이 중단됩니다.
2026-05-13 19:31:48,749 [ERROR] ApprovalRadar - Failed to fetch or update 20260909197: All API keys are exhausted for today.
2026-05-13 19:31:50,360 [INFO] ApprovalRadar - Starting DiffCrawler Delta Sync Job for I2859...
2026-05-13 19:31:50,464 [INFO] ApprovalRadar - [키 회전] API 한도 초과! 새로운 키로 교체: f1282***
2026-05-13 19:31:50,465 [WARNING] ApprovalRadar - 키 회전 후 3.0초 대기...
2026-05-13 19:31:51,818 [ERROR] ApprovalRadar - 🚨 [긴급] 오늘자 식품나라 API 키가 모두 소진되었습니다. 크롤링이 중단됩니다.
2026-05-13 19:31:51,819 [ERROR] ApprovalRadar - Failed to fetch or update 20260230133: All API keys are exhausted for today.
2026-05-13 19:31:53,589 [INFO] ApprovalRadar - [키 회전] API 한도 초과! 새로운 키로 교체: ba698***
2026-05-13 19:31:53,591 [WARNING] ApprovalRadar - 키 회전 후 3.0초 대기...
2026-05-13 19:31:54,959 [ERROR] ApprovalRadar - 🚨 [긴급] 오늘자 식품나라 API 키가 모두 소진되었습니다. 크롤링이 중단됩니다.
2026-05-13 19:31:54,960 [ERROR] ApprovalRadar - Failed to fetch or update 20210176230: All API keys are exhausted for today.
2026-05-13 19:31:56,704 [INFO] ApprovalRadar - [키 회전] API 한도 초과! 새로운 키로 교체: 67f07***
2026-05-13 19:31:56,705 [WARNING] ApprovalRadar - 키 회전 후 3.0초 대기...
2026-05-13 19:31:58,104 [ERROR] ApprovalRadar - 🚨 [긴급] 오늘자 식품나라 API 키가 모두 소진되었습니다. 크롤링이 중단됩니다.
2026-05-13 19:31:58,106 [ERROR] ApprovalRadar - Failed to fetch or update 20260192630: All API keys are exhausted for today.
2026-05-13 19:31:59,808 [INFO] ApprovalRadar - [키 회전] API 한도 초과! 새로운 키로 교체: e7b3f***
2026-05-13 19:31:59,809 [WARNING] ApprovalRadar - 키 회전 후 3.0초 대기...
2026-05-13 19:32:01,233 [ERROR] ApprovalRadar - 🚨 [긴급] 오늘자 식품나라 API 키가 모두 소진되었습니다. 크롤링이 중단됩니다.
2026-05-13 19:32:01,235 [ERROR] ApprovalRadar - Failed to fetch or update 20260664570: All API keys are exhausted for today.
2026-05-13 19:32:02,918 [ERROR] ApprovalRadar - 🚨 [긴급] 오늘자 식품나라 API 키가 모두 소진되었습니다. 크롤링이 중단됩니다.
2026-05-13 19:32:02,920 [ERROR] ApprovalRadar - ❌ I2859 크롤러 스케줄 작업 중 치명적인 오류 발생: All API keys are exhausted for today.
2026-05-13 19:32:02,920 [INFO] ApprovalRadar - Starting DiffCrawler Delta Sync Job for I2500...
2026-05-13 19:32:02,921 [INFO] ApprovalRadar - 최초 실행: 베이스라인 부트스트랩을 시작합니다...
2026-05-13 19:32:02,921 [INFO] ApprovalRadar - [Bootstrapper] True Tail(실제 마지막 데이터) 찾는 중...
2026-05-13 19:32:03,029 [INFO] ApprovalRadar - [키 회전] API 한도 초과! 새로운 키로 교체: f1282***
2026-05-13 19:32:03,029 [WARNING] ApprovalRadar - 키 회전 후 3.0초 대기...
2026-05-13 19:32:04,380 [ERROR] ApprovalRadar - 🚨 [긴급] 오늘자 식품나라 API 키가 모두 소진되었습니다. 크롤링이 중단됩니다.
2026-05-13 19:32:04,381 [ERROR] ApprovalRadar - Failed to fetch or update 20260889040: All API keys are exhausted for today.
2026-05-13 19:32:06,126 [INFO] ApprovalRadar - [키 회전] API 한도 초과! 새로운 키로 교체: ba698***
2026-05-13 19:32:06,128 [WARNING] ApprovalRadar - 키 회전 후 3.0초 대기...
2026-05-13 19:32:07,433 [ERROR] ApprovalRadar - 🚨 [긴급] 오늘자 식품나라 API 키가 모두 소진되었습니다. 크롤링이 중단됩니다.
2026-05-13 19:32:07,434 [ERROR] ApprovalRadar - Failed to fetch or update 20260263274: All API keys are exhausted for today.
2026-05-13 19:32:09,249 [INFO] ApprovalRadar - [키 회전] API 한도 초과! 새로운 키로 교체: 67f07***
2026-05-13 19:32:09,250 [WARNING] ApprovalRadar - 키 회전 후 3.0초 대기...
2026-05-13 19:32:10,493 [ERROR] ApprovalRadar - 🚨 [긴급] 오늘자 식품나라 API 키가 모두 소진되었습니다. 크롤링이 중단됩니다.
2026-05-13 19:32:10,493 [ERROR] ApprovalRadar - Failed to fetch or update 20260707286: All API keys are exhausted for today.
2026-05-13 19:32:12,399 [INFO] ApprovalRadar - [키 회전] API 한도 초과! 새로운 키로 교체: e7b3f***
2026-05-13 19:32:12,401 [WARNING] ApprovalRadar - 키 회전 후 3.0초 대기...
2026-05-13 19:32:13,551 [ERROR] ApprovalRadar - 🚨 [긴급] 오늘자 식품나라 API 키가 모두 소진되었습니다. 크롤링이 중단됩니다.
2026-05-13 19:32:13,552 [ERROR] ApprovalRadar - Failed to fetch or update 20260089240: All API keys are exhausted for today.
2026-05-13 19:32:15,437 [ERROR] ApprovalRadar - 🚨 [긴급] 오늘자 식품나라 API 키가 모두 소진되었습니다. 크롤링이 중단됩니다.
2026-05-13 19:32:15,438 [ERROR] ApprovalRadar - ❌ I2500 크롤러 스케줄 작업 중 치명적인 오류 발생: All API keys are exhausted for today.
2026-05-13 19:32:16,612 [ERROR] ApprovalRadar - 🚨 [긴급] 오늘자 식품나라 API 키가 모두 소진되었습니다. 크롤링이 중단됩니다.
2026-05-13 19:32:16,613 [ERROR] ApprovalRadar - Failed to fetch or update 20260154964: All API keys are exhausted for today.
2026-05-13 19:32:19,674 [ERROR] ApprovalRadar - 🚨 [긴급] 오늘자 식품나라 API 키가 모두 소진되었습니다. 크롤링이 중단됩니다.
2026-05-13 19:32:19,675 [ERROR] ApprovalRadar - Failed to fetch or update 20260108678: All API keys are exhausted for today.
2026-05-13 19:32:19,676 [INFO] ApprovalRadar - [진척도] 200/2403 처리 완료 (성공: 0, 실패: 200)
2026-05-13 19:32:22,775 [ERROR] ApprovalRadar - 🚨 [긴급] 오늘자 식품나라 API 키가 모두 소진되었습니다. 크롤링이 중단됩니다.
2026-05-13 19:32:22,776 [ERROR] ApprovalRadar - Failed to fetch or update 20260104547: All API keys are exhausted for today.
2026-05-13 19:32:25,918 [ERROR] ApprovalRadar - 🚨 [긴급] 오늘자 식품나라 API 키가 모두 소진되었습니다. 크롤링이 중단됩니다.
2026-05-13 19:32:25,919 [ERROR] ApprovalRadar - Failed to fetch or update 20260121879: All API keys are exhausted for today.
2026-05-13 19:32:29,035 [ERROR] ApprovalRadar - 🚨 [긴급] 오늘자 식품나라 API 키가 모두 소진되었습니다. 크롤링이 중단됩니다.
2026-05-13 19:32:29,036 [ERROR] ApprovalRadar - Failed to fetch or update 20260062439: All API keys are exhausted for today.
2026-05-13 19:32:32,163 [ERROR] ApprovalRadar - 🚨 [긴급] 오늘자 식품나라 API 키가 모두 소진되었습니다. 크롤링이 중단됩니다.
2026-05-13 19:32:32,164 [ERROR] ApprovalRadar - Failed to fetch or update 20260045654: All API keys are exhausted for today.
2026-05-13 19:32:35,220 [ERROR] ApprovalRadar - 🚨 [긴급] 오늘자 식품나라 API 키가 모두 소진되었습니다. 크롤링이 중단됩니다.
2026-05-13 19:32:35,221 [ERROR] ApprovalRadar - Failed to fetch or update 20260161656: All API keys are exhausted for today.
2026-05-13 19:32:38,282 [ERROR] ApprovalRadar - 🚨 [긴급] 오늘자 식품나라 API 키가 모두 소진되었습니다. 크롤링이 중단됩니다.
2026-05-13 19:32:38,284 [ERROR] ApprovalRadar - Failed to fetch or update 20260354494: All API keys are exhausted for today.
2026-05-13 19:32:41,365 [ERROR] ApprovalRadar - 🚨 [긴급] 오늘자 식품나라 API 키가 모두 소진되었습니다. 크롤링이 중단됩니다.
2026-05-13 19:32:41,367 [ERROR] ApprovalRadar - Failed to fetch or update 20260529452: All API keys are exhausted for today.
2026-05-13 19:32:44,407 [ERROR] ApprovalRadar - 🚨 [긴급] 오늘자 식품나라 API 키가 모두 소진되었습니다. 크롤링이 중단됩니다.
2026-05-13 19:32:44,407 [ERROR] ApprovalRadar - Failed to fetch or update 20260382025: All API keys are exhausted for today.
2026-05-13 19:32:47,440 [ERROR] ApprovalRadar - 🚨 [긴급] 오늘자 식품나라 API 키가 모두 소진되었습니다. 크롤링이 중단됩니다.
2026-05-13 19:32:47,441 [ERROR] ApprovalRadar - Failed to fetch or update 20260385267: All API keys are exhausted for today.
2026-05-13 19:32:50,535 [ERROR] ApprovalRadar - 🚨 [긴급] 오늘자 식품나라 API 키가 모두 소진되었습니다. 크롤링이 중단됩니다.
2026-05-13 19:32:50,536 [ERROR] ApprovalRadar - Failed to fetch or update 20260441082: All API keys are exhausted for today.
2026-05-13 19:32:53,678 [ERROR] ApprovalRadar - 🚨 [긴급] 오늘자 식품나라 API 키가 모두 소진되었습니다. 크롤링이 중단됩니다.
2026-05-13 19:32:53,681 [ERROR] ApprovalRadar - Failed to fetch or update 20260514276: All API keys are exhausted for today.
2026-05-13 19:32:56,801 [ERROR] ApprovalRadar - 🚨 [긴급] 오늘자 식품나라 API 키가 모두 소진되었습니다. 크롤링이 중단됩니다.
2026-05-13 19:32:56,803 [ERROR] ApprovalRadar - Failed to fetch or update 20260546858: All API keys are exhausted for today.
2026-05-13 19:32:59,846 [ERROR] ApprovalRadar - 🚨 [긴급] 오늘자 식품나라 API 키가 모두 소진되었습니다. 크롤링이 중단됩니다.
2026-05-13 19:32:59,849 [ERROR] ApprovalRadar - Failed to fetch or update 20260431300: All API keys are exhausted for today.
2026-05-13 19:33:02,909 [ERROR] ApprovalRadar - 🚨 [긴급] 오늘자 식품나라 API 키가 모두 소진되었습니다. 크롤링이 중단됩니다.
2026-05-13 19:33:02,911 [ERROR] ApprovalRadar - Failed to fetch or update 20260546859: All API keys are exhausted for today.
2026-05-13 19:33:05,949 [ERROR] ApprovalRadar - 🚨 [긴급] 오늘자 식품나라 API 키가 모두 소진되었습니다. 크롤링이 중단됩니다.
2026-05-13 19:33:05,952 [ERROR] ApprovalRadar - Failed to fetch or update 20220417373: All API keys are exhausted for today.
2026-05-13 19:33:09,018 [ERROR] ApprovalRadar - 🚨 [긴급] 오늘자 식품나라 API 키가 모두 소진되었습니다. 크롤링이 중단됩니다.
2026-05-13 19:33:09,019 [ERROR] ApprovalRadar - Failed to fetch or update 20260602160: All API keys are exhausted for today.
2026-05-13 19:33:12,078 [ERROR] ApprovalRadar - 🚨 [긴급] 오늘자 식품나라 API 키가 모두 소진되었습니다. 크롤링이 중단됩니다.
2026-05-13 19:33:12,078 [ERROR] ApprovalRadar - Failed to fetch or update 20260388162: All API keys are exhausted for today.
2026-05-13 19:33:15,202 [ERROR] ApprovalRadar - 🚨 [긴급] 오늘자 식품나라 API 키가 모두 소진되었습니다. 크롤링이 중단됩니다.
2026-05-13 19:33:15,202 [ERROR] ApprovalRadar - Failed to fetch or update 20260558730: All API keys are exhausted for today.
2026-05-13 19:33:18,360 [ERROR] ApprovalRadar - 🚨 [긴급] 오늘자 식품나라 API 키가 모두 소진되었습니다. 크롤링이 중단됩니다.
2026-05-13 19:33:18,361 [ERROR] ApprovalRadar - Failed to fetch or update 20260408502: All API keys are exhausted for today.
2026-05-13 19:33:21,500 [ERROR] ApprovalRadar - 🚨 [긴급] 오늘자 식품나라 API 키가 모두 소진되었습니다. 크롤링이 중단됩니다.
2026-05-13 19:33:21,502 [ERROR] ApprovalRadar - Failed to fetch or update 20230460210: All API keys are exhausted for today.
2026-05-13 19:33:24,616 [ERROR] ApprovalRadar - 🚨 [긴급] 오늘자 식품나라 API 키가 모두 소진되었습니다. 크롤링이 중단됩니다.
2026-05-13 19:33:24,616 [ERROR] ApprovalRadar - Failed to fetch or update 20260408409: All API keys are exhausted for today.
2026-05-13 19:33:27,764 [ERROR] ApprovalRadar - 🚨 [긴급] 오늘자 식품나라 API 키가 모두 소진되었습니다. 크롤링이 중단됩니다.
2026-05-13 19:33:27,766 [ERROR] ApprovalRadar - Failed to fetch or update 20260546860: All API keys are exhausted for today.
2026-05-13 19:33:30,901 [ERROR] ApprovalRadar - 🚨 [긴급] 오늘자 식품나라 API 키가 모두 소진되었습니다. 크롤링이 중단됩니다.
2026-05-13 19:33:30,903 [ERROR] ApprovalRadar - Failed to fetch or update 20260504240: All API keys are exhausted for today.
2026-05-13 19:33:34,047 [ERROR] ApprovalRadar - 🚨 [긴급] 오늘자 식품나라 API 키가 모두 소진되었습니다. 크롤링이 중단됩니다.
2026-05-13 19:33:34,049 [ERROR] ApprovalRadar - Failed to fetch or update 20260758298: All API keys are exhausted for today.
2026-05-13 19:33:37,189 [ERROR] ApprovalRadar - 🚨 [긴급] 오늘자 식품나라 API 키가 모두 소진되었습니다. 크롤링이 중단됩니다.
2026-05-13 19:33:37,190 [ERROR] ApprovalRadar - Failed to fetch or update 20240594573: All API keys are exhausted for today.
2026-05-13 19:33:40,344 [ERROR] ApprovalRadar - 🚨 [긴급] 오늘자 식품나라 API 키가 모두 소진되었습니다. 크롤링이 중단됩니다.
2026-05-13 19:33:40,345 [ERROR] ApprovalRadar - Failed to fetch or update 20250808122: All API keys are exhausted for today.
2026-05-13 19:33:43,484 [ERROR] ApprovalRadar - 🚨 [긴급] 오늘자 식품나라 API 키가 모두 소진되었습니다. 크롤링이 중단됩니다.
2026-05-13 19:33:43,485 [ERROR] ApprovalRadar - Failed to fetch or update 20260291752: All API keys are exhausted for today.
2026-05-13 19:33:46,613 [ERROR] ApprovalRadar - 🚨 [긴급] 오늘자 식품나라 API 키가 모두 소진되었습니다. 크롤링이 중단됩니다.
2026-05-13 19:33:46,615 [ERROR] ApprovalRadar - Failed to fetch or update 20260279454: All API keys are exhausted for today.
2026-05-13 19:33:49,655 [ERROR] ApprovalRadar - 🚨 [긴급] 오늘자 식품나라 API 키가 모두 소진되었습니다. 크롤링이 중단됩니다.
2026-05-13 19:33:49,656 [ERROR] ApprovalRadar - Failed to fetch or update 20260324402: All API keys are exhausted for today.
2026-05-13 19:33:52,717 [ERROR] ApprovalRadar - 🚨 [긴급] 오늘자 식품나라 API 키가 모두 소진되었습니다. 크롤링이 중단됩니다.
2026-05-13 19:33:52,719 [ERROR] ApprovalRadar - Failed to fetch or update 20240313853: All API keys are exhausted for today.
2026-05-13 19:33:55,787 [ERROR] ApprovalRadar - 🚨 [긴급] 오늘자 식품나라 API 키가 모두 소진되었습니다. 크롤링이 중단됩니다.
2026-05-13 19:33:55,789 [ERROR] ApprovalRadar - Failed to fetch or update 20260971804: All API keys are exhausted for today.
2026-05-13 19:33:58,851 [ERROR] ApprovalRadar - 🚨 [긴급] 오늘자 식품나라 API 키가 모두 소진되었습니다. 크롤링이 중단됩니다.
2026-05-13 19:33:58,853 [ERROR] ApprovalRadar - Failed to fetch or update 20260172090: All API keys are exhausted for today.
2026-05-13 19:34:01,917 [ERROR] ApprovalRadar - 🚨 [긴급] 오늘자 식품나라 API 키가 모두 소진되었습니다. 크롤링이 중단됩니다.
2026-05-13 19:34:01,919 [ERROR] ApprovalRadar - Failed to fetch or update 20260176086: All API keys are exhausted for today.
2026-05-13 19:34:05,006 [ERROR] ApprovalRadar - 🚨 [긴급] 오늘자 식품나라 API 키가 모두 소진되었습니다. 크롤링이 중단됩니다.
2026-05-13 19:34:05,008 [ERROR] ApprovalRadar - Failed to fetch or update 20260226103: All API keys are exhausted for today.
2026-05-13 19:34:08,154 [ERROR] ApprovalRadar - 🚨 [긴급] 오늘자 식품나라 API 키가 모두 소진되었습니다. 크롤링이 중단됩니다.
2026-05-13 19:34:08,155 [ERROR] ApprovalRadar - Failed to fetch or update 20260848317: All API keys are exhausted for today.
2026-05-13 19:34:11,266 [ERROR] ApprovalRadar - 🚨 [긴급] 오늘자 식품나라 API 키가 모두 소진되었습니다. 크롤링이 중단됩니다.
2026-05-13 19:34:11,267 [ERROR] ApprovalRadar - Failed to fetch or update 20260917022: All API keys are exhausted for today.
2026-05-13 19:34:14,306 [ERROR] ApprovalRadar - 🚨 [긴급] 오늘자 식품나라 API 키가 모두 소진되었습니다. 크롤링이 중단됩니다.
2026-05-13 19:34:14,307 [ERROR] ApprovalRadar - Failed to fetch or update 20260330169: All API keys are exhausted for today.
2026-05-13 19:34:17,349 [ERROR] ApprovalRadar - 🚨 [긴급] 오늘자 식품나라 API 키가 모두 소진되었습니다. 크롤링이 중단됩니다.
2026-05-13 19:34:17,350 [ERROR] ApprovalRadar - Failed to fetch or update 20260369404: All API keys are exhausted for today.
2026-05-13 19:34:20,411 [ERROR] ApprovalRadar - 🚨 [긴급] 오늘자 식품나라 API 키가 모두 소진되었습니다. 크롤링이 중단됩니다.
2026-05-13 19:34:20,412 [ERROR] ApprovalRadar - Failed to fetch or update 20260273478: All API keys are exhausted for today.
2026-05-13 19:34:23,472 [ERROR] ApprovalRadar - 🚨 [긴급] 오늘자 식품나라 API 키가 모두 소진되었습니다. 크롤링이 중단됩니다.
2026-05-13 19:34:23,474 [ERROR] ApprovalRadar - Failed to fetch or update 20260263222: All API keys are exhausted for today.
2026-05-13 19:34:26,535 [ERROR] ApprovalRadar - 🚨 [긴급] 오늘자 식품나라 API 키가 모두 소진되었습니다. 크롤링이 중단됩니다.
2026-05-13 19:34:26,538 [ERROR] ApprovalRadar - Failed to fetch or update 20260382255: All API keys are exhausted for today.
2026-05-13 19:34:29,650 [ERROR] ApprovalRadar - 🚨 [긴급] 오늘자 식품나라 API 키가 모두 소진되었습니다. 크롤링이 중단됩니다.
2026-05-13 19:34:29,651 [ERROR] ApprovalRadar - Failed to fetch or update 20260408508: All API keys are exhausted for today.
2026-05-13 19:34:32,794 [ERROR] ApprovalRadar - 🚨 [긴급] 오늘자 식품나라 API 키가 모두 소진되었습니다. 크롤링이 중단됩니다.
2026-05-13 19:34:32,795 [ERROR] ApprovalRadar - Failed to fetch or update 20260517535: All API keys are exhausted for today.
2026-05-13 19:34:35,941 [ERROR] ApprovalRadar - 🚨 [긴급] 오늘자 식품나라 API 키가 모두 소진되었습니다. 크롤링이 중단됩니다.
2026-05-13 19:34:35,943 [ERROR] ApprovalRadar - Failed to fetch or update 20260517536: All API keys are exhausted for today.
2026-05-13 19:34:39,087 [ERROR] ApprovalRadar - 🚨 [긴급] 오늘자 식품나라 API 키가 모두 소진되었습니다. 크롤링이 중단됩니다.
2026-05-13 19:34:39,089 [ERROR] ApprovalRadar - Failed to fetch or update 20260391259: All API keys are exhausted for today.
2026-05-13 19:34:42,235 [ERROR] ApprovalRadar - 🚨 [긴급] 오늘자 식품나라 API 키가 모두 소진되었습니다. 크롤링이 중단됩니다.
2026-05-13 19:34:42,236 [ERROR] ApprovalRadar - Failed to fetch or update 20260585411: All API keys are exhausted for today.
2026-05-13 19:34:45,387 [ERROR] ApprovalRadar - 🚨 [긴급] 오늘자 식품나라 API 키가 모두 소진되었습니다. 크롤링이 중단됩니다.
2026-05-13 19:34:45,388 [ERROR] ApprovalRadar - Failed to fetch or update 20260403594: All API keys are exhausted for today.
2026-05-13 19:34:48,505 [ERROR] ApprovalRadar - 🚨 [긴급] 오늘자 식품나라 API 키가 모두 소진되었습니다. 크롤링이 중단됩니다.
2026-05-13 19:34:48,507 [ERROR] ApprovalRadar - Failed to fetch or update 20260470130: All API keys are exhausted for today.
2026-05-13 19:34:51,621 [ERROR] ApprovalRadar - 🚨 [긴급] 오늘자 식품나라 API 키가 모두 소진되었습니다. 크롤링이 중단됩니다.
2026-05-13 19:34:51,623 [ERROR] ApprovalRadar - Failed to fetch or update 20150353097: All API keys are exhausted for today.
2026-05-13 19:34:54,666 [ERROR] ApprovalRadar - 🚨 [긴급] 오늘자 식품나라 API 키가 모두 소진되었습니다. 크롤링이 중단됩니다.
2026-05-13 19:34:54,667 [ERROR] ApprovalRadar - Failed to fetch or update 20190387072: All API keys are exhausted for today.
2026-05-13 19:34:57,724 [ERROR] ApprovalRadar - 🚨 [긴급] 오늘자 식품나라 API 키가 모두 소진되었습니다. 크롤링이 중단됩니다.
2026-05-13 19:34:57,725 [ERROR] ApprovalRadar - Failed to fetch or update 20150353289: All API keys are exhausted for today.
2026-05-13 19:35:00,785 [ERROR] ApprovalRadar - 🚨 [긴급] 오늘자 식품나라 API 키가 모두 소진되었습니다. 크롤링이 중단됩니다.
2026-05-13 19:35:00,787 [ERROR] ApprovalRadar - Failed to fetch or update 20260558601: All API keys are exhausted for today.
2026-05-13 19:35:03,823 [ERROR] ApprovalRadar - 🚨 [긴급] 오늘자 식품나라 API 키가 모두 소진되었습니다. 크롤링이 중단됩니다.
2026-05-13 19:35:03,826 [ERROR] ApprovalRadar - Failed to fetch or update 20260431218: All API keys are exhausted for today.
2026-05-13 19:35:06,885 [ERROR] ApprovalRadar - 🚨 [긴급] 오늘자 식품나라 API 키가 모두 소진되었습니다. 크롤링이 중단됩니다.
2026-05-13 19:35:06,887 [ERROR] ApprovalRadar - Failed to fetch or update 20260233417: All API keys are exhausted for today.
2026-05-13 19:35:10,023 [ERROR] ApprovalRadar - 🚨 [긴급] 오늘자 식품나라 API 키가 모두 소진되었습니다. 크롤링이 중단됩니다.
2026-05-13 19:35:10,024 [ERROR] ApprovalRadar - Failed to fetch or update 20260222455: All API keys are exhausted for today.
2026-05-13 19:35:13,136 [ERROR] ApprovalRadar - 🚨 [긴급] 오늘자 식품나라 API 키가 모두 소진되었습니다. 크롤링이 중단됩니다.
2026-05-13 19:35:13,137 [ERROR] ApprovalRadar - Failed to fetch or update 20260971805: All API keys are exhausted for today.
2026-05-13 19:35:16,281 [ERROR] ApprovalRadar - 🚨 [긴급] 오늘자 식품나라 API 키가 모두 소진되었습니다. 크롤링이 중단됩니다.
2026-05-13 19:35:16,282 [ERROR] ApprovalRadar - Failed to fetch or update 20260909198: All API keys are exhausted for today.
2026-05-13 19:35:19,425 [ERROR] ApprovalRadar - 🚨 [긴급] 오늘자 식품나라 API 키가 모두 소진되었습니다. 크롤링이 중단됩니다.
2026-05-13 19:35:19,426 [ERROR] ApprovalRadar - Failed to fetch or update 20260942237: All API keys are exhausted for today.
2026-05-13 19:35:22,466 [ERROR] ApprovalRadar - 🚨 [긴급] 오늘자 식품나라 API 키가 모두 소진되었습니다. 크롤링이 중단됩니다.
2026-05-13 19:35:22,467 [ERROR] ApprovalRadar - Failed to fetch or update 20260273623: All API keys are exhausted for today.
2026-05-13 19:35:25,536 [ERROR] ApprovalRadar - 🚨 [긴급] 오늘자 식품나라 API 키가 모두 소진되었습니다. 크롤링이 중단됩니다.
2026-05-13 19:35:25,537 [ERROR] ApprovalRadar - Failed to fetch or update 20260222454: All API keys are exhausted for today.
2026-05-13 19:35:28,604 [ERROR] ApprovalRadar - 🚨 [긴급] 오늘자 식품나라 API 키가 모두 소진되었습니다. 크롤링이 중단됩니다.
2026-05-13 19:35:28,605 [ERROR] ApprovalRadar - Failed to fetch or update 20250832233: All API keys are exhausted for today.
2026-05-13 19:35:31,658 [ERROR] ApprovalRadar - 🚨 [긴급] 오늘자 식품나라 API 키가 모두 소진되었습니다. 크롤링이 중단됩니다.
2026-05-13 19:35:31,660 [ERROR] ApprovalRadar - Failed to fetch or update 20260366236: All API keys are exhausted for today.
2026-05-13 19:35:34,726 [ERROR] ApprovalRadar - 🚨 [긴급] 오늘자 식품나라 API 키가 모두 소진되었습니다. 크롤링이 중단됩니다.
2026-05-13 19:35:34,727 [ERROR] ApprovalRadar - Failed to fetch or update 20260054432: All API keys are exhausted for today.
2026-05-13 19:35:37,808 [ERROR] ApprovalRadar - 🚨 [긴급] 오늘자 식품나라 API 키가 모두 소진되었습니다. 크롤링이 중단됩니다.
2026-05-13 19:35:37,809 [ERROR] ApprovalRadar - Failed to fetch or update 20260121039: All API keys are exhausted for today.
2026-05-13 19:35:40,960 [ERROR] ApprovalRadar - 🚨 [긴급] 오늘자 식품나라 API 키가 모두 소진되었습니다. 크롤링이 중단됩니다.
2026-05-13 19:35:40,963 [ERROR] ApprovalRadar - Failed to fetch or update 20260076250: All API keys are exhausted for today.
2026-05-13 19:35:44,104 [ERROR] ApprovalRadar - 🚨 [긴급] 오늘자 식품나라 API 키가 모두 소진되었습니다. 크롤링이 중단됩니다.
2026-05-13 19:35:44,104 [ERROR] ApprovalRadar - Failed to fetch or update 20240067489: All API keys are exhausted for today.
2026-05-13 19:35:47,219 [ERROR] ApprovalRadar - 🚨 [긴급] 오늘자 식품나라 API 키가 모두 소진되었습니다. 크롤링이 중단됩니다.
2026-05-13 19:35:47,220 [ERROR] ApprovalRadar - Failed to fetch or update 20260072402: All API keys are exhausted for today.
2026-05-13 19:35:50,342 [ERROR] ApprovalRadar - 🚨 [긴급] 오늘자 식품나라 API 키가 모두 소진되었습니다. 크롤링이 중단됩니다.
2026-05-13 19:35:50,344 [ERROR] ApprovalRadar - Failed to fetch or update 20250156261: All API keys are exhausted for today.
2026-05-13 19:35:53,487 [ERROR] ApprovalRadar - 🚨 [긴급] 오늘자 식품나라 API 키가 모두 소진되었습니다. 크롤링이 중단됩니다.
2026-05-13 19:35:53,489 [ERROR] ApprovalRadar - Failed to fetch or update 20260108688: All API keys are exhausted for today.
2026-05-13 19:35:56,636 [ERROR] ApprovalRadar - 🚨 [긴급] 오늘자 식품나라 API 키가 모두 소진되었습니다. 크롤링이 중단됩니다.
2026-05-13 19:35:56,637 [ERROR] ApprovalRadar - Failed to fetch or update 20260076276: All API keys are exhausted for today.
2026-05-13 19:35:59,682 [ERROR] ApprovalRadar - 🚨 [긴급] 오늘자 식품나라 API 키가 모두 소진되었습니다. 크롤링이 중단됩니다.
2026-05-13 19:35:59,682 [ERROR] ApprovalRadar - Failed to fetch or update 20260145482: All API keys are exhausted for today.
2026-05-13 19:36:02,740 [ERROR] ApprovalRadar - 🚨 [긴급] 오늘자 식품나라 API 키가 모두 소진되었습니다. 크롤링이 중단됩니다.
2026-05-13 19:36:02,741 [ERROR] ApprovalRadar - Failed to fetch or update 20260178509: All API keys are exhausted for today.
2026-05-13 19:36:05,801 [ERROR] ApprovalRadar - 🚨 [긴급] 오늘자 식품나라 API 키가 모두 소진되었습니다. 크롤링이 중단됩니다.
2026-05-13 19:36:05,802 [ERROR] ApprovalRadar - Failed to fetch or update 20260801228: All API keys are exhausted for today.
2026-05-13 19:36:08,858 [ERROR] ApprovalRadar - 🚨 [긴급] 오늘자 식품나라 API 키가 모두 소진되었습니다. 크롤링이 중단됩니다.
2026-05-13 19:36:08,859 [ERROR] ApprovalRadar - Failed to fetch or update 20200507311: All API keys are exhausted for today.
2026-05-13 19:36:11,895 [ERROR] ApprovalRadar - 🚨 [긴급] 오늘자 식품나라 API 키가 모두 소진되었습니다. 크롤링이 중단됩니다.
2026-05-13 19:36:11,896 [ERROR] ApprovalRadar - Failed to fetch or update 20260233418: All API keys are exhausted for today.
2026-05-13 19:36:15,031 [ERROR] ApprovalRadar - 🚨 [긴급] 오늘자 식품나라 API 키가 모두 소진되었습니다. 크롤링이 중단됩니다.
2026-05-13 19:36:15,032 [ERROR] ApprovalRadar - Failed to fetch or update 20260971807: All API keys are exhausted for today.
2026-05-13 19:36:18,150 [ERROR] ApprovalRadar - 🚨 [긴급] 오늘자 식품나라 API 키가 모두 소진되었습니다. 크롤링이 중단됩니다.
2026-05-13 19:36:18,152 [ERROR] ApprovalRadar - Failed to fetch or update 20260248227: All API keys are exhausted for today.
2026-05-13 19:36:21,287 [ERROR] ApprovalRadar - 🚨 [긴급] 오늘자 식품나라 API 키가 모두 소진되었습니다. 크롤링이 중단됩니다.
2026-05-13 19:36:21,288 [ERROR] ApprovalRadar - Failed to fetch or update 20260736169: All API keys are exhausted for today.
2026-05-13 19:36:24,433 [ERROR] ApprovalRadar - 🚨 [긴급] 오늘자 식품나라 API 키가 모두 소진되었습니다. 크롤링이 중단됩니다.
2026-05-13 19:36:24,435 [ERROR] ApprovalRadar - Failed to fetch or update 20260464350: All API keys are exhausted for today.
2026-05-13 19:36:27,584 [ERROR] ApprovalRadar - 🚨 [긴급] 오늘자 식품나라 API 키가 모두 소진되었습니다. 크롤링이 중단됩니다.
2026-05-13 19:36:27,585 [ERROR] ApprovalRadar - Failed to fetch or update 20260552356: All API keys are exhausted for today.
2026-05-13 19:36:30,727 [ERROR] ApprovalRadar - 🚨 [긴급] 오늘자 식품나라 API 키가 모두 소진되었습니다. 크롤링이 중단됩니다.
2026-05-13 19:36:30,728 [ERROR] ApprovalRadar - Failed to fetch or update 20180287241: All API keys are exhausted for today.
2026-05-13 19:36:33,852 [ERROR] ApprovalRadar - 🚨 [긴급] 오늘자 식품나라 API 키가 모두 소진되었습니다. 크롤링이 중단됩니다.
2026-05-13 19:36:33,853 [ERROR] ApprovalRadar - Failed to fetch or update 20260579176: All API keys are exhausted for today.
2026-05-13 19:36:37,005 [ERROR] ApprovalRadar - 🚨 [긴급] 오늘자 식품나라 API 키가 모두 소진되었습니다. 크롤링이 중단됩니다.
2026-05-13 19:36:37,007 [ERROR] ApprovalRadar - Failed to fetch or update 20260431301: All API keys are exhausted for today.
2026-05-13 19:36:40,144 [ERROR] ApprovalRadar - 🚨 [긴급] 오늘자 식품나라 API 키가 모두 소진되었습니다. 크롤링이 중단됩니다.
2026-05-13 19:36:40,146 [ERROR] ApprovalRadar - Failed to fetch or update 20260400112: All API keys are exhausted for today.
2026-05-13 19:36:43,292 [ERROR] ApprovalRadar - 🚨 [긴급] 오늘자 식품나라 API 키가 모두 소진되었습니다. 크롤링이 중단됩니다.
2026-05-13 19:36:43,293 [ERROR] ApprovalRadar - Failed to fetch or update 20260431226: All API keys are exhausted for today.
2026-05-13 19:36:46,438 [ERROR] ApprovalRadar - 🚨 [긴급] 오늘자 식품나라 API 키가 모두 소진되었습니다. 크롤링이 중단됩니다.
2026-05-13 19:36:46,440 [ERROR] ApprovalRadar - Failed to fetch or update 20260585412: All API keys are exhausted for today.
2026-05-13 19:36:49,495 [ERROR] ApprovalRadar - 🚨 [긴급] 오늘자 식품나라 API 키가 모두 소진되었습니다. 크롤링이 중단됩니다.
2026-05-13 19:36:49,497 [ERROR] ApprovalRadar - Failed to fetch or update 20260493281: All API keys are exhausted for today.
2026-05-13 19:36:52,556 [ERROR] ApprovalRadar - 🚨 [긴급] 오늘자 식품나라 API 키가 모두 소진되었습니다. 크롤링이 중단됩니다.
2026-05-13 19:36:52,558 [ERROR] ApprovalRadar - Failed to fetch or update 19990353086: All API keys are exhausted for today.
2026-05-13 19:36:55,614 [ERROR] ApprovalRadar - 🚨 [긴급] 오늘자 식품나라 API 키가 모두 소진되었습니다. 크롤링이 중단됩니다.
2026-05-13 19:36:55,615 [ERROR] ApprovalRadar - Failed to fetch or update 20260493282: All API keys are exhausted for today.
2026-05-13 19:36:58,673 [ERROR] ApprovalRadar - 🚨 [긴급] 오늘자 식품나라 API 키가 모두 소진되었습니다. 크롤링이 중단됩니다.
2026-05-13 19:36:58,674 [ERROR] ApprovalRadar - Failed to fetch or update 20170353591: All API keys are exhausted for today.
2026-05-13 19:37:01,723 [ERROR] ApprovalRadar - 🚨 [긴급] 오늘자 식품나라 API 키가 모두 소진되었습니다. 크롤링이 중단됩니다.
2026-05-13 19:37:01,724 [ERROR] ApprovalRadar - Failed to fetch or update 20200369359: All API keys are exhausted for today.
2026-05-13 19:37:04,839 [ERROR] ApprovalRadar - 🚨 [긴급] 오늘자 식품나라 API 키가 모두 소진되었습니다. 크롤링이 중단됩니다.
2026-05-13 19:37:04,840 [ERROR] ApprovalRadar - Failed to fetch or update 20240539256: All API keys are exhausted for today.
2026-05-13 19:37:07,961 [ERROR] ApprovalRadar - 🚨 [긴급] 오늘자 식품나라 API 키가 모두 소진되었습니다. 크롤링이 중단됩니다.
2026-05-13 19:37:07,962 [ERROR] ApprovalRadar - Failed to fetch or update 20230498144: All API keys are exhausted for today.
2026-05-13 19:37:11,080 [ERROR] ApprovalRadar - 🚨 [긴급] 오늘자 식품나라 API 키가 모두 소진되었습니다. 크롤링이 중단됩니다.
2026-05-13 19:37:11,081 [ERROR] ApprovalRadar - Failed to fetch or update 20260536432: All API keys are exhausted for today.
2026-05-13 19:37:14,225 [ERROR] ApprovalRadar - 🚨 [긴급] 오늘자 식품나라 API 키가 모두 소진되었습니다. 크롤링이 중단됩니다.
2026-05-13 19:37:14,226 [ERROR] ApprovalRadar - Failed to fetch or update 20260418081: All API keys are exhausted for today.
2026-05-13 19:37:17,382 [ERROR] ApprovalRadar - 🚨 [긴급] 오늘자 식품나라 API 키가 모두 소진되었습니다. 크롤링이 중단됩니다.
2026-05-13 19:37:17,382 [ERROR] ApprovalRadar - Failed to fetch or update 20260517537: All API keys are exhausted for today.
2026-05-13 19:37:20,517 [ERROR] ApprovalRadar - 🚨 [긴급] 오늘자 식품나라 API 키가 모두 소진되었습니다. 크롤링이 중단됩니다.
2026-05-13 19:37:20,518 [ERROR] ApprovalRadar - Failed to fetch or update 20260493283: All API keys are exhausted for today.
2026-05-13 19:37:23,663 [ERROR] ApprovalRadar - 🚨 [긴급] 오늘자 식품나라 API 키가 모두 소진되었습니다. 크롤링이 중단됩니다.
2026-05-13 19:37:23,664 [ERROR] ApprovalRadar - Failed to fetch or update 20260467310: All API keys are exhausted for today.
2026-05-13 19:37:26,809 [ERROR] ApprovalRadar - 🚨 [긴급] 오늘자 식품나라 API 키가 모두 소진되었습니다. 크롤링이 중단됩니다.
2026-05-13 19:37:26,810 [ERROR] ApprovalRadar - Failed to fetch or update 20260517389: All API keys are exhausted for today.
2026-05-13 19:37:29,865 [ERROR] ApprovalRadar - 🚨 [긴급] 오늘자 식품나라 API 키가 모두 소진되었습니다. 크롤링이 중단됩니다.
2026-05-13 19:37:29,866 [ERROR] ApprovalRadar - Failed to fetch or update 20260546861: All API keys are exhausted for today.
2026-05-13 19:37:29,866 [INFO] ApprovalRadar - [진척도] 300/2403 처리 완료 (성공: 0, 실패: 300)
2026-05-13 19:37:32,924 [ERROR] ApprovalRadar - 🚨 [긴급] 오늘자 식품나라 API 키가 모두 소진되었습니다. 크롤링이 중단됩니다.
2026-05-13 19:37:32,926 [ERROR] ApprovalRadar - Failed to fetch or update 20260517466: All API keys are exhausted for today.
2026-05-13 19:37:35,984 [ERROR] ApprovalRadar - 🚨 [긴급] 오늘자 식품나라 API 키가 모두 소진되었습니다. 크롤링이 중단됩니다.
2026-05-13 19:37:35,985 [ERROR] ApprovalRadar - Failed to fetch or update 20260610405: All API keys are exhausted for today.
2026-05-13 19:37:39,047 [ERROR] ApprovalRadar - 🚨 [긴급] 오늘자 식품나라 API 키가 모두 소진되었습니다. 크롤링이 중단됩니다.
2026-05-13 19:37:39,048 [ERROR] ApprovalRadar - Failed to fetch or update 20250955283: All API keys are exhausted for today.
2026-05-13 19:37:42,117 [ERROR] ApprovalRadar - 🚨 [긴급] 오늘자 식품나라 API 키가 모두 소진되었습니다. 크롤링이 중단됩니다.
2026-05-13 19:37:42,118 [ERROR] ApprovalRadar - Failed to fetch or update 20260889041: All API keys are exhausted for today.
2026-05-13 19:37:45,202 [ERROR] ApprovalRadar - 🚨 [긴급] 오늘자 식품나라 API 키가 모두 소진되었습니다. 크롤링이 중단됩니다.
2026-05-13 19:37:45,204 [ERROR] ApprovalRadar - Failed to fetch or update 20260878242: All API keys are exhausted for today.
2026-05-13 19:37:48,354 [ERROR] ApprovalRadar - 🚨 [긴급] 오늘자 식품나라 API 키가 모두 소진되었습니다. 크롤링이 중단됩니다.
2026-05-13 19:37:48,355 [ERROR] ApprovalRadar - Failed to fetch or update 20260861444: All API keys are exhausted for today.
2026-05-13 19:37:51,495 [ERROR] ApprovalRadar - 🚨 [긴급] 오늘자 식품나라 API 키가 모두 소진되었습니다. 크롤링이 중단됩니다.
2026-05-13 19:37:51,497 [ERROR] ApprovalRadar - Failed to fetch or update 20260366165: All API keys are exhausted for today.
2026-05-13 19:37:54,641 [ERROR] ApprovalRadar - 🚨 [긴급] 오늘자 식품나라 API 키가 모두 소진되었습니다. 크롤링이 중단됩니다.
2026-05-13 19:37:54,642 [ERROR] ApprovalRadar - Failed to fetch or update 20260917200: All API keys are exhausted for today.
2026-05-13 19:37:57,755 [ERROR] ApprovalRadar - 🚨 [긴급] 오늘자 식품나라 API 키가 모두 소진되었습니다. 크롤링이 중단됩니다.
2026-05-13 19:37:57,755 [ERROR] ApprovalRadar - Failed to fetch or update 20260942238: All API keys are exhausted for today.
2026-05-13 19:38:00,882 [ERROR] ApprovalRadar - 🚨 [긴급] 오늘자 식품나라 API 키가 모두 소진되었습니다. 크롤링이 중단됩니다.
2026-05-13 19:38:00,883 [ERROR] ApprovalRadar - Failed to fetch or update 20260917161: All API keys are exhausted for today.
2026-05-13 19:38:03,920 [ERROR] ApprovalRadar - 🚨 [긴급] 오늘자 식품나라 API 키가 모두 소진되었습니다. 크롤링이 중단됩니다.
2026-05-13 19:38:03,921 [ERROR] ApprovalRadar - Failed to fetch or update 20260203271: All API keys are exhausted for today.
2026-05-13 19:38:06,958 [ERROR] ApprovalRadar - 🚨 [긴급] 오늘자 식품나라 API 키가 모두 소진되었습니다. 크롤링이 중단됩니다.
2026-05-13 19:38:06,959 [ERROR] ApprovalRadar - Failed to fetch or update 20260203270: All API keys are exhausted for today.
2026-05-13 19:38:10,014 [ERROR] ApprovalRadar - 🚨 [긴급] 오늘자 식품나라 API 키가 모두 소진되었습니다. 크롤링이 중단됩니다.
2026-05-13 19:38:10,015 [ERROR] ApprovalRadar - Failed to fetch or update 20260108689: All API keys are exhausted for today.
2026-05-13 19:38:13,051 [ERROR] ApprovalRadar - 🚨 [긴급] 오늘자 식품나라 API 키가 모두 소진되었습니다. 크롤링이 중단됩니다.
2026-05-13 19:38:13,052 [ERROR] ApprovalRadar - Failed to fetch or update 20260131488: All API keys are exhausted for today.
2026-05-13 19:38:16,193 [ERROR] ApprovalRadar - 🚨 [긴급] 오늘자 식품나라 API 키가 모두 소진되었습니다. 크롤링이 중단됩니다.
2026-05-13 19:38:16,195 [ERROR] ApprovalRadar - Failed to fetch or update 20260097710: All API keys are exhausted for today.
2026-05-13 19:38:19,341 [ERROR] ApprovalRadar - 🚨 [긴급] 오늘자 식품나라 API 키가 모두 소진되었습니다. 크롤링이 중단됩니다.
2026-05-13 19:38:19,343 [ERROR] ApprovalRadar - Failed to fetch or update 20260058438: All API keys are exhausted for today.
2026-05-13 19:38:22,440 [ERROR] ApprovalRadar - 🚨 [긴급] 오늘자 식품나라 API 키가 모두 소진되었습니다. 크롤링이 중단됩니다.
2026-05-13 19:38:22,443 [ERROR] ApprovalRadar - Failed to fetch or update 20260045656: All API keys are exhausted for today.
2026-05-13 19:38:25,573 [ERROR] ApprovalRadar - 🚨 [긴급] 오늘자 식품나라 API 키가 모두 소진되었습니다. 크롤링이 중단됩니다.
2026-05-13 19:38:25,574 [ERROR] ApprovalRadar - Failed to fetch or update 20260754305: All API keys are exhausted for today.
2026-05-13 19:38:28,692 [ERROR] ApprovalRadar - 🚨 [긴급] 오늘자 식품나라 API 키가 모두 소진되었습니다. 크롤링이 중단됩니다.
2026-05-13 19:38:28,693 [ERROR] ApprovalRadar - Failed to fetch or update 20240742127: All API keys are exhausted for today.
2026-05-13 19:38:31,728 [ERROR] ApprovalRadar - 🚨 [긴급] 오늘자 식품나라 API 키가 모두 소진되었습니다. 크롤링이 중단됩니다.
2026-05-13 19:38:31,729 [ERROR] ApprovalRadar - Failed to fetch or update 20260765130: All API keys are exhausted for today.
2026-05-13 19:38:34,788 [ERROR] ApprovalRadar - 🚨 [긴급] 오늘자 식품나라 API 키가 모두 소진되었습니다. 크롤링이 중단됩니다.
2026-05-13 19:38:34,789 [ERROR] ApprovalRadar - Failed to fetch or update 20260718478: All API keys are exhausted for today.
2026-05-13 19:38:37,852 [ERROR] ApprovalRadar - 🚨 [긴급] 오늘자 식품나라 API 키가 모두 소진되었습니다. 크롤링이 중단됩니다.
2026-05-13 19:38:37,853 [ERROR] ApprovalRadar - Failed to fetch or update 20260736170: All API keys are exhausted for today.
2026-05-13 19:38:40,900 [ERROR] ApprovalRadar - 🚨 [긴급] 오늘자 식품나라 API 키가 모두 소진되었습니다. 크롤링이 중단됩니다.
2026-05-13 19:38:40,901 [ERROR] ApprovalRadar - Failed to fetch or update 20260354245: All API keys are exhausted for today.
2026-05-13 19:38:43,963 [ERROR] ApprovalRadar - 🚨 [긴급] 오늘자 식품나라 API 키가 모두 소진되었습니다. 크롤링이 중단됩니다.
2026-05-13 19:38:43,964 [ERROR] ApprovalRadar - Failed to fetch or update 19970208338: All API keys are exhausted for today.
2026-05-13 19:38:47,067 [ERROR] ApprovalRadar - 🚨 [긴급] 오늘자 식품나라 API 키가 모두 소진되었습니다. 크롤링이 중단됩니다.
2026-05-13 19:38:47,068 [ERROR] ApprovalRadar - Failed to fetch or update 20220246310: All API keys are exhausted for today.
2026-05-13 19:38:50,181 [ERROR] ApprovalRadar - 🚨 [긴급] 오늘자 식품나라 API 키가 모두 소진되었습니다. 크롤링이 중단됩니다.
2026-05-13 19:38:50,183 [ERROR] ApprovalRadar - Failed to fetch or update 20260283405: All API keys are exhausted for today.
2026-05-13 19:38:53,328 [ERROR] ApprovalRadar - 🚨 [긴급] 오늘자 식품나라 API 키가 모두 소진되었습니다. 크롤링이 중단됩니다.
2026-05-13 19:38:53,331 [ERROR] ApprovalRadar - Failed to fetch or update 20260279456: All API keys are exhausted for today.
2026-05-13 19:38:56,481 [ERROR] ApprovalRadar - 🚨 [긴급] 오늘자 식품나라 API 키가 모두 소진되었습니다. 크롤링이 중단됩니다.
2026-05-13 19:38:56,482 [ERROR] ApprovalRadar - Failed to fetch or update 20260721155: All API keys are exhausted for today.
2026-05-13 19:38:59,651 [ERROR] ApprovalRadar - 🚨 [긴급] 오늘자 식품나라 API 키가 모두 소진되었습니다. 크롤링이 중단됩니다.
2026-05-13 19:38:59,651 [ERROR] ApprovalRadar - Failed to fetch or update 20260629042: All API keys are exhausted for today.
2026-05-13 19:39:02,776 [ERROR] ApprovalRadar - 🚨 [긴급] 오늘자 식품나라 API 키가 모두 소진되었습니다. 크롤링이 중단됩니다.
2026-05-13 19:39:02,778 [ERROR] ApprovalRadar - Failed to fetch or update 20130392305: All API keys are exhausted for today.
2026-05-13 19:39:05,909 [ERROR] ApprovalRadar - 🚨 [긴급] 오늘자 식품나라 API 키가 모두 소진되었습니다. 크롤링이 중단됩니다.
2026-05-13 19:39:05,911 [ERROR] ApprovalRadar - Failed to fetch or update 20260481201: All API keys are exhausted for today.
2026-05-13 19:39:08,955 [ERROR] ApprovalRadar - 🚨 [긴급] 오늘자 식품나라 API 키가 모두 소진되었습니다. 크롤링이 중단됩니다.
2026-05-13 19:39:08,956 [ERROR] ApprovalRadar - Failed to fetch or update 20260499314: All API keys are exhausted for today.
2026-05-13 19:39:12,015 [ERROR] ApprovalRadar - 🚨 [긴급] 오늘자 식품나라 API 키가 모두 소진되었습니다. 크롤링이 중단됩니다.
2026-05-13 19:39:12,016 [ERROR] ApprovalRadar - Failed to fetch or update 20260403595: All API keys are exhausted for today.
2026-05-13 19:39:15,073 [ERROR] ApprovalRadar - 🚨 [긴급] 오늘자 식품나라 API 키가 모두 소진되었습니다. 크롤링이 중단됩니다.
2026-05-13 19:39:15,074 [ERROR] ApprovalRadar - Failed to fetch or update 20260558679: All API keys are exhausted for today.
2026-05-13 19:39:18,144 [ERROR] ApprovalRadar - 🚨 [긴급] 오늘자 식품나라 API 키가 모두 소진되었습니다. 크롤링이 중단됩니다.
2026-05-13 19:39:18,145 [ERROR] ApprovalRadar - Failed to fetch or update 20260499315: All API keys are exhausted for today.
2026-05-13 19:39:21,207 [ERROR] ApprovalRadar - 🚨 [긴급] 오늘자 식품나라 API 키가 모두 소진되었습니다. 크롤링이 중단됩니다.
2026-05-13 19:39:21,208 [ERROR] ApprovalRadar - Failed to fetch or update 20260391260: All API keys are exhausted for today.
2026-05-13 19:39:24,297 [ERROR] ApprovalRadar - 🚨 [긴급] 오늘자 식품나라 API 키가 모두 소진되었습니다. 크롤링이 중단됩니다.
2026-05-13 19:39:24,298 [ERROR] ApprovalRadar - Failed to fetch or update 20260382176: All API keys are exhausted for today.
2026-05-13 19:39:27,441 [ERROR] ApprovalRadar - 🚨 [긴급] 오늘자 식품나라 API 키가 모두 소진되었습니다. 크롤링이 중단됩니다.
2026-05-13 19:39:27,442 [ERROR] ApprovalRadar - Failed to fetch or update 20260388163: All API keys are exhausted for today.
2026-05-13 19:39:30,596 [ERROR] ApprovalRadar - 🚨 [긴급] 오늘자 식품나라 API 키가 모두 소진되었습니다. 크롤링이 중단됩니다.
2026-05-13 19:39:30,597 [ERROR] ApprovalRadar - Failed to fetch or update 20260529454: All API keys are exhausted for today.
2026-05-13 19:39:33,729 [ERROR] ApprovalRadar - 🚨 [긴급] 오늘자 식품나라 API 키가 모두 소진되었습니다. 크롤링이 중단됩니다.
2026-05-13 19:39:33,730 [ERROR] ApprovalRadar - Failed to fetch or update 19940370024: All API keys are exhausted for today.
2026-05-13 19:39:36,852 [ERROR] ApprovalRadar - 🚨 [긴급] 오늘자 식품나라 API 키가 모두 소진되었습니다. 크롤링이 중단됩니다.
2026-05-13 19:39:36,853 [ERROR] ApprovalRadar - Failed to fetch or update 20260507851: All API keys are exhausted for today.
2026-05-13 19:39:39,990 [ERROR] ApprovalRadar - 🚨 [긴급] 오늘자 식품나라 API 키가 모두 소진되었습니다. 크롤링이 중단됩니다.
2026-05-13 19:39:39,991 [ERROR] ApprovalRadar - Failed to fetch or update 20260397169: All API keys are exhausted for today.
2026-05-13 19:39:43,140 [ERROR] ApprovalRadar - 🚨 [긴급] 오늘자 식품나라 API 키가 모두 소진되었습니다. 크롤링이 중단됩니다.
2026-05-13 19:39:43,141 [ERROR] ApprovalRadar - Failed to fetch or update 20260517430: All API keys are exhausted for today.
2026-05-13 19:39:46,179 [ERROR] ApprovalRadar - 🚨 [긴급] 오늘자 식품나라 API 키가 모두 소진되었습니다. 크롤링이 중단됩니다.
2026-05-13 19:39:46,180 [ERROR] ApprovalRadar - Failed to fetch or update 20260477131: All API keys are exhausted for today.
2026-05-13 19:39:49,234 [ERROR] ApprovalRadar - 🚨 [긴급] 오늘자 식품나라 API 키가 모두 소진되었습니다. 크롤링이 중단됩니다.
2026-05-13 19:39:49,236 [ERROR] ApprovalRadar - Failed to fetch or update 20260736171: All API keys are exhausted for today.
2026-05-13 19:39:52,302 [ERROR] ApprovalRadar - 🚨 [긴급] 오늘자 식품나라 API 키가 모두 소진되었습니다. 크롤링이 중단됩니다.
2026-05-13 19:39:52,303 [ERROR] ApprovalRadar - Failed to fetch or update 20160098351: All API keys are exhausted for today.
2026-05-13 19:39:55,371 [ERROR] ApprovalRadar - 🚨 [긴급] 오늘자 식품나라 API 키가 모두 소진되었습니다. 크롤링이 중단됩니다.
2026-05-13 19:39:55,373 [ERROR] ApprovalRadar - Failed to fetch or update 20260045657: All API keys are exhausted for today.
2026-05-13 19:39:58,436 [ERROR] ApprovalRadar - 🚨 [긴급] 오늘자 식품나라 API 키가 모두 소진되었습니다. 크롤링이 중단됩니다.
2026-05-13 19:39:58,437 [ERROR] ApprovalRadar - Failed to fetch or update 20260161657: All API keys are exhausted for today.
2026-05-13 19:40:01,520 [ERROR] ApprovalRadar - 🚨 [긴급] 오늘자 식품나라 API 키가 모두 소진되었습니다. 크롤링이 중단됩니다.
2026-05-13 19:40:01,521 [ERROR] ApprovalRadar - Failed to fetch or update 20260108690: All API keys are exhausted for today.
2026-05-13 19:40:04,644 [ERROR] ApprovalRadar - 🚨 [긴급] 오늘자 식품나라 API 키가 모두 소진되었습니다. 크롤링이 중단됩니다.
2026-05-13 19:40:04,645 [ERROR] ApprovalRadar - Failed to fetch or update 20260917164: All API keys are exhausted for today.
2026-05-13 19:40:07,782 [ERROR] ApprovalRadar - 🚨 [긴급] 오늘자 식품나라 API 키가 모두 소진되었습니다. 크롤링이 중단됩니다.
2026-05-13 19:40:07,784 [ERROR] ApprovalRadar - Failed to fetch or update 20260178511: All API keys are exhausted for today.
2026-05-13 19:40:10,927 [ERROR] ApprovalRadar - 🚨 [긴급] 오늘자 식품나라 API 키가 모두 소진되었습니다. 크롤링이 중단됩니다.
2026-05-13 19:40:10,928 [ERROR] ApprovalRadar - Failed to fetch or update 20260333204: All API keys are exhausted for today.
2026-05-13 19:40:14,075 [ERROR] ApprovalRadar - 🚨 [긴급] 오늘자 식품나라 API 키가 모두 소진되었습니다. 크롤링이 중단됩니다.
2026-05-13 19:40:14,076 [ERROR] ApprovalRadar - Failed to fetch or update 20260736172: All API keys are exhausted for today.
2026-05-13 19:40:17,195 [ERROR] ApprovalRadar - 🚨 [긴급] 오늘자 식품나라 API 키가 모두 소진되었습니다. 크롤링이 중단됩니다.
2026-05-13 19:40:17,197 [ERROR] ApprovalRadar - Failed to fetch or update 20160627507: All API keys are exhausted for today.
2026-05-13 19:40:20,253 [ERROR] ApprovalRadar - 🚨 [긴급] 오늘자 식품나라 API 키가 모두 소진되었습니다. 크롤링이 중단됩니다.
2026-05-13 19:40:20,254 [ERROR] ApprovalRadar - Failed to fetch or update 20260718479: All API keys are exhausted for today.
2026-05-13 19:40:23,316 [ERROR] ApprovalRadar - 🚨 [긴급] 오늘자 식품나라 API 키가 모두 소진되었습니다. 크롤링이 중단됩니다.
2026-05-13 19:40:23,317 [ERROR] ApprovalRadar - Failed to fetch or update 20260736173: All API keys are exhausted for today.
2026-05-13 19:40:26,385 [ERROR] ApprovalRadar - 🚨 [긴급] 오늘자 식품나라 API 키가 모두 소진되었습니다. 크롤링이 중단됩니다.
2026-05-13 19:40:26,386 [ERROR] ApprovalRadar - Failed to fetch or update 20230179291: All API keys are exhausted for today.
2026-05-13 19:40:29,446 [ERROR] ApprovalRadar - 🚨 [긴급] 오늘자 식품나라 API 키가 모두 소진되었습니다. 크롤링이 중단됩니다.
2026-05-13 19:40:29,447 [ERROR] ApprovalRadar - Failed to fetch or update 20260189199: All API keys are exhausted for today.
2026-05-13 19:40:32,509 [ERROR] ApprovalRadar - 🚨 [긴급] 오늘자 식품나라 API 키가 모두 소진되었습니다. 크롤링이 중단됩니다.
2026-05-13 19:40:32,510 [ERROR] ApprovalRadar - Failed to fetch or update 20240178741: All API keys are exhausted for today.
2026-05-13 19:40:35,575 [ERROR] ApprovalRadar - 🚨 [긴급] 오늘자 식품나라 API 키가 모두 소진되었습니다. 크롤링이 중단됩니다.
2026-05-13 19:40:35,576 [ERROR] ApprovalRadar - Failed to fetch or update 20260606359: All API keys are exhausted for today.
2026-05-13 19:40:38,711 [ERROR] ApprovalRadar - 🚨 [긴급] 오늘자 식품나라 API 키가 모두 소진되었습니다. 크롤링이 중단됩니다.
2026-05-13 19:40:38,713 [ERROR] ApprovalRadar - Failed to fetch or update 20260641064: All API keys are exhausted for today.
2026-05-13 19:40:41,749 [ERROR] ApprovalRadar - 🚨 [긴급] 오늘자 식품나라 API 키가 모두 소진되었습니다. 크롤링이 중단됩니다.
2026-05-13 19:40:41,750 [ERROR] ApprovalRadar - Failed to fetch or update 20200444445: All API keys are exhausted for today.
2026-05-13 19:40:44,790 [ERROR] ApprovalRadar - 🚨 [긴급] 오늘자 식품나라 API 키가 모두 소진되었습니다. 크롤링이 중단됩니다.
2026-05-13 19:40:44,791 [ERROR] ApprovalRadar - Failed to fetch or update 20250653083: All API keys are exhausted for today.
2026-05-13 19:40:47,854 [ERROR] ApprovalRadar - 🚨 [긴급] 오늘자 식품나라 API 키가 모두 소진되었습니다. 크롤링이 중단됩니다.
2026-05-13 19:40:47,856 [ERROR] ApprovalRadar - Failed to fetch or update 20260695035: All API keys are exhausted for today.
2026-05-13 19:40:50,922 [ERROR] ApprovalRadar - 🚨 [긴급] 오늘자 식품나라 API 키가 모두 소진되었습니다. 크롤링이 중단됩니다.
2026-05-13 19:40:50,924 [ERROR] ApprovalRadar - Failed to fetch or update 20260682082: All API keys are exhausted for today.
2026-05-13 19:40:53,983 [ERROR] ApprovalRadar - 🚨 [긴급] 오늘자 식품나라 API 키가 모두 소진되었습니다. 크롤링이 중단됩니다.
2026-05-13 19:40:53,984 [ERROR] ApprovalRadar - Failed to fetch or update 20260682083: All API keys are exhausted for today.
2026-05-13 19:40:57,093 [ERROR] ApprovalRadar - 🚨 [긴급] 오늘자 식품나라 API 키가 모두 소진되었습니다. 크롤링이 중단됩니다.
2026-05-13 19:40:57,094 [ERROR] ApprovalRadar - Failed to fetch or update 20260682084: All API keys are exhausted for today.
2026-05-13 19:41:00,232 [ERROR] ApprovalRadar - 🚨 [긴급] 오늘자 식품나라 API 키가 모두 소진되었습니다. 크롤링이 중단됩니다.
2026-05-13 19:41:00,233 [ERROR] ApprovalRadar - Failed to fetch or update 20250962946: All API keys are exhausted for today.
2026-05-13 19:41:03,359 [ERROR] ApprovalRadar - 🚨 [긴급] 오늘자 식품나라 API 키가 모두 소진되었습니다. 크롤링이 중단됩니다.
2026-05-13 19:41:03,361 [ERROR] ApprovalRadar - Failed to fetch or update 20260978320: All API keys are exhausted for today.
2026-05-13 19:41:06,498 [ERROR] ApprovalRadar - 🚨 [긴급] 오늘자 식품나라 API 키가 모두 소진되었습니다. 크롤링이 중단됩니다.
2026-05-13 19:41:06,499 [ERROR] ApprovalRadar - Failed to fetch or update 20260354450: All API keys are exhausted for today.
2026-05-13 19:41:09,646 [ERROR] ApprovalRadar - 🚨 [긴급] 오늘자 식품나라 API 키가 모두 소진되었습니다. 크롤링이 중단됩니다.
2026-05-13 19:41:09,647 [ERROR] ApprovalRadar - Failed to fetch or update 20260287213: All API keys are exhausted for today.
2026-05-13 19:41:12,786 [ERROR] ApprovalRadar - 🚨 [긴급] 오늘자 식품나라 API 키가 모두 소진되었습니다. 크롤링이 중단됩니다.
2026-05-13 19:41:12,788 [ERROR] ApprovalRadar - Failed to fetch or update 20260297095: All API keys are exhausted for today.
2026-05-13 19:41:15,933 [ERROR] ApprovalRadar - 🚨 [긴급] 오늘자 식품나라 API 키가 모두 소진되었습니다. 크롤링이 중단됩니다.
2026-05-13 19:41:15,934 [ERROR] ApprovalRadar - Failed to fetch or update 20260291755: All API keys are exhausted for today.
2026-05-13 19:41:19,061 [ERROR] ApprovalRadar - 🚨 [긴급] 오늘자 식품나라 API 키가 모두 소진되었습니다. 크롤링이 중단됩니다.
2026-05-13 19:41:19,062 [ERROR] ApprovalRadar - Failed to fetch or update 20260113383: All API keys are exhausted for today.
2026-05-13 19:41:22,121 [ERROR] ApprovalRadar - 🚨 [긴급] 오늘자 식품나라 API 키가 모두 소진되었습니다. 크롤링이 중단됩니다.
2026-05-13 19:41:22,121 [ERROR] ApprovalRadar - Failed to fetch or update 20260072403: All API keys are exhausted for today.
2026-05-13 19:41:25,184 [ERROR] ApprovalRadar - 🚨 [긴급] 오늘자 식품나라 API 키가 모두 소진되었습니다. 크롤링이 중단됩니다.
2026-05-13 19:41:25,186 [ERROR] ApprovalRadar - Failed to fetch or update 20070107354: All API keys are exhausted for today.
2026-05-13 19:41:28,243 [ERROR] ApprovalRadar - 🚨 [긴급] 오늘자 식품나라 API 키가 모두 소진되었습니다. 크롤링이 중단됩니다.
2026-05-13 19:41:28,244 [ERROR] ApprovalRadar - Failed to fetch or update 20260050431: All API keys are exhausted for today.
2026-05-13 19:41:31,302 [ERROR] ApprovalRadar - 🚨 [긴급] 오늘자 식품나라 API 키가 모두 소진되었습니다. 크롤링이 중단됩니다.
2026-05-13 19:41:31,304 [ERROR] ApprovalRadar - Failed to fetch or update 20230125268: All API keys are exhausted for today.
2026-05-13 19:41:34,367 [ERROR] ApprovalRadar - 🚨 [긴급] 오늘자 식품나라 API 키가 모두 소진되었습니다. 크롤링이 중단됩니다.
2026-05-13 19:41:34,369 [ERROR] ApprovalRadar - Failed to fetch or update 20260895160: All API keys are exhausted for today.
2026-05-13 19:41:37,453 [ERROR] ApprovalRadar - 🚨 [긴급] 오늘자 식품나라 API 키가 모두 소진되었습니다. 크롤링이 중단됩니다.
2026-05-13 19:41:37,454 [ERROR] ApprovalRadar - Failed to fetch or update 20260842218: All API keys are exhausted for today.
2026-05-13 19:41:40,578 [ERROR] ApprovalRadar - 🚨 [긴급] 오늘자 식품나라 API 키가 모두 소진되었습니다. 크롤링이 중단됩니다.
2026-05-13 19:41:40,579 [ERROR] ApprovalRadar - Failed to fetch or update 20260310262: All API keys are exhausted for today.
2026-05-13 19:41:41,586 [INFO] ApprovalRadar - Shutting down APScheduler...
2026-05-13 19:41:41,951 [INFO] ApprovalRadar - Initializing Database...
2026-05-13 19:41:41,952 [INFO] ApprovalRadar - Starting Industry Type Backfill Job...
2026-05-13 19:41:41,952 [INFO] ApprovalRadar - Configuring APScheduler jobs...
2026-05-13 19:41:41,954 [INFO] ApprovalRadar - Adding initial catch-up scraper job to background...
2026-05-13 19:41:41,955 [INFO] ApprovalRadar - 총 2403건의 세부업종 누락 데이터를 발견했습니다. 백필을 시작합니다.
2026-05-13 19:41:41,960 [INFO] ApprovalRadar - Starting DiffCrawler Delta Sync Job for I2859...
2026-05-13 19:41:41,961 [INFO] ApprovalRadar - APScheduler started successfully.
2026-05-13 19:41:42,003 [INFO] ApprovalRadar - [키 회전] API 한도 초과! 새로운 키로 교체: f1282***
2026-05-13 19:41:42,004 [WARNING] ApprovalRadar - 키 회전 후 3.0초 대기...
2026-05-13 19:41:42,129 [INFO] ApprovalRadar - [키 회전] API 한도 초과! 새로운 키로 교체: f1282***
2026-05-13 19:41:42,130 [WARNING] ApprovalRadar - 키 회전 후 3.0초 대기...
2026-05-13 19:41:42,266 [INFO] ApprovalRadar - Shutting down APScheduler...
2026-05-13 19:41:45,068 [INFO] ApprovalRadar - [키 회전] API 한도 초과! 새로운 키로 교체: ba698***
2026-05-13 19:41:45,070 [WARNING] ApprovalRadar - 키 회전 후 3.0초 대기...
2026-05-13 19:41:45,280 [INFO] ApprovalRadar - [키 회전] API 한도 초과! 새로운 키로 교체: ba698***
2026-05-13 19:41:45,281 [WARNING] ApprovalRadar - 키 회전 후 3.0초 대기...
2026-05-13 19:41:48,133 [INFO] ApprovalRadar - [키 회전] API 한도 초과! 새로운 키로 교체: 67f07***
2026-05-13 19:41:48,135 [WARNING] ApprovalRadar - 키 회전 후 3.0초 대기...
2026-05-13 19:41:48,429 [INFO] ApprovalRadar - [키 회전] API 한도 초과! 새로운 키로 교체: 67f07***
2026-05-13 19:41:48,431 [WARNING] ApprovalRadar - 키 회전 후 3.0초 대기...
2026-05-13 19:41:51,262 [INFO] ApprovalRadar - [키 회전] API 한도 초과! 새로운 키로 교체: e7b3f***
2026-05-13 19:41:51,263 [WARNING] ApprovalRadar - 키 회전 후 3.0초 대기...
2026-05-13 19:41:51,572 [INFO] ApprovalRadar - [키 회전] API 한도 초과! 새로운 키로 교체: e7b3f***
2026-05-13 19:41:51,575 [WARNING] ApprovalRadar - 키 회전 후 3.0초 대기...
2026-05-13 19:41:54,328 [ERROR] ApprovalRadar - 🚨 [긴급] 오늘자 식품나라 API 키가 모두 소진되었습니다. 크롤링이 중단됩니다.
2026-05-13 19:41:54,330 [ERROR] ApprovalRadar - ❌ I2859 크롤러 스케줄 작업 중 치명적인 오류 발생: All API keys are exhausted for today.
2026-05-13 19:41:54,332 [INFO] ApprovalRadar - Starting DiffCrawler Delta Sync Job for I2500...
2026-05-13 19:41:54,333 [INFO] ApprovalRadar - 최초 실행: 베이스라인 부트스트랩을 시작합니다...
2026-05-13 19:41:54,334 [INFO] ApprovalRadar - [Bootstrapper] True Tail(실제 마지막 데이터) 찾는 중...
2026-05-13 19:41:54,400 [INFO] ApprovalRadar - [키 회전] API 한도 초과! 새로운 키로 교체: f1282***
2026-05-13 19:41:54,403 [WARNING] ApprovalRadar - 키 회전 후 3.0초 대기...
2026-05-13 19:41:54,712 [ERROR] ApprovalRadar - 🚨 [긴급] 오늘자 식품나라 API 키가 모두 소진되었습니다. 크롤링이 중단됩니다.
2026-05-13 19:41:54,714 [ERROR] ApprovalRadar - Failed to fetch or update 20260076241: All API keys are exhausted for today.
2026-05-13 19:41:57,485 [INFO] ApprovalRadar - [키 회전] API 한도 초과! 새로운 키로 교체: ba698***
2026-05-13 19:41:57,488 [WARNING] ApprovalRadar - 키 회전 후 3.0초 대기...
2026-05-13 19:41:57,754 [ERROR] ApprovalRadar - 🚨 [긴급] 오늘자 식품나라 API 키가 모두 소진되었습니다. 크롤링이 중단됩니다.
2026-05-13 19:41:57,757 [ERROR] ApprovalRadar - Failed to fetch or update 20260496147: All API keys are exhausted for today.
2026-05-13 19:42:00,555 [INFO] ApprovalRadar - [키 회전] API 한도 초과! 새로운 키로 교체: 67f07***
2026-05-13 19:42:00,556 [WARNING] ApprovalRadar - 키 회전 후 3.0초 대기...
2026-05-13 19:42:00,811 [ERROR] ApprovalRadar - 🚨 [긴급] 오늘자 식품나라 API 키가 모두 소진되었습니다. 크롤링이 중단됩니다.
2026-05-13 19:42:00,814 [ERROR] ApprovalRadar - Failed to fetch or update 20260688044: All API keys are exhausted for today.
2026-05-13 19:42:03,736 [INFO] ApprovalRadar - [키 회전] API 한도 초과! 새로운 키로 교체: e7b3f***
2026-05-13 19:42:03,738 [WARNING] ApprovalRadar - 키 회전 후 3.0초 대기...
2026-05-13 19:42:03,875 [ERROR] ApprovalRadar - 🚨 [긴급] 오늘자 식품나라 API 키가 모두 소진되었습니다. 크롤링이 중단됩니다.
2026-05-13 19:42:03,876 [ERROR] ApprovalRadar - Failed to fetch or update 20260529413: All API keys are exhausted for today.
2026-05-13 19:42:06,821 [ERROR] ApprovalRadar - 🚨 [긴급] 오늘자 식품나라 API 키가 모두 소진되었습니다. 크롤링이 중단됩니다.
2026-05-13 19:42:06,824 [ERROR] ApprovalRadar - ❌ I2500 크롤러 스케줄 작업 중 치명적인 오류 발생: All API keys are exhausted for today.
2026-05-13 19:42:07,224 [INFO] ApprovalRadar - Broadcaster main event loop initialized.
2026-05-13 19:42:07,224 [INFO] ApprovalRadar - Initializing Database...
2026-05-13 19:42:07,225 [INFO] ApprovalRadar - Starting Industry Type Backfill Job...
2026-05-13 19:42:07,225 [INFO] ApprovalRadar - Configuring APScheduler jobs...
2026-05-13 19:42:07,227 [INFO] ApprovalRadar - Adding initial catch-up scraper job to background...
2026-05-13 19:42:07,228 [INFO] ApprovalRadar - 총 2403건의 세부업종 누락 데이터를 발견했습니다. 백필을 시작합니다.
2026-05-13 19:42:07,229 [INFO] ApprovalRadar - Starting DiffCrawler Delta Sync Job for I2859...
2026-05-13 19:42:07,229 [INFO] ApprovalRadar - APScheduler started successfully.
2026-05-13 19:42:07,337 [INFO] ApprovalRadar - [키 회전] API 한도 초과! 새로운 키로 교체: f1282***
2026-05-13 19:42:07,338 [WARNING] ApprovalRadar - 키 회전 후 3.0초 대기...
2026-05-13 19:42:07,422 [INFO] ApprovalRadar - [키 회전] API 한도 초과! 새로운 키로 교체: f1282***
2026-05-13 19:42:07,423 [WARNING] ApprovalRadar - 키 회전 후 3.0초 대기...
2026-05-13 19:42:10,467 [INFO] ApprovalRadar - [키 회전] API 한도 초과! 새로운 키로 교체: ba698***
2026-05-13 19:42:10,468 [WARNING] ApprovalRadar - 키 회전 후 3.0초 대기...
2026-05-13 19:42:10,550 [INFO] ApprovalRadar - [키 회전] API 한도 초과! 새로운 키로 교체: ba698***
2026-05-13 19:42:10,551 [WARNING] ApprovalRadar - 키 회전 후 3.0초 대기...
2026-05-13 19:42:13,637 [INFO] ApprovalRadar - [키 회전] API 한도 초과! 새로운 키로 교체: 67f07***
2026-05-13 19:42:13,638 [WARNING] ApprovalRadar - 키 회전 후 3.0초 대기...
2026-05-13 19:42:13,673 [INFO] ApprovalRadar - [키 회전] API 한도 초과! 새로운 키로 교체: 67f07***
2026-05-13 19:42:13,674 [WARNING] ApprovalRadar - 키 회전 후 3.0초 대기...
2026-05-13 19:42:16,785 [INFO] ApprovalRadar - [키 회전] API 한도 초과! 새로운 키로 교체: e7b3f***
2026-05-13 19:42:16,788 [WARNING] ApprovalRadar - 키 회전 후 3.0초 대기...
2026-05-13 19:42:16,844 [INFO] ApprovalRadar - [키 회전] API 한도 초과! 새로운 키로 교체: e7b3f***
2026-05-13 19:42:16,845 [WARNING] ApprovalRadar - 키 회전 후 3.0초 대기...
2026-05-13 19:42:19,929 [ERROR] ApprovalRadar - 🚨 [긴급] 오늘자 식품나라 API 키가 모두 소진되었습니다. 크롤링이 중단됩니다.
2026-05-13 19:42:19,930 [ERROR] ApprovalRadar - Failed to fetch or update 20260076241: All API keys are exhausted for today.
2026-05-13 19:42:19,968 [ERROR] ApprovalRadar - 🚨 [긴급] 오늘자 식품나라 API 키가 모두 소진되었습니다. 크롤링이 중단됩니다.
2026-05-13 19:42:19,968 [ERROR] ApprovalRadar - ❌ I2859 크롤러 스케줄 작업 중 치명적인 오류 발생: All API keys are exhausted for today.
2026-05-13 19:42:19,969 [INFO] ApprovalRadar - Starting DiffCrawler Delta Sync Job for I2500...
2026-05-13 19:42:19,969 [INFO] ApprovalRadar - 최초 실행: 베이스라인 부트스트랩을 시작합니다...
2026-05-13 19:42:19,970 [INFO] ApprovalRadar - [Bootstrapper] True Tail(실제 마지막 데이터) 찾는 중...
2026-05-13 19:42:20,022 [INFO] ApprovalRadar - [키 회전] API 한도 초과! 새로운 키로 교체: f1282***
2026-05-13 19:42:20,023 [WARNING] ApprovalRadar - 키 회전 후 3.0초 대기...
2026-05-13 19:42:20,717 [INFO] ApprovalRadar - Test trigger invoked via CLI or internal call.
2026-05-13 19:42:23,075 [ERROR] ApprovalRadar - 🚨 [긴급] 오늘자 식품나라 API 키가 모두 소진되었습니다. 크롤링이 중단됩니다.
2026-05-13 19:42:23,076 [ERROR] ApprovalRadar - Failed to fetch or update 20260496147: All API keys are exhausted for today.
2026-05-13 19:42:23,076 [INFO] ApprovalRadar - [키 회전] API 한도 초과! 새로운 키로 교체: ba698***
2026-05-13 19:42:23,077 [WARNING] ApprovalRadar - 키 회전 후 3.0초 대기...
2026-05-13 19:42:26,220 [ERROR] ApprovalRadar - 🚨 [긴급] 오늘자 식품나라 API 키가 모두 소진되었습니다. 크롤링이 중단됩니다.
2026-05-13 19:42:26,222 [INFO] ApprovalRadar - [키 회전] API 한도 초과! 새로운 키로 교체: 67f07***
2026-05-13 19:42:26,222 [ERROR] ApprovalRadar - Failed to fetch or update 20260688044: All API keys are exhausted for today.
2026-05-13 19:42:26,223 [WARNING] ApprovalRadar - 키 회전 후 3.0초 대기...
2026-05-13 19:42:29,359 [ERROR] ApprovalRadar - 🚨 [긴급] 오늘자 식품나라 API 키가 모두 소진되었습니다. 크롤링이 중단됩니다.
2026-05-13 19:42:29,359 [INFO] ApprovalRadar - [키 회전] API 한도 초과! 새로운 키로 교체: e7b3f***
2026-05-13 19:42:29,360 [ERROR] ApprovalRadar - Failed to fetch or update 20260529413: All API keys are exhausted for today.
2026-05-13 19:42:29,360 [WARNING] ApprovalRadar - 키 회전 후 3.0초 대기...
2026-05-13 19:42:32,483 [ERROR] ApprovalRadar - 🚨 [긴급] 오늘자 식품나라 API 키가 모두 소진되었습니다. 크롤링이 중단됩니다.
2026-05-13 19:42:32,483 [ERROR] ApprovalRadar - 🚨 [긴급] 오늘자 식품나라 API 키가 모두 소진되었습니다. 크롤링이 중단됩니다.
2026-05-13 19:42:32,484 [ERROR] ApprovalRadar - Failed to fetch or update 20260926321: All API keys are exhausted for today.
2026-05-13 19:42:32,484 [ERROR] ApprovalRadar - ❌ I2500 크롤러 스케줄 작업 중 치명적인 오류 발생: All API keys are exhausted for today.
2026-05-13 19:42:35,634 [ERROR] ApprovalRadar - 🚨 [긴급] 오늘자 식품나라 API 키가 모두 소진되었습니다. 크롤링이 중단됩니다.
2026-05-13 19:42:35,635 [ERROR] ApprovalRadar - Failed to fetch or update 20260555070: All API keys are exhausted for today.
2026-05-13 19:42:38,772 [ERROR] ApprovalRadar - 🚨 [긴급] 오늘자 식품나라 API 키가 모두 소진되었습니다. 크롤링이 중단됩니다.
2026-05-13 19:42:38,773 [ERROR] ApprovalRadar - Failed to fetch or update 20260787251: All API keys are exhausted for today.
2026-05-13 19:42:41,902 [ERROR] ApprovalRadar - 🚨 [긴급] 오늘자 식품나라 API 키가 모두 소진되었습니다. 크롤링이 중단됩니다.
2026-05-13 19:42:41,904 [ERROR] ApprovalRadar - Failed to fetch or update 20260121210: All API keys are exhausted for today.
2026-05-13 19:42:45,044 [ERROR] ApprovalRadar - 🚨 [긴급] 오늘자 식품나라 API 키가 모두 소진되었습니다. 크롤링이 중단됩니다.
2026-05-13 19:42:45,045 [ERROR] ApprovalRadar - Failed to fetch or update 20260926319: All API keys are exhausted for today.
2026-05-13 19:42:48,085 [ERROR] ApprovalRadar - 🚨 [긴급] 오늘자 식품나라 API 키가 모두 소진되었습니다. 크롤링이 중단됩니다.
2026-05-13 19:42:48,086 [ERROR] ApprovalRadar - Failed to fetch or update 20260664563: All API keys are exhausted for today.
2026-05-13 19:42:51,138 [ERROR] ApprovalRadar - 🚨 [긴급] 오늘자 식품나라 API 키가 모두 소진되었습니다. 크롤링이 중단됩니다.
2026-05-13 19:42:51,139 [ERROR] ApprovalRadar - Failed to fetch or update 20260834073: All API keys are exhausted for today.
2026-05-13 19:42:54,202 [ERROR] ApprovalRadar - 🚨 [긴급] 오늘자 식품나라 API 키가 모두 소진되었습니다. 크롤링이 중단됩니다.
2026-05-13 19:42:54,204 [ERROR] ApprovalRadar - Failed to fetch or update 20260517461: All API keys are exhausted for today.
2026-05-13 19:42:57,253 [ERROR] ApprovalRadar - 🚨 [긴급] 오늘자 식품나라 API 키가 모두 소진되었습니다. 크롤링이 중단됩니다.
2026-05-13 19:42:57,255 [ERROR] ApprovalRadar - Failed to fetch or update 20260342644: All API keys are exhausted for today.
2026-05-13 19:43:00,319 [ERROR] ApprovalRadar - 🚨 [긴급] 오늘자 식품나라 API 키가 모두 소진되었습니다. 크롤링이 중단됩니다.
2026-05-13 19:43:00,321 [ERROR] ApprovalRadar - Failed to fetch or update 20260342653: All API keys are exhausted for today.
2026-05-13 19:43:03,461 [ERROR] ApprovalRadar - 🚨 [긴급] 오늘자 식품나라 API 키가 모두 소진되었습니다. 크롤링이 중단됩니다.
2026-05-13 19:43:03,462 [ERROR] ApprovalRadar - Failed to fetch or update 20260342681: All API keys are exhausted for today.
2026-05-13 19:43:06,570 [ERROR] ApprovalRadar - 🚨 [긴급] 오늘자 식품나라 API 키가 모두 소진되었습니다. 크롤링이 중단됩니다.
2026-05-13 19:43:06,571 [ERROR] ApprovalRadar - Failed to fetch or update 20260342666: All API keys are exhausted for today.
2026-05-13 19:43:09,704 [ERROR] ApprovalRadar - 🚨 [긴급] 오늘자 식품나라 API 키가 모두 소진되었습니다. 크롤링이 중단됩니다.
2026-05-13 19:43:09,704 [ERROR] ApprovalRadar - Failed to fetch or update 20260917187: All API keys are exhausted for today.
2026-05-13 19:43:12,850 [ERROR] ApprovalRadar - 🚨 [긴급] 오늘자 식품나라 API 키가 모두 소진되었습니다. 크롤링이 중단됩니다.
2026-05-13 19:43:12,851 [ERROR] ApprovalRadar - Failed to fetch or update 20260913211: All API keys are exhausted for today.
2026-05-13 19:43:15,981 [ERROR] ApprovalRadar - 🚨 [긴급] 오늘자 식품나라 API 키가 모두 소진되었습니다. 크롤링이 중단됩니다.
2026-05-13 19:43:15,982 [ERROR] ApprovalRadar - Failed to fetch or update 20260268449: All API keys are exhausted for today.
2026-05-13 19:43:19,126 [ERROR] ApprovalRadar - 🚨 [긴급] 오늘자 식품나라 API 키가 모두 소진되었습니다. 크롤링이 중단됩니다.
2026-05-13 19:43:19,128 [ERROR] ApprovalRadar - Failed to fetch or update 20260268473: All API keys are exhausted for today.
2026-05-13 19:43:22,273 [ERROR] ApprovalRadar - 🚨 [긴급] 오늘자 식품나라 API 키가 모두 소진되었습니다. 크롤링이 중단됩니다.
2026-05-13 19:43:22,273 [ERROR] ApprovalRadar - Failed to fetch or update 20260337507: All API keys are exhausted for today.
2026-05-13 19:43:25,316 [ERROR] ApprovalRadar - 🚨 [긴급] 오늘자 식품나라 API 키가 모두 소진되었습니다. 크롤링이 중단됩니다.
2026-05-13 19:43:25,317 [ERROR] ApprovalRadar - Failed to fetch or update 20260337518: All API keys are exhausted for today.
2026-05-13 19:43:28,353 [ERROR] ApprovalRadar - 🚨 [긴급] 오늘자 식품나라 API 키가 모두 소진되었습니다. 크롤링이 중단됩니다.
2026-05-13 19:43:28,354 [ERROR] ApprovalRadar - Failed to fetch or update 20260222430: All API keys are exhausted for today.
2026-05-13 19:43:31,392 [ERROR] ApprovalRadar - 🚨 [긴급] 오늘자 식품나라 API 키가 모두 소진되었습니다. 크롤링이 중단됩니다.
2026-05-13 19:43:31,393 [ERROR] ApprovalRadar - Failed to fetch or update 20260222434: All API keys are exhausted for today.
2026-05-13 19:43:34,463 [ERROR] ApprovalRadar - 🚨 [긴급] 오늘자 식품나라 API 키가 모두 소진되었습니다. 크롤링이 중단됩니다.
2026-05-13 19:43:34,464 [ERROR] ApprovalRadar - Failed to fetch or update 20260222401: All API keys are exhausted for today.
2026-05-13 19:43:37,524 [ERROR] ApprovalRadar - 🚨 [긴급] 오늘자 식품나라 API 키가 모두 소진되었습니다. 크롤링이 중단됩니다.
2026-05-13 19:43:37,525 [ERROR] ApprovalRadar - Failed to fetch or update 20260222421: All API keys are exhausted for today.
2026-05-13 19:43:40,642 [ERROR] ApprovalRadar - 🚨 [긴급] 오늘자 식품나라 API 키가 모두 소진되었습니다. 크롤링이 중단됩니다.
2026-05-13 19:43:40,643 [ERROR] ApprovalRadar - Failed to fetch or update 20260222423: All API keys are exhausted for today.
2026-05-13 19:43:43,786 [ERROR] ApprovalRadar - 🚨 [긴급] 오늘자 식품나라 API 키가 모두 소진되었습니다. 크롤링이 중단됩니다.
2026-05-13 19:43:43,787 [ERROR] ApprovalRadar - Failed to fetch or update 20260222440: All API keys are exhausted for today.
2026-05-13 19:43:46,907 [ERROR] ApprovalRadar - 🚨 [긴급] 오늘자 식품나라 API 키가 모두 소진되었습니다. 크롤링이 중단됩니다.
2026-05-13 19:43:46,908 [ERROR] ApprovalRadar - Failed to fetch or update 20260219383: All API keys are exhausted for today.
2026-05-13 19:43:50,056 [ERROR] ApprovalRadar - 🚨 [긴급] 오늘자 식품나라 API 키가 모두 소진되었습니다. 크롤링이 중단됩니다.
2026-05-13 19:43:50,059 [ERROR] ApprovalRadar - Failed to fetch or update 20260219417: All API keys are exhausted for today.
2026-05-13 19:43:53,199 [ERROR] ApprovalRadar - 🚨 [긴급] 오늘자 식품나라 API 키가 모두 소진되었습니다. 크롤링이 중단됩니다.
2026-05-13 19:43:53,200 [ERROR] ApprovalRadar - Failed to fetch or update 20260219418: All API keys are exhausted for today.
2026-05-13 19:43:56,260 [ERROR] ApprovalRadar - 🚨 [긴급] 오늘자 식품나라 API 키가 모두 소진되었습니다. 크롤링이 중단됩니다.
2026-05-13 19:43:56,261 [ERROR] ApprovalRadar - Failed to fetch or update 20260219409: All API keys are exhausted for today.
2026-05-13 19:43:59,302 [ERROR] ApprovalRadar - 🚨 [긴급] 오늘자 식품나라 API 키가 모두 소진되었습니다. 크롤링이 중단됩니다.
2026-05-13 19:43:59,302 [ERROR] ApprovalRadar - Failed to fetch or update 20260704201: All API keys are exhausted for today.
2026-05-13 19:44:02,357 [ERROR] ApprovalRadar - 🚨 [긴급] 오늘자 식품나라 API 키가 모두 소진되었습니다. 크롤링이 중단됩니다.
2026-05-13 19:44:02,359 [ERROR] ApprovalRadar - Failed to fetch or update 20260704206: All API keys are exhausted for today.
2026-05-13 19:44:05,429 [ERROR] ApprovalRadar - 🚨 [긴급] 오늘자 식품나라 API 키가 모두 소진되었습니다. 크롤링이 중단됩니다.
2026-05-13 19:44:05,431 [ERROR] ApprovalRadar - Failed to fetch or update 20260704187: All API keys are exhausted for today.
2026-05-13 19:44:08,496 [ERROR] ApprovalRadar - 🚨 [긴급] 오늘자 식품나라 API 키가 모두 소진되었습니다. 크롤링이 중단됩니다.
2026-05-13 19:44:08,497 [ERROR] ApprovalRadar - Failed to fetch or update 20260704213: All API keys are exhausted for today.
2026-05-13 19:44:11,577 [ERROR] ApprovalRadar - 🚨 [긴급] 오늘자 식품나라 API 키가 모두 소진되었습니다. 크롤링이 중단됩니다.
2026-05-13 19:44:11,578 [ERROR] ApprovalRadar - Failed to fetch or update 20260832044: All API keys are exhausted for today.
2026-05-13 19:44:14,719 [ERROR] ApprovalRadar - 🚨 [긴급] 오늘자 식품나라 API 키가 모두 소진되었습니다. 크롤링이 중단됩니다.
2026-05-13 19:44:14,720 [ERROR] ApprovalRadar - Failed to fetch or update 20260832030: All API keys are exhausted for today.
2026-05-13 19:44:17,869 [ERROR] ApprovalRadar - 🚨 [긴급] 오늘자 식품나라 API 키가 모두 소진되었습니다. 크롤링이 중단됩니다.
2026-05-13 19:44:17,871 [ERROR] ApprovalRadar - Failed to fetch or update 20260832047: All API keys are exhausted for today.
2026-05-13 19:44:21,008 [ERROR] ApprovalRadar - 🚨 [긴급] 오늘자 식품나라 API 키가 모두 소진되었습니다. 크롤링이 중단됩니다.
2026-05-13 19:44:21,008 [ERROR] ApprovalRadar - Failed to fetch or update 20260832036: All API keys are exhausted for today.
2026-05-13 19:44:24,136 [ERROR] ApprovalRadar - 🚨 [긴급] 오늘자 식품나라 API 키가 모두 소진되었습니다. 크롤링이 중단됩니다.
2026-05-13 19:44:24,137 [ERROR] ApprovalRadar - Failed to fetch or update 20260832033: All API keys are exhausted for today.
2026-05-13 19:44:27,281 [ERROR] ApprovalRadar - 🚨 [긴급] 오늘자 식품나라 API 키가 모두 소진되었습니다. 크롤링이 중단됩니다.
2026-05-13 19:44:27,283 [ERROR] ApprovalRadar - Failed to fetch or update 20260832042: All API keys are exhausted for today.
2026-05-13 19:44:30,428 [ERROR] ApprovalRadar - 🚨 [긴급] 오늘자 식품나라 API 키가 모두 소진되었습니다. 크롤링이 중단됩니다.
2026-05-13 19:44:30,428 [ERROR] ApprovalRadar - Failed to fetch or update 20260832043: All API keys are exhausted for today.
2026-05-13 19:44:33,573 [ERROR] ApprovalRadar - 🚨 [긴급] 오늘자 식품나라 API 키가 모두 소진되었습니다. 크롤링이 중단됩니다.
2026-05-13 19:44:33,574 [ERROR] ApprovalRadar - Failed to fetch or update 20260832039: All API keys are exhausted for today.
2026-05-13 19:44:36,719 [ERROR] ApprovalRadar - 🚨 [긴급] 오늘자 식품나라 API 키가 모두 소진되었습니다. 크롤링이 중단됩니다.
2026-05-13 19:44:36,720 [ERROR] ApprovalRadar - Failed to fetch or update 20260832040: All API keys are exhausted for today.
2026-05-13 19:44:39,862 [ERROR] ApprovalRadar - 🚨 [긴급] 오늘자 식품나라 API 키가 모두 소진되었습니다. 크롤링이 중단됩니다.
2026-05-13 19:44:39,863 [ERROR] ApprovalRadar - Failed to fetch or update 20260832031: All API keys are exhausted for today.
2026-05-13 19:44:42,921 [ERROR] ApprovalRadar - 🚨 [긴급] 오늘자 식품나라 API 키가 모두 소진되었습니다. 크롤링이 중단됩니다.
2026-05-13 19:44:42,922 [ERROR] ApprovalRadar - Failed to fetch or update 20260832045: All API keys are exhausted for today.
2026-05-13 19:44:45,978 [ERROR] ApprovalRadar - 🚨 [긴급] 오늘자 식품나라 API 키가 모두 소진되었습니다. 크롤링이 중단됩니다.
2026-05-13 19:44:45,979 [ERROR] ApprovalRadar - Failed to fetch or update 20260832041: All API keys are exhausted for today.
2026-05-13 19:44:49,036 [ERROR] ApprovalRadar - 🚨 [긴급] 오늘자 식품나라 API 키가 모두 소진되었습니다. 크롤링이 중단됩니다.
2026-05-13 19:44:49,037 [ERROR] ApprovalRadar - Failed to fetch or update 20260832035: All API keys are exhausted for today.
2026-05-13 19:44:52,109 [ERROR] ApprovalRadar - 🚨 [긴급] 오늘자 식품나라 API 키가 모두 소진되었습니다. 크롤링이 중단됩니다.
2026-05-13 19:44:52,110 [ERROR] ApprovalRadar - Failed to fetch or update 20260832038: All API keys are exhausted for today.
2026-05-13 19:44:55,169 [ERROR] ApprovalRadar - 🚨 [긴급] 오늘자 식품나라 API 키가 모두 소진되었습니다. 크롤링이 중단됩니다.
2026-05-13 19:44:55,170 [ERROR] ApprovalRadar - Failed to fetch or update 20260832028: All API keys are exhausted for today.
2026-05-13 19:44:58,234 [ERROR] ApprovalRadar - 🚨 [긴급] 오늘자 식품나라 API 키가 모두 소진되었습니다. 크롤링이 중단됩니다.
2026-05-13 19:44:58,235 [ERROR] ApprovalRadar - Failed to fetch or update 20260310285: All API keys are exhausted for today.
2026-05-13 19:45:00,092 [INFO] ApprovalRadar - Test trigger invoked via CLI or internal call.
2026-05-13 19:45:01,374 [ERROR] ApprovalRadar - 🚨 [긴급] 오늘자 식품나라 API 키가 모두 소진되었습니다. 크롤링이 중단됩니다.
2026-05-13 19:45:01,376 [ERROR] ApprovalRadar - Failed to fetch or update 20260310338: All API keys are exhausted for today.
2026-05-13 19:45:04,524 [ERROR] ApprovalRadar - 🚨 [긴급] 오늘자 식품나라 API 키가 모두 소진되었습니다. 크롤링이 중단됩니다.
2026-05-13 19:45:04,525 [ERROR] ApprovalRadar - Failed to fetch or update 20260310352: All API keys are exhausted for today.
2026-05-13 19:45:07,669 [ERROR] ApprovalRadar - 🚨 [긴급] 오늘자 식품나라 API 키가 모두 소진되었습니다. 크롤링이 중단됩니다.
2026-05-13 19:45:07,671 [ERROR] ApprovalRadar - Failed to fetch or update 20260664452: All API keys are exhausted for today.
2026-05-13 19:45:10,708 [ERROR] ApprovalRadar - 🚨 [긴급] 오늘자 식품나라 API 키가 모두 소진되었습니다. 크롤링이 중단됩니다.
2026-05-13 19:45:10,710 [ERROR] ApprovalRadar - Failed to fetch or update 20260664518: All API keys are exhausted for today.
2026-05-13 19:45:13,750 [ERROR] ApprovalRadar - 🚨 [긴급] 오늘자 식품나라 API 키가 모두 소진되었습니다. 크롤링이 중단됩니다.
2026-05-13 19:45:13,752 [ERROR] ApprovalRadar - Failed to fetch or update 20260664461: All API keys are exhausted for today.
2026-05-13 19:45:16,807 [ERROR] ApprovalRadar - 🚨 [긴급] 오늘자 식품나라 API 키가 모두 소진되었습니다. 크롤링이 중단됩니다.
2026-05-13 19:45:16,808 [ERROR] ApprovalRadar - Failed to fetch or update 20260664476: All API keys are exhausted for today.
2026-05-13 19:45:19,870 [ERROR] ApprovalRadar - 🚨 [긴급] 오늘자 식품나라 API 키가 모두 소진되었습니다. 크롤링이 중단됩니다.
2026-05-13 19:45:19,870 [ERROR] ApprovalRadar - Failed to fetch or update 20260590328: All API keys are exhausted for today.
2026-05-13 19:45:22,936 [ERROR] ApprovalRadar - 🚨 [긴급] 오늘자 식품나라 API 키가 모두 소진되었습니다. 크롤링이 중단됩니다.
2026-05-13 19:45:22,937 [ERROR] ApprovalRadar - Failed to fetch or update 20260408396: All API keys are exhausted for today.
2026-05-13 19:45:26,047 [ERROR] ApprovalRadar - 🚨 [긴급] 오늘자 식품나라 API 키가 모두 소진되었습니다. 크롤링이 중단됩니다.
2026-05-13 19:45:26,049 [ERROR] ApprovalRadar - Failed to fetch or update 20260408482: All API keys are exhausted for today.
2026-05-13 19:45:29,163 [ERROR] ApprovalRadar - 🚨 [긴급] 오늘자 식품나라 API 키가 모두 소진되었습니다. 크롤링이 중단됩니다.
2026-05-13 19:45:29,165 [ERROR] ApprovalRadar - Failed to fetch or update 20260408507: All API keys are exhausted for today.
2026-05-13 19:45:32,297 [ERROR] ApprovalRadar - 🚨 [긴급] 오늘자 식품나라 API 키가 모두 소진되었습니다. 크롤링이 중단됩니다.
2026-05-13 19:45:32,299 [ERROR] ApprovalRadar - Failed to fetch or update 20260408503: All API keys are exhausted for today.
2026-05-13 19:45:35,341 [ERROR] ApprovalRadar - 🚨 [긴급] 오늘자 식품나라 API 키가 모두 소진되었습니다. 크롤링이 중단됩니다.
2026-05-13 19:45:35,343 [ERROR] ApprovalRadar - Failed to fetch or update 20260507763: All API keys are exhausted for today.
2026-05-13 19:45:38,408 [ERROR] ApprovalRadar - 🚨 [긴급] 오늘자 식품나라 API 키가 모두 소진되었습니다. 크롤링이 중단됩니다.
2026-05-13 19:45:38,410 [ERROR] ApprovalRadar - Failed to fetch or update 20260418161: All API keys are exhausted for today.
2026-05-13 19:45:41,480 [ERROR] ApprovalRadar - 🚨 [긴급] 오늘자 식품나라 API 키가 모두 소진되었습니다. 크롤링이 중단됩니다.
2026-05-13 19:45:41,482 [ERROR] ApprovalRadar - Failed to fetch or update 20260418177: All API keys are exhausted for today.
2026-05-13 19:45:44,540 [ERROR] ApprovalRadar - 🚨 [긴급] 오늘자 식품나라 API 키가 모두 소진되었습니다. 크롤링이 중단됩니다.
2026-05-13 19:45:44,541 [ERROR] ApprovalRadar - Failed to fetch or update 20260418147: All API keys are exhausted for today.
2026-05-13 19:45:47,582 [ERROR] ApprovalRadar - 🚨 [긴급] 오늘자 식품나라 API 키가 모두 소진되었습니다. 크롤링이 중단됩니다.
2026-05-13 19:45:47,584 [ERROR] ApprovalRadar - Failed to fetch or update 20260582332: All API keys are exhausted for today.
2026-05-13 19:45:50,687 [ERROR] ApprovalRadar - 🚨 [긴급] 오늘자 식품나라 API 키가 모두 소진되었습니다. 크롤링이 중단됩니다.
2026-05-13 19:45:50,688 [ERROR] ApprovalRadar - Failed to fetch or update 20260582498: All API keys are exhausted for today.
2026-05-13 19:45:53,840 [ERROR] ApprovalRadar - 🚨 [긴급] 오늘자 식품나라 API 키가 모두 소진되었습니다. 크롤링이 중단됩니다.
2026-05-13 19:45:53,841 [ERROR] ApprovalRadar - Failed to fetch or update 20260582502: All API keys are exhausted for today.
2026-05-13 19:45:56,961 [ERROR] ApprovalRadar - 🚨 [긴급] 오늘자 식품나라 API 키가 모두 소진되었습니다. 크롤링이 중단됩니다.
2026-05-13 19:45:56,962 [ERROR] ApprovalRadar - Failed to fetch or update 20260582468: All API keys are exhausted for today.
2026-05-13 19:46:00,091 [ERROR] ApprovalRadar - 🚨 [긴급] 오늘자 식품나라 API 키가 모두 소진되었습니다. 크롤링이 중단됩니다.
2026-05-13 19:46:00,092 [ERROR] ApprovalRadar - Failed to fetch or update 20260403565: All API keys are exhausted for today.
2026-05-13 19:46:03,227 [ERROR] ApprovalRadar - 🚨 [긴급] 오늘자 식품나라 API 키가 모두 소진되었습니다. 크롤링이 중단됩니다.
2026-05-13 19:46:03,229 [ERROR] ApprovalRadar - Failed to fetch or update 20260403483: All API keys are exhausted for today.
2026-05-13 19:46:06,365 [ERROR] ApprovalRadar - 🚨 [긴급] 오늘자 식품나라 API 키가 모두 소진되었습니다. 크롤링이 중단됩니다.
2026-05-13 19:46:06,366 [ERROR] ApprovalRadar - Failed to fetch or update 20260403557: All API keys are exhausted for today.
2026-05-13 19:46:09,511 [ERROR] ApprovalRadar - 🚨 [긴급] 오늘자 식품나라 API 키가 모두 소진되었습니다. 크롤링이 중단됩니다.
2026-05-13 19:46:09,512 [ERROR] ApprovalRadar - Failed to fetch or update 20260543435: All API keys are exhausted for today.
2026-05-13 19:46:12,571 [ERROR] ApprovalRadar - 🚨 [긴급] 오늘자 식품나라 API 키가 모두 소진되었습니다. 크롤링이 중단됩니다.
2026-05-13 19:46:12,572 [ERROR] ApprovalRadar - Failed to fetch or update 20260543444: All API keys are exhausted for today.
2026-05-13 19:46:15,628 [ERROR] ApprovalRadar - 🚨 [긴급] 오늘자 식품나라 API 키가 모두 소진되었습니다. 크롤링이 중단됩니다.
2026-05-13 19:46:15,629 [ERROR] ApprovalRadar - Failed to fetch or update 20260543454: All API keys are exhausted for today.
2026-05-13 19:46:18,697 [ERROR] ApprovalRadar - 🚨 [긴급] 오늘자 식품나라 API 키가 모두 소진되었습니다. 크롤링이 중단됩니다.
2026-05-13 19:46:18,698 [ERROR] ApprovalRadar - Failed to fetch or update 20260391241: All API keys are exhausted for today.
2026-05-13 19:46:21,759 [ERROR] ApprovalRadar - 🚨 [긴급] 오늘자 식품나라 API 키가 모두 소진되었습니다. 크롤링이 중단됩니다.
2026-05-13 19:46:21,760 [ERROR] ApprovalRadar - Failed to fetch or update 20260382228: All API keys are exhausted for today.
2026-05-13 19:46:24,821 [ERROR] ApprovalRadar - 🚨 [긴급] 오늘자 식품나라 API 키가 모두 소진되었습니다. 크롤링이 중단됩니다.
2026-05-13 19:46:24,822 [ERROR] ApprovalRadar - Failed to fetch or update 20260385226: All API keys are exhausted for today.
2026-05-13 19:46:27,915 [ERROR] ApprovalRadar - 🚨 [긴급] 오늘자 식품나라 API 키가 모두 소진되었습니다. 크롤링이 중단됩니다.
2026-05-13 19:46:27,916 [ERROR] ApprovalRadar - Failed to fetch or update 20260385235: All API keys are exhausted for today.
2026-05-13 19:46:31,029 [ERROR] ApprovalRadar - 🚨 [긴급] 오늘자 식품나라 API 키가 모두 소진되었습니다. 크롤링이 중단됩니다.
2026-05-13 19:46:31,030 [ERROR] ApprovalRadar - Failed to fetch or update 20260391243: All API keys are exhausted for today.
2026-05-13 19:46:34,066 [ERROR] ApprovalRadar - 🚨 [긴급] 오늘자 식품나라 API 키가 모두 소진되었습니다. 크롤링이 중단됩니다.
2026-05-13 19:46:34,067 [ERROR] ApprovalRadar - Failed to fetch or update 20260385227: All API keys are exhausted for today.
2026-05-13 19:46:37,122 [ERROR] ApprovalRadar - 🚨 [긴급] 오늘자 식품나라 API 키가 모두 소진되었습니다. 크롤링이 중단됩니다.
2026-05-13 19:46:37,122 [ERROR] ApprovalRadar - Failed to fetch or update 20260050323: All API keys are exhausted for today.
2026-05-13 19:46:40,158 [ERROR] ApprovalRadar - 🚨 [긴급] 오늘자 식품나라 API 키가 모두 소진되었습니다. 크롤링이 중단됩니다.
2026-05-13 19:46:40,159 [ERROR] ApprovalRadar - Failed to fetch or update 20260050310: All API keys are exhausted for today.
2026-05-13 19:46:43,220 [ERROR] ApprovalRadar - 🚨 [긴급] 오늘자 식품나라 API 키가 모두 소진되었습니다. 크롤링이 중단됩니다.
2026-05-13 19:46:43,221 [ERROR] ApprovalRadar - Failed to fetch or update 20260050316: All API keys are exhausted for today.
2026-05-13 19:46:46,278 [ERROR] ApprovalRadar - 🚨 [긴급] 오늘자 식품나라 API 키가 모두 소진되었습니다. 크롤링이 중단됩니다.
2026-05-13 19:46:46,279 [ERROR] ApprovalRadar - Failed to fetch or update 20260050354: All API keys are exhausted for today.
2026-05-13 19:46:49,402 [ERROR] ApprovalRadar - 🚨 [긴급] 오늘자 식품나라 API 키가 모두 소진되었습니다. 크롤링이 중단됩니다.
2026-05-13 19:46:49,403 [ERROR] ApprovalRadar - Failed to fetch or update 20260050336: All API keys are exhausted for today.
2026-05-13 19:46:52,535 [ERROR] ApprovalRadar - 🚨 [긴급] 오늘자 식품나라 API 키가 모두 소진되었습니다. 크롤링이 중단됩니다.
2026-05-13 19:46:52,536 [ERROR] ApprovalRadar - Failed to fetch or update 20260045564: All API keys are exhausted for today.
2026-05-13 19:46:55,665 [ERROR] ApprovalRadar - 🚨 [긴급] 오늘자 식품나라 API 키가 모두 소진되었습니다. 크롤링이 중단됩니다.
2026-05-13 19:46:55,667 [ERROR] ApprovalRadar - Failed to fetch or update 20260045599: All API keys are exhausted for today.
2026-05-13 19:46:58,815 [ERROR] ApprovalRadar - 🚨 [긴급] 오늘자 식품나라 API 키가 모두 소진되었습니다. 크롤링이 중단됩니다.
2026-05-13 19:46:58,816 [ERROR] ApprovalRadar - Failed to fetch or update 20260045586: All API keys are exhausted for today.
2026-05-13 19:47:01,961 [ERROR] ApprovalRadar - 🚨 [긴급] 오늘자 식품나라 API 키가 모두 소진되었습니다. 크롤링이 중단됩니다.
2026-05-13 19:47:01,962 [ERROR] ApprovalRadar - Failed to fetch or update 20260045593: All API keys are exhausted for today.
2026-05-13 19:47:05,107 [ERROR] ApprovalRadar - 🚨 [긴급] 오늘자 식품나라 API 키가 모두 소진되었습니다. 크롤링이 중단됩니다.
2026-05-13 19:47:05,109 [ERROR] ApprovalRadar - Failed to fetch or update 20260093381: All API keys are exhausted for today.
2026-05-13 19:47:08,248 [ERROR] ApprovalRadar - 🚨 [긴급] 오늘자 식품나라 API 키가 모두 소진되었습니다. 크롤링이 중단됩니다.
2026-05-13 19:47:08,249 [ERROR] ApprovalRadar - Failed to fetch or update 20260062387: All API keys are exhausted for today.
2026-05-13 19:47:11,285 [ERROR] ApprovalRadar - 🚨 [긴급] 오늘자 식품나라 API 키가 모두 소진되었습니다. 크롤링이 중단됩니다.
2026-05-13 19:47:11,286 [ERROR] ApprovalRadar - Failed to fetch or update 20260062386: All API keys are exhausted for today.
2026-05-13 19:47:14,325 [ERROR] ApprovalRadar - 🚨 [긴급] 오늘자 식품나라 API 키가 모두 소진되었습니다. 크롤링이 중단됩니다.
2026-05-13 19:47:14,326 [ERROR] ApprovalRadar - Failed to fetch or update 20260076229: All API keys are exhausted for today.
2026-05-13 19:47:17,384 [ERROR] ApprovalRadar - 🚨 [긴급] 오늘자 식품나라 API 키가 모두 소진되었습니다. 크롤링이 중단됩니다.
2026-05-13 19:47:17,386 [ERROR] ApprovalRadar - Failed to fetch or update 20260076251: All API keys are exhausted for today.
2026-05-13 19:47:20,455 [ERROR] ApprovalRadar - 🚨 [긴급] 오늘자 식품나라 API 키가 모두 소진되었습니다. 크롤링이 중단됩니다.
2026-05-13 19:47:20,457 [ERROR] ApprovalRadar - Failed to fetch or update 20260104471: All API keys are exhausted for today.
2026-05-13 19:47:23,513 [ERROR] ApprovalRadar - 🚨 [긴급] 오늘자 식품나라 API 키가 모두 소진되었습니다. 크롤링이 중단됩니다.
2026-05-13 19:47:23,514 [ERROR] ApprovalRadar - Failed to fetch or update 20260104485: All API keys are exhausted for today.
2026-05-13 19:47:26,612 [ERROR] ApprovalRadar - 🚨 [긴급] 오늘자 식품나라 API 키가 모두 소진되었습니다. 크롤링이 중단됩니다.
2026-05-13 19:47:26,613 [ERROR] ApprovalRadar - Failed to fetch or update 20260058373: All API keys are exhausted for today.
2026-05-13 19:47:26,613 [INFO] ApprovalRadar - [진척도] 100/2403 처리 완료 (성공: 0, 실패: 100)
2026-05-13 19:47:29,754 [ERROR] ApprovalRadar - 🚨 [긴급] 오늘자 식품나라 API 키가 모두 소진되었습니다. 크롤링이 중단됩니다.
2026-05-13 19:47:29,757 [ERROR] ApprovalRadar - Failed to fetch or update 20260058329: All API keys are exhausted for today.
2026-05-13 19:47:32,896 [ERROR] ApprovalRadar - 🚨 [긴급] 오늘자 식품나라 API 키가 모두 소진되었습니다. 크롤링이 중단됩니다.
2026-05-13 19:47:32,897 [ERROR] ApprovalRadar - Failed to fetch or update 20260072359: All API keys are exhausted for today.
2026-05-13 19:47:36,039 [ERROR] ApprovalRadar - 🚨 [긴급] 오늘자 식품나라 API 키가 모두 소진되었습니다. 크롤링이 중단됩니다.
2026-05-13 19:47:36,040 [ERROR] ApprovalRadar - Failed to fetch or update 20260072355: All API keys are exhausted for today.
2026-05-13 19:47:39,074 [ERROR] ApprovalRadar - 🚨 [긴급] 오늘자 식품나라 API 키가 모두 소진되었습니다. 크롤링이 중단됩니다.
2026-05-13 19:47:39,076 [ERROR] ApprovalRadar - Failed to fetch or update 20260072360: All API keys are exhausted for today.
2026-05-13 19:47:42,115 [ERROR] ApprovalRadar - 🚨 [긴급] 오늘자 식품나라 API 키가 모두 소진되었습니다. 크롤링이 중단됩니다.
2026-05-13 19:47:42,116 [ERROR] ApprovalRadar - Failed to fetch or update 20260089338: All API keys are exhausted for today.
2026-05-13 19:47:45,176 [ERROR] ApprovalRadar - 🚨 [긴급] 오늘자 식품나라 API 키가 모두 소진되었습니다. 크롤링이 중단됩니다.
2026-05-13 19:47:45,177 [ERROR] ApprovalRadar - Failed to fetch or update 20260161579: All API keys are exhausted for today.
2026-05-13 19:47:48,236 [ERROR] ApprovalRadar - 🚨 [긴급] 오늘자 식품나라 API 키가 모두 소진되었습니다. 크롤링이 중단됩니다.
2026-05-13 19:47:48,237 [ERROR] ApprovalRadar - Failed to fetch or update 20260161588: All API keys are exhausted for today.
2026-05-13 19:47:51,295 [ERROR] ApprovalRadar - 🚨 [긴급] 오늘자 식품나라 API 키가 모두 소진되었습니다. 크롤링이 중단됩니다.
2026-05-13 19:47:51,296 [ERROR] ApprovalRadar - Failed to fetch or update 20260161568: All API keys are exhausted for today.
2026-05-13 19:47:54,414 [ERROR] ApprovalRadar - 🚨 [긴급] 오늘자 식품나라 API 키가 모두 소진되었습니다. 크롤링이 중단됩니다.
2026-05-13 19:47:54,415 [ERROR] ApprovalRadar - Failed to fetch or update 20260136701: All API keys are exhausted for today.
2026-05-13 19:47:57,551 [ERROR] ApprovalRadar - 🚨 [긴급] 오늘자 식품나라 API 키가 모두 소진되었습니다. 크롤링이 중단됩니다.
2026-05-13 19:47:57,552 [ERROR] ApprovalRadar - Failed to fetch or update 20260136867: All API keys are exhausted for today.
2026-05-13 19:48:00,684 [ERROR] ApprovalRadar - 🚨 [긴급] 오늘자 식품나라 API 키가 모두 소진되었습니다. 크롤링이 중단됩니다.
2026-05-13 19:48:00,685 [ERROR] ApprovalRadar - Failed to fetch or update 20260136854: All API keys are exhausted for today.
2026-05-13 19:48:03,827 [ERROR] ApprovalRadar - 🚨 [긴급] 오늘자 식품나라 API 키가 모두 소진되었습니다. 크롤링이 중단됩니다.
2026-05-13 19:48:03,828 [ERROR] ApprovalRadar - Failed to fetch or update 20260121784: All API keys are exhausted for today.
2026-05-13 19:48:06,970 [ERROR] ApprovalRadar - 🚨 [긴급] 오늘자 식품나라 API 키가 모두 소진되었습니다. 크롤링이 중단됩니다.
2026-05-13 19:48:06,971 [ERROR] ApprovalRadar - Failed to fetch or update 20260121768: All API keys are exhausted for today.
2026-05-13 19:48:10,115 [ERROR] ApprovalRadar - 🚨 [긴급] 오늘자 식품나라 API 키가 모두 소진되었습니다. 크롤링이 중단됩니다.
2026-05-13 19:48:10,116 [ERROR] ApprovalRadar - Failed to fetch or update 20260121811: All API keys are exhausted for today.
2026-05-13 19:48:13,148 [ERROR] ApprovalRadar - 🚨 [긴급] 오늘자 식품나라 API 키가 모두 소진되었습니다. 크롤링이 중단됩니다.
2026-05-13 19:48:13,149 [ERROR] ApprovalRadar - Failed to fetch or update 20260121830: All API keys are exhausted for today.
2026-05-13 19:48:16,194 [ERROR] ApprovalRadar - 🚨 [긴급] 오늘자 식품나라 API 키가 모두 소진되었습니다. 크롤링이 중단됩니다.
2026-05-13 19:48:16,196 [ERROR] ApprovalRadar - Failed to fetch or update 20260121688: All API keys are exhausted for today.
2026-05-13 19:48:19,256 [ERROR] ApprovalRadar - 🚨 [긴급] 오늘자 식품나라 API 키가 모두 소진되었습니다. 크롤링이 중단됩니다.
2026-05-13 19:48:19,259 [ERROR] ApprovalRadar - Failed to fetch or update 20260121800: All API keys are exhausted for today.
2026-05-13 19:48:22,317 [ERROR] ApprovalRadar - 🚨 [긴급] 오늘자 식품나라 API 키가 모두 소진되었습니다. 크롤링이 중단됩니다.
2026-05-13 19:48:22,318 [ERROR] ApprovalRadar - Failed to fetch or update 20260121815: All API keys are exhausted for today.
2026-05-13 19:48:25,374 [ERROR] ApprovalRadar - 🚨 [긴급] 오늘자 식품나라 API 키가 모두 소진되었습니다. 크롤링이 중단됩니다.
2026-05-13 19:48:25,375 [ERROR] ApprovalRadar - Failed to fetch or update 20260845272: All API keys are exhausted for today.
2026-05-13 19:48:28,485 [ERROR] ApprovalRadar - 🚨 [긴급] 오늘자 식품나라 API 키가 모두 소진되었습니다. 크롤링이 중단됩니다.
2026-05-13 19:48:28,486 [ERROR] ApprovalRadar - Failed to fetch or update 20260354399: All API keys are exhausted for today.
2026-05-13 19:48:31,611 [ERROR] ApprovalRadar - 🚨 [긴급] 오늘자 식품나라 API 키가 모두 소진되었습니다. 크롤링이 중단됩니다.
2026-05-13 19:48:31,612 [ERROR] ApprovalRadar - Failed to fetch or update 20260354429: All API keys are exhausted for today.
2026-05-13 19:48:34,742 [ERROR] ApprovalRadar - 🚨 [긴급] 오늘자 식품나라 API 키가 모두 소진되었습니다. 크롤링이 중단됩니다.
2026-05-13 19:48:34,743 [ERROR] ApprovalRadar - Failed to fetch or update 20260169141: All API keys are exhausted for today.
2026-05-13 19:48:37,891 [ERROR] ApprovalRadar - 🚨 [긴급] 오늘자 식품나라 API 키가 모두 소진되었습니다. 크롤링이 중단됩니다.
2026-05-13 19:48:37,893 [ERROR] ApprovalRadar - Failed to fetch or update 20260174128: All API keys are exhausted for today.
2026-05-13 19:48:41,034 [ERROR] ApprovalRadar - 🚨 [긴급] 오늘자 식품나라 API 키가 모두 소진되었습니다. 크롤링이 중단됩니다.
2026-05-13 19:48:41,037 [ERROR] ApprovalRadar - Failed to fetch or update 20260192475: All API keys are exhausted for today.
2026-05-13 19:48:44,177 [ERROR] ApprovalRadar - 🚨 [긴급] 오늘자 식품나라 API 키가 모두 소진되었습니다. 크롤링이 중단됩니다.
2026-05-13 19:48:44,178 [ERROR] ApprovalRadar - Failed to fetch or update 20260192533: All API keys are exhausted for today.
2026-05-13 19:48:47,236 [ERROR] ApprovalRadar - 🚨 [긴급] 오늘자 식품나라 API 키가 모두 소진되었습니다. 크롤링이 중단됩니다.
2026-05-13 19:48:47,237 [ERROR] ApprovalRadar - Failed to fetch or update 20260192522: All API keys are exhausted for today.
2026-05-13 19:48:50,297 [ERROR] ApprovalRadar - 🚨 [긴급] 오늘자 식품나라 API 키가 모두 소진되었습니다. 크롤링이 중단됩니다.
2026-05-13 19:48:50,298 [ERROR] ApprovalRadar - Failed to fetch or update 20260192545: All API keys are exhausted for today.
2026-05-13 19:48:53,353 [ERROR] ApprovalRadar - 🚨 [긴급] 오늘자 식품나라 API 키가 모두 소진되었습니다. 크롤링이 중단됩니다.
2026-05-13 19:48:53,355 [ERROR] ApprovalRadar - Failed to fetch or update 20260192546: All API keys are exhausted for today.
2026-05-13 19:48:56,396 [ERROR] ApprovalRadar - 🚨 [긴급] 오늘자 식품나라 API 키가 모두 소진되었습니다. 크롤링이 중단됩니다.
2026-05-13 19:48:56,398 [ERROR] ApprovalRadar - Failed to fetch or update 20260178490: All API keys are exhausted for today.
2026-05-13 19:48:59,463 [ERROR] ApprovalRadar - 🚨 [긴급] 오늘자 식품나라 API 키가 모두 소진되었습니다. 크롤링이 중단됩니다.
2026-05-13 19:48:59,466 [ERROR] ApprovalRadar - Failed to fetch or update 20260178473: All API keys are exhausted for today.
2026-05-13 19:49:02,577 [ERROR] ApprovalRadar - 🚨 [긴급] 오늘자 식품나라 API 키가 모두 소진되었습니다. 크롤링이 중단됩니다.
2026-05-13 19:49:02,579 [ERROR] ApprovalRadar - Failed to fetch or update 20260178370: All API keys are exhausted for today.
2026-05-13 19:49:05,718 [ERROR] ApprovalRadar - 🚨 [긴급] 오늘자 식품나라 API 키가 모두 소진되었습니다. 크롤링이 중단됩니다.
2026-05-13 19:49:05,719 [ERROR] ApprovalRadar - Failed to fetch or update 20260178360: All API keys are exhausted for today.
2026-05-13 19:49:08,833 [ERROR] ApprovalRadar - 🚨 [긴급] 오늘자 식품나라 API 키가 모두 소진되었습니다. 크롤링이 중단됩니다.
2026-05-13 19:49:08,834 [ERROR] ApprovalRadar - Failed to fetch or update 20260178375: All API keys are exhausted for today.
2026-05-13 19:49:11,974 [ERROR] ApprovalRadar - 🚨 [긴급] 오늘자 식품나라 API 키가 모두 소진되었습니다. 크롤링이 중단됩니다.
2026-05-13 19:49:11,975 [ERROR] ApprovalRadar - Failed to fetch or update 20260178449: All API keys are exhausted for today.
2026-05-13 19:49:15,155 [ERROR] ApprovalRadar - 🚨 [긴급] 오늘자 식품나라 API 키가 모두 소진되었습니다. 크롤링이 중단됩니다.
2026-05-13 19:49:15,156 [ERROR] ApprovalRadar - Failed to fetch or update 20260279379: All API keys are exhausted for today.
2026-05-13 19:49:18,272 [ERROR] ApprovalRadar - 🚨 [긴급] 오늘자 식품나라 API 키가 모두 소진되었습니다. 크롤링이 중단됩니다.
2026-05-13 19:49:18,273 [ERROR] ApprovalRadar - Failed to fetch or update 20260279386: All API keys are exhausted for today.
2026-05-13 19:49:21,398 [ERROR] ApprovalRadar - 🚨 [긴급] 오늘자 식품나라 API 키가 모두 소진되었습니다. 크롤링이 중단됩니다.
2026-05-13 19:49:21,399 [ERROR] ApprovalRadar - Failed to fetch or update 20260279361: All API keys are exhausted for today.
2026-05-13 19:49:24,435 [ERROR] ApprovalRadar - 🚨 [긴급] 오늘자 식품나라 API 키가 모두 소진되었습니다. 크롤링이 중단됩니다.
2026-05-13 19:49:24,436 [ERROR] ApprovalRadar - Failed to fetch or update 20260279370: All API keys are exhausted for today.
2026-05-13 19:49:27,502 [ERROR] ApprovalRadar - 🚨 [긴급] 오늘자 식품나라 API 키가 모두 소진되었습니다. 크롤링이 중단됩니다.
2026-05-13 19:49:27,503 [ERROR] ApprovalRadar - Failed to fetch or update 20260279400: All API keys are exhausted for today.
2026-05-13 19:49:30,583 [ERROR] ApprovalRadar - 🚨 [긴급] 오늘자 식품나라 API 키가 모두 소진되었습니다. 크롤링이 중단됩니다.
2026-05-13 19:49:30,584 [ERROR] ApprovalRadar - Failed to fetch or update 20260279388: All API keys are exhausted for today.
2026-05-13 19:49:33,646 [ERROR] ApprovalRadar - 🚨 [긴급] 오늘자 식품나라 API 키가 모두 소진되었습니다. 크롤링이 중단됩니다.
2026-05-13 19:49:33,647 [ERROR] ApprovalRadar - Failed to fetch or update 20260279369: All API keys are exhausted for today.
2026-05-13 19:49:36,680 [ERROR] ApprovalRadar - 🚨 [긴급] 오늘자 식품나라 API 키가 모두 소진되었습니다. 크롤링이 중단됩니다.
2026-05-13 19:49:36,681 [ERROR] ApprovalRadar - Failed to fetch or update 20260121684: All API keys are exhausted for today.
2026-05-13 19:49:39,801 [ERROR] ApprovalRadar - 🚨 [긴급] 오늘자 식품나라 API 키가 모두 소진되었습니다. 크롤링이 중단됩니다.
2026-05-13 19:49:39,802 [ERROR] ApprovalRadar - Failed to fetch or update 20260154696: All API keys are exhausted for today.
2026-05-13 19:49:42,945 [ERROR] ApprovalRadar - 🚨 [긴급] 오늘자 식품나라 API 키가 모두 소진되었습니다. 크롤링이 중단됩니다.
2026-05-13 19:49:42,946 [ERROR] ApprovalRadar - Failed to fetch or update 20260145160: All API keys are exhausted for today.
2026-05-13 19:49:46,093 [ERROR] ApprovalRadar - 🚨 [긴급] 오늘자 식품나라 API 키가 모두 소진되었습니다. 크롤링이 중단됩니다.
2026-05-13 19:49:46,095 [ERROR] ApprovalRadar - Failed to fetch or update 20260145381: All API keys are exhausted for today.
2026-05-13 19:49:49,239 [ERROR] ApprovalRadar - 🚨 [긴급] 오늘자 식품나라 API 키가 모두 소진되었습니다. 크롤링이 중단됩니다.
2026-05-13 19:49:49,240 [ERROR] ApprovalRadar - Failed to fetch or update 20260145358: All API keys are exhausted for today.
2026-05-13 19:49:52,388 [ERROR] ApprovalRadar - 🚨 [긴급] 오늘자 식품나라 API 키가 모두 소진되었습니다. 크롤링이 중단됩니다.
2026-05-13 19:49:52,389 [ERROR] ApprovalRadar - Failed to fetch or update 20260145235: All API keys are exhausted for today.
2026-05-13 19:49:55,568 [ERROR] ApprovalRadar - 🚨 [긴급] 오늘자 식품나라 API 키가 모두 소진되었습니다. 크롤링이 중단됩니다.
2026-05-13 19:49:55,569 [ERROR] ApprovalRadar - Failed to fetch or update 20260145340: All API keys are exhausted for today.
2026-05-13 19:49:58,670 [ERROR] ApprovalRadar - 🚨 [긴급] 오늘자 식품나라 API 키가 모두 소진되었습니다. 크롤링이 중단됩니다.
2026-05-13 19:49:58,671 [ERROR] ApprovalRadar - Failed to fetch or update 20260145291: All API keys are exhausted for today.
2026-05-13 19:50:01,800 [ERROR] ApprovalRadar - 🚨 [긴급] 오늘자 식품나라 API 키가 모두 소진되었습니다. 크롤링이 중단됩니다.
2026-05-13 19:50:01,802 [ERROR] ApprovalRadar - Failed to fetch or update 20260145226: All API keys are exhausted for today.
2026-05-13 19:50:04,935 [ERROR] ApprovalRadar - 🚨 [긴급] 오늘자 식품나라 API 키가 모두 소진되었습니다. 크롤링이 중단됩니다.
2026-05-13 19:50:04,936 [ERROR] ApprovalRadar - Failed to fetch or update 20260145331: All API keys are exhausted for today.
2026-05-13 19:50:08,076 [ERROR] ApprovalRadar - 🚨 [긴급] 오늘자 식품나라 API 키가 모두 소진되었습니다. 크롤링이 중단됩니다.
2026-05-13 19:50:08,077 [ERROR] ApprovalRadar - Failed to fetch or update 20260145288: All API keys are exhausted for today.
2026-05-13 19:50:11,120 [ERROR] ApprovalRadar - 🚨 [긴급] 오늘자 식품나라 API 키가 모두 소진되었습니다. 크롤링이 중단됩니다.
2026-05-13 19:50:11,120 [ERROR] ApprovalRadar - Failed to fetch or update 20260145418: All API keys are exhausted for today.
2026-05-13 19:50:14,166 [ERROR] ApprovalRadar - 🚨 [긴급] 오늘자 식품나라 API 키가 모두 소진되었습니다. 크롤링이 중단됩니다.
2026-05-13 19:50:14,168 [ERROR] ApprovalRadar - Failed to fetch or update 20260145341: All API keys are exhausted for today.
2026-05-13 19:50:14,964 [INFO] ApprovalRadar - Test trigger invoked via CLI or internal call.
2026-05-13 19:50:17,210 [ERROR] ApprovalRadar - 🚨 [긴급] 오늘자 식품나라 API 키가 모두 소진되었습니다. 크롤링이 중단됩니다.
2026-05-13 19:50:17,212 [ERROR] ApprovalRadar - Failed to fetch or update 20260310387: All API keys are exhausted for today.
2026-05-13 19:50:20,275 [ERROR] ApprovalRadar - 🚨 [긴급] 오늘자 식품나라 API 키가 모두 소진되었습니다. 크롤링이 중단됩니다.
2026-05-13 19:50:20,277 [ERROR] ApprovalRadar - Failed to fetch or update 20260431240: All API keys are exhausted for today.
2026-05-13 19:50:22,105 [INFO] ApprovalRadar - Test trigger invoked via CLI or internal call.
2026-05-13 19:50:23,319 [ERROR] ApprovalRadar - 🚨 [긴급] 오늘자 식품나라 API 키가 모두 소진되었습니다. 크롤링이 중단됩니다.
2026-05-13 19:50:23,321 [ERROR] ApprovalRadar - Failed to fetch or update 20260431270: All API keys are exhausted for today.
2026-05-13 19:50:26,458 [ERROR] ApprovalRadar - 🚨 [긴급] 오늘자 식품나라 API 키가 모두 소진되었습니다. 크롤링이 중단됩니다.
2026-05-13 19:50:26,461 [ERROR] ApprovalRadar - Failed to fetch or update 20260431262: All API keys are exhausted for today.
2026-05-13 19:50:29,615 [ERROR] ApprovalRadar - 🚨 [긴급] 오늘자 식품나라 API 키가 모두 소진되었습니다. 크롤링이 중단됩니다.
2026-05-13 19:50:29,617 [ERROR] ApprovalRadar - Failed to fetch or update 20260499246: All API keys are exhausted for today.
2026-05-13 19:50:32,729 [ERROR] ApprovalRadar - 🚨 [긴급] 오늘자 식품나라 API 키가 모두 소진되었습니다. 크롤링이 중단됩니다.
2026-05-13 19:50:32,729 [ERROR] ApprovalRadar - Failed to fetch or update 20260499301: All API keys are exhausted for today.
2026-05-13 19:50:35,872 [ERROR] ApprovalRadar - 🚨 [긴급] 오늘자 식품나라 API 키가 모두 소진되었습니다. 크롤링이 중단됩니다.
2026-05-13 19:50:35,873 [ERROR] ApprovalRadar - Failed to fetch or update 20260499303: All API keys are exhausted for today.
2026-05-13 19:50:39,009 [ERROR] ApprovalRadar - 🚨 [긴급] 오늘자 식품나라 API 키가 모두 소진되었습니다. 크롤링이 중단됩니다.
2026-05-13 19:50:39,010 [ERROR] ApprovalRadar - Failed to fetch or update 20260517090: All API keys are exhausted for today.
2026-05-13 19:50:42,048 [ERROR] ApprovalRadar - 🚨 [긴급] 오늘자 식품나라 API 키가 모두 소진되었습니다. 크롤링이 중단됩니다.
2026-05-13 19:50:42,049 [ERROR] ApprovalRadar - Failed to fetch or update 20160137095: All API keys are exhausted for today.
2026-05-13 19:50:45,106 [ERROR] ApprovalRadar - 🚨 [긴급] 오늘자 식품나라 API 키가 모두 소진되었습니다. 크롤링이 중단됩니다.
2026-05-13 19:50:45,106 [ERROR] ApprovalRadar - Failed to fetch or update 20010555233: All API keys are exhausted for today.
2026-05-13 19:50:48,139 [ERROR] ApprovalRadar - 🚨 [긴급] 오늘자 식품나라 API 키가 모두 소진되었습니다. 크롤링이 중단됩니다.
2026-05-13 19:50:48,140 [ERROR] ApprovalRadar - Failed to fetch or update 20250113369: All API keys are exhausted for today.
2026-05-13 19:50:51,180 [ERROR] ApprovalRadar - 🚨 [긴급] 오늘자 식품나라 API 키가 모두 소진되었습니다. 크롤링이 중단됩니다.
2026-05-13 19:50:51,181 [ERROR] ApprovalRadar - Failed to fetch or update 20260354492: All API keys are exhausted for today.
2026-05-13 19:50:54,244 [ERROR] ApprovalRadar - 🚨 [긴급] 오늘자 식품나라 API 키가 모두 소진되었습니다. 크롤링이 중단됩니다.
2026-05-13 19:50:54,245 [ERROR] ApprovalRadar - Failed to fetch or update 20260718053: All API keys are exhausted for today.
2026-05-13 19:50:57,362 [ERROR] ApprovalRadar - 🚨 [긴급] 오늘자 식품나라 API 키가 모두 소진되었습니다. 크롤링이 중단됩니다.
2026-05-13 19:50:57,362 [ERROR] ApprovalRadar - Failed to fetch or update 20260715135: All API keys are exhausted for today.
2026-05-13 19:51:00,510 [ERROR] ApprovalRadar - 🚨 [긴급] 오늘자 식품나라 API 키가 모두 소진되었습니다. 크롤링이 중단됩니다.
2026-05-13 19:51:00,511 [ERROR] ApprovalRadar - Failed to fetch or update 20260971803: All API keys are exhausted for today.
2026-05-13 19:51:03,658 [ERROR] ApprovalRadar - 🚨 [긴급] 오늘자 식품나라 API 키가 모두 소진되었습니다. 크롤링이 중단됩니다.
2026-05-13 19:51:03,660 [ERROR] ApprovalRadar - Failed to fetch or update 20210401325: All API keys are exhausted for today.
2026-05-13 19:51:06,805 [ERROR] ApprovalRadar - 🚨 [긴급] 오늘자 식품나라 API 키가 모두 소진되었습니다. 크롤링이 중단됩니다.
2026-05-13 19:51:06,806 [ERROR] ApprovalRadar - Failed to fetch or update 20040386288: All API keys are exhausted for today.
2026-05-13 19:51:09,943 [ERROR] ApprovalRadar - 🚨 [긴급] 오늘자 식품나라 API 키가 모두 소진되었습니다. 크롤링이 중단됩니다.
2026-05-13 19:51:09,944 [ERROR] ApprovalRadar - Failed to fetch or update 20260226104: All API keys are exhausted for today.
2026-05-13 19:51:13,074 [ERROR] ApprovalRadar - 🚨 [긴급] 오늘자 식품나라 API 키가 모두 소진되었습니다. 크롤링이 중단됩니다.
2026-05-13 19:51:13,075 [ERROR] ApprovalRadar - Failed to fetch or update 20260707285: All API keys are exhausted for today.
2026-05-13 19:51:16,220 [ERROR] ApprovalRadar - 🚨 [긴급] 오늘자 식품나라 API 키가 모두 소진되었습니다. 크롤링이 중단됩니다.
2026-05-13 19:51:16,221 [ERROR] ApprovalRadar - Failed to fetch or update 20260273621: All API keys are exhausted for today.
2026-05-13 19:51:19,367 [ERROR] ApprovalRadar - 🚨 [긴급] 오늘자 식품나라 API 키가 모두 소진되었습니다. 크롤링이 중단됩니다.
2026-05-13 19:51:19,368 [ERROR] ApprovalRadar - Failed to fetch or update 20260211136: All API keys are exhausted for today.
2026-05-13 19:51:22,513 [ERROR] ApprovalRadar - 🚨 [긴급] 오늘자 식품나라 API 키가 모두 소진되었습니다. 크롤링이 중단됩니다.
2026-05-13 19:51:22,514 [ERROR] ApprovalRadar - Failed to fetch or update 20020025430: All API keys are exhausted for today.
2026-05-13 19:51:25,675 [ERROR] ApprovalRadar - 🚨 [긴급] 오늘자 식품나라 API 키가 모두 소진되었습니다. 크롤링이 중단됩니다.
2026-05-13 19:51:25,676 [ERROR] ApprovalRadar - Failed to fetch or update 20260097709: All API keys are exhausted for today.
2026-05-13 19:51:28,819 [ERROR] ApprovalRadar - 🚨 [긴급] 오늘자 식품나라 API 키가 모두 소진되었습니다. 크롤링이 중단됩니다.
2026-05-13 19:51:28,820 [ERROR] ApprovalRadar - Failed to fetch or update 20240147597: All API keys are exhausted for today.
2026-05-13 19:51:31,969 [ERROR] ApprovalRadar - 🚨 [긴급] 오늘자 식품나라 API 키가 모두 소진되었습니다. 크롤링이 중단됩니다.
2026-05-13 19:51:31,970 [ERROR] ApprovalRadar - Failed to fetch or update 20260108686: All API keys are exhausted for today.
2026-05-13 19:51:35,005 [ERROR] ApprovalRadar - 🚨 [긴급] 오늘자 식품나라 API 키가 모두 소진되었습니다. 크롤링이 중단됩니다.
2026-05-13 19:51:35,005 [ERROR] ApprovalRadar - Failed to fetch or update 20260704232: All API keys are exhausted for today.
2026-05-13 19:51:38,062 [ERROR] ApprovalRadar - 🚨 [긴급] 오늘자 식품나라 API 키가 모두 소진되었습니다. 크롤링이 중단됩니다.
2026-05-13 19:51:38,063 [ERROR] ApprovalRadar - Failed to fetch or update 20260942236: All API keys are exhausted for today.
2026-05-13 19:51:41,120 [ERROR] ApprovalRadar - 🚨 [긴급] 오늘자 식품나라 API 키가 모두 소진되었습니다. 크롤링이 중단됩니다.
2026-05-13 19:51:41,121 [ERROR] ApprovalRadar - Failed to fetch or update 20260233416: All API keys are exhausted for today.
2026-05-13 19:51:43,815 [INFO] ApprovalRadar - Test trigger invoked via CLI or internal call.
2026-05-13 19:51:44,181 [ERROR] ApprovalRadar - 🚨 [긴급] 오늘자 식품나라 API 키가 모두 소진되었습니다. 크롤링이 중단됩니다.
2026-05-13 19:51:44,181 [ERROR] ApprovalRadar - Failed to fetch or update 20260310388: All API keys are exhausted for today.
2026-05-13 19:51:47,262 [ERROR] ApprovalRadar - 🚨 [긴급] 오늘자 식품나라 API 키가 모두 소진되었습니다. 크롤링이 중단됩니다.
2026-05-13 19:51:47,263 [ERROR] ApprovalRadar - Failed to fetch or update 20260623111: All API keys are exhausted for today.
2026-05-13 19:51:50,352 [ERROR] ApprovalRadar - 🚨 [긴급] 오늘자 식품나라 API 키가 모두 소진되었습니다. 크롤링이 중단됩니다.
2026-05-13 19:51:50,352 [ERROR] ApprovalRadar - Failed to fetch or update 20260623087: All API keys are exhausted for today.
2026-05-13 19:51:53,495 [ERROR] ApprovalRadar - 🚨 [긴급] 오늘자 식품나라 API 키가 모두 소진되었습니다. 크롤링이 중단됩니다.
2026-05-13 19:51:53,496 [ERROR] ApprovalRadar - Failed to fetch or update 20260263358: All API keys are exhausted for today.
2026-05-13 19:51:56,624 [ERROR] ApprovalRadar - 🚨 [긴급] 오늘자 식품나라 API 키가 모두 소진되었습니다. 크롤링이 중단됩니다.
2026-05-13 19:51:56,627 [ERROR] ApprovalRadar - Failed to fetch or update 20260291751: All API keys are exhausted for today.
2026-05-13 19:51:57,185 [INFO] ApprovalRadar - Shutting down APScheduler...
2026-05-13 19:51:57,571 [INFO] ApprovalRadar - Broadcaster main event loop initialized.
2026-05-13 19:51:57,572 [INFO] ApprovalRadar - Initializing Database...
2026-05-13 19:51:57,573 [INFO] ApprovalRadar - Starting Industry Type Backfill Job...
2026-05-13 19:51:57,573 [INFO] ApprovalRadar - Configuring APScheduler jobs...
2026-05-13 19:51:57,575 [INFO] ApprovalRadar - Adding initial catch-up scraper job to background...
2026-05-13 19:51:57,576 [INFO] ApprovalRadar - 총 2403건의 세부업종 누락 데이터를 발견했습니다. 백필을 시작합니다.
2026-05-13 19:51:57,577 [INFO] ApprovalRadar - APScheduler started successfully.
2026-05-13 19:51:57,577 [INFO] ApprovalRadar - Starting DiffCrawler Delta Sync Job for I2859...
2026-05-13 19:51:57,734 [INFO] ApprovalRadar - [키 회전] API 한도 초과! 새로운 키로 교체: f1282***
2026-05-13 19:51:57,734 [WARNING] ApprovalRadar - 키 회전 후 3.0초 대기...
2026-05-13 19:51:57,744 [INFO] ApprovalRadar - [키 회전] API 한도 초과! 새로운 키로 교체: f1282***
2026-05-13 19:51:57,744 [WARNING] ApprovalRadar - 키 회전 후 3.0초 대기...
2026-05-13 19:52:00,833 [INFO] ApprovalRadar - [키 회전] API 한도 초과! 새로운 키로 교체: ba698***
2026-05-13 19:52:00,834 [WARNING] ApprovalRadar - 키 회전 후 3.0초 대기...
2026-05-13 19:52:00,891 [INFO] ApprovalRadar - [키 회전] API 한도 초과! 새로운 키로 교체: ba698***
2026-05-13 19:52:00,891 [WARNING] ApprovalRadar - 키 회전 후 3.0초 대기...
2026-05-13 19:52:03,979 [INFO] ApprovalRadar - [키 회전] API 한도 초과! 새로운 키로 교체: 67f07***
2026-05-13 19:52:03,980 [WARNING] ApprovalRadar - 키 회전 후 3.0초 대기...
2026-05-13 19:52:04,039 [INFO] ApprovalRadar - [키 회전] API 한도 초과! 새로운 키로 교체: 67f07***
2026-05-13 19:52:04,041 [WARNING] ApprovalRadar - 키 회전 후 3.0초 대기...
2026-05-13 19:52:07,130 [INFO] ApprovalRadar - [키 회전] API 한도 초과! 새로운 키로 교체: e7b3f***
2026-05-13 19:52:07,130 [INFO] ApprovalRadar - [키 회전] API 한도 초과! 새로운 키로 교체: e7b3f***
2026-05-13 19:52:07,132 [WARNING] ApprovalRadar - 키 회전 후 3.0초 대기...
2026-05-13 19:52:07,132 [WARNING] ApprovalRadar - 키 회전 후 3.0초 대기...
2026-05-13 19:52:10,270 [ERROR] ApprovalRadar - 🚨 [긴급] 오늘자 식품나라 API 키가 모두 소진되었습니다. 크롤링이 중단됩니다.
2026-05-13 19:52:10,271 [ERROR] ApprovalRadar - Failed to fetch or update 20260076241: All API keys are exhausted for today.
2026-05-13 19:52:10,341 [ERROR] ApprovalRadar - 🚨 [긴급] 오늘자 식품나라 API 키가 모두 소진되었습니다. 크롤링이 중단됩니다.
2026-05-13 19:52:10,342 [ERROR] ApprovalRadar - ❌ I2859 크롤러 스케줄 작업 중 치명적인 오류 발생: All API keys are exhausted for today.
2026-05-13 19:52:10,342 [INFO] ApprovalRadar - Starting DiffCrawler Delta Sync Job for I2500...
2026-05-13 19:52:10,343 [INFO] ApprovalRadar - 최초 실행: 베이스라인 부트스트랩을 시작합니다...
2026-05-13 19:52:10,344 [INFO] ApprovalRadar - [Bootstrapper] True Tail(실제 마지막 데이터) 찾는 중...
2026-05-13 19:52:10,396 [INFO] ApprovalRadar - [키 회전] API 한도 초과! 새로운 키로 교체: f1282***
2026-05-13 19:52:10,397 [WARNING] ApprovalRadar - 키 회전 후 3.0초 대기...
2026-05-13 19:52:13,416 [ERROR] ApprovalRadar - 🚨 [긴급] 오늘자 식품나라 API 키가 모두 소진되었습니다. 크롤링이 중단됩니다.
2026-05-13 19:52:13,417 [ERROR] ApprovalRadar - Failed to fetch or update 20260496147: All API keys are exhausted for today.
2026-05-13 19:52:13,451 [INFO] ApprovalRadar - [키 회전] API 한도 초과! 새로운 키로 교체: ba698***
2026-05-13 19:52:13,452 [WARNING] ApprovalRadar - 키 회전 후 3.0초 대기...
2026-05-13 19:52:16,575 [ERROR] ApprovalRadar - 🚨 [긴급] 오늘자 식품나라 API 키가 모두 소진되었습니다. 크롤링이 중단됩니다.
2026-05-13 19:52:16,577 [ERROR] ApprovalRadar - Failed to fetch or update 20260688044: All API keys are exhausted for today.
2026-05-13 19:52:16,601 [INFO] ApprovalRadar - [키 회전] API 한도 초과! 새로운 키로 교체: 67f07***
2026-05-13 19:52:16,601 [WARNING] ApprovalRadar - 키 회전 후 3.0초 대기...
2026-05-13 19:52:19,706 [ERROR] ApprovalRadar - 🚨 [긴급] 오늘자 식품나라 API 키가 모두 소진되었습니다. 크롤링이 중단됩니다.
2026-05-13 19:52:19,707 [ERROR] ApprovalRadar - Failed to fetch or update 20260529413: All API keys are exhausted for today.
2026-05-13 19:52:19,745 [INFO] ApprovalRadar - [키 회전] API 한도 초과! 새로운 키로 교체: e7b3f***
2026-05-13 19:52:19,746 [WARNING] ApprovalRadar - 키 회전 후 3.0초 대기...
2026-05-13 19:52:22,844 [ERROR] ApprovalRadar - 🚨 [긴급] 오늘자 식품나라 API 키가 모두 소진되었습니다. 크롤링이 중단됩니다.
2026-05-13 19:52:22,844 [ERROR] ApprovalRadar - 🚨 [긴급] 오늘자 식품나라 API 키가 모두 소진되었습니다. 크롤링이 중단됩니다.
2026-05-13 19:52:22,845 [ERROR] ApprovalRadar - Failed to fetch or update 20260926321: All API keys are exhausted for today.
2026-05-13 19:52:22,846 [ERROR] ApprovalRadar - ❌ I2500 크롤러 스케줄 작업 중 치명적인 오류 발생: All API keys are exhausted for today.
2026-05-13 19:52:25,964 [ERROR] ApprovalRadar - 🚨 [긴급] 오늘자 식품나라 API 키가 모두 소진되었습니다. 크롤링이 중단됩니다.
2026-05-13 19:52:25,965 [ERROR] ApprovalRadar - Failed to fetch or update 20260555070: All API keys are exhausted for today.
2026-05-13 19:52:29,004 [ERROR] ApprovalRadar - 🚨 [긴급] 오늘자 식품나라 API 키가 모두 소진되었습니다. 크롤링이 중단됩니다.
2026-05-13 19:52:29,005 [ERROR] ApprovalRadar - Failed to fetch or update 20260787251: All API keys are exhausted for today.
2026-05-13 19:52:32,062 [ERROR] ApprovalRadar - 🚨 [긴급] 오늘자 식품나라 API 키가 모두 소진되었습니다. 크롤링이 중단됩니다.
2026-05-13 19:52:32,063 [ERROR] ApprovalRadar - Failed to fetch or update 20260121210: All API keys are exhausted for today.
2026-05-13 19:52:35,104 [ERROR] ApprovalRadar - 🚨 [긴급] 오늘자 식품나라 API 키가 모두 소진되었습니다. 크롤링이 중단됩니다.
2026-05-13 19:52:35,105 [ERROR] ApprovalRadar - Failed to fetch or update 20260926319: All API keys are exhausted for today.
2026-05-13 19:52:38,167 [ERROR] ApprovalRadar - 🚨 [긴급] 오늘자 식품나라 API 키가 모두 소진되었습니다. 크롤링이 중단됩니다.
2026-05-13 19:52:38,169 [ERROR] ApprovalRadar - Failed to fetch or update 20260664563: All API keys are exhausted for today.
2026-05-13 19:52:41,227 [ERROR] ApprovalRadar - 🚨 [긴급] 오늘자 식품나라 API 키가 모두 소진되었습니다. 크롤링이 중단됩니다.
2026-05-13 19:52:41,230 [ERROR] ApprovalRadar - Failed to fetch or update 20260834073: All API keys are exhausted for today.
2026-05-13 19:52:44,349 [ERROR] ApprovalRadar - 🚨 [긴급] 오늘자 식품나라 API 키가 모두 소진되었습니다. 크롤링이 중단됩니다.
2026-05-13 19:52:44,351 [ERROR] ApprovalRadar - Failed to fetch or update 20260517461: All API keys are exhausted for today.
2026-05-13 19:52:47,493 [ERROR] ApprovalRadar - 🚨 [긴급] 오늘자 식품나라 API 키가 모두 소진되었습니다. 크롤링이 중단됩니다.
2026-05-13 19:52:47,493 [ERROR] ApprovalRadar - Failed to fetch or update 20260342644: All API keys are exhausted for today.
2026-05-13 19:52:50,644 [ERROR] ApprovalRadar - 🚨 [긴급] 오늘자 식품나라 API 키가 모두 소진되었습니다. 크롤링이 중단됩니다.
2026-05-13 19:52:50,645 [ERROR] ApprovalRadar - Failed to fetch or update 20260342653: All API keys are exhausted for today.
2026-05-13 19:52:53,787 [ERROR] ApprovalRadar - 🚨 [긴급] 오늘자 식품나라 API 키가 모두 소진되었습니다. 크롤링이 중단됩니다.
2026-05-13 19:52:53,789 [ERROR] ApprovalRadar - Failed to fetch or update 20260342681: All API keys are exhausted for today.
2026-05-13 19:52:56,928 [ERROR] ApprovalRadar - 🚨 [긴급] 오늘자 식품나라 API 키가 모두 소진되었습니다. 크롤링이 중단됩니다.
2026-05-13 19:52:56,931 [ERROR] ApprovalRadar - Failed to fetch or update 20260342666: All API keys are exhausted for today.
2026-05-13 19:53:00,074 [ERROR] ApprovalRadar - 🚨 [긴급] 오늘자 식품나라 API 키가 모두 소진되었습니다. 크롤링이 중단됩니다.
2026-05-13 19:53:00,076 [ERROR] ApprovalRadar - Failed to fetch or update 20260917187: All API keys are exhausted for today.
2026-05-13 19:53:03,188 [ERROR] ApprovalRadar - 🚨 [긴급] 오늘자 식품나라 API 키가 모두 소진되었습니다. 크롤링이 중단됩니다.
2026-05-13 19:53:03,189 [ERROR] ApprovalRadar - Failed to fetch or update 20260913211: All API keys are exhausted for today.
2026-05-13 19:53:06,318 [ERROR] ApprovalRadar - 🚨 [긴급] 오늘자 식품나라 API 키가 모두 소진되었습니다. 크롤링이 중단됩니다.
2026-05-13 19:53:06,319 [ERROR] ApprovalRadar - Failed to fetch or update 20260268449: All API keys are exhausted for today.
2026-05-13 19:53:09,464 [ERROR] ApprovalRadar - 🚨 [긴급] 오늘자 식품나라 API 키가 모두 소진되었습니다. 크롤링이 중단됩니다.
2026-05-13 19:53:09,466 [ERROR] ApprovalRadar - Failed to fetch or update 20260268473: All API keys are exhausted for today.
2026-05-13 19:53:12,610 [ERROR] ApprovalRadar - 🚨 [긴급] 오늘자 식품나라 API 키가 모두 소진되었습니다. 크롤링이 중단됩니다.
2026-05-13 19:53:12,612 [ERROR] ApprovalRadar - Failed to fetch or update 20260337507: All API keys are exhausted for today.
2026-05-13 19:53:15,757 [ERROR] ApprovalRadar - 🚨 [긴급] 오늘자 식품나라 API 키가 모두 소진되었습니다. 크롤링이 중단됩니다.
2026-05-13 19:53:15,759 [ERROR] ApprovalRadar - Failed to fetch or update 20260337518: All API keys are exhausted for today.
2026-05-13 19:53:18,902 [ERROR] ApprovalRadar - 🚨 [긴급] 오늘자 식품나라 API 키가 모두 소진되었습니다. 크롤링이 중단됩니다.
2026-05-13 19:53:18,903 [ERROR] ApprovalRadar - Failed to fetch or update 20260222430: All API keys are exhausted for today.
2026-05-13 19:53:21,950 [ERROR] ApprovalRadar - 🚨 [긴급] 오늘자 식품나라 API 키가 모두 소진되었습니다. 크롤링이 중단됩니다.
2026-05-13 19:53:21,952 [ERROR] ApprovalRadar - Failed to fetch or update 20260222434: All API keys are exhausted for today.
2026-05-13 19:53:25,010 [ERROR] ApprovalRadar - 🚨 [긴급] 오늘자 식품나라 API 키가 모두 소진되었습니다. 크롤링이 중단됩니다.
2026-05-13 19:53:25,011 [ERROR] ApprovalRadar - Failed to fetch or update 20260222401: All API keys are exhausted for today.
2026-05-13 19:53:28,051 [ERROR] ApprovalRadar - 🚨 [긴급] 오늘자 식품나라 API 키가 모두 소진되었습니다. 크롤링이 중단됩니다.
2026-05-13 19:53:28,054 [ERROR] ApprovalRadar - Failed to fetch or update 20260222421: All API keys are exhausted for today.
2026-05-13 19:53:31,095 [ERROR] ApprovalRadar - 🚨 [긴급] 오늘자 식품나라 API 키가 모두 소진되었습니다. 크롤링이 중단됩니다.
2026-05-13 19:53:31,096 [ERROR] ApprovalRadar - Failed to fetch or update 20260222423: All API keys are exhausted for today.
2026-05-13 19:53:34,135 [ERROR] ApprovalRadar - 🚨 [긴급] 오늘자 식품나라 API 키가 모두 소진되었습니다. 크롤링이 중단됩니다.
2026-05-13 19:53:34,137 [ERROR] ApprovalRadar - Failed to fetch or update 20260222440: All API keys are exhausted for today.
2026-05-13 19:53:37,277 [ERROR] ApprovalRadar - 🚨 [긴급] 오늘자 식품나라 API 키가 모두 소진되었습니다. 크롤링이 중단됩니다.
2026-05-13 19:53:37,279 [ERROR] ApprovalRadar - Failed to fetch or update 20260219383: All API keys are exhausted for today.
2026-05-13 19:53:40,417 [ERROR] ApprovalRadar - 🚨 [긴급] 오늘자 식품나라 API 키가 모두 소진되었습니다. 크롤링이 중단됩니다.
2026-05-13 19:53:40,419 [ERROR] ApprovalRadar - Failed to fetch or update 20260219417: All API keys are exhausted for today.
2026-05-13 19:53:43,564 [ERROR] ApprovalRadar - 🚨 [긴급] 오늘자 식품나라 API 키가 모두 소진되었습니다. 크롤링이 중단됩니다.
2026-05-13 19:53:43,564 [ERROR] ApprovalRadar - Failed to fetch or update 20260219418: All API keys are exhausted for today.
2026-05-13 19:53:46,701 [ERROR] ApprovalRadar - 🚨 [긴급] 오늘자 식품나라 API 키가 모두 소진되었습니다. 크롤링이 중단됩니다.
2026-05-13 19:53:46,702 [ERROR] ApprovalRadar - Failed to fetch or update 20260219409: All API keys are exhausted for today.
2026-05-13 19:53:49,842 [ERROR] ApprovalRadar - 🚨 [긴급] 오늘자 식품나라 API 키가 모두 소진되었습니다. 크롤링이 중단됩니다.
2026-05-13 19:53:49,843 [ERROR] ApprovalRadar - Failed to fetch or update 20260704201: All API keys are exhausted for today.
2026-05-13 19:53:52,880 [ERROR] ApprovalRadar - 🚨 [긴급] 오늘자 식품나라 API 키가 모두 소진되었습니다. 크롤링이 중단됩니다.
2026-05-13 19:53:52,881 [ERROR] ApprovalRadar - Failed to fetch or update 20260704206: All API keys are exhausted for today.
2026-05-13 19:53:55,941 [ERROR] ApprovalRadar - 🚨 [긴급] 오늘자 식품나라 API 키가 모두 소진되었습니다. 크롤링이 중단됩니다.
2026-05-13 19:53:55,942 [ERROR] ApprovalRadar - Failed to fetch or update 20260704187: All API keys are exhausted for today.
2026-05-13 19:53:59,003 [ERROR] ApprovalRadar - 🚨 [긴급] 오늘자 식품나라 API 키가 모두 소진되었습니다. 크롤링이 중단됩니다.
2026-05-13 19:53:59,004 [ERROR] ApprovalRadar - Failed to fetch or update 20260704213: All API keys are exhausted for today.
2026-05-13 19:54:02,061 [ERROR] ApprovalRadar - 🚨 [긴급] 오늘자 식품나라 API 키가 모두 소진되었습니다. 크롤링이 중단됩니다.
2026-05-13 19:54:02,062 [ERROR] ApprovalRadar - Failed to fetch or update 20260832044: All API keys are exhausted for today.
2026-05-13 19:54:05,128 [ERROR] ApprovalRadar - 🚨 [긴급] 오늘자 식품나라 API 키가 모두 소진되었습니다. 크롤링이 중단됩니다.
2026-05-13 19:54:05,129 [ERROR] ApprovalRadar - Failed to fetch or update 20260832030: All API keys are exhausted for today.
2026-05-13 19:54:08,233 [ERROR] ApprovalRadar - 🚨 [긴급] 오늘자 식품나라 API 키가 모두 소진되었습니다. 크롤링이 중단됩니다.
2026-05-13 19:54:08,234 [ERROR] ApprovalRadar - Failed to fetch or update 20260832047: All API keys are exhausted for today.
2026-05-13 19:54:11,389 [ERROR] ApprovalRadar - 🚨 [긴급] 오늘자 식품나라 API 키가 모두 소진되었습니다. 크롤링이 중단됩니다.
2026-05-13 19:54:11,390 [ERROR] ApprovalRadar - Failed to fetch or update 20260832036: All API keys are exhausted for today.
2026-05-13 19:54:14,528 [ERROR] ApprovalRadar - 🚨 [긴급] 오늘자 식품나라 API 키가 모두 소진되었습니다. 크롤링이 중단됩니다.
2026-05-13 19:54:14,529 [ERROR] ApprovalRadar - Failed to fetch or update 20260832033: All API keys are exhausted for today.
2026-05-13 19:54:17,649 [ERROR] ApprovalRadar - 🚨 [긴급] 오늘자 식품나라 API 키가 모두 소진되었습니다. 크롤링이 중단됩니다.
2026-05-13 19:54:17,651 [ERROR] ApprovalRadar - Failed to fetch or update 20260832042: All API keys are exhausted for today.
2026-05-13 19:54:20,785 [ERROR] ApprovalRadar - 🚨 [긴급] 오늘자 식품나라 API 키가 모두 소진되었습니다. 크롤링이 중단됩니다.
2026-05-13 19:54:20,786 [ERROR] ApprovalRadar - Failed to fetch or update 20260832043: All API keys are exhausted for today.
2026-05-13 19:54:23,930 [ERROR] ApprovalRadar - 🚨 [긴급] 오늘자 식품나라 API 키가 모두 소진되었습니다. 크롤링이 중단됩니다.
2026-05-13 19:54:23,932 [ERROR] ApprovalRadar - Failed to fetch or update 20260832039: All API keys are exhausted for today.
2026-05-13 19:54:27,077 [ERROR] ApprovalRadar - 🚨 [긴급] 오늘자 식품나라 API 키가 모두 소진되었습니다. 크롤링이 중단됩니다.
2026-05-13 19:54:27,078 [ERROR] ApprovalRadar - Failed to fetch or update 20260832040: All API keys are exhausted for today.
2026-05-13 19:54:30,223 [ERROR] ApprovalRadar - 🚨 [긴급] 오늘자 식품나라 API 키가 모두 소진되었습니다. 크롤링이 중단됩니다.
2026-05-13 19:54:30,224 [ERROR] ApprovalRadar - Failed to fetch or update 20260832031: All API keys are exhausted for today.
2026-05-13 19:54:33,356 [ERROR] ApprovalRadar - 🚨 [긴급] 오늘자 식품나라 API 키가 모두 소진되었습니다. 크롤링이 중단됩니다.
2026-05-13 19:54:33,357 [ERROR] ApprovalRadar - Failed to fetch or update 20260832045: All API keys are exhausted for today.
2026-05-13 19:54:36,496 [ERROR] ApprovalRadar - 🚨 [긴급] 오늘자 식품나라 API 키가 모두 소진되었습니다. 크롤링이 중단됩니다.
2026-05-13 19:54:36,498 [ERROR] ApprovalRadar - Failed to fetch or update 20260832041: All API keys are exhausted for today.
2026-05-13 19:54:39,641 [ERROR] ApprovalRadar - 🚨 [긴급] 오늘자 식품나라 API 키가 모두 소진되었습니다. 크롤링이 중단됩니다.
2026-05-13 19:54:39,644 [ERROR] ApprovalRadar - Failed to fetch or update 20260832035: All API keys are exhausted for today.
2026-05-13 19:54:42,785 [ERROR] ApprovalRadar - 🚨 [긴급] 오늘자 식품나라 API 키가 모두 소진되었습니다. 크롤링이 중단됩니다.
2026-05-13 19:54:42,786 [ERROR] ApprovalRadar - Failed to fetch or update 20260832038: All API keys are exhausted for today.
2026-05-13 19:54:45,931 [ERROR] ApprovalRadar - 🚨 [긴급] 오늘자 식품나라 API 키가 모두 소진되었습니다. 크롤링이 중단됩니다.
2026-05-13 19:54:45,932 [ERROR] ApprovalRadar - Failed to fetch or update 20260832028: All API keys are exhausted for today.
2026-05-13 19:54:48,989 [ERROR] ApprovalRadar - 🚨 [긴급] 오늘자 식품나라 API 키가 모두 소진되었습니다. 크롤링이 중단됩니다.
2026-05-13 19:54:48,990 [ERROR] ApprovalRadar - Failed to fetch or update 20260310285: All API keys are exhausted for today.
2026-05-13 19:54:52,055 [ERROR] ApprovalRadar - 🚨 [긴급] 오늘자 식품나라 API 키가 모두 소진되었습니다. 크롤링이 중단됩니다.
2026-05-13 19:54:52,056 [ERROR] ApprovalRadar - Failed to fetch or update 20260310338: All API keys are exhausted for today.
2026-05-13 19:54:55,119 [ERROR] ApprovalRadar - 🚨 [긴급] 오늘자 식품나라 API 키가 모두 소진되었습니다. 크롤링이 중단됩니다.
2026-05-13 19:54:55,121 [ERROR] ApprovalRadar - Failed to fetch or update 20260310352: All API keys are exhausted for today.
2026-05-13 19:54:58,178 [ERROR] ApprovalRadar - 🚨 [긴급] 오늘자 식품나라 API 키가 모두 소진되었습니다. 크롤링이 중단됩니다.
2026-05-13 19:54:58,179 [ERROR] ApprovalRadar - Failed to fetch or update 20260664452: All API keys are exhausted for today.
2026-05-13 19:55:01,246 [ERROR] ApprovalRadar - 🚨 [긴급] 오늘자 식품나라 API 키가 모두 소진되었습니다. 크롤링이 중단됩니다.
2026-05-13 19:55:01,248 [ERROR] ApprovalRadar - Failed to fetch or update 20260664518: All API keys are exhausted for today.
2026-05-13 19:55:04,330 [ERROR] ApprovalRadar - 🚨 [긴급] 오늘자 식품나라 API 키가 모두 소진되었습니다. 크롤링이 중단됩니다.
2026-05-13 19:55:04,333 [ERROR] ApprovalRadar - Failed to fetch or update 20260664461: All API keys are exhausted for today.
2026-05-13 19:55:07,454 [ERROR] ApprovalRadar - 🚨 [긴급] 오늘자 식품나라 API 키가 모두 소진되었습니다. 크롤링이 중단됩니다.
2026-05-13 19:55:07,455 [ERROR] ApprovalRadar - Failed to fetch or update 20260664476: All API keys are exhausted for today.
2026-05-13 19:55:10,589 [ERROR] ApprovalRadar - 🚨 [긴급] 오늘자 식품나라 API 키가 모두 소진되었습니다. 크롤링이 중단됩니다.
2026-05-13 19:55:10,590 [ERROR] ApprovalRadar - Failed to fetch or update 20260590328: All API keys are exhausted for today.
2026-05-13 19:55:13,743 [ERROR] ApprovalRadar - 🚨 [긴급] 오늘자 식품나라 API 키가 모두 소진되었습니다. 크롤링이 중단됩니다.
2026-05-13 19:55:13,745 [ERROR] ApprovalRadar - Failed to fetch or update 20260408396: All API keys are exhausted for today.
2026-05-13 19:55:16,877 [ERROR] ApprovalRadar - 🚨 [긴급] 오늘자 식품나라 API 키가 모두 소진되었습니다. 크롤링이 중단됩니다.
2026-05-13 19:55:16,879 [ERROR] ApprovalRadar - Failed to fetch or update 20260408482: All API keys are exhausted for today.
2026-05-13 19:55:19,915 [ERROR] ApprovalRadar - 🚨 [긴급] 오늘자 식품나라 API 키가 모두 소진되었습니다. 크롤링이 중단됩니다.
2026-05-13 19:55:19,916 [ERROR] ApprovalRadar - Failed to fetch or update 20260408507: All API keys are exhausted for today.
2026-05-13 19:55:22,954 [ERROR] ApprovalRadar - 🚨 [긴급] 오늘자 식품나라 API 키가 모두 소진되었습니다. 크롤링이 중단됩니다.
2026-05-13 19:55:22,955 [ERROR] ApprovalRadar - Failed to fetch or update 20260408503: All API keys are exhausted for today.
2026-05-13 19:55:26,019 [ERROR] ApprovalRadar - 🚨 [긴급] 오늘자 식품나라 API 키가 모두 소진되었습니다. 크롤링이 중단됩니다.
2026-05-13 19:55:26,020 [ERROR] ApprovalRadar - Failed to fetch or update 20260507763: All API keys are exhausted for today.
2026-05-13 19:55:29,063 [ERROR] ApprovalRadar - 🚨 [긴급] 오늘자 식품나라 API 키가 모두 소진되었습니다. 크롤링이 중단됩니다.
2026-05-13 19:55:29,064 [ERROR] ApprovalRadar - Failed to fetch or update 20260418161: All API keys are exhausted for today.
2026-05-13 19:55:32,110 [ERROR] ApprovalRadar - 🚨 [긴급] 오늘자 식품나라 API 키가 모두 소진되었습니다. 크롤링이 중단됩니다.
2026-05-13 19:55:32,112 [ERROR] ApprovalRadar - Failed to fetch or update 20260418177: All API keys are exhausted for today.
2026-05-13 19:55:35,232 [ERROR] ApprovalRadar - 🚨 [긴급] 오늘자 식품나라 API 키가 모두 소진되었습니다. 크롤링이 중단됩니다.
2026-05-13 19:55:35,232 [ERROR] ApprovalRadar - Failed to fetch or update 20260418147: All API keys are exhausted for today.
2026-05-13 19:55:38,379 [ERROR] ApprovalRadar - 🚨 [긴급] 오늘자 식품나라 API 키가 모두 소진되었습니다. 크롤링이 중단됩니다.
2026-05-13 19:55:38,379 [ERROR] ApprovalRadar - Failed to fetch or update 20260582332: All API keys are exhausted for today.
2026-05-13 19:55:41,414 [ERROR] ApprovalRadar - 🚨 [긴급] 오늘자 식품나라 API 키가 모두 소진되었습니다. 크롤링이 중단됩니다.
2026-05-13 19:55:41,415 [ERROR] ApprovalRadar - Failed to fetch or update 20260582498: All API keys are exhausted for today.
2026-05-13 19:55:44,472 [ERROR] ApprovalRadar - 🚨 [긴급] 오늘자 식품나라 API 키가 모두 소진되었습니다. 크롤링이 중단됩니다.
2026-05-13 19:55:44,473 [ERROR] ApprovalRadar - Failed to fetch or update 20260582502: All API keys are exhausted for today.
2026-05-13 19:55:47,534 [ERROR] ApprovalRadar - 🚨 [긴급] 오늘자 식품나라 API 키가 모두 소진되었습니다. 크롤링이 중단됩니다.
2026-05-13 19:55:47,536 [ERROR] ApprovalRadar - Failed to fetch or update 20260582468: All API keys are exhausted for today.
2026-05-13 19:55:50,618 [ERROR] ApprovalRadar - 🚨 [긴급] 오늘자 식품나라 API 키가 모두 소진되었습니다. 크롤링이 중단됩니다.
2026-05-13 19:55:50,620 [ERROR] ApprovalRadar - Failed to fetch or update 20260403565: All API keys are exhausted for today.
2026-05-13 19:55:53,688 [ERROR] ApprovalRadar - 🚨 [긴급] 오늘자 식품나라 API 키가 모두 소진되었습니다. 크롤링이 중단됩니다.
2026-05-13 19:55:53,690 [ERROR] ApprovalRadar - Failed to fetch or update 20260403483: All API keys are exhausted for today.
2026-05-13 19:55:56,755 [ERROR] ApprovalRadar - 🚨 [긴급] 오늘자 식품나라 API 키가 모두 소진되었습니다. 크롤링이 중단됩니다.
2026-05-13 19:55:56,756 [ERROR] ApprovalRadar - Failed to fetch or update 20260403557: All API keys are exhausted for today.
2026-05-13 19:55:59,903 [ERROR] ApprovalRadar - 🚨 [긴급] 오늘자 식품나라 API 키가 모두 소진되었습니다. 크롤링이 중단됩니다.
2026-05-13 19:55:59,904 [ERROR] ApprovalRadar - Failed to fetch or update 20260543435: All API keys are exhausted for today.
2026-05-13 19:56:03,022 [ERROR] ApprovalRadar - 🚨 [긴급] 오늘자 식품나라 API 키가 모두 소진되었습니다. 크롤링이 중단됩니다.
2026-05-13 19:56:03,023 [ERROR] ApprovalRadar - Failed to fetch or update 20260543444: All API keys are exhausted for today.
2026-05-13 19:56:06,161 [ERROR] ApprovalRadar - 🚨 [긴급] 오늘자 식품나라 API 키가 모두 소진되었습니다. 크롤링이 중단됩니다.
2026-05-13 19:56:06,163 [ERROR] ApprovalRadar - Failed to fetch or update 20260543454: All API keys are exhausted for today.
2026-05-13 19:56:09,311 [ERROR] ApprovalRadar - 🚨 [긴급] 오늘자 식품나라 API 키가 모두 소진되었습니다. 크롤링이 중단됩니다.
2026-05-13 19:56:09,313 [ERROR] ApprovalRadar - Failed to fetch or update 20260391241: All API keys are exhausted for today.
2026-05-13 19:56:12,468 [ERROR] ApprovalRadar - 🚨 [긴급] 오늘자 식품나라 API 키가 모두 소진되었습니다. 크롤링이 중단됩니다.
2026-05-13 19:56:12,469 [ERROR] ApprovalRadar - Failed to fetch or update 20260382228: All API keys are exhausted for today.
2026-05-13 19:56:15,602 [ERROR] ApprovalRadar - 🚨 [긴급] 오늘자 식품나라 API 키가 모두 소진되었습니다. 크롤링이 중단됩니다.
2026-05-13 19:56:15,603 [ERROR] ApprovalRadar - Failed to fetch or update 20260385226: All API keys are exhausted for today.
2026-05-13 19:56:18,751 [ERROR] ApprovalRadar - 🚨 [긴급] 오늘자 식품나라 API 키가 모두 소진되었습니다. 크롤링이 중단됩니다.
2026-05-13 19:56:18,752 [ERROR] ApprovalRadar - Failed to fetch or update 20260385235: All API keys are exhausted for today.
2026-05-13 19:56:21,869 [ERROR] ApprovalRadar - 🚨 [긴급] 오늘자 식품나라 API 키가 모두 소진되었습니다. 크롤링이 중단됩니다.
2026-05-13 19:56:21,870 [ERROR] ApprovalRadar - Failed to fetch or update 20260391243: All API keys are exhausted for today.
2026-05-13 19:56:24,930 [ERROR] ApprovalRadar - 🚨 [긴급] 오늘자 식품나라 API 키가 모두 소진되었습니다. 크롤링이 중단됩니다.
2026-05-13 19:56:24,931 [ERROR] ApprovalRadar - Failed to fetch or update 20260385227: All API keys are exhausted for today.
2026-05-13 19:56:27,964 [ERROR] ApprovalRadar - 🚨 [긴급] 오늘자 식품나라 API 키가 모두 소진되었습니다. 크롤링이 중단됩니다.
2026-05-13 19:56:27,965 [ERROR] ApprovalRadar - Failed to fetch or update 20260050323: All API keys are exhausted for today.
2026-05-13 19:56:31,025 [ERROR] ApprovalRadar - 🚨 [긴급] 오늘자 식품나라 API 키가 모두 소진되었습니다. 크롤링이 중단됩니다.
2026-05-13 19:56:31,026 [ERROR] ApprovalRadar - Failed to fetch or update 20260050310: All API keys are exhausted for today.
2026-05-13 19:56:34,082 [ERROR] ApprovalRadar - 🚨 [긴급] 오늘자 식품나라 API 키가 모두 소진되었습니다. 크롤링이 중단됩니다.
2026-05-13 19:56:34,083 [ERROR] ApprovalRadar - Failed to fetch or update 20260050316: All API keys are exhausted for today.
2026-05-13 19:56:37,143 [ERROR] ApprovalRadar - 🚨 [긴급] 오늘자 식품나라 API 키가 모두 소진되었습니다. 크롤링이 중단됩니다.
2026-05-13 19:56:37,144 [ERROR] ApprovalRadar - Failed to fetch or update 20260050354: All API keys are exhausted for today.
2026-05-13 19:56:40,254 [ERROR] ApprovalRadar - 🚨 [긴급] 오늘자 식품나라 API 키가 모두 소진되었습니다. 크롤링이 중단됩니다.
2026-05-13 19:56:40,254 [ERROR] ApprovalRadar - Failed to fetch or update 20260050336: All API keys are exhausted for today.
2026-05-13 19:56:43,390 [ERROR] ApprovalRadar - 🚨 [긴급] 오늘자 식품나라 API 키가 모두 소진되었습니다. 크롤링이 중단됩니다.
2026-05-13 19:56:43,391 [ERROR] ApprovalRadar - Failed to fetch or update 20260045564: All API keys are exhausted for today.
2026-05-13 19:56:46,534 [ERROR] ApprovalRadar - 🚨 [긴급] 오늘자 식품나라 API 키가 모두 소진되었습니다. 크롤링이 중단됩니다.
2026-05-13 19:56:46,536 [ERROR] ApprovalRadar - Failed to fetch or update 20260045599: All API keys are exhausted for today.
2026-05-13 19:56:49,677 [ERROR] ApprovalRadar - 🚨 [긴급] 오늘자 식품나라 API 키가 모두 소진되었습니다. 크롤링이 중단됩니다.
2026-05-13 19:56:49,679 [ERROR] ApprovalRadar - Failed to fetch or update 20260045586: All API keys are exhausted for today.
2026-05-13 19:56:52,824 [ERROR] ApprovalRadar - 🚨 [긴급] 오늘자 식품나라 API 키가 모두 소진되었습니다. 크롤링이 중단됩니다.
2026-05-13 19:56:52,825 [ERROR] ApprovalRadar - Failed to fetch or update 20260045593: All API keys are exhausted for today.
2026-05-13 19:56:55,862 [ERROR] ApprovalRadar - 🚨 [긴급] 오늘자 식품나라 API 키가 모두 소진되었습니다. 크롤링이 중단됩니다.
2026-05-13 19:56:55,863 [ERROR] ApprovalRadar - Failed to fetch or update 20260093381: All API keys are exhausted for today.
2026-05-13 19:56:58,924 [ERROR] ApprovalRadar - 🚨 [긴급] 오늘자 식품나라 API 키가 모두 소진되었습니다. 크롤링이 중단됩니다.
2026-05-13 19:56:58,926 [ERROR] ApprovalRadar - Failed to fetch or update 20260062387: All API keys are exhausted for today.
2026-05-13 19:57:01,987 [ERROR] ApprovalRadar - 🚨 [긴급] 오늘자 식품나라 API 키가 모두 소진되었습니다. 크롤링이 중단됩니다.
2026-05-13 19:57:01,990 [ERROR] ApprovalRadar - Failed to fetch or update 20260062386: All API keys are exhausted for today.
2026-05-13 19:57:05,050 [ERROR] ApprovalRadar - 🚨 [긴급] 오늘자 식품나라 API 키가 모두 소진되었습니다. 크롤링이 중단됩니다.
2026-05-13 19:57:05,052 [ERROR] ApprovalRadar - Failed to fetch or update 20260076229: All API keys are exhausted for today.
2026-05-13 19:57:08,123 [ERROR] ApprovalRadar - 🚨 [긴급] 오늘자 식품나라 API 키가 모두 소진되었습니다. 크롤링이 중단됩니다.
2026-05-13 19:57:08,124 [ERROR] ApprovalRadar - Failed to fetch or update 20260076251: All API keys are exhausted for today.
2026-05-13 19:57:11,210 [ERROR] ApprovalRadar - 🚨 [긴급] 오늘자 식품나라 API 키가 모두 소진되었습니다. 크롤링이 중단됩니다.
2026-05-13 19:57:11,211 [ERROR] ApprovalRadar - Failed to fetch or update 20260104471: All API keys are exhausted for today.
2026-05-13 19:57:14,347 [ERROR] ApprovalRadar - 🚨 [긴급] 오늘자 식품나라 API 키가 모두 소진되었습니다. 크롤링이 중단됩니다.
2026-05-13 19:57:14,348 [ERROR] ApprovalRadar - Failed to fetch or update 20260104485: All API keys are exhausted for today.
2026-05-13 19:57:17,464 [ERROR] ApprovalRadar - 🚨 [긴급] 오늘자 식품나라 API 키가 모두 소진되었습니다. 크롤링이 중단됩니다.
2026-05-13 19:57:17,465 [ERROR] ApprovalRadar - Failed to fetch or update 20260058373: All API keys are exhausted for today.
2026-05-13 19:57:17,466 [INFO] ApprovalRadar - [진척도] 100/2403 처리 완료 (성공: 0, 실패: 100)
2026-05-13 19:57:20,612 [ERROR] ApprovalRadar - 🚨 [긴급] 오늘자 식품나라 API 키가 모두 소진되었습니다. 크롤링이 중단됩니다.
2026-05-13 19:57:20,613 [ERROR] ApprovalRadar - Failed to fetch or update 20260058329: All API keys are exhausted for today.
2026-05-13 19:57:23,755 [ERROR] ApprovalRadar - 🚨 [긴급] 오늘자 식품나라 API 키가 모두 소진되었습니다. 크롤링이 중단됩니다.
2026-05-13 19:57:23,755 [ERROR] ApprovalRadar - Failed to fetch or update 20260072359: All API keys are exhausted for today.
2026-05-13 19:57:26,903 [ERROR] ApprovalRadar - 🚨 [긴급] 오늘자 식품나라 API 키가 모두 소진되었습니다. 크롤링이 중단됩니다.
2026-05-13 19:57:26,904 [ERROR] ApprovalRadar - Failed to fetch or update 20260072355: All API keys are exhausted for today.
2026-05-13 19:57:27,421 [INFO] ApprovalRadar - Test trigger invoked via CLI or internal call.
2026-05-13 19:57:29,941 [ERROR] ApprovalRadar - 🚨 [긴급] 오늘자 식품나라 API 키가 모두 소진되었습니다. 크롤링이 중단됩니다.
2026-05-13 19:57:29,942 [ERROR] ApprovalRadar - Failed to fetch or update 20260072360: All API keys are exhausted for today.
2026-05-13 19:57:33,000 [ERROR] ApprovalRadar - 🚨 [긴급] 오늘자 식품나라 API 키가 모두 소진되었습니다. 크롤링이 중단됩니다.
2026-05-13 19:57:33,001 [ERROR] ApprovalRadar - Failed to fetch or update 20260089338: All API keys are exhausted for today.
2026-05-13 19:57:36,059 [ERROR] ApprovalRadar - 🚨 [긴급] 오늘자 식품나라 API 키가 모두 소진되었습니다. 크롤링이 중단됩니다.
2026-05-13 19:57:36,060 [ERROR] ApprovalRadar - Failed to fetch or update 20260161579: All API keys are exhausted for today.
2026-05-13 19:57:39,117 [ERROR] ApprovalRadar - 🚨 [긴급] 오늘자 식품나라 API 키가 모두 소진되었습니다. 크롤링이 중단됩니다.
2026-05-13 19:57:39,118 [ERROR] ApprovalRadar - Failed to fetch or update 20260161588: All API keys are exhausted for today.
2026-05-13 19:57:42,175 [ERROR] ApprovalRadar - 🚨 [긴급] 오늘자 식품나라 API 키가 모두 소진되었습니다. 크롤링이 중단됩니다.
2026-05-13 19:57:42,176 [ERROR] ApprovalRadar - Failed to fetch or update 20260161568: All API keys are exhausted for today.
2026-05-13 19:57:45,281 [ERROR] ApprovalRadar - 🚨 [긴급] 오늘자 식품나라 API 키가 모두 소진되었습니다. 크롤링이 중단됩니다.
2026-05-13 19:57:45,283 [ERROR] ApprovalRadar - Failed to fetch or update 20260136701: All API keys are exhausted for today.
2026-05-13 19:57:48,400 [ERROR] ApprovalRadar - 🚨 [긴급] 오늘자 식품나라 API 키가 모두 소진되었습니다. 크롤링이 중단됩니다.
2026-05-13 19:57:48,401 [ERROR] ApprovalRadar - Failed to fetch or update 20260136867: All API keys are exhausted for today.
2026-05-13 19:57:51,545 [ERROR] ApprovalRadar - 🚨 [긴급] 오늘자 식품나라 API 키가 모두 소진되었습니다. 크롤링이 중단됩니다.
2026-05-13 19:57:51,546 [ERROR] ApprovalRadar - Failed to fetch or update 20260136854: All API keys are exhausted for today.
2026-05-13 19:57:54,695 [ERROR] ApprovalRadar - 🚨 [긴급] 오늘자 식품나라 API 키가 모두 소진되었습니다. 크롤링이 중단됩니다.
2026-05-13 19:57:54,696 [ERROR] ApprovalRadar - Failed to fetch or update 20260121784: All API keys are exhausted for today.
2026-05-13 19:57:57,835 [ERROR] ApprovalRadar - 🚨 [긴급] 오늘자 식품나라 API 키가 모두 소진되었습니다. 크롤링이 중단됩니다.
2026-05-13 19:57:57,837 [ERROR] ApprovalRadar - Failed to fetch or update 20260121768: All API keys are exhausted for today.
2026-05-13 19:58:00,964 [ERROR] ApprovalRadar - 🚨 [긴급] 오늘자 식품나라 API 키가 모두 소진되었습니다. 크롤링이 중단됩니다.
2026-05-13 19:58:00,966 [ERROR] ApprovalRadar - Failed to fetch or update 20260121811: All API keys are exhausted for today.
2026-05-13 19:58:04,002 [ERROR] ApprovalRadar - 🚨 [긴급] 오늘자 식품나라 API 키가 모두 소진되었습니다. 크롤링이 중단됩니다.
2026-05-13 19:58:04,004 [ERROR] ApprovalRadar - Failed to fetch or update 20260121830: All API keys are exhausted for today.
2026-05-13 19:58:07,054 [ERROR] ApprovalRadar - 🚨 [긴급] 오늘자 식품나라 API 키가 모두 소진되었습니다. 크롤링이 중단됩니다.
2026-05-13 19:58:07,056 [ERROR] ApprovalRadar - Failed to fetch or update 20260121688: All API keys are exhausted for today.
2026-05-13 19:58:10,097 [ERROR] ApprovalRadar - 🚨 [긴급] 오늘자 식품나라 API 키가 모두 소진되었습니다. 크롤링이 중단됩니다.
2026-05-13 19:58:10,098 [ERROR] ApprovalRadar - Failed to fetch or update 20260121800: All API keys are exhausted for today.
2026-05-13 19:58:13,159 [ERROR] ApprovalRadar - 🚨 [긴급] 오늘자 식품나라 API 키가 모두 소진되었습니다. 크롤링이 중단됩니다.
2026-05-13 19:58:13,160 [ERROR] ApprovalRadar - Failed to fetch or update 20260121815: All API keys are exhausted for today.
2026-05-13 19:58:16,231 [ERROR] ApprovalRadar - 🚨 [긴급] 오늘자 식품나라 API 키가 모두 소진되었습니다. 크롤링이 중단됩니다.
2026-05-13 19:58:16,233 [ERROR] ApprovalRadar - Failed to fetch or update 20260845272: All API keys are exhausted for today.
2026-05-13 19:58:19,406 [ERROR] ApprovalRadar - 🚨 [긴급] 오늘자 식품나라 API 키가 모두 소진되었습니다. 크롤링이 중단됩니다.
2026-05-13 19:58:19,408 [ERROR] ApprovalRadar - Failed to fetch or update 20260354399: All API keys are exhausted for today.
2026-05-13 19:58:22,568 [ERROR] ApprovalRadar - 🚨 [긴급] 오늘자 식품나라 API 키가 모두 소진되었습니다. 크롤링이 중단됩니다.
2026-05-13 19:58:22,569 [ERROR] ApprovalRadar - Failed to fetch or update 20260354429: All API keys are exhausted for today.
2026-05-13 19:58:25,653 [ERROR] ApprovalRadar - 🚨 [긴급] 오늘자 식품나라 API 키가 모두 소진되었습니다. 크롤링이 중단됩니다.
2026-05-13 19:58:25,654 [ERROR] ApprovalRadar - Failed to fetch or update 20260169141: All API keys are exhausted for today.
2026-05-13 19:58:28,813 [ERROR] ApprovalRadar - 🚨 [긴급] 오늘자 식품나라 API 키가 모두 소진되었습니다. 크롤링이 중단됩니다.
2026-05-13 19:58:28,816 [ERROR] ApprovalRadar - Failed to fetch or update 20260174128: All API keys are exhausted for today.
2026-05-13 19:58:31,938 [ERROR] ApprovalRadar - 🚨 [긴급] 오늘자 식품나라 API 키가 모두 소진되었습니다. 크롤링이 중단됩니다.
2026-05-13 19:58:31,939 [ERROR] ApprovalRadar - Failed to fetch or update 20260192475: All API keys are exhausted for today.
2026-05-13 19:58:35,053 [ERROR] ApprovalRadar - 🚨 [긴급] 오늘자 식품나라 API 키가 모두 소진되었습니다. 크롤링이 중단됩니다.
2026-05-13 19:58:35,054 [ERROR] ApprovalRadar - Failed to fetch or update 20260192533: All API keys are exhausted for today.
2026-05-13 19:58:38,097 [ERROR] ApprovalRadar - 🚨 [긴급] 오늘자 식품나라 API 키가 모두 소진되었습니다. 크롤링이 중단됩니다.
2026-05-13 19:58:38,098 [ERROR] ApprovalRadar - Failed to fetch or update 20260192522: All API keys are exhausted for today.
2026-05-13 19:58:41,161 [ERROR] ApprovalRadar - 🚨 [긴급] 오늘자 식품나라 API 키가 모두 소진되었습니다. 크롤링이 중단됩니다.
2026-05-13 19:58:41,162 [ERROR] ApprovalRadar - Failed to fetch or update 20260192545: All API keys are exhausted for today.
2026-05-13 19:58:44,202 [ERROR] ApprovalRadar - 🚨 [긴급] 오늘자 식품나라 API 키가 모두 소진되었습니다. 크롤링이 중단됩니다.
2026-05-13 19:58:44,204 [ERROR] ApprovalRadar - Failed to fetch or update 20260192546: All API keys are exhausted for today.
2026-05-13 19:58:47,268 [ERROR] ApprovalRadar - 🚨 [긴급] 오늘자 식품나라 API 키가 모두 소진되었습니다. 크롤링이 중단됩니다.
2026-05-13 19:58:47,271 [ERROR] ApprovalRadar - Failed to fetch or update 20260178490: All API keys are exhausted for today.
2026-05-13 19:58:50,329 [ERROR] ApprovalRadar - 🚨 [긴급] 오늘자 식품나라 API 키가 모두 소진되었습니다. 크롤링이 중단됩니다.
2026-05-13 19:58:50,330 [ERROR] ApprovalRadar - Failed to fetch or update 20260178473: All API keys are exhausted for today.
2026-05-13 19:58:53,442 [ERROR] ApprovalRadar - 🚨 [긴급] 오늘자 식품나라 API 키가 모두 소진되었습니다. 크롤링이 중단됩니다.
2026-05-13 19:58:53,445 [ERROR] ApprovalRadar - Failed to fetch or update 20260178370: All API keys are exhausted for today.
2026-05-13 19:58:56,586 [ERROR] ApprovalRadar - 🚨 [긴급] 오늘자 식품나라 API 키가 모두 소진되었습니다. 크롤링이 중단됩니다.
2026-05-13 19:58:56,588 [ERROR] ApprovalRadar - Failed to fetch or update 20260178360: All API keys are exhausted for today.
2026-05-13 19:58:59,722 [ERROR] ApprovalRadar - 🚨 [긴급] 오늘자 식품나라 API 키가 모두 소진되었습니다. 크롤링이 중단됩니다.
2026-05-13 19:58:59,723 [ERROR] ApprovalRadar - Failed to fetch or update 20260178375: All API keys are exhausted for today.
2026-05-13 19:59:02,847 [ERROR] ApprovalRadar - 🚨 [긴급] 오늘자 식품나라 API 키가 모두 소진되었습니다. 크롤링이 중단됩니다.
2026-05-13 19:59:02,848 [ERROR] ApprovalRadar - Failed to fetch or update 20260178449: All API keys are exhausted for today.
2026-05-13 19:59:05,885 [ERROR] ApprovalRadar - 🚨 [긴급] 오늘자 식품나라 API 키가 모두 소진되었습니다. 크롤링이 중단됩니다.
2026-05-13 19:59:05,886 [ERROR] ApprovalRadar - Failed to fetch or update 20260279379: All API keys are exhausted for today.
2026-05-13 19:59:08,952 [ERROR] ApprovalRadar - 🚨 [긴급] 오늘자 식품나라 API 키가 모두 소진되었습니다. 크롤링이 중단됩니다.
2026-05-13 19:59:08,953 [ERROR] ApprovalRadar - Failed to fetch or update 20260279386: All API keys are exhausted for today.
2026-05-13 19:59:12,024 [ERROR] ApprovalRadar - 🚨 [긴급] 오늘자 식품나라 API 키가 모두 소진되었습니다. 크롤링이 중단됩니다.
2026-05-13 19:59:12,024 [ERROR] ApprovalRadar - Failed to fetch or update 20260279361: All API keys are exhausted for today.
2026-05-13 19:59:15,099 [ERROR] ApprovalRadar - 🚨 [긴급] 오늘자 식품나라 API 키가 모두 소진되었습니다. 크롤링이 중단됩니다.
2026-05-13 19:59:15,099 [ERROR] ApprovalRadar - Failed to fetch or update 20260279370: All API keys are exhausted for today.
2026-05-13 19:59:18,163 [ERROR] ApprovalRadar - 🚨 [긴급] 오늘자 식품나라 API 키가 모두 소진되었습니다. 크롤링이 중단됩니다.
2026-05-13 19:59:18,164 [ERROR] ApprovalRadar - Failed to fetch or update 20260279400: All API keys are exhausted for today.
2026-05-13 19:59:21,209 [ERROR] ApprovalRadar - 🚨 [긴급] 오늘자 식품나라 API 키가 모두 소진되었습니다. 크롤링이 중단됩니다.
2026-05-13 19:59:21,211 [ERROR] ApprovalRadar - Failed to fetch or update 20260279388: All API keys are exhausted for today.
2026-05-13 19:59:24,337 [ERROR] ApprovalRadar - 🚨 [긴급] 오늘자 식품나라 API 키가 모두 소진되었습니다. 크롤링이 중단됩니다.
2026-05-13 19:59:24,338 [ERROR] ApprovalRadar - Failed to fetch or update 20260279369: All API keys are exhausted for today.
2026-05-13 19:59:27,381 [ERROR] ApprovalRadar - 🚨 [긴급] 오늘자 식품나라 API 키가 모두 소진되었습니다. 크롤링이 중단됩니다.
2026-05-13 19:59:27,382 [ERROR] ApprovalRadar - Failed to fetch or update 20260121684: All API keys are exhausted for today.
2026-05-13 19:59:30,435 [ERROR] ApprovalRadar - 🚨 [긴급] 오늘자 식품나라 API 키가 모두 소진되었습니다. 크롤링이 중단됩니다.
2026-05-13 19:59:30,436 [ERROR] ApprovalRadar - Failed to fetch or update 20260154696: All API keys are exhausted for today.
2026-05-13 19:59:33,488 [ERROR] ApprovalRadar - 🚨 [긴급] 오늘자 식품나라 API 키가 모두 소진되었습니다. 크롤링이 중단됩니다.
2026-05-13 19:59:33,489 [ERROR] ApprovalRadar - Failed to fetch or update 20260145160: All API keys are exhausted for today.
2026-05-13 19:59:36,529 [ERROR] ApprovalRadar - 🚨 [긴급] 오늘자 식품나라 API 키가 모두 소진되었습니다. 크롤링이 중단됩니다.
2026-05-13 19:59:36,529 [ERROR] ApprovalRadar - Failed to fetch or update 20260145381: All API keys are exhausted for today.
2026-05-13 19:59:39,564 [ERROR] ApprovalRadar - 🚨 [긴급] 오늘자 식품나라 API 키가 모두 소진되었습니다. 크롤링이 중단됩니다.
2026-05-13 19:59:39,565 [ERROR] ApprovalRadar - Failed to fetch or update 20260145358: All API keys are exhausted for today.
2026-05-13 19:59:42,674 [ERROR] ApprovalRadar - 🚨 [긴급] 오늘자 식품나라 API 키가 모두 소진되었습니다. 크롤링이 중단됩니다.
2026-05-13 19:59:42,676 [ERROR] ApprovalRadar - Failed to fetch or update 20260145235: All API keys are exhausted for today.
2026-05-13 19:59:45,819 [ERROR] ApprovalRadar - 🚨 [긴급] 오늘자 식품나라 API 키가 모두 소진되었습니다. 크롤링이 중단됩니다.
2026-05-13 19:59:45,820 [ERROR] ApprovalRadar - Failed to fetch or update 20260145340: All API keys are exhausted for today.
2026-05-13 19:59:48,967 [ERROR] ApprovalRadar - 🚨 [긴급] 오늘자 식품나라 API 키가 모두 소진되었습니다. 크롤링이 중단됩니다.
2026-05-13 19:59:48,968 [ERROR] ApprovalRadar - Failed to fetch or update 20260145291: All API keys are exhausted for today.
2026-05-13 19:59:52,112 [ERROR] ApprovalRadar - 🚨 [긴급] 오늘자 식품나라 API 키가 모두 소진되었습니다. 크롤링이 중단됩니다.
2026-05-13 19:59:52,115 [ERROR] ApprovalRadar - Failed to fetch or update 20260145226: All API keys are exhausted for today.
2026-05-13 19:59:55,157 [ERROR] ApprovalRadar - 🚨 [긴급] 오늘자 식품나라 API 키가 모두 소진되었습니다. 크롤링이 중단됩니다.
2026-05-13 19:59:55,159 [ERROR] ApprovalRadar - Failed to fetch or update 20260145331: All API keys are exhausted for today.
2026-05-13 19:59:58,222 [ERROR] ApprovalRadar - 🚨 [긴급] 오늘자 식품나라 API 키가 모두 소진되었습니다. 크롤링이 중단됩니다.
2026-05-13 19:59:58,223 [ERROR] ApprovalRadar - Failed to fetch or update 20260145288: All API keys are exhausted for today.
2026-05-13 20:00:01,271 [ERROR] ApprovalRadar - 🚨 [긴급] 오늘자 식품나라 API 키가 모두 소진되었습니다. 크롤링이 중단됩니다.
2026-05-13 20:00:01,274 [ERROR] ApprovalRadar - Failed to fetch or update 20260145418: All API keys are exhausted for today.
2026-05-13 20:00:04,321 [ERROR] ApprovalRadar - 🚨 [긴급] 오늘자 식품나라 API 키가 모두 소진되었습니다. 크롤링이 중단됩니다.
2026-05-13 20:00:04,325 [ERROR] ApprovalRadar - Failed to fetch or update 20260145341: All API keys are exhausted for today.
2026-05-13 20:00:07,382 [ERROR] ApprovalRadar - 🚨 [긴급] 오늘자 식품나라 API 키가 모두 소진되었습니다. 크롤링이 중단됩니다.
2026-05-13 20:00:07,383 [ERROR] ApprovalRadar - Failed to fetch or update 20260310387: All API keys are exhausted for today.
2026-05-13 20:00:10,507 [ERROR] ApprovalRadar - 🚨 [긴급] 오늘자 식품나라 API 키가 모두 소진되었습니다. 크롤링이 중단됩니다.
2026-05-13 20:00:10,508 [ERROR] ApprovalRadar - Failed to fetch or update 20260431240: All API keys are exhausted for today.
2026-05-13 20:00:13,661 [ERROR] ApprovalRadar - 🚨 [긴급] 오늘자 식품나라 API 키가 모두 소진되었습니다. 크롤링이 중단됩니다.
2026-05-13 20:00:13,662 [ERROR] ApprovalRadar - Failed to fetch or update 20260431270: All API keys are exhausted for today.
2026-05-13 20:00:16,807 [ERROR] ApprovalRadar - 🚨 [긴급] 오늘자 식품나라 API 키가 모두 소진되었습니다. 크롤링이 중단됩니다.
2026-05-13 20:00:16,808 [ERROR] ApprovalRadar - Failed to fetch or update 20260431262: All API keys are exhausted for today.
2026-05-13 20:00:19,940 [ERROR] ApprovalRadar - 🚨 [긴급] 오늘자 식품나라 API 키가 모두 소진되었습니다. 크롤링이 중단됩니다.
2026-05-13 20:00:19,942 [ERROR] ApprovalRadar - Failed to fetch or update 20260499246: All API keys are exhausted for today.
2026-05-13 20:00:23,056 [ERROR] ApprovalRadar - 🚨 [긴급] 오늘자 식품나라 API 키가 모두 소진되었습니다. 크롤링이 중단됩니다.
2026-05-13 20:00:23,057 [ERROR] ApprovalRadar - Failed to fetch or update 20260499301: All API keys are exhausted for today.
2026-05-13 20:00:26,191 [ERROR] ApprovalRadar - 🚨 [긴급] 오늘자 식품나라 API 키가 모두 소진되었습니다. 크롤링이 중단됩니다.
2026-05-13 20:00:26,193 [ERROR] ApprovalRadar - Failed to fetch or update 20260499303: All API keys are exhausted for today.
2026-05-13 20:00:29,331 [ERROR] ApprovalRadar - 🚨 [긴급] 오늘자 식품나라 API 키가 모두 소진되었습니다. 크롤링이 중단됩니다.
2026-05-13 20:00:29,332 [ERROR] ApprovalRadar - Failed to fetch or update 20260517090: All API keys are exhausted for today.
2026-05-13 20:00:32,376 [ERROR] ApprovalRadar - 🚨 [긴급] 오늘자 식품나라 API 키가 모두 소진되었습니다. 크롤링이 중단됩니다.
2026-05-13 20:00:32,378 [ERROR] ApprovalRadar - Failed to fetch or update 20160137095: All API keys are exhausted for today.
2026-05-13 20:00:35,437 [ERROR] ApprovalRadar - 🚨 [긴급] 오늘자 식품나라 API 키가 모두 소진되었습니다. 크롤링이 중단됩니다.
2026-05-13 20:00:35,438 [ERROR] ApprovalRadar - Failed to fetch or update 20010555233: All API keys are exhausted for today.
2026-05-13 20:00:38,503 [ERROR] ApprovalRadar - 🚨 [긴급] 오늘자 식품나라 API 키가 모두 소진되었습니다. 크롤링이 중단됩니다.
2026-05-13 20:00:38,506 [ERROR] ApprovalRadar - Failed to fetch or update 20250113369: All API keys are exhausted for today.
2026-05-13 20:00:41,568 [ERROR] ApprovalRadar - 🚨 [긴급] 오늘자 식품나라 API 키가 모두 소진되었습니다. 크롤링이 중단됩니다.
2026-05-13 20:00:41,570 [ERROR] ApprovalRadar - Failed to fetch or update 20260354492: All API keys are exhausted for today.
2026-05-13 20:00:44,641 [ERROR] ApprovalRadar - 🚨 [긴급] 오늘자 식품나라 API 키가 모두 소진되었습니다. 크롤링이 중단됩니다.
2026-05-13 20:00:44,643 [ERROR] ApprovalRadar - Failed to fetch or update 20260718053: All API keys are exhausted for today.
2026-05-13 20:00:47,748 [ERROR] ApprovalRadar - 🚨 [긴급] 오늘자 식품나라 API 키가 모두 소진되었습니다. 크롤링이 중단됩니다.
2026-05-13 20:00:47,750 [ERROR] ApprovalRadar - Failed to fetch or update 20260715135: All API keys are exhausted for today.
2026-05-13 20:00:50,885 [ERROR] ApprovalRadar - 🚨 [긴급] 오늘자 식품나라 API 키가 모두 소진되었습니다. 크롤링이 중단됩니다.
2026-05-13 20:00:50,887 [ERROR] ApprovalRadar - Failed to fetch or update 20260971803: All API keys are exhausted for today.
2026-05-13 20:00:54,023 [ERROR] ApprovalRadar - 🚨 [긴급] 오늘자 식품나라 API 키가 모두 소진되었습니다. 크롤링이 중단됩니다.
2026-05-13 20:00:54,024 [ERROR] ApprovalRadar - Failed to fetch or update 20210401325: All API keys are exhausted for today.
2026-05-13 20:00:57,139 [ERROR] ApprovalRadar - 🚨 [긴급] 오늘자 식품나라 API 키가 모두 소진되었습니다. 크롤링이 중단됩니다.
2026-05-13 20:00:57,140 [ERROR] ApprovalRadar - Failed to fetch or update 20040386288: All API keys are exhausted for today.
2026-05-13 20:01:00,284 [ERROR] ApprovalRadar - 🚨 [긴급] 오늘자 식품나라 API 키가 모두 소진되었습니다. 크롤링이 중단됩니다.
2026-05-13 20:01:00,285 [ERROR] ApprovalRadar - Failed to fetch or update 20260226104: All API keys are exhausted for today.
2026-05-13 20:01:03,321 [ERROR] ApprovalRadar - 🚨 [긴급] 오늘자 식품나라 API 키가 모두 소진되었습니다. 크롤링이 중단됩니다.
2026-05-13 20:01:03,322 [ERROR] ApprovalRadar - Failed to fetch or update 20260707285: All API keys are exhausted for today.
2026-05-13 20:01:06,381 [ERROR] ApprovalRadar - 🚨 [긴급] 오늘자 식품나라 API 키가 모두 소진되었습니다. 크롤링이 중단됩니다.
2026-05-13 20:01:06,382 [ERROR] ApprovalRadar - Failed to fetch or update 20260273621: All API keys are exhausted for today.
2026-05-13 20:01:09,441 [ERROR] ApprovalRadar - 🚨 [긴급] 오늘자 식품나라 API 키가 모두 소진되었습니다. 크롤링이 중단됩니다.
2026-05-13 20:01:09,443 [ERROR] ApprovalRadar - Failed to fetch or update 20260211136: All API keys are exhausted for today.
2026-05-13 20:01:12,501 [ERROR] ApprovalRadar - 🚨 [긴급] 오늘자 식품나라 API 키가 모두 소진되었습니다. 크롤링이 중단됩니다.
2026-05-13 20:01:12,503 [ERROR] ApprovalRadar - Failed to fetch or update 20020025430: All API keys are exhausted for today.
2026-05-13 20:01:15,559 [ERROR] ApprovalRadar - 🚨 [긴급] 오늘자 식품나라 API 키가 모두 소진되었습니다. 크롤링이 중단됩니다.
2026-05-13 20:01:15,560 [ERROR] ApprovalRadar - Failed to fetch or update 20260097709: All API keys are exhausted for today.
2026-05-13 20:01:18,668 [ERROR] ApprovalRadar - 🚨 [긴급] 오늘자 식품나라 API 키가 모두 소진되었습니다. 크롤링이 중단됩니다.
2026-05-13 20:01:18,669 [ERROR] ApprovalRadar - Failed to fetch or update 20240147597: All API keys are exhausted for today.
2026-05-13 20:01:21,791 [ERROR] ApprovalRadar - 🚨 [긴급] 오늘자 식품나라 API 키가 모두 소진되었습니다. 크롤링이 중단됩니다.
2026-05-13 20:01:21,792 [ERROR] ApprovalRadar - Failed to fetch or update 20260108686: All API keys are exhausted for today.
2026-05-13 20:01:24,929 [ERROR] ApprovalRadar - 🚨 [긴급] 오늘자 식품나라 API 키가 모두 소진되었습니다. 크롤링이 중단됩니다.
2026-05-13 20:01:24,931 [ERROR] ApprovalRadar - Failed to fetch or update 20260704232: All API keys are exhausted for today.
2026-05-13 20:01:28,072 [ERROR] ApprovalRadar - 🚨 [긴급] 오늘자 식품나라 API 키가 모두 소진되었습니다. 크롤링이 중단됩니다.
2026-05-13 20:01:28,074 [ERROR] ApprovalRadar - Failed to fetch or update 20260942236: All API keys are exhausted for today.
2026-05-13 20:01:31,218 [ERROR] ApprovalRadar - 🚨 [긴급] 오늘자 식품나라 API 키가 모두 소진되었습니다. 크롤링이 중단됩니다.
2026-05-13 20:01:31,220 [ERROR] ApprovalRadar - Failed to fetch or update 20260233416: All API keys are exhausted for today.
2026-05-13 20:01:34,365 [ERROR] ApprovalRadar - 🚨 [긴급] 오늘자 식품나라 API 키가 모두 소진되었습니다. 크롤링이 중단됩니다.
2026-05-13 20:01:34,367 [ERROR] ApprovalRadar - Failed to fetch or update 20260310388: All API keys are exhausted for today.
2026-05-13 20:01:37,492 [ERROR] ApprovalRadar - 🚨 [긴급] 오늘자 식품나라 API 키가 모두 소진되었습니다. 크롤링이 중단됩니다.
2026-05-13 20:01:37,494 [ERROR] ApprovalRadar - Failed to fetch or update 20260623111: All API keys are exhausted for today.
2026-05-13 20:01:40,549 [ERROR] ApprovalRadar - 🚨 [긴급] 오늘자 식품나라 API 키가 모두 소진되었습니다. 크롤링이 중단됩니다.
2026-05-13 20:01:40,550 [ERROR] ApprovalRadar - Failed to fetch or update 20260623087: All API keys are exhausted for today.
2026-05-13 20:01:43,608 [ERROR] ApprovalRadar - 🚨 [긴급] 오늘자 식품나라 API 키가 모두 소진되었습니다. 크롤링이 중단됩니다.
2026-05-13 20:01:43,610 [ERROR] ApprovalRadar - Failed to fetch or update 20260263358: All API keys are exhausted for today.
2026-05-13 20:01:46,681 [ERROR] ApprovalRadar - 🚨 [긴급] 오늘자 식품나라 API 키가 모두 소진되었습니다. 크롤링이 중단됩니다.
2026-05-13 20:01:46,683 [ERROR] ApprovalRadar - Failed to fetch or update 20260291751: All API keys are exhausted for today.
2026-05-13 20:01:49,748 [ERROR] ApprovalRadar - 🚨 [긴급] 오늘자 식품나라 API 키가 모두 소진되었습니다. 크롤링이 중단됩니다.
2026-05-13 20:01:49,750 [ERROR] ApprovalRadar - Failed to fetch or update 20260746328: All API keys are exhausted for today.
2026-05-13 20:01:52,792 [ERROR] ApprovalRadar - 🚨 [긴급] 오늘자 식품나라 API 키가 모두 소진되었습니다. 크롤링이 중단됩니다.
2026-05-13 20:01:52,793 [ERROR] ApprovalRadar - Failed to fetch or update 20260795265: All API keys are exhausted for today.
2026-05-13 20:01:55,890 [ERROR] ApprovalRadar - 🚨 [긴급] 오늘자 식품나라 API 키가 모두 소진되었습니다. 크롤링이 중단됩니다.
2026-05-13 20:01:55,893 [ERROR] ApprovalRadar - Failed to fetch or update 20260909197: All API keys are exhausted for today.
2026-05-13 20:01:57,575 [INFO] ApprovalRadar - Starting DiffCrawler Delta Sync Job for I2859...
2026-05-13 20:01:57,614 [INFO] ApprovalRadar - [키 회전] API 한도 초과! 새로운 키로 교체: f1282***
2026-05-13 20:01:57,615 [WARNING] ApprovalRadar - 키 회전 후 3.0초 대기...
2026-05-13 20:01:59,036 [ERROR] ApprovalRadar - 🚨 [긴급] 오늘자 식품나라 API 키가 모두 소진되었습니다. 크롤링이 중단됩니다.
2026-05-13 20:01:59,038 [ERROR] ApprovalRadar - Failed to fetch or update 20260230133: All API keys are exhausted for today.
2026-05-13 20:02:00,736 [INFO] ApprovalRadar - [키 회전] API 한도 초과! 새로운 키로 교체: ba698***
2026-05-13 20:02:00,738 [WARNING] ApprovalRadar - 키 회전 후 3.0초 대기...
2026-05-13 20:02:02,183 [ERROR] ApprovalRadar - 🚨 [긴급] 오늘자 식품나라 API 키가 모두 소진되었습니다. 크롤링이 중단됩니다.
2026-05-13 20:02:02,185 [ERROR] ApprovalRadar - Failed to fetch or update 20210176230: All API keys are exhausted for today.
2026-05-13 20:02:03,838 [INFO] ApprovalRadar - [키 회전] API 한도 초과! 새로운 키로 교체: 67f07***
2026-05-13 20:02:03,841 [WARNING] ApprovalRadar - 키 회전 후 3.0초 대기...
2026-05-13 20:02:05,333 [ERROR] ApprovalRadar - 🚨 [긴급] 오늘자 식품나라 API 키가 모두 소진되었습니다. 크롤링이 중단됩니다.
2026-05-13 20:02:05,336 [ERROR] ApprovalRadar - Failed to fetch or update 20260192630: All API keys are exhausted for today.
2026-05-13 20:02:06,885 [INFO] ApprovalRadar - [키 회전] API 한도 초과! 새로운 키로 교체: e7b3f***
2026-05-13 20:02:06,887 [WARNING] ApprovalRadar - 키 회전 후 3.0초 대기...
2026-05-13 20:02:08,475 [ERROR] ApprovalRadar - 🚨 [긴급] 오늘자 식품나라 API 키가 모두 소진되었습니다. 크롤링이 중단됩니다.
2026-05-13 20:02:08,477 [ERROR] ApprovalRadar - Failed to fetch or update 20260664570: All API keys are exhausted for today.
2026-05-13 20:02:10,081 [ERROR] ApprovalRadar - 🚨 [긴급] 오늘자 식품나라 API 키가 모두 소진되었습니다. 크롤링이 중단됩니다.
2026-05-13 20:02:10,083 [ERROR] ApprovalRadar - ❌ I2859 크롤러 스케줄 작업 중 치명적인 오류 발생: All API keys are exhausted for today.
2026-05-13 20:02:10,084 [INFO] ApprovalRadar - Starting DiffCrawler Delta Sync Job for I2500...
2026-05-13 20:02:10,087 [INFO] ApprovalRadar - 최초 실행: 베이스라인 부트스트랩을 시작합니다...
2026-05-13 20:02:10,088 [INFO] ApprovalRadar - [Bootstrapper] True Tail(실제 마지막 데이터) 찾는 중...
2026-05-13 20:02:10,198 [INFO] ApprovalRadar - [키 회전] API 한도 초과! 새로운 키로 교체: f1282***
2026-05-13 20:02:10,200 [WARNING] ApprovalRadar - 키 회전 후 3.0초 대기...
2026-05-13 20:02:11,619 [ERROR] ApprovalRadar - 🚨 [긴급] 오늘자 식품나라 API 키가 모두 소진되었습니다. 크롤링이 중단됩니다.
2026-05-13 20:02:11,622 [ERROR] ApprovalRadar - Failed to fetch or update 20260889040: All API keys are exhausted for today.
2026-05-13 20:02:13,258 [INFO] ApprovalRadar - [키 회전] API 한도 초과! 새로운 키로 교체: ba698***
2026-05-13 20:02:13,258 [WARNING] ApprovalRadar - 키 회전 후 3.0초 대기...
2026-05-13 20:02:14,775 [ERROR] ApprovalRadar - 🚨 [긴급] 오늘자 식품나라 API 키가 모두 소진되었습니다. 크롤링이 중단됩니다.
2026-05-13 20:02:14,777 [ERROR] ApprovalRadar - Failed to fetch or update 20260263274: All API keys are exhausted for today.
2026-05-13 20:02:16,400 [INFO] ApprovalRadar - [키 회전] API 한도 초과! 새로운 키로 교체: 67f07***
2026-05-13 20:02:16,403 [WARNING] ApprovalRadar - 키 회전 후 3.0초 대기...
2026-05-13 20:02:17,910 [ERROR] ApprovalRadar - 🚨 [긴급] 오늘자 식품나라 API 키가 모두 소진되었습니다. 크롤링이 중단됩니다.
2026-05-13 20:02:17,913 [ERROR] ApprovalRadar - Failed to fetch or update 20260707286: All API keys are exhausted for today.
2026-05-13 20:02:19,543 [INFO] ApprovalRadar - [키 회전] API 한도 초과! 새로운 키로 교체: e7b3f***
2026-05-13 20:02:19,546 [WARNING] ApprovalRadar - 키 회전 후 3.0초 대기...
2026-05-13 20:02:21,055 [ERROR] ApprovalRadar - 🚨 [긴급] 오늘자 식품나라 API 키가 모두 소진되었습니다. 크롤링이 중단됩니다.
2026-05-13 20:02:21,058 [ERROR] ApprovalRadar - Failed to fetch or update 20260089240: All API keys are exhausted for today.
2026-05-13 20:02:22,621 [ERROR] ApprovalRadar - 🚨 [긴급] 오늘자 식품나라 API 키가 모두 소진되었습니다. 크롤링이 중단됩니다.
2026-05-13 20:02:22,624 [ERROR] ApprovalRadar - ❌ I2500 크롤러 스케줄 작업 중 치명적인 오류 발생: All API keys are exhausted for today.
2026-05-13 20:02:24,202 [ERROR] ApprovalRadar - 🚨 [긴급] 오늘자 식품나라 API 키가 모두 소진되었습니다. 크롤링이 중단됩니다.
2026-05-13 20:02:24,203 [ERROR] ApprovalRadar - Failed to fetch or update 20260154964: All API keys are exhausted for today.
2026-05-13 20:02:27,348 [ERROR] ApprovalRadar - 🚨 [긴급] 오늘자 식품나라 API 키가 모두 소진되었습니다. 크롤링이 중단됩니다.
2026-05-13 20:02:27,349 [ERROR] ApprovalRadar - Failed to fetch or update 20260108678: All API keys are exhausted for today.
2026-05-13 20:02:27,350 [INFO] ApprovalRadar - [진척도] 200/2403 처리 완료 (성공: 0, 실패: 200)
2026-05-13 20:02:30,495 [ERROR] ApprovalRadar - 🚨 [긴급] 오늘자 식품나라 API 키가 모두 소진되었습니다. 크롤링이 중단됩니다.
2026-05-13 20:02:30,497 [ERROR] ApprovalRadar - Failed to fetch or update 20260104547: All API keys are exhausted for today.
2026-05-13 20:02:33,639 [ERROR] ApprovalRadar - 🚨 [긴급] 오늘자 식품나라 API 키가 모두 소진되었습니다. 크롤링이 중단됩니다.
2026-05-13 20:02:33,642 [ERROR] ApprovalRadar - Failed to fetch or update 20260121879: All API keys are exhausted for today.
2026-05-13 20:02:36,786 [ERROR] ApprovalRadar - 🚨 [긴급] 오늘자 식품나라 API 키가 모두 소진되었습니다. 크롤링이 중단됩니다.
2026-05-13 20:02:36,788 [ERROR] ApprovalRadar - Failed to fetch or update 20260062439: All API keys are exhausted for today.
2026-05-13 20:02:39,930 [ERROR] ApprovalRadar - 🚨 [긴급] 오늘자 식품나라 API 키가 모두 소진되었습니다. 크롤링이 중단됩니다.
2026-05-13 20:02:39,933 [ERROR] ApprovalRadar - Failed to fetch or update 20260045654: All API keys are exhausted for today.
2026-05-13 20:02:43,074 [ERROR] ApprovalRadar - 🚨 [긴급] 오늘자 식품나라 API 키가 모두 소진되었습니다. 크롤링이 중단됩니다.
2026-05-13 20:02:43,076 [ERROR] ApprovalRadar - Failed to fetch or update 20260161656: All API keys are exhausted for today.
2026-05-13 20:02:46,228 [ERROR] ApprovalRadar - 🚨 [긴급] 오늘자 식품나라 API 키가 모두 소진되었습니다. 크롤링이 중단됩니다.
2026-05-13 20:02:46,230 [ERROR] ApprovalRadar - Failed to fetch or update 20260354494: All API keys are exhausted for today.
2026-05-13 20:02:49,369 [ERROR] ApprovalRadar - 🚨 [긴급] 오늘자 식품나라 API 키가 모두 소진되었습니다. 크롤링이 중단됩니다.
2026-05-13 20:02:49,371 [ERROR] ApprovalRadar - Failed to fetch or update 20260529452: All API keys are exhausted for today.
2026-05-13 20:02:52,510 [ERROR] ApprovalRadar - 🚨 [긴급] 오늘자 식품나라 API 키가 모두 소진되었습니다. 크롤링이 중단됩니다.
2026-05-13 20:02:52,513 [ERROR] ApprovalRadar - Failed to fetch or update 20260382025: All API keys are exhausted for today.
2026-05-13 20:02:55,665 [ERROR] ApprovalRadar - 🚨 [긴급] 오늘자 식품나라 API 키가 모두 소진되었습니다. 크롤링이 중단됩니다.
2026-05-13 20:02:55,667 [ERROR] ApprovalRadar - Failed to fetch or update 20260385267: All API keys are exhausted for today.
2026-05-13 20:02:58,785 [ERROR] ApprovalRadar - 🚨 [긴급] 오늘자 식품나라 API 키가 모두 소진되었습니다. 크롤링이 중단됩니다.
2026-05-13 20:02:58,787 [ERROR] ApprovalRadar - Failed to fetch or update 20260441082: All API keys are exhausted for today.
2026-05-13 20:03:01,901 [ERROR] ApprovalRadar - 🚨 [긴급] 오늘자 식품나라 API 키가 모두 소진되었습니다. 크롤링이 중단됩니다.
2026-05-13 20:03:01,902 [ERROR] ApprovalRadar - Failed to fetch or update 20260514276: All API keys are exhausted for today.
2026-05-13 20:03:04,944 [ERROR] ApprovalRadar - 🚨 [긴급] 오늘자 식품나라 API 키가 모두 소진되었습니다. 크롤링이 중단됩니다.
2026-05-13 20:03:04,946 [ERROR] ApprovalRadar - Failed to fetch or update 20260546858: All API keys are exhausted for today.
2026-05-13 20:03:08,010 [ERROR] ApprovalRadar - 🚨 [긴급] 오늘자 식품나라 API 키가 모두 소진되었습니다. 크롤링이 중단됩니다.
2026-05-13 20:03:08,012 [ERROR] ApprovalRadar - Failed to fetch or update 20260431300: All API keys are exhausted for today.
2026-05-13 20:03:11,071 [ERROR] ApprovalRadar - 🚨 [긴급] 오늘자 식품나라 API 키가 모두 소진되었습니다. 크롤링이 중단됩니다.
2026-05-13 20:03:11,073 [ERROR] ApprovalRadar - Failed to fetch or update 20260546859: All API keys are exhausted for today.
2026-05-13 20:03:14,129 [ERROR] ApprovalRadar - 🚨 [긴급] 오늘자 식품나라 API 키가 모두 소진되었습니다. 크롤링이 중단됩니다.
2026-05-13 20:03:14,132 [ERROR] ApprovalRadar - Failed to fetch or update 20220417373: All API keys are exhausted for today.
2026-05-13 20:03:17,195 [ERROR] ApprovalRadar - 🚨 [긴급] 오늘자 식품나라 API 키가 모두 소진되었습니다. 크롤링이 중단됩니다.
2026-05-13 20:03:17,197 [ERROR] ApprovalRadar - Failed to fetch or update 20260602160: All API keys are exhausted for today.
2026-05-13 20:03:20,275 [ERROR] ApprovalRadar - 🚨 [긴급] 오늘자 식품나라 API 키가 모두 소진되었습니다. 크롤링이 중단됩니다.
2026-05-13 20:03:20,278 [ERROR] ApprovalRadar - Failed to fetch or update 20260388162: All API keys are exhausted for today.
2026-05-13 20:03:23,419 [ERROR] ApprovalRadar - 🚨 [긴급] 오늘자 식품나라 API 키가 모두 소진되었습니다. 크롤링이 중단됩니다.
2026-05-13 20:03:23,421 [ERROR] ApprovalRadar - Failed to fetch or update 20260558730: All API keys are exhausted for today.
2026-05-13 20:03:26,559 [ERROR] ApprovalRadar - 🚨 [긴급] 오늘자 식품나라 API 키가 모두 소진되었습니다. 크롤링이 중단됩니다.
2026-05-13 20:03:26,561 [ERROR] ApprovalRadar - Failed to fetch or update 20260408502: All API keys are exhausted for today.
2026-05-13 20:03:29,711 [ERROR] ApprovalRadar - 🚨 [긴급] 오늘자 식품나라 API 키가 모두 소진되었습니다. 크롤링이 중단됩니다.
2026-05-13 20:03:29,713 [ERROR] ApprovalRadar - Failed to fetch or update 20230460210: All API keys are exhausted for today.
2026-05-13 20:03:32,846 [ERROR] ApprovalRadar - 🚨 [긴급] 오늘자 식품나라 API 키가 모두 소진되었습니다. 크롤링이 중단됩니다.
2026-05-13 20:03:32,848 [ERROR] ApprovalRadar - Failed to fetch or update 20260408409: All API keys are exhausted for today.
2026-05-13 20:03:35,997 [ERROR] ApprovalRadar - 🚨 [긴급] 오늘자 식품나라 API 키가 모두 소진되었습니다. 크롤링이 중단됩니다.
2026-05-13 20:03:35,999 [ERROR] ApprovalRadar - Failed to fetch or update 20260546860: All API keys are exhausted for today.
2026-05-13 20:03:39,125 [ERROR] ApprovalRadar - 🚨 [긴급] 오늘자 식품나라 API 키가 모두 소진되었습니다. 크롤링이 중단됩니다.
2026-05-13 20:03:39,127 [ERROR] ApprovalRadar - Failed to fetch or update 20260504240: All API keys are exhausted for today.
2026-05-13 20:03:42,166 [ERROR] ApprovalRadar - 🚨 [긴급] 오늘자 식품나라 API 키가 모두 소진되었습니다. 크롤링이 중단됩니다.
2026-05-13 20:03:42,169 [ERROR] ApprovalRadar - Failed to fetch or update 20260758298: All API keys are exhausted for today.
2026-05-13 20:03:45,299 [ERROR] ApprovalRadar - 🚨 [긴급] 오늘자 식품나라 API 키가 모두 소진되었습니다. 크롤링이 중단됩니다.
2026-05-13 20:03:45,300 [ERROR] ApprovalRadar - Failed to fetch or update 20240594573: All API keys are exhausted for today.
2026-05-13 20:03:48,586 [ERROR] ApprovalRadar - 🚨 [긴급] 오늘자 식품나라 API 키가 모두 소진되었습니다. 크롤링이 중단됩니다.
2026-05-13 20:03:48,588 [ERROR] ApprovalRadar - Failed to fetch or update 20250808122: All API keys are exhausted for today.
2026-05-13 20:03:51,732 [ERROR] ApprovalRadar - 🚨 [긴급] 오늘자 식품나라 API 키가 모두 소진되었습니다. 크롤링이 중단됩니다.
2026-05-13 20:03:51,734 [ERROR] ApprovalRadar - Failed to fetch or update 20260291752: All API keys are exhausted for today.
2026-05-13 20:03:54,869 [ERROR] ApprovalRadar - 🚨 [긴급] 오늘자 식품나라 API 키가 모두 소진되었습니다. 크롤링이 중단됩니다.
2026-05-13 20:03:54,872 [ERROR] ApprovalRadar - Failed to fetch or update 20260279454: All API keys are exhausted for today.
2026-05-13 20:03:58,014 [ERROR] ApprovalRadar - 🚨 [긴급] 오늘자 식품나라 API 키가 모두 소진되었습니다. 크롤링이 중단됩니다.
2026-05-13 20:03:58,017 [ERROR] ApprovalRadar - Failed to fetch or update 20260324402: All API keys are exhausted for today.
2026-05-13 20:04:01,159 [ERROR] ApprovalRadar - 🚨 [긴급] 오늘자 식품나라 API 키가 모두 소진되었습니다. 크롤링이 중단됩니다.
2026-05-13 20:04:01,161 [ERROR] ApprovalRadar - Failed to fetch or update 20240313853: All API keys are exhausted for today.
2026-05-13 20:04:04,306 [ERROR] ApprovalRadar - 🚨 [긴급] 오늘자 식품나라 API 키가 모두 소진되었습니다. 크롤링이 중단됩니다.
2026-05-13 20:04:04,307 [ERROR] ApprovalRadar - Failed to fetch or update 20260971804: All API keys are exhausted for today.
2026-05-13 20:04:07,433 [ERROR] ApprovalRadar - 🚨 [긴급] 오늘자 식품나라 API 키가 모두 소진되었습니다. 크롤링이 중단됩니다.
2026-05-13 20:04:07,435 [ERROR] ApprovalRadar - Failed to fetch or update 20260172090: All API keys are exhausted for today.
2026-05-13 20:04:10,493 [ERROR] ApprovalRadar - 🚨 [긴급] 오늘자 식품나라 API 키가 모두 소진되었습니다. 크롤링이 중단됩니다.
2026-05-13 20:04:10,495 [ERROR] ApprovalRadar - Failed to fetch or update 20260176086: All API keys are exhausted for today.
2026-05-13 20:04:13,538 [ERROR] ApprovalRadar - 🚨 [긴급] 오늘자 식품나라 API 키가 모두 소진되었습니다. 크롤링이 중단됩니다.
2026-05-13 20:04:13,539 [ERROR] ApprovalRadar - Failed to fetch or update 20260226103: All API keys are exhausted for today.
2026-05-13 20:04:16,602 [ERROR] ApprovalRadar - 🚨 [긴급] 오늘자 식품나라 API 키가 모두 소진되었습니다. 크롤링이 중단됩니다.
2026-05-13 20:04:16,604 [ERROR] ApprovalRadar - Failed to fetch or update 20260848317: All API keys are exhausted for today.
2026-05-13 20:04:19,675 [ERROR] ApprovalRadar - 🚨 [긴급] 오늘자 식품나라 API 키가 모두 소진되었습니다. 크롤링이 중단됩니다.
2026-05-13 20:04:19,678 [ERROR] ApprovalRadar - Failed to fetch or update 20260917022: All API keys are exhausted for today.
2026-05-13 20:04:22,756 [ERROR] ApprovalRadar - 🚨 [긴급] 오늘자 식품나라 API 키가 모두 소진되었습니다. 크롤링이 중단됩니다.
2026-05-13 20:04:22,758 [ERROR] ApprovalRadar - Failed to fetch or update 20260330169: All API keys are exhausted for today.
2026-05-13 20:04:25,836 [ERROR] ApprovalRadar - 🚨 [긴급] 오늘자 식품나라 API 키가 모두 소진되었습니다. 크롤링이 중단됩니다.
2026-05-13 20:04:25,838 [ERROR] ApprovalRadar - Failed to fetch or update 20260369404: All API keys are exhausted for today.
2026-05-13 20:04:28,961 [ERROR] ApprovalRadar - 🚨 [긴급] 오늘자 식품나라 API 키가 모두 소진되었습니다. 크롤링이 중단됩니다.
2026-05-13 20:04:28,963 [ERROR] ApprovalRadar - Failed to fetch or update 20260273478: All API keys are exhausted for today.
2026-05-13 20:04:32,096 [ERROR] ApprovalRadar - 🚨 [긴급] 오늘자 식품나라 API 키가 모두 소진되었습니다. 크롤링이 중단됩니다.
2026-05-13 20:04:32,097 [ERROR] ApprovalRadar - Failed to fetch or update 20260263222: All API keys are exhausted for today.
2026-05-13 20:04:35,239 [ERROR] ApprovalRadar - 🚨 [긴급] 오늘자 식품나라 API 키가 모두 소진되었습니다. 크롤링이 중단됩니다.
2026-05-13 20:04:35,241 [ERROR] ApprovalRadar - Failed to fetch or update 20260382255: All API keys are exhausted for today.
2026-05-13 20:04:38,383 [ERROR] ApprovalRadar - 🚨 [긴급] 오늘자 식품나라 API 키가 모두 소진되었습니다. 크롤링이 중단됩니다.
2026-05-13 20:04:38,385 [ERROR] ApprovalRadar - Failed to fetch or update 20260408508: All API keys are exhausted for today.
2026-05-13 20:04:41,528 [ERROR] ApprovalRadar - 🚨 [긴급] 오늘자 식품나라 API 키가 모두 소진되었습니다. 크롤링이 중단됩니다.
2026-05-13 20:04:41,529 [ERROR] ApprovalRadar - Failed to fetch or update 20260517535: All API keys are exhausted for today.
2026-05-13 20:04:44,660 [ERROR] ApprovalRadar - 🚨 [긴급] 오늘자 식품나라 API 키가 모두 소진되었습니다. 크롤링이 중단됩니다.
2026-05-13 20:04:44,660 [ERROR] ApprovalRadar - Failed to fetch or update 20260517536: All API keys are exhausted for today.
2026-05-13 20:04:47,805 [ERROR] ApprovalRadar - 🚨 [긴급] 오늘자 식품나라 API 키가 모두 소진되었습니다. 크롤링이 중단됩니다.
2026-05-13 20:04:47,808 [ERROR] ApprovalRadar - Failed to fetch or update 20260391259: All API keys are exhausted for today.
2026-05-13 20:04:50,949 [ERROR] ApprovalRadar - 🚨 [긴급] 오늘자 식품나라 API 키가 모두 소진되었습니다. 크롤링이 중단됩니다.
2026-05-13 20:04:50,950 [ERROR] ApprovalRadar - Failed to fetch or update 20260585411: All API keys are exhausted for today.
2026-05-13 20:04:54,094 [ERROR] ApprovalRadar - 🚨 [긴급] 오늘자 식품나라 API 키가 모두 소진되었습니다. 크롤링이 중단됩니다.
2026-05-13 20:04:54,096 [ERROR] ApprovalRadar - Failed to fetch or update 20260403594: All API keys are exhausted for today.
2026-05-13 20:05:40,864 [INFO] ApprovalRadar - Broadcaster main event loop initialized.
2026-05-13 20:05:40,864 [INFO] ApprovalRadar - Initializing Database...
2026-05-13 20:05:40,865 [INFO] ApprovalRadar - Starting Industry Type Backfill Job...
2026-05-13 20:05:40,865 [INFO] ApprovalRadar - Configuring APScheduler jobs...
2026-05-13 20:05:40,867 [INFO] ApprovalRadar - Adding initial catch-up scraper job to background...
2026-05-13 20:05:40,868 [INFO] ApprovalRadar - 총 2403건의 세부업종 누락 데이터를 발견했습니다. 백필을 시작합니다.
2026-05-13 20:05:40,868 [INFO] ApprovalRadar - Starting DiffCrawler Delta Sync Job for I2859...
2026-05-13 20:05:40,868 [INFO] ApprovalRadar - APScheduler started successfully.
2026-05-13 20:05:40,959 [INFO] ApprovalRadar - [키 회전] API 한도 초과! 새로운 키로 교체: f1282***
2026-05-13 20:05:40,959 [WARNING] ApprovalRadar - 키 회전 후 3.0초 대기...
2026-05-13 20:05:40,984 [INFO] ApprovalRadar - [키 회전] API 한도 초과! 새로운 키로 교체: f1282***
2026-05-13 20:05:40,985 [WARNING] ApprovalRadar - 키 회전 후 3.0초 대기...
2026-05-13 20:05:44,013 [INFO] ApprovalRadar - [키 회전] API 한도 초과! 새로운 키로 교체: ba698***
2026-05-13 20:05:44,014 [WARNING] ApprovalRadar - 키 회전 후 3.0초 대기...
2026-05-13 20:05:44,042 [INFO] ApprovalRadar - [키 회전] API 한도 초과! 새로운 키로 교체: ba698***
2026-05-13 20:05:44,043 [WARNING] ApprovalRadar - 키 회전 후 3.0초 대기...
2026-05-13 20:05:47,092 [INFO] ApprovalRadar - [키 회전] API 한도 초과! 새로운 키로 교체: 67f07***
2026-05-13 20:05:47,096 [WARNING] ApprovalRadar - 키 회전 후 3.0초 대기...
2026-05-13 20:05:47,101 [INFO] ApprovalRadar - [키 회전] API 한도 초과! 새로운 키로 교체: 67f07***
2026-05-13 20:05:47,102 [WARNING] ApprovalRadar - 키 회전 후 3.0초 대기...
2026-05-13 20:05:50,235 [INFO] ApprovalRadar - [키 회전] API 한도 초과! 새로운 키로 교체: e7b3f***
2026-05-13 20:05:50,235 [WARNING] ApprovalRadar - 키 회전 후 3.0초 대기...
2026-05-13 20:05:50,296 [INFO] ApprovalRadar - [키 회전] API 한도 초과! 새로운 키로 교체: e7b3f***
2026-05-13 20:05:50,297 [WARNING] ApprovalRadar - 키 회전 후 3.0초 대기...
2026-05-13 20:05:53,356 [ERROR] ApprovalRadar - 🚨 [긴급] 오늘자 식품나라 API 키가 모두 소진되었습니다. 크롤링이 중단됩니다.
2026-05-13 20:05:53,357 [ERROR] ApprovalRadar - Failed to fetch or update 20260076241: All API keys are exhausted for today.
2026-05-13 20:05:53,384 [ERROR] ApprovalRadar - 🚨 [긴급] 오늘자 식품나라 API 키가 모두 소진되었습니다. 크롤링이 중단됩니다.
2026-05-13 20:05:53,385 [ERROR] ApprovalRadar - ❌ I2859 크롤러 스케줄 작업 중 치명적인 오류 발생: All API keys are exhausted for today.
2026-05-13 20:05:53,386 [INFO] ApprovalRadar - Starting DiffCrawler Delta Sync Job for I2500...
2026-05-13 20:05:53,387 [INFO] ApprovalRadar - 최초 실행: 베이스라인 부트스트랩을 시작합니다...
2026-05-13 20:05:53,387 [INFO] ApprovalRadar - [Bootstrapper] True Tail(실제 마지막 데이터) 찾는 중...
2026-05-13 20:05:53,420 [INFO] ApprovalRadar - [키 회전] API 한도 초과! 새로운 키로 교체: f1282***
2026-05-13 20:05:53,421 [WARNING] ApprovalRadar - 키 회전 후 3.0초 대기...
2026-05-13 20:05:56,500 [ERROR] ApprovalRadar - 🚨 [긴급] 오늘자 식품나라 API 키가 모두 소진되었습니다. 크롤링이 중단됩니다.
2026-05-13 20:05:56,502 [ERROR] ApprovalRadar - Failed to fetch or update 20260496147: All API keys are exhausted for today.
2026-05-13 20:05:56,594 [INFO] ApprovalRadar - [키 회전] API 한도 초과! 새로운 키로 교체: ba698***
2026-05-13 20:05:56,595 [WARNING] ApprovalRadar - 키 회전 후 3.0초 대기...
2026-05-13 20:05:59,646 [ERROR] ApprovalRadar - 🚨 [긴급] 오늘자 식품나라 API 키가 모두 소진되었습니다. 크롤링이 중단됩니다.
2026-05-13 20:05:59,648 [ERROR] ApprovalRadar - Failed to fetch or update 20260688044: All API keys are exhausted for today.
2026-05-13 20:05:59,712 [INFO] ApprovalRadar - [키 회전] API 한도 초과! 새로운 키로 교체: 67f07***
2026-05-13 20:05:59,713 [WARNING] ApprovalRadar - 키 회전 후 3.0초 대기...
2026-05-13 20:06:02,793 [ERROR] ApprovalRadar - 🚨 [긴급] 오늘자 식품나라 API 키가 모두 소진되었습니다. 크롤링이 중단됩니다.
2026-05-13 20:06:02,794 [ERROR] ApprovalRadar - Failed to fetch or update 20260529413: All API keys are exhausted for today.
2026-05-13 20:06:02,882 [INFO] ApprovalRadar - [키 회전] API 한도 초과! 새로운 키로 교체: e7b3f***
2026-05-13 20:06:02,883 [WARNING] ApprovalRadar - 키 회전 후 3.0초 대기...
2026-05-13 20:06:05,935 [ERROR] ApprovalRadar - 🚨 [긴급] 오늘자 식품나라 API 키가 모두 소진되었습니다. 크롤링이 중단됩니다.
2026-05-13 20:06:05,937 [ERROR] ApprovalRadar - Failed to fetch or update 20260926321: All API keys are exhausted for today.
2026-05-13 20:06:05,964 [ERROR] ApprovalRadar - 🚨 [긴급] 오늘자 식품나라 API 키가 모두 소진되었습니다. 크롤링이 중단됩니다.
2026-05-13 20:06:05,964 [ERROR] ApprovalRadar - ❌ I2500 크롤러 스케줄 작업 중 치명적인 오류 발생: All API keys are exhausted for today.
2026-05-13 20:06:09,075 [ERROR] ApprovalRadar - 🚨 [긴급] 오늘자 식품나라 API 키가 모두 소진되었습니다. 크롤링이 중단됩니다.
2026-05-13 20:06:09,076 [ERROR] ApprovalRadar - Failed to fetch or update 20260555070: All API keys are exhausted for today.
2026-05-13 20:06:12,206 [ERROR] ApprovalRadar - 🚨 [긴급] 오늘자 식품나라 API 키가 모두 소진되었습니다. 크롤링이 중단됩니다.
2026-05-13 20:06:12,207 [ERROR] ApprovalRadar - Failed to fetch or update 20260787251: All API keys are exhausted for today.
2026-05-13 20:06:15,262 [ERROR] ApprovalRadar - 🚨 [긴급] 오늘자 식품나라 API 키가 모두 소진되었습니다. 크롤링이 중단됩니다.
2026-05-13 20:06:15,264 [ERROR] ApprovalRadar - Failed to fetch or update 20260121210: All API keys are exhausted for today.
2026-05-13 20:06:18,319 [ERROR] ApprovalRadar - 🚨 [긴급] 오늘자 식품나라 API 키가 모두 소진되었습니다. 크롤링이 중단됩니다.
2026-05-13 20:06:18,320 [ERROR] ApprovalRadar - Failed to fetch or update 20260926319: All API keys are exhausted for today.
2026-05-13 20:06:21,360 [ERROR] ApprovalRadar - 🚨 [긴급] 오늘자 식품나라 API 키가 모두 소진되었습니다. 크롤링이 중단됩니다.
2026-05-13 20:06:21,361 [ERROR] ApprovalRadar - Failed to fetch or update 20260664563: All API keys are exhausted for today.
2026-05-13 20:06:24,418 [ERROR] ApprovalRadar - 🚨 [긴급] 오늘자 식품나라 API 키가 모두 소진되었습니다. 크롤링이 중단됩니다.
2026-05-13 20:06:24,419 [ERROR] ApprovalRadar - Failed to fetch or update 20260834073: All API keys are exhausted for today.
2026-05-13 20:06:27,476 [ERROR] ApprovalRadar - 🚨 [긴급] 오늘자 식품나라 API 키가 모두 소진되었습니다. 크롤링이 중단됩니다.
2026-05-13 20:06:27,476 [ERROR] ApprovalRadar - Failed to fetch or update 20260517461: All API keys are exhausted for today.
2026-05-13 20:06:30,606 [ERROR] ApprovalRadar - 🚨 [긴급] 오늘자 식품나라 API 키가 모두 소진되었습니다. 크롤링이 중단됩니다.
2026-05-13 20:06:30,607 [ERROR] ApprovalRadar - Failed to fetch or update 20260342644: All API keys are exhausted for today.
2026-05-13 20:06:33,738 [ERROR] ApprovalRadar - 🚨 [긴급] 오늘자 식품나라 API 키가 모두 소진되었습니다. 크롤링이 중단됩니다.
2026-05-13 20:06:33,740 [ERROR] ApprovalRadar - Failed to fetch or update 20260342653: All API keys are exhausted for today.
2026-05-13 20:06:36,874 [ERROR] ApprovalRadar - 🚨 [긴급] 오늘자 식품나라 API 키가 모두 소진되었습니다. 크롤링이 중단됩니다.
2026-05-13 20:06:36,876 [ERROR] ApprovalRadar - Failed to fetch or update 20260342681: All API keys are exhausted for today.
2026-05-13 20:06:39,531 [INFO] ApprovalRadar - Test trigger invoked via CLI or internal call.
2026-05-13 20:06:39,998 [ERROR] ApprovalRadar - 🚨 [긴급] 오늘자 식품나라 API 키가 모두 소진되었습니다. 크롤링이 중단됩니다.
2026-05-13 20:06:39,999 [ERROR] ApprovalRadar - Failed to fetch or update 20260342666: All API keys are exhausted for today.
2026-05-13 20:06:43,143 [ERROR] ApprovalRadar - 🚨 [긴급] 오늘자 식품나라 API 키가 모두 소진되었습니다. 크롤링이 중단됩니다.
2026-05-13 20:06:43,144 [ERROR] ApprovalRadar - Failed to fetch or update 20260917187: All API keys are exhausted for today.
2026-05-13 20:06:43,527 [INFO] ApprovalRadar - Test trigger invoked via CLI or internal call.
2026-05-13 20:06:46,182 [ERROR] ApprovalRadar - 🚨 [긴급] 오늘자 식품나라 API 키가 모두 소진되었습니다. 크롤링이 중단됩니다.
2026-05-13 20:06:46,183 [ERROR] ApprovalRadar - Failed to fetch or update 20260913211: All API keys are exhausted for today.
2026-05-13 20:06:49,256 [ERROR] ApprovalRadar - 🚨 [긴급] 오늘자 식품나라 API 키가 모두 소진되었습니다. 크롤링이 중단됩니다.
2026-05-13 20:06:49,258 [ERROR] ApprovalRadar - Failed to fetch or update 20260268449: All API keys are exhausted for today.
2026-05-13 20:06:52,330 [ERROR] ApprovalRadar - 🚨 [긴급] 오늘자 식품나라 API 키가 모두 소진되었습니다. 크롤링이 중단됩니다.
2026-05-13 20:06:52,332 [ERROR] ApprovalRadar - Failed to fetch or update 20260268473: All API keys are exhausted for today.
2026-05-13 20:06:55,393 [ERROR] ApprovalRadar - 🚨 [긴급] 오늘자 식품나라 API 키가 모두 소진되었습니다. 크롤링이 중단됩니다.
2026-05-13 20:06:55,396 [ERROR] ApprovalRadar - Failed to fetch or update 20260337507: All API keys are exhausted for today.
2026-05-13 20:06:58,437 [ERROR] ApprovalRadar - 🚨 [긴급] 오늘자 식품나라 API 키가 모두 소진되었습니다. 크롤링이 중단됩니다.
2026-05-13 20:06:58,438 [ERROR] ApprovalRadar - Failed to fetch or update 20260337518: All API keys are exhausted for today.
2026-05-13 20:07:01,515 [ERROR] ApprovalRadar - 🚨 [긴급] 오늘자 식품나라 API 키가 모두 소진되었습니다. 크롤링이 중단됩니다.
2026-05-13 20:07:01,516 [ERROR] ApprovalRadar - Failed to fetch or update 20260222430: All API keys are exhausted for today.
2026-05-13 20:07:04,657 [ERROR] ApprovalRadar - 🚨 [긴급] 오늘자 식품나라 API 키가 모두 소진되었습니다. 크롤링이 중단됩니다.
2026-05-13 20:07:04,658 [ERROR] ApprovalRadar - Failed to fetch or update 20260222434: All API keys are exhausted for today.
2026-05-13 20:07:07,784 [ERROR] ApprovalRadar - 🚨 [긴급] 오늘자 식품나라 API 키가 모두 소진되었습니다. 크롤링이 중단됩니다.
2026-05-13 20:07:07,785 [ERROR] ApprovalRadar - Failed to fetch or update 20260222401: All API keys are exhausted for today.
2026-05-13 20:07:10,841 [ERROR] ApprovalRadar - 🚨 [긴급] 오늘자 식품나라 API 키가 모두 소진되었습니다. 크롤링이 중단됩니다.
2026-05-13 20:07:10,842 [ERROR] ApprovalRadar - Failed to fetch or update 20260222421: All API keys are exhausted for today.
2026-05-13 20:07:13,877 [ERROR] ApprovalRadar - 🚨 [긴급] 오늘자 식품나라 API 키가 모두 소진되었습니다. 크롤링이 중단됩니다.
2026-05-13 20:07:13,878 [ERROR] ApprovalRadar - Failed to fetch or update 20260222423: All API keys are exhausted for today.
2026-05-13 20:07:16,934 [ERROR] ApprovalRadar - 🚨 [긴급] 오늘자 식품나라 API 키가 모두 소진되었습니다. 크롤링이 중단됩니다.
2026-05-13 20:07:16,934 [ERROR] ApprovalRadar - Failed to fetch or update 20260222440: All API keys are exhausted for today.
2026-05-13 20:07:19,992 [ERROR] ApprovalRadar - 🚨 [긴급] 오늘자 식품나라 API 키가 모두 소진되었습니다. 크롤링이 중단됩니다.
2026-05-13 20:07:19,993 [ERROR] ApprovalRadar - Failed to fetch or update 20260219383: All API keys are exhausted for today.
2026-05-13 20:07:23,049 [ERROR] ApprovalRadar - 🚨 [긴급] 오늘자 식품나라 API 키가 모두 소진되었습니다. 크롤링이 중단됩니다.
2026-05-13 20:07:23,050 [ERROR] ApprovalRadar - Failed to fetch or update 20260219417: All API keys are exhausted for today.
2026-05-13 20:07:26,182 [ERROR] ApprovalRadar - 🚨 [긴급] 오늘자 식품나라 API 키가 모두 소진되었습니다. 크롤링이 중단됩니다.
2026-05-13 20:07:26,183 [ERROR] ApprovalRadar - Failed to fetch or update 20260219418: All API keys are exhausted for today.
2026-05-13 20:07:29,303 [ERROR] ApprovalRadar - 🚨 [긴급] 오늘자 식품나라 API 키가 모두 소진되었습니다. 크롤링이 중단됩니다.
2026-05-13 20:07:29,305 [ERROR] ApprovalRadar - Failed to fetch or update 20260219409: All API keys are exhausted for today.
2026-05-13 20:07:32,444 [ERROR] ApprovalRadar - 🚨 [긴급] 오늘자 식품나라 API 키가 모두 소진되었습니다. 크롤링이 중단됩니다.
2026-05-13 20:07:32,445 [ERROR] ApprovalRadar - Failed to fetch or update 20260704201: All API keys are exhausted for today.
2026-05-13 20:07:35,589 [ERROR] ApprovalRadar - 🚨 [긴급] 오늘자 식품나라 API 키가 모두 소진되었습니다. 크롤링이 중단됩니다.
2026-05-13 20:07:35,591 [ERROR] ApprovalRadar - Failed to fetch or update 20260704206: All API keys are exhausted for today.
2026-05-13 20:07:38,737 [ERROR] ApprovalRadar - 🚨 [긴급] 오늘자 식품나라 API 키가 모두 소진되었습니다. 크롤링이 중단됩니다.
2026-05-13 20:07:38,739 [ERROR] ApprovalRadar - Failed to fetch or update 20260704187: All API keys are exhausted for today.
2026-05-13 20:07:41,882 [ERROR] ApprovalRadar - 🚨 [긴급] 오늘자 식품나라 API 키가 모두 소진되었습니다. 크롤링이 중단됩니다.
2026-05-13 20:07:41,884 [ERROR] ApprovalRadar - Failed to fetch or update 20260704213: All API keys are exhausted for today.
2026-05-13 20:07:45,027 [ERROR] ApprovalRadar - 🚨 [긴급] 오늘자 식품나라 API 키가 모두 소진되었습니다. 크롤링이 중단됩니다.
2026-05-13 20:07:45,029 [ERROR] ApprovalRadar - Failed to fetch or update 20260832044: All API keys are exhausted for today.
2026-05-13 20:07:48,172 [ERROR] ApprovalRadar - 🚨 [긴급] 오늘자 식품나라 API 키가 모두 소진되었습니다. 크롤링이 중단됩니다.
2026-05-13 20:07:48,174 [ERROR] ApprovalRadar - Failed to fetch or update 20260832030: All API keys are exhausted for today.
2026-05-13 20:07:51,315 [ERROR] ApprovalRadar - 🚨 [긴급] 오늘자 식품나라 API 키가 모두 소진되었습니다. 크롤링이 중단됩니다.
2026-05-13 20:07:51,316 [ERROR] ApprovalRadar - Failed to fetch or update 20260832047: All API keys are exhausted for today.
2026-05-13 20:07:54,463 [ERROR] ApprovalRadar - 🚨 [긴급] 오늘자 식품나라 API 키가 모두 소진되었습니다. 크롤링이 중단됩니다.
2026-05-13 20:07:54,465 [ERROR] ApprovalRadar - Failed to fetch or update 20260832036: All API keys are exhausted for today.
2026-05-13 20:07:57,591 [ERROR] ApprovalRadar - 🚨 [긴급] 오늘자 식품나라 API 키가 모두 소진되었습니다. 크롤링이 중단됩니다.
2026-05-13 20:07:57,592 [ERROR] ApprovalRadar - Failed to fetch or update 20260832033: All API keys are exhausted for today.
2026-05-13 20:08:00,639 [ERROR] ApprovalRadar - 🚨 [긴급] 오늘자 식품나라 API 키가 모두 소진되었습니다. 크롤링이 중단됩니다.
2026-05-13 20:08:00,641 [ERROR] ApprovalRadar - Failed to fetch or update 20260832042: All API keys are exhausted for today.
2026-05-13 20:08:03,715 [ERROR] ApprovalRadar - 🚨 [긴급] 오늘자 식품나라 API 키가 모두 소진되었습니다. 크롤링이 중단됩니다.
2026-05-13 20:08:03,717 [ERROR] ApprovalRadar - Failed to fetch or update 20260832043: All API keys are exhausted for today.
2026-05-13 20:08:06,765 [ERROR] ApprovalRadar - 🚨 [긴급] 오늘자 식품나라 API 키가 모두 소진되었습니다. 크롤링이 중단됩니다.
2026-05-13 20:08:06,767 [ERROR] ApprovalRadar - Failed to fetch or update 20260832039: All API keys are exhausted for today.
2026-05-13 20:08:09,826 [ERROR] ApprovalRadar - 🚨 [긴급] 오늘자 식품나라 API 키가 모두 소진되었습니다. 크롤링이 중단됩니다.
2026-05-13 20:08:09,828 [ERROR] ApprovalRadar - Failed to fetch or update 20260832040: All API keys are exhausted for today.
2026-05-13 20:08:12,886 [ERROR] ApprovalRadar - 🚨 [긴급] 오늘자 식품나라 API 키가 모두 소진되었습니다. 크롤링이 중단됩니다.
2026-05-13 20:08:12,887 [ERROR] ApprovalRadar - Failed to fetch or update 20260832031: All API keys are exhausted for today.
2026-05-13 20:08:15,982 [ERROR] ApprovalRadar - 🚨 [긴급] 오늘자 식품나라 API 키가 모두 소진되었습니다. 크롤링이 중단됩니다.
2026-05-13 20:08:15,984 [ERROR] ApprovalRadar - Failed to fetch or update 20260832045: All API keys are exhausted for today.
2026-05-13 20:08:19,101 [ERROR] ApprovalRadar - 🚨 [긴급] 오늘자 식품나라 API 키가 모두 소진되었습니다. 크롤링이 중단됩니다.
2026-05-13 20:08:19,103 [ERROR] ApprovalRadar - Failed to fetch or update 20260832041: All API keys are exhausted for today.
2026-05-13 20:08:22,254 [ERROR] ApprovalRadar - 🚨 [긴급] 오늘자 식품나라 API 키가 모두 소진되었습니다. 크롤링이 중단됩니다.
2026-05-13 20:08:22,256 [ERROR] ApprovalRadar - Failed to fetch or update 20260832035: All API keys are exhausted for today.
2026-05-13 20:08:25,395 [ERROR] ApprovalRadar - 🚨 [긴급] 오늘자 식품나라 API 키가 모두 소진되었습니다. 크롤링이 중단됩니다.
2026-05-13 20:08:25,398 [ERROR] ApprovalRadar - Failed to fetch or update 20260832038: All API keys are exhausted for today.
2026-05-13 20:08:28,536 [ERROR] ApprovalRadar - 🚨 [긴급] 오늘자 식품나라 API 키가 모두 소진되었습니다. 크롤링이 중단됩니다.
2026-05-13 20:08:28,538 [ERROR] ApprovalRadar - Failed to fetch or update 20260832028: All API keys are exhausted for today.
2026-05-13 20:08:31,680 [ERROR] ApprovalRadar - 🚨 [긴급] 오늘자 식품나라 API 키가 모두 소진되었습니다. 크롤링이 중단됩니다.
2026-05-13 20:08:31,683 [ERROR] ApprovalRadar - Failed to fetch or update 20260310285: All API keys are exhausted for today.
2026-05-13 20:08:34,831 [ERROR] ApprovalRadar - 🚨 [긴급] 오늘자 식품나라 API 키가 모두 소진되었습니다. 크롤링이 중단됩니다.
2026-05-13 20:08:34,833 [ERROR] ApprovalRadar - Failed to fetch or update 20260310338: All API keys are exhausted for today.
2026-05-13 20:08:37,962 [ERROR] ApprovalRadar - 🚨 [긴급] 오늘자 식품나라 API 키가 모두 소진되었습니다. 크롤링이 중단됩니다.
2026-05-13 20:08:37,964 [ERROR] ApprovalRadar - Failed to fetch or update 20260310352: All API keys are exhausted for today.
2026-05-13 20:08:41,103 [ERROR] ApprovalRadar - 🚨 [긴급] 오늘자 식품나라 API 키가 모두 소진되었습니다. 크롤링이 중단됩니다.
2026-05-13 20:08:41,105 [ERROR] ApprovalRadar - Failed to fetch or update 20260664452: All API keys are exhausted for today.
2026-05-13 20:08:44,249 [ERROR] ApprovalRadar - 🚨 [긴급] 오늘자 식품나라 API 키가 모두 소진되었습니다. 크롤링이 중단됩니다.
2026-05-13 20:08:44,252 [ERROR] ApprovalRadar - Failed to fetch or update 20260664518: All API keys are exhausted for today.
2026-05-13 20:08:47,398 [ERROR] ApprovalRadar - 🚨 [긴급] 오늘자 식품나라 API 키가 모두 소진되었습니다. 크롤링이 중단됩니다.
2026-05-13 20:08:47,399 [ERROR] ApprovalRadar - Failed to fetch or update 20260664461: All API keys are exhausted for today.
2026-05-13 20:08:50,436 [ERROR] ApprovalRadar - 🚨 [긴급] 오늘자 식품나라 API 키가 모두 소진되었습니다. 크롤링이 중단됩니다.
2026-05-13 20:08:50,439 [ERROR] ApprovalRadar - Failed to fetch or update 20260664476: All API keys are exhausted for today.
2026-05-13 20:08:53,479 [ERROR] ApprovalRadar - 🚨 [긴급] 오늘자 식품나라 API 키가 모두 소진되었습니다. 크롤링이 중단됩니다.
2026-05-13 20:08:53,482 [ERROR] ApprovalRadar - Failed to fetch or update 20260590328: All API keys are exhausted for today.
2026-05-13 20:08:56,541 [ERROR] ApprovalRadar - 🚨 [긴급] 오늘자 식품나라 API 키가 모두 소진되었습니다. 크롤링이 중단됩니다.
2026-05-13 20:08:56,544 [ERROR] ApprovalRadar - Failed to fetch or update 20260408396: All API keys are exhausted for today.
2026-05-13 20:08:59,582 [ERROR] ApprovalRadar - 🚨 [긴급] 오늘자 식품나라 API 키가 모두 소진되었습니다. 크롤링이 중단됩니다.
2026-05-13 20:08:59,583 [ERROR] ApprovalRadar - Failed to fetch or update 20260408482: All API keys are exhausted for today.
2026-05-13 20:09:02,643 [ERROR] ApprovalRadar - 🚨 [긴급] 오늘자 식품나라 API 키가 모두 소진되었습니다. 크롤링이 중단됩니다.
2026-05-13 20:09:02,644 [ERROR] ApprovalRadar - Failed to fetch or update 20260408507: All API keys are exhausted for today.
2026-05-13 20:09:05,771 [ERROR] ApprovalRadar - 🚨 [긴급] 오늘자 식품나라 API 키가 모두 소진되었습니다. 크롤링이 중단됩니다.
2026-05-13 20:09:05,772 [ERROR] ApprovalRadar - Failed to fetch or update 20260408503: All API keys are exhausted for today.
2026-05-13 20:09:08,912 [ERROR] ApprovalRadar - 🚨 [긴급] 오늘자 식품나라 API 키가 모두 소진되었습니다. 크롤링이 중단됩니다.
2026-05-13 20:09:08,913 [ERROR] ApprovalRadar - Failed to fetch or update 20260507763: All API keys are exhausted for today.
2026-05-13 20:09:12,059 [ERROR] ApprovalRadar - 🚨 [긴급] 오늘자 식품나라 API 키가 모두 소진되었습니다. 크롤링이 중단됩니다.
2026-05-13 20:09:12,061 [ERROR] ApprovalRadar - Failed to fetch or update 20260418161: All API keys are exhausted for today.
2026-05-13 20:09:15,207 [ERROR] ApprovalRadar - 🚨 [긴급] 오늘자 식품나라 API 키가 모두 소진되었습니다. 크롤링이 중단됩니다.
2026-05-13 20:09:15,209 [ERROR] ApprovalRadar - Failed to fetch or update 20260418177: All API keys are exhausted for today.
2026-05-13 20:09:18,335 [ERROR] ApprovalRadar - 🚨 [긴급] 오늘자 식품나라 API 키가 모두 소진되었습니다. 크롤링이 중단됩니다.
2026-05-13 20:09:18,337 [ERROR] ApprovalRadar - Failed to fetch or update 20260418147: All API keys are exhausted for today.
2026-05-13 20:09:21,477 [ERROR] ApprovalRadar - 🚨 [긴급] 오늘자 식품나라 API 키가 모두 소진되었습니다. 크롤링이 중단됩니다.
2026-05-13 20:09:21,478 [ERROR] ApprovalRadar - Failed to fetch or update 20260582332: All API keys are exhausted for today.
2026-05-13 20:09:24,517 [ERROR] ApprovalRadar - 🚨 [긴급] 오늘자 식품나라 API 키가 모두 소진되었습니다. 크롤링이 중단됩니다.
2026-05-13 20:09:24,518 [ERROR] ApprovalRadar - Failed to fetch or update 20260582498: All API keys are exhausted for today.
2026-05-13 20:09:27,581 [ERROR] ApprovalRadar - 🚨 [긴급] 오늘자 식품나라 API 키가 모두 소진되었습니다. 크롤링이 중단됩니다.
2026-05-13 20:09:27,583 [ERROR] ApprovalRadar - Failed to fetch or update 20260582502: All API keys are exhausted for today.
2026-05-13 20:09:30,657 [ERROR] ApprovalRadar - 🚨 [긴급] 오늘자 식품나라 API 키가 모두 소진되었습니다. 크롤링이 중단됩니다.
2026-05-13 20:09:30,660 [ERROR] ApprovalRadar - Failed to fetch or update 20260582468: All API keys are exhausted for today.
2026-05-13 20:09:33,708 [ERROR] ApprovalRadar - 🚨 [긴급] 오늘자 식품나라 API 키가 모두 소진되었습니다. 크롤링이 중단됩니다.
2026-05-13 20:09:33,709 [ERROR] ApprovalRadar - Failed to fetch or update 20260403565: All API keys are exhausted for today.
2026-05-13 20:09:36,781 [ERROR] ApprovalRadar - 🚨 [긴급] 오늘자 식품나라 API 키가 모두 소진되었습니다. 크롤링이 중단됩니다.
2026-05-13 20:09:36,783 [ERROR] ApprovalRadar - Failed to fetch or update 20260403483: All API keys are exhausted for today.
2026-05-13 20:09:39,872 [ERROR] ApprovalRadar - 🚨 [긴급] 오늘자 식품나라 API 키가 모두 소진되었습니다. 크롤링이 중단됩니다.
2026-05-13 20:09:39,875 [ERROR] ApprovalRadar - Failed to fetch or update 20260403557: All API keys are exhausted for today.
2026-05-13 20:09:43,018 [ERROR] ApprovalRadar - 🚨 [긴급] 오늘자 식품나라 API 키가 모두 소진되었습니다. 크롤링이 중단됩니다.
2026-05-13 20:09:43,026 [ERROR] ApprovalRadar - Failed to fetch or update 20260543435: All API keys are exhausted for today.
2026-05-13 20:09:53,209 [INFO] ApprovalRadar - Broadcaster main event loop initialized.
2026-05-13 20:09:53,210 [INFO] ApprovalRadar - Initializing Database...
2026-05-13 20:09:53,212 [INFO] ApprovalRadar - Starting Industry Type Backfill Job...
2026-05-13 20:09:53,212 [INFO] ApprovalRadar - Configuring APScheduler jobs...
2026-05-13 20:09:53,215 [INFO] ApprovalRadar - Adding initial catch-up scraper job to background...
2026-05-13 20:09:53,217 [INFO] ApprovalRadar - Starting DiffCrawler Delta Sync Job for I2859...
2026-05-13 20:09:53,217 [INFO] ApprovalRadar - APScheduler started successfully.
2026-05-13 20:09:53,218 [INFO] ApprovalRadar - 총 2403건의 세부업종 누락 데이터를 발견했습니다. 백필을 시작합니다.
2026-05-13 20:09:53,259 [INFO] ApprovalRadar - [키 회전] API 한도 초과! 새로운 키로 교체: f1282***
2026-05-13 20:09:53,260 [INFO] ApprovalRadar - [키 회전] API 한도 초과! 새로운 키로 교체: f1282***
2026-05-13 20:09:53,260 [WARNING] ApprovalRadar - 키 회전 후 3.0초 대기...
2026-05-13 20:09:53,261 [WARNING] ApprovalRadar - 키 회전 후 3.0초 대기...
2026-05-13 20:09:56,323 [INFO] ApprovalRadar - [키 회전] API 한도 초과! 새로운 키로 교체: ba698***
2026-05-13 20:09:56,325 [WARNING] ApprovalRadar - 키 회전 후 3.0초 대기...
2026-05-13 20:09:56,393 [INFO] ApprovalRadar - [키 회전] API 한도 초과! 새로운 키로 교체: ba698***
2026-05-13 20:09:56,395 [WARNING] ApprovalRadar - 키 회전 후 3.0초 대기...
2026-05-13 20:09:59,384 [INFO] ApprovalRadar - [키 회전] API 한도 초과! 새로운 키로 교체: 67f07***
2026-05-13 20:09:59,387 [WARNING] ApprovalRadar - 키 회전 후 3.0초 대기...
2026-05-13 20:09:59,521 [INFO] ApprovalRadar - [키 회전] API 한도 초과! 새로운 키로 교체: 67f07***
2026-05-13 20:09:59,522 [WARNING] ApprovalRadar - 키 회전 후 3.0초 대기...
2026-05-13 20:10:02,444 [INFO] ApprovalRadar - [키 회전] API 한도 초과! 새로운 키로 교체: e7b3f***
2026-05-13 20:10:02,447 [WARNING] ApprovalRadar - 키 회전 후 3.0초 대기...
2026-05-13 20:10:02,634 [INFO] ApprovalRadar - [키 회전] API 한도 초과! 새로운 키로 교체: e7b3f***
2026-05-13 20:10:02,635 [WARNING] ApprovalRadar - 키 회전 후 3.0초 대기...
2026-05-13 20:10:05,546 [ERROR] ApprovalRadar - 🚨 [긴급] 오늘자 식품나라 API 키가 모두 소진되었습니다. 크롤링이 중단됩니다.
2026-05-13 20:10:05,548 [ERROR] ApprovalRadar - Failed to fetch or update 20260076241: All API keys are exhausted for today.
2026-05-13 20:10:05,677 [ERROR] ApprovalRadar - 🚨 [긴급] 오늘자 식품나라 API 키가 모두 소진되었습니다. 크롤링이 중단됩니다.
2026-05-13 20:10:05,679 [ERROR] ApprovalRadar - ❌ I2859 크롤러 스케줄 작업 중 치명적인 오류 발생: All API keys are exhausted for today.
2026-05-13 20:10:05,681 [INFO] ApprovalRadar - Starting DiffCrawler Delta Sync Job for I2500...
2026-05-13 20:10:05,685 [INFO] ApprovalRadar - 최초 실행: 베이스라인 부트스트랩을 시작합니다...
2026-05-13 20:10:05,686 [INFO] ApprovalRadar - [Bootstrapper] True Tail(실제 마지막 데이터) 찾는 중...
2026-05-13 20:10:05,741 [INFO] ApprovalRadar - [키 회전] API 한도 초과! 새로운 키로 교체: f1282***
2026-05-13 20:10:05,743 [WARNING] ApprovalRadar - 키 회전 후 3.0초 대기...
2026-05-13 20:10:06,572 [INFO] ApprovalRadar - Test trigger invoked via CLI or internal call.
2026-05-13 20:10:08,679 [ERROR] ApprovalRadar - 🚨 [긴급] 오늘자 식품나라 API 키가 모두 소진되었습니다. 크롤링이 중단됩니다.
2026-05-13 20:10:08,681 [ERROR] ApprovalRadar - Failed to fetch or update 20260496147: All API keys are exhausted for today.
2026-05-13 20:10:08,793 [INFO] ApprovalRadar - [키 회전] API 한도 초과! 새로운 키로 교체: ba698***
2026-05-13 20:10:08,794 [WARNING] ApprovalRadar - 키 회전 후 3.0초 대기...
2026-05-13 20:10:11,823 [ERROR] ApprovalRadar - 🚨 [긴급] 오늘자 식품나라 API 키가 모두 소진되었습니다. 크롤링이 중단됩니다.
2026-05-13 20:10:11,825 [ERROR] ApprovalRadar - Failed to fetch or update 20260688044: All API keys are exhausted for today.
2026-05-13 20:10:11,856 [INFO] ApprovalRadar - [키 회전] API 한도 초과! 새로운 키로 교체: 67f07***
2026-05-13 20:10:11,857 [WARNING] ApprovalRadar - 키 회전 후 3.0초 대기...
2026-05-13 20:10:14,558 [INFO] ApprovalRadar - Test trigger invoked via CLI or internal call.
2026-05-13 20:10:14,970 [ERROR] ApprovalRadar - 🚨 [긴급] 오늘자 식품나라 API 키가 모두 소진되었습니다. 크롤링이 중단됩니다.
2026-05-13 20:10:14,972 [ERROR] ApprovalRadar - Failed to fetch or update 20260529413: All API keys are exhausted for today.
2026-05-13 20:10:15,002 [INFO] ApprovalRadar - [키 회전] API 한도 초과! 새로운 키로 교체: e7b3f***
2026-05-13 20:10:15,003 [WARNING] ApprovalRadar - 키 회전 후 3.0초 대기...
2026-05-13 20:10:17,771 [INFO] ApprovalRadar - Test trigger invoked via CLI or internal call.
2026-05-13 20:10:18,122 [ERROR] ApprovalRadar - 🚨 [긴급] 오늘자 식품나라 API 키가 모두 소진되었습니다. 크롤링이 중단됩니다.
2026-05-13 20:10:18,123 [ERROR] ApprovalRadar - 🚨 [긴급] 오늘자 식품나라 API 키가 모두 소진되었습니다. 크롤링이 중단됩니다.
2026-05-13 20:10:18,125 [ERROR] ApprovalRadar - Failed to fetch or update 20260926321: All API keys are exhausted for today.
2026-05-13 20:10:18,126 [ERROR] ApprovalRadar - ❌ I2500 크롤러 스케줄 작업 중 치명적인 오류 발생: All API keys are exhausted for today.
2026-05-13 20:10:18,544 [INFO] ApprovalRadar - Test trigger invoked via CLI or internal call.
2026-05-13 20:10:18,704 [INFO] ApprovalRadar - Test trigger invoked via CLI or internal call.
2026-05-13 20:10:18,866 [INFO] ApprovalRadar - Test trigger invoked via CLI or internal call.
2026-05-13 20:10:21,246 [ERROR] ApprovalRadar - 🚨 [긴급] 오늘자 식품나라 API 키가 모두 소진되었습니다. 크롤링이 중단됩니다.
2026-05-13 20:10:21,250 [ERROR] ApprovalRadar - Failed to fetch or update 20260555070: All API keys are exhausted for today.
2026-05-13 20:10:24,390 [ERROR] ApprovalRadar - 🚨 [긴급] 오늘자 식품나라 API 키가 모두 소진되었습니다. 크롤링이 중단됩니다.
2026-05-13 20:10:24,393 [ERROR] ApprovalRadar - Failed to fetch or update 20260787251: All API keys are exhausted for today.
2026-05-13 20:10:27,541 [ERROR] ApprovalRadar - 🚨 [긴급] 오늘자 식품나라 API 키가 모두 소진되었습니다. 크롤링이 중단됩니다.
2026-05-13 20:10:27,543 [ERROR] ApprovalRadar - Failed to fetch or update 20260121210: All API keys are exhausted for today.
2026-05-13 20:10:30,584 [ERROR] ApprovalRadar - 🚨 [긴급] 오늘자 식품나라 API 키가 모두 소진되었습니다. 크롤링이 중단됩니다.
2026-05-13 20:10:30,586 [ERROR] ApprovalRadar - Failed to fetch or update 20260926319: All API keys are exhausted for today.
2026-05-13 20:10:33,649 [ERROR] ApprovalRadar - 🚨 [긴급] 오늘자 식품나라 API 키가 모두 소진되었습니다. 크롤링이 중단됩니다.
2026-05-13 20:10:33,650 [ERROR] ApprovalRadar - Failed to fetch or update 20260664563: All API keys are exhausted for today.
2026-05-13 20:10:36,714 [ERROR] ApprovalRadar - 🚨 [긴급] 오늘자 식품나라 API 키가 모두 소진되었습니다. 크롤링이 중단됩니다.
2026-05-13 20:10:36,717 [ERROR] ApprovalRadar - Failed to fetch or update 20260834073: All API keys are exhausted for today.
2026-05-13 20:10:39,792 [ERROR] ApprovalRadar - 🚨 [긴급] 오늘자 식품나라 API 키가 모두 소진되었습니다. 크롤링이 중단됩니다.
2026-05-13 20:10:39,793 [ERROR] ApprovalRadar - Failed to fetch or update 20260517461: All API keys are exhausted for today.
2026-05-13 20:10:42,861 [ERROR] ApprovalRadar - 🚨 [긴급] 오늘자 식품나라 API 키가 모두 소진되었습니다. 크롤링이 중단됩니다.
2026-05-13 20:10:42,864 [ERROR] ApprovalRadar - Failed to fetch or update 20260342644: All API keys are exhausted for today.
2026-05-13 20:10:45,928 [ERROR] ApprovalRadar - 🚨 [긴급] 오늘자 식품나라 API 키가 모두 소진되었습니다. 크롤링이 중단됩니다.
2026-05-13 20:10:45,932 [ERROR] ApprovalRadar - Failed to fetch or update 20260342653: All API keys are exhausted for today.
2026-05-13 20:10:49,078 [ERROR] ApprovalRadar - 🚨 [긴급] 오늘자 식품나라 API 키가 모두 소진되었습니다. 크롤링이 중단됩니다.
2026-05-13 20:10:49,080 [ERROR] ApprovalRadar - Failed to fetch or update 20260342681: All API keys are exhausted for today.
2026-05-13 20:10:52,218 [ERROR] ApprovalRadar - 🚨 [긴급] 오늘자 식품나라 API 키가 모두 소진되었습니다. 크롤링이 중단됩니다.
2026-05-13 20:10:52,220 [ERROR] ApprovalRadar - Failed to fetch or update 20260342666: All API keys are exhausted for today.
2026-05-13 20:10:55,341 [ERROR] ApprovalRadar - 🚨 [긴급] 오늘자 식품나라 API 키가 모두 소진되었습니다. 크롤링이 중단됩니다.
2026-05-13 20:10:55,344 [ERROR] ApprovalRadar - Failed to fetch or update 20260917187: All API keys are exhausted for today.
2026-05-13 20:10:58,482 [ERROR] ApprovalRadar - 🚨 [긴급] 오늘자 식품나라 API 키가 모두 소진되었습니다. 크롤링이 중단됩니다.
2026-05-13 20:10:58,485 [ERROR] ApprovalRadar - Failed to fetch or update 20260913211: All API keys are exhausted for today.
2026-05-13 20:11:01,627 [ERROR] ApprovalRadar - 🚨 [긴급] 오늘자 식품나라 API 키가 모두 소진되었습니다. 크롤링이 중단됩니다.
2026-05-13 20:11:01,629 [ERROR] ApprovalRadar - Failed to fetch or update 20260268449: All API keys are exhausted for today.
2026-05-13 20:11:04,799 [ERROR] ApprovalRadar - 🚨 [긴급] 오늘자 식품나라 API 키가 모두 소진되었습니다. 크롤링이 중단됩니다.
2026-05-13 20:11:04,800 [ERROR] ApprovalRadar - Failed to fetch or update 20260268473: All API keys are exhausted for today.
2026-05-13 20:11:07,917 [ERROR] ApprovalRadar - 🚨 [긴급] 오늘자 식품나라 API 키가 모두 소진되었습니다. 크롤링이 중단됩니다.
2026-05-13 20:11:07,920 [ERROR] ApprovalRadar - Failed to fetch or update 20260337507: All API keys are exhausted for today.
2026-05-13 20:11:11,054 [ERROR] ApprovalRadar - 🚨 [긴급] 오늘자 식품나라 API 키가 모두 소진되었습니다. 크롤링이 중단됩니다.
2026-05-13 20:11:11,058 [ERROR] ApprovalRadar - Failed to fetch or update 20260337518: All API keys are exhausted for today.
2026-05-13 20:11:12,333 [INFO] ApprovalRadar - Test trigger invoked via CLI or internal call.
2026-05-13 20:11:14,196 [ERROR] ApprovalRadar - 🚨 [긴급] 오늘자 식품나라 API 키가 모두 소진되었습니다. 크롤링이 중단됩니다.
2026-05-13 20:11:14,198 [ERROR] ApprovalRadar - Failed to fetch or update 20260222430: All API keys are exhausted for today.
2026-05-13 20:11:17,356 [ERROR] ApprovalRadar - 🚨 [긴급] 오늘자 식품나라 API 키가 모두 소진되었습니다. 크롤링이 중단됩니다.
2026-05-13 20:11:17,357 [ERROR] ApprovalRadar - Failed to fetch or update 20260222434: All API keys are exhausted for today.
2026-05-13 20:11:20,392 [ERROR] ApprovalRadar - 🚨 [긴급] 오늘자 식품나라 API 키가 모두 소진되었습니다. 크롤링이 중단됩니다.
2026-05-13 20:11:20,393 [ERROR] ApprovalRadar - Failed to fetch or update 20260222401: All API keys are exhausted for today.
2026-05-13 20:11:23,434 [ERROR] ApprovalRadar - 🚨 [긴급] 오늘자 식품나라 API 키가 모두 소진되었습니다. 크롤링이 중단됩니다.
2026-05-13 20:11:23,436 [ERROR] ApprovalRadar - Failed to fetch or update 20260222421: All API keys are exhausted for today.
2026-05-13 20:11:26,499 [ERROR] ApprovalRadar - 🚨 [긴급] 오늘자 식품나라 API 키가 모두 소진되었습니다. 크롤링이 중단됩니다.
2026-05-13 20:11:26,503 [ERROR] ApprovalRadar - Failed to fetch or update 20260222423: All API keys are exhausted for today.
2026-05-13 20:11:29,566 [ERROR] ApprovalRadar - 🚨 [긴급] 오늘자 식품나라 API 키가 모두 소진되었습니다. 크롤링이 중단됩니다.
2026-05-13 20:11:29,570 [ERROR] ApprovalRadar - Failed to fetch or update 20260222440: All API keys are exhausted for today.
2026-05-13 20:11:32,631 [ERROR] ApprovalRadar - 🚨 [긴급] 오늘자 식품나라 API 키가 모두 소진되었습니다. 크롤링이 중단됩니다.
2026-05-13 20:11:32,635 [ERROR] ApprovalRadar - Failed to fetch or update 20260219383: All API keys are exhausted for today.
2026-05-13 20:11:35,722 [ERROR] ApprovalRadar - 🚨 [긴급] 오늘자 식품나라 API 키가 모두 소진되었습니다. 크롤링이 중단됩니다.
2026-05-13 20:11:35,724 [ERROR] ApprovalRadar - Failed to fetch or update 20260219417: All API keys are exhausted for today.
2026-05-13 20:11:38,861 [ERROR] ApprovalRadar - 🚨 [긴급] 오늘자 식품나라 API 키가 모두 소진되었습니다. 크롤링이 중단됩니다.
2026-05-13 20:11:38,862 [ERROR] ApprovalRadar - Failed to fetch or update 20260219418: All API keys are exhausted for today.
2026-05-13 20:11:41,999 [ERROR] ApprovalRadar - 🚨 [긴급] 오늘자 식품나라 API 키가 모두 소진되었습니다. 크롤링이 중단됩니다.
2026-05-13 20:11:42,000 [ERROR] ApprovalRadar - Failed to fetch or update 20260219409: All API keys are exhausted for today.
2026-05-13 20:11:45,146 [ERROR] ApprovalRadar - 🚨 [긴급] 오늘자 식품나라 API 키가 모두 소진되었습니다. 크롤링이 중단됩니다.
2026-05-13 20:11:45,147 [ERROR] ApprovalRadar - Failed to fetch or update 20260704201: All API keys are exhausted for today.
2026-05-13 20:11:48,276 [ERROR] ApprovalRadar - 🚨 [긴급] 오늘자 식품나라 API 키가 모두 소진되었습니다. 크롤링이 중단됩니다.
2026-05-13 20:11:48,280 [ERROR] ApprovalRadar - Failed to fetch or update 20260704206: All API keys are exhausted for today.
2026-05-13 20:11:51,318 [ERROR] ApprovalRadar - 🚨 [긴급] 오늘자 식품나라 API 키가 모두 소진되었습니다. 크롤링이 중단됩니다.
2026-05-13 20:11:51,322 [ERROR] ApprovalRadar - Failed to fetch or update 20260704187: All API keys are exhausted for today.
2026-05-13 20:11:54,382 [ERROR] ApprovalRadar - 🚨 [긴급] 오늘자 식품나라 API 키가 모두 소진되었습니다. 크롤링이 중단됩니다.
2026-05-13 20:11:54,385 [ERROR] ApprovalRadar - Failed to fetch or update 20260704213: All API keys are exhausted for today.
2026-05-13 20:11:57,446 [ERROR] ApprovalRadar - 🚨 [긴급] 오늘자 식품나라 API 키가 모두 소진되었습니다. 크롤링이 중단됩니다.
2026-05-13 20:11:57,448 [ERROR] ApprovalRadar - Failed to fetch or update 20260832044: All API keys are exhausted for today.
2026-05-13 20:12:00,484 [ERROR] ApprovalRadar - 🚨 [긴급] 오늘자 식품나라 API 키가 모두 소진되었습니다. 크롤링이 중단됩니다.
2026-05-13 20:12:00,486 [ERROR] ApprovalRadar - Failed to fetch or update 20260832030: All API keys are exhausted for today.
2026-05-13 20:12:03,542 [ERROR] ApprovalRadar - 🚨 [긴급] 오늘자 식품나라 API 키가 모두 소진되었습니다. 크롤링이 중단됩니다.
2026-05-13 20:12:03,544 [ERROR] ApprovalRadar - Failed to fetch or update 20260832047: All API keys are exhausted for today.
2026-05-13 20:12:06,668 [ERROR] ApprovalRadar - 🚨 [긴급] 오늘자 식품나라 API 키가 모두 소진되었습니다. 크롤링이 중단됩니다.
2026-05-13 20:12:06,671 [ERROR] ApprovalRadar - Failed to fetch or update 20260832036: All API keys are exhausted for today.
2026-05-13 20:12:09,785 [ERROR] ApprovalRadar - 🚨 [긴급] 오늘자 식품나라 API 키가 모두 소진되었습니다. 크롤링이 중단됩니다.
2026-05-13 20:12:09,789 [ERROR] ApprovalRadar - Failed to fetch or update 20260832033: All API keys are exhausted for today.
2026-05-13 20:12:12,913 [ERROR] ApprovalRadar - 🚨 [긴급] 오늘자 식품나라 API 키가 모두 소진되었습니다. 크롤링이 중단됩니다.
2026-05-13 20:12:12,918 [ERROR] ApprovalRadar - Failed to fetch or update 20260832042: All API keys are exhausted for today.
2026-05-13 20:12:16,061 [ERROR] ApprovalRadar - 🚨 [긴급] 오늘자 식품나라 API 키가 모두 소진되었습니다. 크롤링이 중단됩니다.
2026-05-13 20:12:16,062 [ERROR] ApprovalRadar - Failed to fetch or update 20260832043: All API keys are exhausted for today.
2026-05-13 20:12:19,202 [ERROR] ApprovalRadar - 🚨 [긴급] 오늘자 식품나라 API 키가 모두 소진되었습니다. 크롤링이 중단됩니다.
2026-05-13 20:12:19,204 [ERROR] ApprovalRadar - Failed to fetch or update 20260832039: All API keys are exhausted for today.
2026-05-13 20:12:22,258 [ERROR] ApprovalRadar - 🚨 [긴급] 오늘자 식품나라 API 키가 모두 소진되었습니다. 크롤링이 중단됩니다.
2026-05-13 20:12:22,260 [ERROR] ApprovalRadar - Failed to fetch or update 20260832040: All API keys are exhausted for today.
2026-05-13 20:12:25,320 [ERROR] ApprovalRadar - 🚨 [긴급] 오늘자 식품나라 API 키가 모두 소진되었습니다. 크롤링이 중단됩니다.
2026-05-13 20:12:25,322 [ERROR] ApprovalRadar - Failed to fetch or update 20260832031: All API keys are exhausted for today.
2026-05-13 20:12:28,378 [ERROR] ApprovalRadar - 🚨 [긴급] 오늘자 식품나라 API 키가 모두 소진되었습니다. 크롤링이 중단됩니다.
2026-05-13 20:12:28,380 [ERROR] ApprovalRadar - Failed to fetch or update 20260832045: All API keys are exhausted for today.
2026-05-13 20:12:31,445 [ERROR] ApprovalRadar - 🚨 [긴급] 오늘자 식품나라 API 키가 모두 소진되었습니다. 크롤링이 중단됩니다.
2026-05-13 20:12:31,446 [ERROR] ApprovalRadar - Failed to fetch or update 20260832041: All API keys are exhausted for today.
2026-05-13 20:12:34,509 [ERROR] ApprovalRadar - 🚨 [긴급] 오늘자 식품나라 API 키가 모두 소진되었습니다. 크롤링이 중단됩니다.
2026-05-13 20:12:34,511 [ERROR] ApprovalRadar - Failed to fetch or update 20260832035: All API keys are exhausted for today.
2026-05-13 20:12:37,583 [ERROR] ApprovalRadar - 🚨 [긴급] 오늘자 식품나라 API 키가 모두 소진되었습니다. 크롤링이 중단됩니다.
2026-05-13 20:12:37,585 [ERROR] ApprovalRadar - Failed to fetch or update 20260832038: All API keys are exhausted for today.
2026-05-13 20:12:40,725 [ERROR] ApprovalRadar - 🚨 [긴급] 오늘자 식품나라 API 키가 모두 소진되었습니다. 크롤링이 중단됩니다.
2026-05-13 20:12:40,727 [ERROR] ApprovalRadar - Failed to fetch or update 20260832028: All API keys are exhausted for today.
2026-05-13 20:12:43,866 [ERROR] ApprovalRadar - 🚨 [긴급] 오늘자 식품나라 API 키가 모두 소진되었습니다. 크롤링이 중단됩니다.
2026-05-13 20:12:43,870 [ERROR] ApprovalRadar - Failed to fetch or update 20260310285: All API keys are exhausted for today.
2026-05-13 20:12:47,012 [ERROR] ApprovalRadar - 🚨 [긴급] 오늘자 식품나라 API 키가 모두 소진되었습니다. 크롤링이 중단됩니다.
2026-05-13 20:12:47,015 [ERROR] ApprovalRadar - Failed to fetch or update 20260310338: All API keys are exhausted for today.
2026-05-13 20:12:50,159 [ERROR] ApprovalRadar - 🚨 [긴급] 오늘자 식품나라 API 키가 모두 소진되었습니다. 크롤링이 중단됩니다.
2026-05-13 20:12:50,160 [ERROR] ApprovalRadar - Failed to fetch or update 20260310352: All API keys are exhausted for today.
2026-05-13 20:12:51,673 [INFO] ApprovalRadar - Test trigger invoked via CLI or internal call.
2026-05-13 20:12:53,303 [ERROR] ApprovalRadar - 🚨 [긴급] 오늘자 식품나라 API 키가 모두 소진되었습니다. 크롤링이 중단됩니다.
2026-05-13 20:12:53,305 [ERROR] ApprovalRadar - Failed to fetch or update 20260664452: All API keys are exhausted for today.
2026-05-13 20:12:56,449 [ERROR] ApprovalRadar - 🚨 [긴급] 오늘자 식품나라 API 키가 모두 소진되었습니다. 크롤링이 중단됩니다.
2026-05-13 20:12:56,452 [ERROR] ApprovalRadar - Failed to fetch or update 20260664518: All API keys are exhausted for today.
2026-05-13 20:12:59,595 [ERROR] ApprovalRadar - 🚨 [긴급] 오늘자 식품나라 API 키가 모두 소진되었습니다. 크롤링이 중단됩니다.
2026-05-13 20:12:59,598 [ERROR] ApprovalRadar - Failed to fetch or update 20260664461: All API keys are exhausted for today.
2026-05-13 20:13:02,738 [ERROR] ApprovalRadar - 🚨 [긴급] 오늘자 식품나라 API 키가 모두 소진되었습니다. 크롤링이 중단됩니다.
2026-05-13 20:13:02,741 [ERROR] ApprovalRadar - Failed to fetch or update 20260664476: All API keys are exhausted for today.
2026-05-13 20:13:05,892 [ERROR] ApprovalRadar - 🚨 [긴급] 오늘자 식품나라 API 키가 모두 소진되었습니다. 크롤링이 중단됩니다.
2026-05-13 20:13:05,893 [ERROR] ApprovalRadar - Failed to fetch or update 20260590328: All API keys are exhausted for today.
2026-05-13 20:13:09,033 [ERROR] ApprovalRadar - 🚨 [긴급] 오늘자 식품나라 API 키가 모두 소진되었습니다. 크롤링이 중단됩니다.
2026-05-13 20:13:09,035 [ERROR] ApprovalRadar - Failed to fetch or update 20260408396: All API keys are exhausted for today.
2026-05-13 20:13:12,177 [ERROR] ApprovalRadar - 🚨 [긴급] 오늘자 식품나라 API 키가 모두 소진되었습니다. 크롤링이 중단됩니다.
2026-05-13 20:13:12,180 [ERROR] ApprovalRadar - Failed to fetch or update 20260408482: All API keys are exhausted for today.
2026-05-13 20:13:15,324 [ERROR] ApprovalRadar - 🚨 [긴급] 오늘자 식품나라 API 키가 모두 소진되었습니다. 크롤링이 중단됩니다.
2026-05-13 20:13:15,327 [ERROR] ApprovalRadar - Failed to fetch or update 20260408507: All API keys are exhausted for today.
2026-05-13 20:13:18,466 [ERROR] ApprovalRadar - 🚨 [긴급] 오늘자 식품나라 API 키가 모두 소진되었습니다. 크롤링이 중단됩니다.
2026-05-13 20:13:18,468 [ERROR] ApprovalRadar - Failed to fetch or update 20260408503: All API keys are exhausted for today.
2026-05-13 20:13:21,613 [ERROR] ApprovalRadar - 🚨 [긴급] 오늘자 식품나라 API 키가 모두 소진되었습니다. 크롤링이 중단됩니다.
2026-05-13 20:13:21,615 [ERROR] ApprovalRadar - Failed to fetch or update 20260507763: All API keys are exhausted for today.
2026-05-13 20:13:24,654 [ERROR] ApprovalRadar - 🚨 [긴급] 오늘자 식품나라 API 키가 모두 소진되었습니다. 크롤링이 중단됩니다.
2026-05-13 20:13:24,656 [ERROR] ApprovalRadar - Failed to fetch or update 20260418161: All API keys are exhausted for today.
2026-05-13 20:13:27,713 [ERROR] ApprovalRadar - 🚨 [긴급] 오늘자 식품나라 API 키가 모두 소진되었습니다. 크롤링이 중단됩니다.
2026-05-13 20:13:27,714 [ERROR] ApprovalRadar - Failed to fetch or update 20260418177: All API keys are exhausted for today.
2026-05-13 20:13:30,781 [ERROR] ApprovalRadar - 🚨 [긴급] 오늘자 식품나라 API 키가 모두 소진되었습니다. 크롤링이 중단됩니다.
2026-05-13 20:13:30,783 [ERROR] ApprovalRadar - Failed to fetch or update 20260418147: All API keys are exhausted for today.
2026-05-13 20:13:33,849 [ERROR] ApprovalRadar - 🚨 [긴급] 오늘자 식품나라 API 키가 모두 소진되었습니다. 크롤링이 중단됩니다.
2026-05-13 20:13:33,851 [ERROR] ApprovalRadar - Failed to fetch or update 20260582332: All API keys are exhausted for today.
2026-05-13 20:13:36,923 [ERROR] ApprovalRadar - 🚨 [긴급] 오늘자 식품나라 API 키가 모두 소진되었습니다. 크롤링이 중단됩니다.
2026-05-13 20:13:36,925 [ERROR] ApprovalRadar - Failed to fetch or update 20260582498: All API keys are exhausted for today.
2026-05-13 20:13:39,990 [ERROR] ApprovalRadar - 🚨 [긴급] 오늘자 식품나라 API 키가 모두 소진되었습니다. 크롤링이 중단됩니다.
2026-05-13 20:13:39,992 [ERROR] ApprovalRadar - Failed to fetch or update 20260582502: All API keys are exhausted for today.
